asset	source	sha256
jellium-web/branding/avatar.png	src/assets/img/avatar.png	f17147e92d8fd55bcdd088dafb054c5018911a87dd1ba4be250773d34ccba465
jellium-web/branding/banner-light.png	node_modules/@jellyfin/ux-web/banner-light.png	ec1f8120bcad24956c1efa14acb2b8e031c6327717d413b188946314424b9e13
jellium-web/branding/favicons/favicon.ico	node_modules/@jellyfin/ux-web/favicons/favicon.ico	2d01a6171b7ef8ffb8d1f6f9c24a9b9dc8c0186c6fbd653760ff7a34b626f8e8
jellium-web/branding/favicons/touchicon.png	node_modules/@jellyfin/ux-web/favicons/touchicon.png	c346ac6eb60df8f65c1cdbe3fb32c57dfc22e1420abc43d2696b081884b44a21
jellium-web/branding/favicons/touchicon144.png	node_modules/@jellyfin/ux-web/favicons/touchicon144.png	639e5657aac409d5cbb16f1b621f343cb43c7f04483444398ed97ad2a2c03876
jellium-web/branding/icon-transparent.png	node_modules/@jellyfin/ux-web/icon-transparent.png	f3a12b9fdf5b5dfcf38d2b1cb2eebfb2c55b33d3db8a5776420feb4aeb230ffc
jellium-web/fonts/MaterialIcons-Regular.ttf	node_modules/material-design-icons-iconfont/dist/fonts/MaterialIcons-Regular.ttf	29c11fa532ebb58db7ef59c860e4eb935bc2921a8654172d8e889e51f85c6004
jellium-web/fonts/coverage.tsv	src/styles/noto-sans/{hk,jp,kr,sc,tc}-{400,700}-normal.scss	a6f8d779ecd03697f9184fc2b08b4175e62917fd136c68e6e39a01c1b2fe7b85
jellium-web/fonts/embedded.tsv	src/styles/noto-sans/base-{400,700}-normal.scss	7c2e734a2268790c5080c416ca234e4bbf87ab4eb0dd657698ae1aebea9a8f5e
jellium-web/fonts/noto-sans-cyrillic-400-normal.woff2	node_modules/@fontsource/noto-sans/files/noto-sans-cyrillic-400-normal.woff2	05af9e705d3b63aedba67197d19fb448b97353e1386930716c7e835b08f126ba
jellium-web/fonts/noto-sans-cyrillic-700-normal.woff2	node_modules/@fontsource/noto-sans/files/noto-sans-cyrillic-700-normal.woff2	0980b97224d9130cf3f651c8ad15b9e0b1eb361d31c71259363ec2bbd5f70750
jellium-web/fonts/noto-sans-cyrillic-ext-400-normal.woff2	node_modules/@fontsource/noto-sans/files/noto-sans-cyrillic-ext-400-normal.woff2	fa8331498f2c20fe4e4288eb00ed832c9ebcd8f5e7529a45a557e870baeaed93
jellium-web/fonts/noto-sans-cyrillic-ext-700-normal.woff2	node_modules/@fontsource/noto-sans/files/noto-sans-cyrillic-ext-700-normal.woff2	d5af4da0950580f5fbfc64d0bffa916f813c989858b2f8558938b261a5928a0e
jellium-web/fonts/noto-sans-devanagari-400-normal.woff2	node_modules/@fontsource/noto-sans/files/noto-sans-devanagari-400-normal.woff2	1ccb720178c307d17a30f2f8eda43c2f9ffa831c02cb7f7d9d7b8708bcbaf43c
jellium-web/fonts/noto-sans-devanagari-700-normal.woff2	node_modules/@fontsource/noto-sans/files/noto-sans-devanagari-700-normal.woff2	d2c26ac327f1d3f4848f114ee204cfd9c8345a711f4553eef6f9c34d55e2b4f5
jellium-web/fonts/noto-sans-greek-400-normal.woff2	node_modules/@fontsource/noto-sans/files/noto-sans-greek-400-normal.woff2	c7c42b4b60ab0553cabd0a22b12d7ac595ae1fb90f4dff814e1a42e4eb95d0d6
jellium-web/fonts/noto-sans-greek-700-normal.woff2	node_modules/@fontsource/noto-sans/files/noto-sans-greek-700-normal.woff2	453c49c9043e04c1103ed1228a1d8d96750c858e08d6b204119d7a16b7642246
jellium-web/fonts/noto-sans-greek-ext-400-normal.woff2	node_modules/@fontsource/noto-sans/files/noto-sans-greek-ext-400-normal.woff2	cf9669423c4b33c00dca35269187661f7311d23c753190afb7af9f36d701e5ba
jellium-web/fonts/noto-sans-greek-ext-700-normal.woff2	node_modules/@fontsource/noto-sans/files/noto-sans-greek-ext-700-normal.woff2	028e5e1a2d40dea342508a352c4ee953457dfd2fcd00d9245d94dc4bfae70598
jellium-web/fonts/noto-sans-latin-400-normal.woff2	node_modules/@fontsource/noto-sans/files/noto-sans-latin-400-normal.woff2	09aee8065d25508f23a4c3d92cd777ac869c52d93fd868a88f025d888a7937d6
jellium-web/fonts/noto-sans-latin-700-normal.woff2	node_modules/@fontsource/noto-sans/files/noto-sans-latin-700-normal.woff2	e77bfe1db912f687b0319b60de158cfada67f89c8ee4f8e2bd6020f970accbfb
jellium-web/fonts/noto-sans-latin-ext-400-normal.woff2	node_modules/@fontsource/noto-sans/files/noto-sans-latin-ext-400-normal.woff2	c8e6bf928ae88c948ebc49dbe1df01ea5505d12408904ea3302309b26487fbca
jellium-web/fonts/noto-sans-latin-ext-700-normal.woff2	node_modules/@fontsource/noto-sans/files/noto-sans-latin-ext-700-normal.woff2	c0cd431266a7ed82d6f0dfe281e38a883c28a03eec1fdac308cc2f7c0ea39c3b
jellium-web/fonts/noto-sans-vietnamese-400-normal.woff2	node_modules/@fontsource/noto-sans/files/noto-sans-vietnamese-400-normal.woff2	0f0c8a4858f1f5b2701331cf0a471ee00824ed92d33ecb21c9248ded975e297f
jellium-web/fonts/noto-sans-vietnamese-700-normal.woff2	node_modules/@fontsource/noto-sans/files/noto-sans-vietnamese-700-normal.woff2	81e42f41bb61f9d1b2004c243cf15ea4946dffb14be4888e76fb3ca3cb75cdf8
jellium-web/fonts/served/noto-sans-hk-0-400-normal.woff2	node_modules/@fontsource/noto-sans-hk/files/noto-sans-hk-0-400-normal.woff2	9af85f5b29e1e9747f8535f6268c9215edf7b716c7a60becb841a2c971d81873
jellium-web/fonts/served/noto-sans-hk-0-700-normal.woff2	node_modules/@fontsource/noto-sans-hk/files/noto-sans-hk-0-700-normal.woff2	edc513615f6d0e35f911e408bad10179e5af9d48e169aab1e77be85ce591e6c4
jellium-web/fonts/served/noto-sans-hk-1-400-normal.woff2	node_modules/@fontsource/noto-sans-hk/files/noto-sans-hk-1-400-normal.woff2	5997221247dbc394303af94e8248463f1561c2497ff7a8f29c91213ef96177c2
jellium-web/fonts/served/noto-sans-hk-1-700-normal.woff2	node_modules/@fontsource/noto-sans-hk/files/noto-sans-hk-1-700-normal.woff2	37e7e9c9fd9c1d06c560067c5371572c3b03c4f22c559ba43162535d66c6f1e3
jellium-web/fonts/served/noto-sans-hk-10-400-normal.woff2	node_modules/@fontsource/noto-sans-hk/files/noto-sans-hk-10-400-normal.woff2	472152065d4d6d815e2dd774690586204eb84bbfeeecaa2ffbd7d59249b89c7c
jellium-web/fonts/served/noto-sans-hk-10-700-normal.woff2	node_modules/@fontsource/noto-sans-hk/files/noto-sans-hk-10-700-normal.woff2	a13aaabede14f42017a82b1760adb8e848063f70f7605491bc727874bbdcb78b
jellium-web/fonts/served/noto-sans-hk-100-400-normal.woff2	node_modules/@fontsource/noto-sans-hk/files/noto-sans-hk-100-400-normal.woff2	71cae9eb824f315558b19ab0aaa54d0b5624f014f378456dce70468419c02224
jellium-web/fonts/served/noto-sans-hk-100-700-normal.woff2	node_modules/@fontsource/noto-sans-hk/files/noto-sans-hk-100-700-normal.woff2	fd1dbb7416d1c33b0b1a5d817568ec13d708e11dbf284ea560142cc53f9f79cb
jellium-web/fonts/served/noto-sans-hk-101-400-normal.woff2	node_modules/@fontsource/noto-sans-hk/files/noto-sans-hk-101-400-normal.woff2	e8df3373ec1df394744a080826f7f5da07cc5bb1684973fba802923f76220c73
jellium-web/fonts/served/noto-sans-hk-101-700-normal.woff2	node_modules/@fontsource/noto-sans-hk/files/noto-sans-hk-101-700-normal.woff2	632af4249870a64d0dd0f1bc197805b1e6cefa3957b93371834f60d561f4b98c
jellium-web/fonts/served/noto-sans-hk-102-400-normal.woff2	node_modules/@fontsource/noto-sans-hk/files/noto-sans-hk-102-400-normal.woff2	8e75af64885a1dd7271b4d3d3c300755044b0379783a899bb77f8dd1118bf73c
jellium-web/fonts/served/noto-sans-hk-102-700-normal.woff2	node_modules/@fontsource/noto-sans-hk/files/noto-sans-hk-102-700-normal.woff2	e430e4fcbc3bd9b2b7e0a6d8d308fe6de056fc3224cb7a68ab563c4ffeed2bdf
jellium-web/fonts/served/noto-sans-hk-103-400-normal.woff2	node_modules/@fontsource/noto-sans-hk/files/noto-sans-hk-103-400-normal.woff2	3c83031c0752abb0b37d7fc7efe0bddad62f61e51f05a5d173688347c455e8d0
jellium-web/fonts/served/noto-sans-hk-103-700-normal.woff2	node_modules/@fontsource/noto-sans-hk/files/noto-sans-hk-103-700-normal.woff2	2107f82062b8fa3c96d5cd2390ca869c7e7702d1d4df26a9a854669dcd1fe8da
jellium-web/fonts/served/noto-sans-hk-104-400-normal.woff2	node_modules/@fontsource/noto-sans-hk/files/noto-sans-hk-104-400-normal.woff2	06e6c6600179c0d23962f9f61b31496d53a06b8e34f8655ffd7b2bfb2392cf7e
jellium-web/fonts/served/noto-sans-hk-104-700-normal.woff2	node_modules/@fontsource/noto-sans-hk/files/noto-sans-hk-104-700-normal.woff2	548b9e6ddd04905ca72df266279e1c543e4e1c4da9b0b0e0445c991bc15f4a94
jellium-web/fonts/served/noto-sans-hk-105-400-normal.woff2	node_modules/@fontsource/noto-sans-hk/files/noto-sans-hk-105-400-normal.woff2	b86e0af413b4c82a35e1e44320e514a9f5cece8f37e709b4a57cad05a0fcd30f
jellium-web/fonts/served/noto-sans-hk-105-700-normal.woff2	node_modules/@fontsource/noto-sans-hk/files/noto-sans-hk-105-700-normal.woff2	3d4f10fe27d51cdaf2ca30bbbddf439a8744175a4090d281d29570ac2a0ef40f
jellium-web/fonts/served/noto-sans-hk-106-400-normal.woff2	node_modules/@fontsource/noto-sans-hk/files/noto-sans-hk-106-400-normal.woff2	4bbce54a488febba44d180ca329b0cc8f2619ea251369120e975b179f8993f8a
jellium-web/fonts/served/noto-sans-hk-106-700-normal.woff2	node_modules/@fontsource/noto-sans-hk/files/noto-sans-hk-106-700-normal.woff2	19bc3141f2b14716704cfa5475fe654d956ea092f124979b5f9c08260c13cfbc
jellium-web/fonts/served/noto-sans-hk-107-400-normal.woff2	node_modules/@fontsource/noto-sans-hk/files/noto-sans-hk-107-400-normal.woff2	eddb55cb44628209e23f9de46b8a363df314219610a86f5cb75043b09dc3723c
jellium-web/fonts/served/noto-sans-hk-107-700-normal.woff2	node_modules/@fontsource/noto-sans-hk/files/noto-sans-hk-107-700-normal.woff2	e37b5d35ffe04190279d1c191b4975f813121c3d91c94350aada6091b05386db
jellium-web/fonts/served/noto-sans-hk-108-400-normal.woff2	node_modules/@fontsource/noto-sans-hk/files/noto-sans-hk-108-400-normal.woff2	6a6f2274b4bd4934c5e5664f1de1fd9aa396b248bc662a0c318baaf9788ec8a4
jellium-web/fonts/served/noto-sans-hk-108-700-normal.woff2	node_modules/@fontsource/noto-sans-hk/files/noto-sans-hk-108-700-normal.woff2	174992f023dc660f8a8764eaf960f8935b2a50f4cac3786e4875359154475360
jellium-web/fonts/served/noto-sans-hk-109-400-normal.woff2	node_modules/@fontsource/noto-sans-hk/files/noto-sans-hk-109-400-normal.woff2	450376adb7454036ac464300f3263b59f896823e92a78d49951dae2f5b5d766d
jellium-web/fonts/served/noto-sans-hk-109-700-normal.woff2	node_modules/@fontsource/noto-sans-hk/files/noto-sans-hk-109-700-normal.woff2	d35c029d88af8f998528cfb613f0e7cfa8a976dccb71d3cfca3a85eb905e7923
jellium-web/fonts/served/noto-sans-hk-110-400-normal.woff2	node_modules/@fontsource/noto-sans-hk/files/noto-sans-hk-110-400-normal.woff2	45a7afa23e76abb32ce5ff5ec301d7d423fe1e37baa209f9a7f147567b3a0b29
jellium-web/fonts/served/noto-sans-hk-110-700-normal.woff2	node_modules/@fontsource/noto-sans-hk/files/noto-sans-hk-110-700-normal.woff2	8051671fb6e7a78565a977f1373c7b0db1f91fe59dd6a724153da8bd4529ace1
jellium-web/fonts/served/noto-sans-hk-111-400-normal.woff2	node_modules/@fontsource/noto-sans-hk/files/noto-sans-hk-111-400-normal.woff2	fd01c4e371e8023d3fe87d366071c52dc40d94ac922f77f58a01592e31ad554a
jellium-web/fonts/served/noto-sans-hk-111-700-normal.woff2	node_modules/@fontsource/noto-sans-hk/files/noto-sans-hk-111-700-normal.woff2	311aa062d12669a5403ad06fa3921851d3167baabf51ec497336803f59a802f3
jellium-web/fonts/served/noto-sans-hk-112-400-normal.woff2	node_modules/@fontsource/noto-sans-hk/files/noto-sans-hk-112-400-normal.woff2	58555347c19e8a61b708097753d07d20e8bcc99c1faed01de17110454ce92e53
jellium-web/fonts/served/noto-sans-hk-112-700-normal.woff2	node_modules/@fontsource/noto-sans-hk/files/noto-sans-hk-112-700-normal.woff2	7d385d4349dc7afaf6d1f097fa02f232413269be3064dfc950a308b0387e9e69
jellium-web/fonts/served/noto-sans-hk-113-400-normal.woff2	node_modules/@fontsource/noto-sans-hk/files/noto-sans-hk-113-400-normal.woff2	25ac4c9d63a045b26e219f1aa8ba2556124c93474a990e527c1d46ed4acc8cd5
jellium-web/fonts/served/noto-sans-hk-113-700-normal.woff2	node_modules/@fontsource/noto-sans-hk/files/noto-sans-hk-113-700-normal.woff2	a3f4a034389f91dd994b54263ab35946e515f7575b1c0fe533c48099f3e5a673
jellium-web/fonts/served/noto-sans-hk-114-400-normal.woff2	node_modules/@fontsource/noto-sans-hk/files/noto-sans-hk-114-400-normal.woff2	8180dcd4a053c2c1eba911c1de18302b92cfbf86f3f89dfbf5fd4b06b782e08a
jellium-web/fonts/served/noto-sans-hk-114-700-normal.woff2	node_modules/@fontsource/noto-sans-hk/files/noto-sans-hk-114-700-normal.woff2	32853e4ffec633180f93d6668c82ca2ac6ebbe307339a09713a7e21c8ce1be84
jellium-web/fonts/served/noto-sans-hk-115-400-normal.woff2	node_modules/@fontsource/noto-sans-hk/files/noto-sans-hk-115-400-normal.woff2	3363d10cf1abf3140cdbcdca61826be2ce31f12127d9c4df22a233728aa1ae4d
jellium-web/fonts/served/noto-sans-hk-115-700-normal.woff2	node_modules/@fontsource/noto-sans-hk/files/noto-sans-hk-115-700-normal.woff2	b5747965e3fa8b6666154c4ba21c3b07bcb1d6e7bff8fe86e1e6e7db103a9489
jellium-web/fonts/served/noto-sans-hk-116-400-normal.woff2	node_modules/@fontsource/noto-sans-hk/files/noto-sans-hk-116-400-normal.woff2	799ba3ab18092ee762b3beae7840c275ee6d16921e57898993a75ebd76f328d8
jellium-web/fonts/served/noto-sans-hk-116-700-normal.woff2	node_modules/@fontsource/noto-sans-hk/files/noto-sans-hk-116-700-normal.woff2	a95cbc9feb42eafc14ebf54d44bef0b032e8caa77defe3ad8bb24568df93d495
jellium-web/fonts/served/noto-sans-hk-117-400-normal.woff2	node_modules/@fontsource/noto-sans-hk/files/noto-sans-hk-117-400-normal.woff2	e868eb828186490addb7d2a333d1a99f81a562c5dbb902be536665aed3551773
jellium-web/fonts/served/noto-sans-hk-117-700-normal.woff2	node_modules/@fontsource/noto-sans-hk/files/noto-sans-hk-117-700-normal.woff2	51ef593e838b10fa23c2de6102b57a1da4edc3b649553eff4a287796f8ac2d56
jellium-web/fonts/served/noto-sans-hk-118-400-normal.woff2	node_modules/@fontsource/noto-sans-hk/files/noto-sans-hk-118-400-normal.woff2	34ea94ebf0048c46e8d3ae3b62a9258966b482d8bc9d03cd1f18aed817bc2348
jellium-web/fonts/served/noto-sans-hk-118-700-normal.woff2	node_modules/@fontsource/noto-sans-hk/files/noto-sans-hk-118-700-normal.woff2	5d3a9c3943b5b2589a33a25687eea77b98874dce10516ff9e65dc2050c356b98
jellium-web/fonts/served/noto-sans-hk-119-400-normal.woff2	node_modules/@fontsource/noto-sans-hk/files/noto-sans-hk-119-400-normal.woff2	733ee639fa3677aa9dd229ab2a9179a13fb9720443e3e825cc6354c8e404bb9c
jellium-web/fonts/served/noto-sans-hk-119-700-normal.woff2	node_modules/@fontsource/noto-sans-hk/files/noto-sans-hk-119-700-normal.woff2	96e2016d06cf522416cb3279d4557e08977653e036d2a4230abc64f8c9dcb3f5
jellium-web/fonts/served/noto-sans-hk-15-400-normal.woff2	node_modules/@fontsource/noto-sans-hk/files/noto-sans-hk-15-400-normal.woff2	fdb8b5302feaf0e2891ce8f3374cf88b3522e89b0d917f5c7a3c998312be3c43
jellium-web/fonts/served/noto-sans-hk-15-700-normal.woff2	node_modules/@fontsource/noto-sans-hk/files/noto-sans-hk-15-700-normal.woff2	4926a5d9f727b111de87a6afa4975acc5eb2f63c07197f9cb924d67cebdbb4b9
jellium-web/fonts/served/noto-sans-hk-16-400-normal.woff2	node_modules/@fontsource/noto-sans-hk/files/noto-sans-hk-16-400-normal.woff2	05bb6937f29d6dd89f3cfaa02caf1056485bbf1c382b21a0dcb687c4abc90255
jellium-web/fonts/served/noto-sans-hk-16-700-normal.woff2	node_modules/@fontsource/noto-sans-hk/files/noto-sans-hk-16-700-normal.woff2	cc4472bde5287eb219a56cccdaf27cbba199bce87c263a4a443d0989d9441187
jellium-web/fonts/served/noto-sans-hk-17-400-normal.woff2	node_modules/@fontsource/noto-sans-hk/files/noto-sans-hk-17-400-normal.woff2	ed8ae812c5054b0ce6f78b3b7684ccd3d6103a30b302bf0fd7f11a8513a3ed32
jellium-web/fonts/served/noto-sans-hk-17-700-normal.woff2	node_modules/@fontsource/noto-sans-hk/files/noto-sans-hk-17-700-normal.woff2	520d7dd5fd1b57a014a5d939658008a4aa249a07114e9b42b2f9e53193a1c16c
jellium-web/fonts/served/noto-sans-hk-2-400-normal.woff2	node_modules/@fontsource/noto-sans-hk/files/noto-sans-hk-2-400-normal.woff2	fc375250effae2f0f05e5e8a9b8882060fe79a81674892640b9b4bdb17bbdd50
jellium-web/fonts/served/noto-sans-hk-2-700-normal.woff2	node_modules/@fontsource/noto-sans-hk/files/noto-sans-hk-2-700-normal.woff2	8648e1fb5de190d62c8db6e9ab4907ec4e58f2088832c1aeb943c557dfd16783
jellium-web/fonts/served/noto-sans-hk-25-400-normal.woff2	node_modules/@fontsource/noto-sans-hk/files/noto-sans-hk-25-400-normal.woff2	e93d807a6a7ab87f4603cc059b0de24aa37a3a4eacf174cba01914bc899cf958
jellium-web/fonts/served/noto-sans-hk-25-700-normal.woff2	node_modules/@fontsource/noto-sans-hk/files/noto-sans-hk-25-700-normal.woff2	81c27eb73145af4a650cdb6e76dac583b5ca22caec17b0380dbffbffb84915e2
jellium-web/fonts/served/noto-sans-hk-26-400-normal.woff2	node_modules/@fontsource/noto-sans-hk/files/noto-sans-hk-26-400-normal.woff2	be081a2bfc2b02f19ffd6ff18e741ddb0ce7c7ab0de05b8a38a9477892038e85
jellium-web/fonts/served/noto-sans-hk-26-700-normal.woff2	node_modules/@fontsource/noto-sans-hk/files/noto-sans-hk-26-700-normal.woff2	dc0d70c92a5c6d16d2a2ad8a53d393fad2b3a86dcd832d9e2a572e1e0c1d1ed3
jellium-web/fonts/served/noto-sans-hk-27-400-normal.woff2	node_modules/@fontsource/noto-sans-hk/files/noto-sans-hk-27-400-normal.woff2	e0491c5b2bcca3eb0912f552c216b325100687fe3143655cd695d19b7111e7b3
jellium-web/fonts/served/noto-sans-hk-27-700-normal.woff2	node_modules/@fontsource/noto-sans-hk/files/noto-sans-hk-27-700-normal.woff2	1ca2d12897a872fcea7eadab87689e98e1e5df0e37e35ce7ebc257bf2441af3c
jellium-web/fonts/served/noto-sans-hk-28-400-normal.woff2	node_modules/@fontsource/noto-sans-hk/files/noto-sans-hk-28-400-normal.woff2	1816e86fc8fce36164000f7c913a9966e4d1eeb552e809394c46a618ee3a2f1d
jellium-web/fonts/served/noto-sans-hk-28-700-normal.woff2	node_modules/@fontsource/noto-sans-hk/files/noto-sans-hk-28-700-normal.woff2	035e38175931110ba1b2e40a61236365855dff7d653eb631cf58d42069218ac1
jellium-web/fonts/served/noto-sans-hk-29-400-normal.woff2	node_modules/@fontsource/noto-sans-hk/files/noto-sans-hk-29-400-normal.woff2	1eec915fa5669aa3f4d171714df96384e13e5111e791dd7f9686a44d002e3ac5
jellium-web/fonts/served/noto-sans-hk-29-700-normal.woff2	node_modules/@fontsource/noto-sans-hk/files/noto-sans-hk-29-700-normal.woff2	54103d0da32f30708d38f30ca431878bced543e8c291ca61061ad84481afed2e
jellium-web/fonts/served/noto-sans-hk-3-400-normal.woff2	node_modules/@fontsource/noto-sans-hk/files/noto-sans-hk-3-400-normal.woff2	d4034edb06a61456933aef73f2e58301d5726a33589cecf3556b8941a71a1b46
jellium-web/fonts/served/noto-sans-hk-3-700-normal.woff2	node_modules/@fontsource/noto-sans-hk/files/noto-sans-hk-3-700-normal.woff2	9d79071c481a57b2195602821aba1b0d1168fe7c71265a0506ba6da3a1fdfc4d
jellium-web/fonts/served/noto-sans-hk-30-400-normal.woff2	node_modules/@fontsource/noto-sans-hk/files/noto-sans-hk-30-400-normal.woff2	51ce640e5b4d48aa0e63106aa4afab1ed0ea59eea58c28c2a770e86a70bfa4c7
jellium-web/fonts/served/noto-sans-hk-30-700-normal.woff2	node_modules/@fontsource/noto-sans-hk/files/noto-sans-hk-30-700-normal.woff2	1e5c036b3197fd51fa14c49bfe0a4b7984213e36ecf5339cd34098d68e66ba3a
jellium-web/fonts/served/noto-sans-hk-31-400-normal.woff2	node_modules/@fontsource/noto-sans-hk/files/noto-sans-hk-31-400-normal.woff2	52c7b2055d3535aa8745b69235b3b326f11c91d358d1589c66a919ce701fab2d
jellium-web/fonts/served/noto-sans-hk-31-700-normal.woff2	node_modules/@fontsource/noto-sans-hk/files/noto-sans-hk-31-700-normal.woff2	0f806c82ef4e77ec86c52f4e977e224f63bb42ea17cda7ed3882e671a7fe7070
jellium-web/fonts/served/noto-sans-hk-32-400-normal.woff2	node_modules/@fontsource/noto-sans-hk/files/noto-sans-hk-32-400-normal.woff2	55dd6aa0c2cc29c94caf4a29c070e4f077fafebaab3c666c402eda34310cb045
jellium-web/fonts/served/noto-sans-hk-32-700-normal.woff2	node_modules/@fontsource/noto-sans-hk/files/noto-sans-hk-32-700-normal.woff2	84322a9b7fbc8e0abae64e29e471b035c16ddb045997c553f87f49310da4cb95
jellium-web/fonts/served/noto-sans-hk-33-400-normal.woff2	node_modules/@fontsource/noto-sans-hk/files/noto-sans-hk-33-400-normal.woff2	09c46e6301e5b8293e967aff358e935ec4abecd3c0e7342b7ac7682050447b64
jellium-web/fonts/served/noto-sans-hk-33-700-normal.woff2	node_modules/@fontsource/noto-sans-hk/files/noto-sans-hk-33-700-normal.woff2	63f7a9625a4f46285fa32ca8f69c9e09bea5d4407574a6682eb81a800e4fac6a
jellium-web/fonts/served/noto-sans-hk-34-400-normal.woff2	node_modules/@fontsource/noto-sans-hk/files/noto-sans-hk-34-400-normal.woff2	969ec57800487bcfb47109d10ba66c31c9689e6b5dc859cba18535b166dfa9be
jellium-web/fonts/served/noto-sans-hk-34-700-normal.woff2	node_modules/@fontsource/noto-sans-hk/files/noto-sans-hk-34-700-normal.woff2	069994c6bcfa018c2530794d9717b48a830c213898c5efe6817ed7b35806d876
jellium-web/fonts/served/noto-sans-hk-35-400-normal.woff2	node_modules/@fontsource/noto-sans-hk/files/noto-sans-hk-35-400-normal.woff2	c8b6c854d76100cc88e8bf27599578b53e8a522261ecb946baca28b7ba3eae0e
jellium-web/fonts/served/noto-sans-hk-35-700-normal.woff2	node_modules/@fontsource/noto-sans-hk/files/noto-sans-hk-35-700-normal.woff2	9bedf0cf38cb89026c6ae4cc0ab8433350aca4c17a0dbf45f60bd7516e186516
jellium-web/fonts/served/noto-sans-hk-36-400-normal.woff2	node_modules/@fontsource/noto-sans-hk/files/noto-sans-hk-36-400-normal.woff2	85becde98129d16e55c0f17ffe55e2765fc95d2f63fb7afac5f00546401102ec
jellium-web/fonts/served/noto-sans-hk-36-700-normal.woff2	node_modules/@fontsource/noto-sans-hk/files/noto-sans-hk-36-700-normal.woff2	89c5961b52bc8de5699770158df498aa812c95fd36526e85390eaf64d08a808f
jellium-web/fonts/served/noto-sans-hk-37-400-normal.woff2	node_modules/@fontsource/noto-sans-hk/files/noto-sans-hk-37-400-normal.woff2	4d714c1f090bf2db467ccae6fa86617734d317c124599784cecc7ced72537e33
jellium-web/fonts/served/noto-sans-hk-37-700-normal.woff2	node_modules/@fontsource/noto-sans-hk/files/noto-sans-hk-37-700-normal.woff2	172ae431f87fdb9664e05ae61377fe0fbf7e04f5f24e0b12b1edab63312543f9
jellium-web/fonts/served/noto-sans-hk-38-400-normal.woff2	node_modules/@fontsource/noto-sans-hk/files/noto-sans-hk-38-400-normal.woff2	322357947e1ef7e53648a5420384a52d4fa35fd5ff4077c8c17a44d6d87cd927
jellium-web/fonts/served/noto-sans-hk-38-700-normal.woff2	node_modules/@fontsource/noto-sans-hk/files/noto-sans-hk-38-700-normal.woff2	115f3020caa3748eb37e7a5dd46d6e86c3b2d93078996999017d1b90eab8caf6
jellium-web/fonts/served/noto-sans-hk-39-400-normal.woff2	node_modules/@fontsource/noto-sans-hk/files/noto-sans-hk-39-400-normal.woff2	e1e718597c4621546ebee92489159f7153975612bedd9949c3c3788ff04ba460
jellium-web/fonts/served/noto-sans-hk-39-700-normal.woff2	node_modules/@fontsource/noto-sans-hk/files/noto-sans-hk-39-700-normal.woff2	832d13131198a4576a19e9a4da96e57c3682a875fba533016b0bb6054e93f5ce
jellium-web/fonts/served/noto-sans-hk-4-400-normal.woff2	node_modules/@fontsource/noto-sans-hk/files/noto-sans-hk-4-400-normal.woff2	eb51f36d57e470c45adfb479e631aad3d3619ebe8954a989d9e7c7ee43e2abf7
jellium-web/fonts/served/noto-sans-hk-4-700-normal.woff2	node_modules/@fontsource/noto-sans-hk/files/noto-sans-hk-4-700-normal.woff2	c713653390b005631799042a58d2406c2e4ac132cae63d2cf41598241f11f03d
jellium-web/fonts/served/noto-sans-hk-40-400-normal.woff2	node_modules/@fontsource/noto-sans-hk/files/noto-sans-hk-40-400-normal.woff2	018fe8e580770b179be45bacb9023a7f50e3f15a07dc5e932331fb00dd7babb0
jellium-web/fonts/served/noto-sans-hk-40-700-normal.woff2	node_modules/@fontsource/noto-sans-hk/files/noto-sans-hk-40-700-normal.woff2	a52b79ff7f0bd3335055ccc5e69d6366d4ee0f0abb69557d534159a2913a1ef7
jellium-web/fonts/served/noto-sans-hk-41-400-normal.woff2	node_modules/@fontsource/noto-sans-hk/files/noto-sans-hk-41-400-normal.woff2	073d052e3b30ba8080905467dc772a3a7e0af6b16f38e5071fe188fc588c80c8
jellium-web/fonts/served/noto-sans-hk-41-700-normal.woff2	node_modules/@fontsource/noto-sans-hk/files/noto-sans-hk-41-700-normal.woff2	ea3a108da0cd3592f61337beee1bfcc4edbc9182550e6262dadde418e8de8d49
jellium-web/fonts/served/noto-sans-hk-42-400-normal.woff2	node_modules/@fontsource/noto-sans-hk/files/noto-sans-hk-42-400-normal.woff2	cf5a7a62e0467ee658fddff356ffcbbb531fff8c1cb8dcf1e15cf8f3d6782b25
jellium-web/fonts/served/noto-sans-hk-42-700-normal.woff2	node_modules/@fontsource/noto-sans-hk/files/noto-sans-hk-42-700-normal.woff2	fe82282c8c07c4c8b7e43562e063b9573958bab4c72705015e053add568de4d7
jellium-web/fonts/served/noto-sans-hk-43-400-normal.woff2	node_modules/@fontsource/noto-sans-hk/files/noto-sans-hk-43-400-normal.woff2	2f508302ad9cad6831769c82551162f63b2dfc6ca501fd523b1678662d73c56b
jellium-web/fonts/served/noto-sans-hk-43-700-normal.woff2	node_modules/@fontsource/noto-sans-hk/files/noto-sans-hk-43-700-normal.woff2	c746bf0f1e8d54d830e9a8bfa249833671933c1ee38a40c846d011fbe40a948f
jellium-web/fonts/served/noto-sans-hk-44-400-normal.woff2	node_modules/@fontsource/noto-sans-hk/files/noto-sans-hk-44-400-normal.woff2	fdc5ddf0f0744fb7a71aa2a612df13be019e8bce766706caa06956b1818e093f
jellium-web/fonts/served/noto-sans-hk-44-700-normal.woff2	node_modules/@fontsource/noto-sans-hk/files/noto-sans-hk-44-700-normal.woff2	5889dac56f2cae8348386e09e122a8c298861409abd28f30f8e62ad5f74dd13d
jellium-web/fonts/served/noto-sans-hk-45-400-normal.woff2	node_modules/@fontsource/noto-sans-hk/files/noto-sans-hk-45-400-normal.woff2	282c3bf8e804e6ea11ee0941d30b3d0befc37c29e2ba56daef0be8f4aba259b8
jellium-web/fonts/served/noto-sans-hk-45-700-normal.woff2	node_modules/@fontsource/noto-sans-hk/files/noto-sans-hk-45-700-normal.woff2	230585f4c18a646abb268a0b1749969eddb398cf5c79f939910bafb36676fb31
jellium-web/fonts/served/noto-sans-hk-46-400-normal.woff2	node_modules/@fontsource/noto-sans-hk/files/noto-sans-hk-46-400-normal.woff2	598f76b84216499386bc71f678940f07e23096ef8fcee6f900d21be58d127d6d
jellium-web/fonts/served/noto-sans-hk-46-700-normal.woff2	node_modules/@fontsource/noto-sans-hk/files/noto-sans-hk-46-700-normal.woff2	5b36e22e852f590fc1a5ee572a5a7dbec80f4b1198856ab15128fa2eb99d6463
jellium-web/fonts/served/noto-sans-hk-47-400-normal.woff2	node_modules/@fontsource/noto-sans-hk/files/noto-sans-hk-47-400-normal.woff2	09fb3fa3a7cd933eac9af5370f9de16344e74986a933344820bdf90aec8d81c5
jellium-web/fonts/served/noto-sans-hk-47-700-normal.woff2	node_modules/@fontsource/noto-sans-hk/files/noto-sans-hk-47-700-normal.woff2	ce5eaf73c179326b73673c6127e01931e7f36c77041c1ca2e0c0e70dbb879714
jellium-web/fonts/served/noto-sans-hk-48-400-normal.woff2	node_modules/@fontsource/noto-sans-hk/files/noto-sans-hk-48-400-normal.woff2	13b83d5d381670bb6482b5078e0d5b66cd800e4cee3df70b36c9e8526f7e770f
jellium-web/fonts/served/noto-sans-hk-48-700-normal.woff2	node_modules/@fontsource/noto-sans-hk/files/noto-sans-hk-48-700-normal.woff2	6eabc649cfb77869a2c5e1d8bd5dfcc1e8ca839d3139fbbd9f779540502ad9dd
jellium-web/fonts/served/noto-sans-hk-49-400-normal.woff2	node_modules/@fontsource/noto-sans-hk/files/noto-sans-hk-49-400-normal.woff2	64c7c1b18de22de968638145d6e2e03d1f6d68a9a2f15e908794a0dd70db5809
jellium-web/fonts/served/noto-sans-hk-49-700-normal.woff2	node_modules/@fontsource/noto-sans-hk/files/noto-sans-hk-49-700-normal.woff2	9a03272491a4a699b2961fbaf39e92706ae33a2f8a8d0df5e572389e12a59a50
jellium-web/fonts/served/noto-sans-hk-5-400-normal.woff2	node_modules/@fontsource/noto-sans-hk/files/noto-sans-hk-5-400-normal.woff2	79788f4250e06d38a150c066ed7197abd43abe98d61f2f94f2f9abab54088f6c
jellium-web/fonts/served/noto-sans-hk-5-700-normal.woff2	node_modules/@fontsource/noto-sans-hk/files/noto-sans-hk-5-700-normal.woff2	6d693e96395d45b8cec49008675403c2f52e3a89ff543babbe7dbb3cfd3fc9ac
jellium-web/fonts/served/noto-sans-hk-50-400-normal.woff2	node_modules/@fontsource/noto-sans-hk/files/noto-sans-hk-50-400-normal.woff2	d5418e6c939b0fd8b5b3172c0b4a73fd98a56353f0ef2139efd7ceab3672df9b
jellium-web/fonts/served/noto-sans-hk-50-700-normal.woff2	node_modules/@fontsource/noto-sans-hk/files/noto-sans-hk-50-700-normal.woff2	7c18b1e71022dd672c77dd47bb7143af33e18a44a8e6d6168432819cabec1103
jellium-web/fonts/served/noto-sans-hk-51-400-normal.woff2	node_modules/@fontsource/noto-sans-hk/files/noto-sans-hk-51-400-normal.woff2	0e2b3f8ab7a6c35a962cfec6cfea72f748f294790de716f8baf4adbe708a2f5a
jellium-web/fonts/served/noto-sans-hk-51-700-normal.woff2	node_modules/@fontsource/noto-sans-hk/files/noto-sans-hk-51-700-normal.woff2	aee75612f100e478ba222359a2d09f71d40aad065a58db437f70d14449222ba6
jellium-web/fonts/served/noto-sans-hk-52-400-normal.woff2	node_modules/@fontsource/noto-sans-hk/files/noto-sans-hk-52-400-normal.woff2	50db741b8e3d5ffea42de657b7f0d13a6ff8543e024501f1920634a37eabc7ba
jellium-web/fonts/served/noto-sans-hk-52-700-normal.woff2	node_modules/@fontsource/noto-sans-hk/files/noto-sans-hk-52-700-normal.woff2	b3d76d1a3866db4946279ec24af50b21215671c859ad098ddbfee7350e754ea3
jellium-web/fonts/served/noto-sans-hk-53-400-normal.woff2	node_modules/@fontsource/noto-sans-hk/files/noto-sans-hk-53-400-normal.woff2	abea112aff052e46cf740bd5f3a230372e6ff4ef3a69ddaa8d0a1983b1e3c6bf
jellium-web/fonts/served/noto-sans-hk-53-700-normal.woff2	node_modules/@fontsource/noto-sans-hk/files/noto-sans-hk-53-700-normal.woff2	06c5742f5248b4ada9df4d6e03c46f823fffa49214ecf01b6198a7c53a7dca55
jellium-web/fonts/served/noto-sans-hk-54-400-normal.woff2	node_modules/@fontsource/noto-sans-hk/files/noto-sans-hk-54-400-normal.woff2	f45ff6ca7aca6d7f6298804d6afab85f05b289fbc56e88c6d1f544ddc862f4d2
jellium-web/fonts/served/noto-sans-hk-54-700-normal.woff2	node_modules/@fontsource/noto-sans-hk/files/noto-sans-hk-54-700-normal.woff2	2f11dee56e20ba026e6339a33988466e6e1ad2484f4a61f2fe788a0f7c1d0dbb
jellium-web/fonts/served/noto-sans-hk-55-400-normal.woff2	node_modules/@fontsource/noto-sans-hk/files/noto-sans-hk-55-400-normal.woff2	e1266468e339a9fe23ca1e9e341c1c030542751ad6ca7be81ce69f8600a7cd12
jellium-web/fonts/served/noto-sans-hk-55-700-normal.woff2	node_modules/@fontsource/noto-sans-hk/files/noto-sans-hk-55-700-normal.woff2	9519f4295c43a2781a3abb3e68cd6fe53a5491fb8fde71487df6ed3ef03ae2b7
jellium-web/fonts/served/noto-sans-hk-56-400-normal.woff2	node_modules/@fontsource/noto-sans-hk/files/noto-sans-hk-56-400-normal.woff2	f2eea7526d43643e25b9650d1d8c0594de72d0f160d158730c7ded5d634dfd19
jellium-web/fonts/served/noto-sans-hk-56-700-normal.woff2	node_modules/@fontsource/noto-sans-hk/files/noto-sans-hk-56-700-normal.woff2	40e16c786db5b7c96e4aafe9dd3a0de58aa986103144621864cefab6740ff2f1
jellium-web/fonts/served/noto-sans-hk-57-400-normal.woff2	node_modules/@fontsource/noto-sans-hk/files/noto-sans-hk-57-400-normal.woff2	c7c23337bf5873e905d4dacae8d9c3a34f073e20114172b71838b994eaedf42c
jellium-web/fonts/served/noto-sans-hk-57-700-normal.woff2	node_modules/@fontsource/noto-sans-hk/files/noto-sans-hk-57-700-normal.woff2	01f7782d5bddb7a6a86e72a9f16ffd98572b1eeb369f9b4f8533f1c0457f2ecd
jellium-web/fonts/served/noto-sans-hk-58-400-normal.woff2	node_modules/@fontsource/noto-sans-hk/files/noto-sans-hk-58-400-normal.woff2	12b65b4a02c197c482e2fef3c325ae651f3ad31e7eeb59c75b049a84caaa2cbb
jellium-web/fonts/served/noto-sans-hk-58-700-normal.woff2	node_modules/@fontsource/noto-sans-hk/files/noto-sans-hk-58-700-normal.woff2	84e7b715adc455334de6eb0fbdc6e0b681dc74a02d0dd42eaeca211372d73626
jellium-web/fonts/served/noto-sans-hk-59-400-normal.woff2	node_modules/@fontsource/noto-sans-hk/files/noto-sans-hk-59-400-normal.woff2	ac3e3f1ab51654f0567aacf6c9f760c3631ea6b24d337583fa8fa12bd0ed2141
jellium-web/fonts/served/noto-sans-hk-59-700-normal.woff2	node_modules/@fontsource/noto-sans-hk/files/noto-sans-hk-59-700-normal.woff2	e1f3cf2e8490df69a702d7f0aa3e98621856fc6ed3ca48b80392cb4337163021
jellium-web/fonts/served/noto-sans-hk-6-400-normal.woff2	node_modules/@fontsource/noto-sans-hk/files/noto-sans-hk-6-400-normal.woff2	9c03cf3fc4105e36658cd745fda29e23504f7b50dd60d4b36eec0893dcb9cb77
jellium-web/fonts/served/noto-sans-hk-6-700-normal.woff2	node_modules/@fontsource/noto-sans-hk/files/noto-sans-hk-6-700-normal.woff2	5ac64ab74f6c6b616a3221ca6a36664d45c24499a1cabaaf749d581d8f04c2d2
jellium-web/fonts/served/noto-sans-hk-60-400-normal.woff2	node_modules/@fontsource/noto-sans-hk/files/noto-sans-hk-60-400-normal.woff2	d0b87a451525471f47b19c12d5b5ff2bb4b5a4519b42dbd09e388febc31926b7
jellium-web/fonts/served/noto-sans-hk-60-700-normal.woff2	node_modules/@fontsource/noto-sans-hk/files/noto-sans-hk-60-700-normal.woff2	34dcea5cbd2d29ebc0e51f3769e3e136b11853072a24c900dfb5ed68f090a6ae
jellium-web/fonts/served/noto-sans-hk-61-400-normal.woff2	node_modules/@fontsource/noto-sans-hk/files/noto-sans-hk-61-400-normal.woff2	582211b2893c3107bd7a779e864751012024c1c255c252077b04ebf767862ade
jellium-web/fonts/served/noto-sans-hk-61-700-normal.woff2	node_modules/@fontsource/noto-sans-hk/files/noto-sans-hk-61-700-normal.woff2	f90596fd74d992e70f805df254a90e07d5c004c12679b5169bf691c07abd3de0
jellium-web/fonts/served/noto-sans-hk-62-400-normal.woff2	node_modules/@fontsource/noto-sans-hk/files/noto-sans-hk-62-400-normal.woff2	4bad4abee827cf5fa18fec144bd28a8a29b81287f3e30f04c70b6166b7c8517d
jellium-web/fonts/served/noto-sans-hk-62-700-normal.woff2	node_modules/@fontsource/noto-sans-hk/files/noto-sans-hk-62-700-normal.woff2	c02d1c337e91cad68f46805d72729fc83133fdf86c2d2e0555fd93e23072023a
jellium-web/fonts/served/noto-sans-hk-63-400-normal.woff2	node_modules/@fontsource/noto-sans-hk/files/noto-sans-hk-63-400-normal.woff2	bd77aa1123c2b88e6133a0d8a26b05294d000a5290761a1ff0a349b020f67432
jellium-web/fonts/served/noto-sans-hk-63-700-normal.woff2	node_modules/@fontsource/noto-sans-hk/files/noto-sans-hk-63-700-normal.woff2	8cd37d12fdce6a85bdf6683ae2c89f87975bdd595fc8f589010a00a962296c5b
jellium-web/fonts/served/noto-sans-hk-64-400-normal.woff2	node_modules/@fontsource/noto-sans-hk/files/noto-sans-hk-64-400-normal.woff2	73b245f68dcd95518b63b259cf3a357f1ef666e14fbe63e5b64e7c5339027075
jellium-web/fonts/served/noto-sans-hk-64-700-normal.woff2	node_modules/@fontsource/noto-sans-hk/files/noto-sans-hk-64-700-normal.woff2	b2c36a62519b4d961014222a6eaf8c925a3b68c4bc90a61117ce16a59fb5d80c
jellium-web/fonts/served/noto-sans-hk-65-400-normal.woff2	node_modules/@fontsource/noto-sans-hk/files/noto-sans-hk-65-400-normal.woff2	cc4da5ab78a64c0cf4bc16d71b059270ab92cefaa91b6310dae4766d6fdd87a3
jellium-web/fonts/served/noto-sans-hk-65-700-normal.woff2	node_modules/@fontsource/noto-sans-hk/files/noto-sans-hk-65-700-normal.woff2	c6ebcdd4e7888937cc37bcf2eec28476f5160ce72e5f29c20d49bfdb885fcf99
jellium-web/fonts/served/noto-sans-hk-66-400-normal.woff2	node_modules/@fontsource/noto-sans-hk/files/noto-sans-hk-66-400-normal.woff2	be8b21a768efb2fc03e35e2393fb632fb1c75daebc03818e5d2419362786c809
jellium-web/fonts/served/noto-sans-hk-66-700-normal.woff2	node_modules/@fontsource/noto-sans-hk/files/noto-sans-hk-66-700-normal.woff2	4293d7bbdd87092f20bb63e17cd1447763f9a27a3c516e7a619d8cfd942b821c
jellium-web/fonts/served/noto-sans-hk-67-400-normal.woff2	node_modules/@fontsource/noto-sans-hk/files/noto-sans-hk-67-400-normal.woff2	aad2c3691d2dc80ce73534b80ca4434166a639ee7171eea8013aa2e61eb88665
jellium-web/fonts/served/noto-sans-hk-67-700-normal.woff2	node_modules/@fontsource/noto-sans-hk/files/noto-sans-hk-67-700-normal.woff2	e896e34cfdc7fcc9efadeae88923099529eb83ce46ab70bf20dcb05baa813d99
jellium-web/fonts/served/noto-sans-hk-68-400-normal.woff2	node_modules/@fontsource/noto-sans-hk/files/noto-sans-hk-68-400-normal.woff2	265e5b2a223dc2dd1ff6a32a5e2d5c230d671b38a7faf49203b989fb44e7588a
jellium-web/fonts/served/noto-sans-hk-68-700-normal.woff2	node_modules/@fontsource/noto-sans-hk/files/noto-sans-hk-68-700-normal.woff2	1fa53812150e69b43335c17483f8fac45f21cb23a754229db1f85dffc1c44512
jellium-web/fonts/served/noto-sans-hk-69-400-normal.woff2	node_modules/@fontsource/noto-sans-hk/files/noto-sans-hk-69-400-normal.woff2	fd7a7d1811bbfcd8cfbc2681f6525ee27c34ae2ee083e9f5bace9827c5719141
jellium-web/fonts/served/noto-sans-hk-69-700-normal.woff2	node_modules/@fontsource/noto-sans-hk/files/noto-sans-hk-69-700-normal.woff2	448dfea8fc1b75853d4b5e1456159ebd79ae13729b7b84177af68afc864c008d
jellium-web/fonts/served/noto-sans-hk-7-400-normal.woff2	node_modules/@fontsource/noto-sans-hk/files/noto-sans-hk-7-400-normal.woff2	a54f9a59f9ca1eca24e4bbcac1d8f58cfe8edfd598f2f1fed65415464e715237
jellium-web/fonts/served/noto-sans-hk-7-700-normal.woff2	node_modules/@fontsource/noto-sans-hk/files/noto-sans-hk-7-700-normal.woff2	dc9126dd3972a6da963d7ea0ceb99f47e413ef45a1e14501a0e99983ce834c23
jellium-web/fonts/served/noto-sans-hk-70-400-normal.woff2	node_modules/@fontsource/noto-sans-hk/files/noto-sans-hk-70-400-normal.woff2	dbb41c37c6daaf7d233018b10c75abacaa8faf6d89edc76dedc5fd29e656ea7e
jellium-web/fonts/served/noto-sans-hk-70-700-normal.woff2	node_modules/@fontsource/noto-sans-hk/files/noto-sans-hk-70-700-normal.woff2	3595b5344c9770ee96b7fc9f4d750f618713a8705a9447dde7d6e0ee1814522f
jellium-web/fonts/served/noto-sans-hk-71-400-normal.woff2	node_modules/@fontsource/noto-sans-hk/files/noto-sans-hk-71-400-normal.woff2	ff272cc1978d3a5a49328536ad220f48eba1a4651d5e265fa6100338e106b081
jellium-web/fonts/served/noto-sans-hk-71-700-normal.woff2	node_modules/@fontsource/noto-sans-hk/files/noto-sans-hk-71-700-normal.woff2	9edafe185658870c8cffe3e8d7383b1740d7a3f0cce3edca81ddf5f921b775bd
jellium-web/fonts/served/noto-sans-hk-72-400-normal.woff2	node_modules/@fontsource/noto-sans-hk/files/noto-sans-hk-72-400-normal.woff2	d6687f89b36319342fe9d371b69bd542b1780d7529e10528b2d6082322fda1cf
jellium-web/fonts/served/noto-sans-hk-72-700-normal.woff2	node_modules/@fontsource/noto-sans-hk/files/noto-sans-hk-72-700-normal.woff2	78eb33f37d4d24c33a2f21a538c86ee8d378e50aea8e2b5fd69b91265094797e
jellium-web/fonts/served/noto-sans-hk-73-400-normal.woff2	node_modules/@fontsource/noto-sans-hk/files/noto-sans-hk-73-400-normal.woff2	5136b3f1be1627fbe1a564cdf07139af81483041bd1817f18849a76c21db13ee
jellium-web/fonts/served/noto-sans-hk-73-700-normal.woff2	node_modules/@fontsource/noto-sans-hk/files/noto-sans-hk-73-700-normal.woff2	07c4ede12c2919c7cd8104aec12f8eca35cc00407cabfda606ea444b0b86a7a0
jellium-web/fonts/served/noto-sans-hk-74-400-normal.woff2	node_modules/@fontsource/noto-sans-hk/files/noto-sans-hk-74-400-normal.woff2	e546c5b6445c7c701c0dfb075177c818a2ec95c976a10e48fdf83113207cebf4
jellium-web/fonts/served/noto-sans-hk-74-700-normal.woff2	node_modules/@fontsource/noto-sans-hk/files/noto-sans-hk-74-700-normal.woff2	105c9ee5e87f6ca343cf2e61afc93eb052d5c9b790fccf62f42eca6a47e46a65
jellium-web/fonts/served/noto-sans-hk-75-400-normal.woff2	node_modules/@fontsource/noto-sans-hk/files/noto-sans-hk-75-400-normal.woff2	982da540941a02e3f8640253d3a571e6593733f570ee37e0245dde350dd8e781
jellium-web/fonts/served/noto-sans-hk-75-700-normal.woff2	node_modules/@fontsource/noto-sans-hk/files/noto-sans-hk-75-700-normal.woff2	846f102a40e3c3c4a96dce9a70e700f1a248c82aba61fa6497889c3d6aaec684
jellium-web/fonts/served/noto-sans-hk-76-400-normal.woff2	node_modules/@fontsource/noto-sans-hk/files/noto-sans-hk-76-400-normal.woff2	6c854f818581c242cd1a9481a4068d5b8538b518b7093c447f24a62e38b87176
jellium-web/fonts/served/noto-sans-hk-76-700-normal.woff2	node_modules/@fontsource/noto-sans-hk/files/noto-sans-hk-76-700-normal.woff2	dced84ff01d043cc096e74ad787c0e0d656a16cc3e7d6b51cb356572dbc0eb8e
jellium-web/fonts/served/noto-sans-hk-77-400-normal.woff2	node_modules/@fontsource/noto-sans-hk/files/noto-sans-hk-77-400-normal.woff2	2b8fdc24393083dd333e877e35aa401776af2a55f925d640d1be0713ded30a8f
jellium-web/fonts/served/noto-sans-hk-77-700-normal.woff2	node_modules/@fontsource/noto-sans-hk/files/noto-sans-hk-77-700-normal.woff2	7117177eee2ea3bb2217e1c520c02080db6d2e9f93f49068eb692878e0c4cec5
jellium-web/fonts/served/noto-sans-hk-78-400-normal.woff2	node_modules/@fontsource/noto-sans-hk/files/noto-sans-hk-78-400-normal.woff2	a29bdb94c940869503de84448ddfc25d01cd81aa44caa3b4a56e7d2125212805
jellium-web/fonts/served/noto-sans-hk-78-700-normal.woff2	node_modules/@fontsource/noto-sans-hk/files/noto-sans-hk-78-700-normal.woff2	d69b55949c0131bd9831a034f5c8fd51a403bde2ce63d951467942f866be4494
jellium-web/fonts/served/noto-sans-hk-79-400-normal.woff2	node_modules/@fontsource/noto-sans-hk/files/noto-sans-hk-79-400-normal.woff2	00b640f89754922c3d6f7f89bb4f4fcd233dbb5d06d5b91e20d7ca2e92598513
jellium-web/fonts/served/noto-sans-hk-79-700-normal.woff2	node_modules/@fontsource/noto-sans-hk/files/noto-sans-hk-79-700-normal.woff2	cdb93f3c5284bdad689dfd9bda33a2687abf64d879fd0d668652c822f5548a98
jellium-web/fonts/served/noto-sans-hk-8-400-normal.woff2	node_modules/@fontsource/noto-sans-hk/files/noto-sans-hk-8-400-normal.woff2	9453718da7e9f69c08eb0a29b3c9ac13545a31fa24dfc9846c565448b6e7cca5
jellium-web/fonts/served/noto-sans-hk-8-700-normal.woff2	node_modules/@fontsource/noto-sans-hk/files/noto-sans-hk-8-700-normal.woff2	7726015e34635c8e085f6be03081395f0ed085c7ef9d5f03937c369b1e3ac9b0
jellium-web/fonts/served/noto-sans-hk-80-400-normal.woff2	node_modules/@fontsource/noto-sans-hk/files/noto-sans-hk-80-400-normal.woff2	0b59b4985b4be49d735dc290a69db89590c7a0e22421e981eeba78d99a8868d1
jellium-web/fonts/served/noto-sans-hk-80-700-normal.woff2	node_modules/@fontsource/noto-sans-hk/files/noto-sans-hk-80-700-normal.woff2	2e41937b4c04061e5a88295f1b8ae85ee450a12b0e00a2fd37c20098e131cc18
jellium-web/fonts/served/noto-sans-hk-81-400-normal.woff2	node_modules/@fontsource/noto-sans-hk/files/noto-sans-hk-81-400-normal.woff2	fc2b612ef8107ffb4132d474e3986ec43864a1d5da66108c2c514d04e2d72d60
jellium-web/fonts/served/noto-sans-hk-81-700-normal.woff2	node_modules/@fontsource/noto-sans-hk/files/noto-sans-hk-81-700-normal.woff2	5554067ad539323d42a9607befd18a93d3822b769f37c539d193590a2b6e59b4
jellium-web/fonts/served/noto-sans-hk-82-400-normal.woff2	node_modules/@fontsource/noto-sans-hk/files/noto-sans-hk-82-400-normal.woff2	9612ee1e1129502109920333af8e9f113ec87a13abd9b5d853f3ddf7cb54e296
jellium-web/fonts/served/noto-sans-hk-82-700-normal.woff2	node_modules/@fontsource/noto-sans-hk/files/noto-sans-hk-82-700-normal.woff2	1b1eb6641bbc0135022b7aec5b385f4fc81549d85bbabb93c5a92f2e21a35af3
jellium-web/fonts/served/noto-sans-hk-83-400-normal.woff2	node_modules/@fontsource/noto-sans-hk/files/noto-sans-hk-83-400-normal.woff2	5d4e35c00567490014afbfc8c44d2adf0e58241a5b10bf134f8f35bd0f38b412
jellium-web/fonts/served/noto-sans-hk-83-700-normal.woff2	node_modules/@fontsource/noto-sans-hk/files/noto-sans-hk-83-700-normal.woff2	30893fc235bbd8abaca5759f5cc255f8c3f09df66aa907433a2bbe2f821596d7
jellium-web/fonts/served/noto-sans-hk-84-400-normal.woff2	node_modules/@fontsource/noto-sans-hk/files/noto-sans-hk-84-400-normal.woff2	0cca915183f1ffdc246a809132e5f374ef477fc26d8d39b6b34f3dea2e3992a0
jellium-web/fonts/served/noto-sans-hk-84-700-normal.woff2	node_modules/@fontsource/noto-sans-hk/files/noto-sans-hk-84-700-normal.woff2	a35b68d99d116d71441b45984ca2800680a5f73fa020f99a7a3a9140aea7ee35
jellium-web/fonts/served/noto-sans-hk-85-400-normal.woff2	node_modules/@fontsource/noto-sans-hk/files/noto-sans-hk-85-400-normal.woff2	e08f466ee1299f1128df2deda8182b0a3808f00e73afad35f24651162ebe945a
jellium-web/fonts/served/noto-sans-hk-85-700-normal.woff2	node_modules/@fontsource/noto-sans-hk/files/noto-sans-hk-85-700-normal.woff2	1b83caf8af7fa586518ffff3e0e93a4d2d0a045d40da23d489dc66032dcccf56
jellium-web/fonts/served/noto-sans-hk-86-400-normal.woff2	node_modules/@fontsource/noto-sans-hk/files/noto-sans-hk-86-400-normal.woff2	a5e199cd5b10ba3d67024df78a72d0d8c57e54e699abd8de9c3d2bb0cd5c39db
jellium-web/fonts/served/noto-sans-hk-86-700-normal.woff2	node_modules/@fontsource/noto-sans-hk/files/noto-sans-hk-86-700-normal.woff2	3abb908d6a61b73bbdbdf6b4239ea9b287b2f81ed68157ada4bec09bd47f6a55
jellium-web/fonts/served/noto-sans-hk-87-400-normal.woff2	node_modules/@fontsource/noto-sans-hk/files/noto-sans-hk-87-400-normal.woff2	eaf65e0b4824f24c9399da7bf3d51888e49a336164234c7f46d6d431c983caee
jellium-web/fonts/served/noto-sans-hk-87-700-normal.woff2	node_modules/@fontsource/noto-sans-hk/files/noto-sans-hk-87-700-normal.woff2	46d351a55778937b509d61b7219ef5fe45b3eb6b48c6fac97ed86274d1d37642
jellium-web/fonts/served/noto-sans-hk-88-400-normal.woff2	node_modules/@fontsource/noto-sans-hk/files/noto-sans-hk-88-400-normal.woff2	24db6688ff28bbd19739dbb1de2663785bd26ab8c5c3fb51c749329cd45176c0
jellium-web/fonts/served/noto-sans-hk-88-700-normal.woff2	node_modules/@fontsource/noto-sans-hk/files/noto-sans-hk-88-700-normal.woff2	84517878aee9e9013af711af5649a1dc66d84cf791d920afb9f9c2ac20a049e2
jellium-web/fonts/served/noto-sans-hk-89-400-normal.woff2	node_modules/@fontsource/noto-sans-hk/files/noto-sans-hk-89-400-normal.woff2	0f4e5f9eb9a4a478050e0707ee916cb3fa1cf44563fbeaf6c1b5208825aaf29e
jellium-web/fonts/served/noto-sans-hk-89-700-normal.woff2	node_modules/@fontsource/noto-sans-hk/files/noto-sans-hk-89-700-normal.woff2	614ac1affa85dddf25698279921d793b03752ecb2dbc188225e3e74f6ae1cd4b
jellium-web/fonts/served/noto-sans-hk-9-400-normal.woff2	node_modules/@fontsource/noto-sans-hk/files/noto-sans-hk-9-400-normal.woff2	490a4a71ff5cb60258ac0ab8e7f86bd8fa1ec5d6c46b29948fe96df30aca22f2
jellium-web/fonts/served/noto-sans-hk-9-700-normal.woff2	node_modules/@fontsource/noto-sans-hk/files/noto-sans-hk-9-700-normal.woff2	226b72df3a3a63c5e79a08888cd8698793db309eb51fc37ed11bdb6cea55e6f3
jellium-web/fonts/served/noto-sans-hk-90-400-normal.woff2	node_modules/@fontsource/noto-sans-hk/files/noto-sans-hk-90-400-normal.woff2	2fb0f3c3002324db572a309754edd56620622b0928c3f9a76d1ddb216edd16d7
jellium-web/fonts/served/noto-sans-hk-90-700-normal.woff2	node_modules/@fontsource/noto-sans-hk/files/noto-sans-hk-90-700-normal.woff2	64f80cd12fa66df1d8d4628afeb560b80750faab28b1872422e83c1b94c2e6ab
jellium-web/fonts/served/noto-sans-hk-91-400-normal.woff2	node_modules/@fontsource/noto-sans-hk/files/noto-sans-hk-91-400-normal.woff2	4491e71dc2c72762befbad3a58c14e54f3d686f4699881bf5890459b009340ee
jellium-web/fonts/served/noto-sans-hk-91-700-normal.woff2	node_modules/@fontsource/noto-sans-hk/files/noto-sans-hk-91-700-normal.woff2	5dacb3f2f237af570877405f4fd78e88a418ed8ec35a7ad6b2291214f4009bb5
jellium-web/fonts/served/noto-sans-hk-92-400-normal.woff2	node_modules/@fontsource/noto-sans-hk/files/noto-sans-hk-92-400-normal.woff2	c0a4cdfecde16ed03ca8a6c72cad385c7731e04d95e085e88312f59c4fb08fe7
jellium-web/fonts/served/noto-sans-hk-92-700-normal.woff2	node_modules/@fontsource/noto-sans-hk/files/noto-sans-hk-92-700-normal.woff2	d56cecdef55f94b27359037d1ba084c06090d35c633470c61406b41668a56384
jellium-web/fonts/served/noto-sans-hk-93-400-normal.woff2	node_modules/@fontsource/noto-sans-hk/files/noto-sans-hk-93-400-normal.woff2	0686bbccacf71d9050ef6dd02e0e2c9f5d6d861de38d02aa2ee307590600d0e4
jellium-web/fonts/served/noto-sans-hk-93-700-normal.woff2	node_modules/@fontsource/noto-sans-hk/files/noto-sans-hk-93-700-normal.woff2	c47fcb208053068a39f65c3b9761982f0f8dbefd1a74bc3c82dba11b2171f682
jellium-web/fonts/served/noto-sans-hk-98-400-normal.woff2	node_modules/@fontsource/noto-sans-hk/files/noto-sans-hk-98-400-normal.woff2	45dc227fe093dc4db9b96b2741db9b72956d9efa1387727cf318aed8cbc617d9
jellium-web/fonts/served/noto-sans-hk-98-700-normal.woff2	node_modules/@fontsource/noto-sans-hk/files/noto-sans-hk-98-700-normal.woff2	f8377fc2196ba3677f0e5e3fef9f7bd6449315343a5049caa3ca0e1bbda2c5f7
jellium-web/fonts/served/noto-sans-hk-99-400-normal.woff2	node_modules/@fontsource/noto-sans-hk/files/noto-sans-hk-99-400-normal.woff2	188f3b689f7e12ae923f607df6a880ab54eeeb44afbdbae08ae77acf65c6f052
jellium-web/fonts/served/noto-sans-hk-99-700-normal.woff2	node_modules/@fontsource/noto-sans-hk/files/noto-sans-hk-99-700-normal.woff2	30f6fcede39006cd8918cd1f36c74f1c22fdb80fadbe5c31381697fe30ea6f8e
jellium-web/fonts/served/noto-sans-jp-0-400-normal.woff2	node_modules/@fontsource/noto-sans-jp/files/noto-sans-jp-0-400-normal.woff2	d05a2579b7f2a0851fdd5bcb7f6ecfbdb40195bfe1553a665de33ef26441a3d3
jellium-web/fonts/served/noto-sans-jp-0-700-normal.woff2	node_modules/@fontsource/noto-sans-jp/files/noto-sans-jp-0-700-normal.woff2	1a4aff4cba720806775ab1bffb5ba45c95c94b153345070106cbeb6c53358a29
jellium-web/fonts/served/noto-sans-jp-1-400-normal.woff2	node_modules/@fontsource/noto-sans-jp/files/noto-sans-jp-1-400-normal.woff2	a1f36d79ed3d7f91cf451e80476b2c3c64ba18e8f324033c8373e6422e5b4f59
jellium-web/fonts/served/noto-sans-jp-1-700-normal.woff2	node_modules/@fontsource/noto-sans-jp/files/noto-sans-jp-1-700-normal.woff2	d9b842c0d2c9323356d7a0822f62cdf83fd18720d9790d1950f12ee127f22a69
jellium-web/fonts/served/noto-sans-jp-10-400-normal.woff2	node_modules/@fontsource/noto-sans-jp/files/noto-sans-jp-10-400-normal.woff2	e45deda61f9f16a7954fc53d42f12c11da420b7f4cc548f2c17694e610a63fa1
jellium-web/fonts/served/noto-sans-jp-10-700-normal.woff2	node_modules/@fontsource/noto-sans-jp/files/noto-sans-jp-10-700-normal.woff2	04faaf1f70eb0c1c2354df477bcb56a76bdd4e02bdbdac039395c95ab6554100
jellium-web/fonts/served/noto-sans-jp-100-400-normal.woff2	node_modules/@fontsource/noto-sans-jp/files/noto-sans-jp-100-400-normal.woff2	1f952f25420a0f179ea67afd0a6598bc9582bf960624d25c343580355e5510df
jellium-web/fonts/served/noto-sans-jp-100-700-normal.woff2	node_modules/@fontsource/noto-sans-jp/files/noto-sans-jp-100-700-normal.woff2	5e4d5461bf0523f08c9451b28159cb2a9affe63bfb9cc1c5fb98a0f7dea96678
jellium-web/fonts/served/noto-sans-jp-101-400-normal.woff2	node_modules/@fontsource/noto-sans-jp/files/noto-sans-jp-101-400-normal.woff2	6868522f98a716c05a8ab801c9544e6d1cc9379d68bb10e7357c162b79107d77
jellium-web/fonts/served/noto-sans-jp-101-700-normal.woff2	node_modules/@fontsource/noto-sans-jp/files/noto-sans-jp-101-700-normal.woff2	5128f0beca54ea49d85315cee5bd46444e0165e64adb492545e8faa225cc0cbf
jellium-web/fonts/served/noto-sans-jp-102-400-normal.woff2	node_modules/@fontsource/noto-sans-jp/files/noto-sans-jp-102-400-normal.woff2	5611d49f081433d0d37c4b1feb9b478fadfd97dbafa606db7ff4db9ccdbab44b
jellium-web/fonts/served/noto-sans-jp-102-700-normal.woff2	node_modules/@fontsource/noto-sans-jp/files/noto-sans-jp-102-700-normal.woff2	d7e7467a51981d0901257cc0214f8f7e2c45c62cc643206465b2413a1a4d7170
jellium-web/fonts/served/noto-sans-jp-103-400-normal.woff2	node_modules/@fontsource/noto-sans-jp/files/noto-sans-jp-103-400-normal.woff2	ee1b4b470218bbc67901d3a62037be0d235516105cb3abdb3d1e8182097a8daf
jellium-web/fonts/served/noto-sans-jp-103-700-normal.woff2	node_modules/@fontsource/noto-sans-jp/files/noto-sans-jp-103-700-normal.woff2	a434ebddf9872b48c902b8218675dea03b0f0248c010c27f70a6dfdca34a1878
jellium-web/fonts/served/noto-sans-jp-104-400-normal.woff2	node_modules/@fontsource/noto-sans-jp/files/noto-sans-jp-104-400-normal.woff2	0110124db0d18b024840ae646687397f3b07bc98b3cdb709cc3427199c28a715
jellium-web/fonts/served/noto-sans-jp-104-700-normal.woff2	node_modules/@fontsource/noto-sans-jp/files/noto-sans-jp-104-700-normal.woff2	a1ab5ebd7f04aab3a54ff5a58b340f8b54ca63786330e0adebab4ea9c52cc02a
jellium-web/fonts/served/noto-sans-jp-105-400-normal.woff2	node_modules/@fontsource/noto-sans-jp/files/noto-sans-jp-105-400-normal.woff2	2aa3b207724f56b8bee3e9205a64bcf402d93a344aca6b7c626071d9bb498702
jellium-web/fonts/served/noto-sans-jp-105-700-normal.woff2	node_modules/@fontsource/noto-sans-jp/files/noto-sans-jp-105-700-normal.woff2	9ebade95c410ba32ae9f3f24a03406e3052bf6b42a134ddb957d80da7ba3786b
jellium-web/fonts/served/noto-sans-jp-106-400-normal.woff2	node_modules/@fontsource/noto-sans-jp/files/noto-sans-jp-106-400-normal.woff2	6ec4291517abe6aaa893183b6fba07f3a408934449aea2d4d5b0311a7155de80
jellium-web/fonts/served/noto-sans-jp-106-700-normal.woff2	node_modules/@fontsource/noto-sans-jp/files/noto-sans-jp-106-700-normal.woff2	555c5f8c914b0b18762c313a0ff88c7c0a3c3a906372314b4f1f17a53f1c1d78
jellium-web/fonts/served/noto-sans-jp-107-400-normal.woff2	node_modules/@fontsource/noto-sans-jp/files/noto-sans-jp-107-400-normal.woff2	eb28bd4d1ecb408c4a05ac4724c082fc35609ce535b7f56043b82f30a8ae894c
jellium-web/fonts/served/noto-sans-jp-107-700-normal.woff2	node_modules/@fontsource/noto-sans-jp/files/noto-sans-jp-107-700-normal.woff2	d151a44c9acdc4409a6f3399a86465692d1cc62884263a4f2bd286c0b2541efb
jellium-web/fonts/served/noto-sans-jp-108-400-normal.woff2	node_modules/@fontsource/noto-sans-jp/files/noto-sans-jp-108-400-normal.woff2	15839c05192599cd30bac62d36717e5c244878db6465a3557c34571121508190
jellium-web/fonts/served/noto-sans-jp-108-700-normal.woff2	node_modules/@fontsource/noto-sans-jp/files/noto-sans-jp-108-700-normal.woff2	f20018cf7dfe00d9b6f8c52a566390fce77cc7ac3533f8ac2a41dfa39d449825
jellium-web/fonts/served/noto-sans-jp-109-400-normal.woff2	node_modules/@fontsource/noto-sans-jp/files/noto-sans-jp-109-400-normal.woff2	c0d93d2e120e44bfb2ec865b6805e0fb1303950bf2544490948b64e65d6e93d7
jellium-web/fonts/served/noto-sans-jp-109-700-normal.woff2	node_modules/@fontsource/noto-sans-jp/files/noto-sans-jp-109-700-normal.woff2	7dd3f9275f8d77006ba3eefc18ff6624a3ec4053abdc3cb065daf83f79e5cc30
jellium-web/fonts/served/noto-sans-jp-11-400-normal.woff2	node_modules/@fontsource/noto-sans-jp/files/noto-sans-jp-11-400-normal.woff2	f35d71df854e85ce2addd01c6f32fa5e08408a47ee5e15a53599e4a190ad5a52
jellium-web/fonts/served/noto-sans-jp-11-700-normal.woff2	node_modules/@fontsource/noto-sans-jp/files/noto-sans-jp-11-700-normal.woff2	baecae1565b16879b44e152d9ea843951ebc2b5b6977ebf92388030a81a6ae4d
jellium-web/fonts/served/noto-sans-jp-110-400-normal.woff2	node_modules/@fontsource/noto-sans-jp/files/noto-sans-jp-110-400-normal.woff2	f418cc09b2f7b07be75b9e2cdf1455a308eb9fae182f0161a9eae95662142f0f
jellium-web/fonts/served/noto-sans-jp-110-700-normal.woff2	node_modules/@fontsource/noto-sans-jp/files/noto-sans-jp-110-700-normal.woff2	f000746b82d70824861b71d3bd2dba1ee647f423abedd23a611029d30ecd1a6b
jellium-web/fonts/served/noto-sans-jp-111-400-normal.woff2	node_modules/@fontsource/noto-sans-jp/files/noto-sans-jp-111-400-normal.woff2	d6ec3ce26bc44b00385508c86c830a63e91a63f14702401130f2994705a5e583
jellium-web/fonts/served/noto-sans-jp-111-700-normal.woff2	node_modules/@fontsource/noto-sans-jp/files/noto-sans-jp-111-700-normal.woff2	04a80e5968ad8e9d7424976acfe0d2dbfc803ea8cf332e431852eab5aa9d6e57
jellium-web/fonts/served/noto-sans-jp-112-400-normal.woff2	node_modules/@fontsource/noto-sans-jp/files/noto-sans-jp-112-400-normal.woff2	646b81c6c4af9eb06be16cf238dbfa5b117283824d65fead616bc9131ada4c07
jellium-web/fonts/served/noto-sans-jp-112-700-normal.woff2	node_modules/@fontsource/noto-sans-jp/files/noto-sans-jp-112-700-normal.woff2	df0014661d4e9f23b88e9d63e82052862bf9d2803cbadd6b38b15890e0c23299
jellium-web/fonts/served/noto-sans-jp-113-400-normal.woff2	node_modules/@fontsource/noto-sans-jp/files/noto-sans-jp-113-400-normal.woff2	329c7390208a6522086fad7f375dd7548f03ead69398bcb79dfbc5b673406899
jellium-web/fonts/served/noto-sans-jp-113-700-normal.woff2	node_modules/@fontsource/noto-sans-jp/files/noto-sans-jp-113-700-normal.woff2	07d5d6f20ea4e316188f8f8dad2362af5e18467bb3cd100ff2aebd4085865471
jellium-web/fonts/served/noto-sans-jp-114-400-normal.woff2	node_modules/@fontsource/noto-sans-jp/files/noto-sans-jp-114-400-normal.woff2	6c37c334ed20bac6065131b8b6543da69385265d1449483135e772c678e122c9
jellium-web/fonts/served/noto-sans-jp-114-700-normal.woff2	node_modules/@fontsource/noto-sans-jp/files/noto-sans-jp-114-700-normal.woff2	72df1d6c8cbbddd4c1c5597767d441fe25c7ba18e8306926cf110a57e1b687bc
jellium-web/fonts/served/noto-sans-jp-115-400-normal.woff2	node_modules/@fontsource/noto-sans-jp/files/noto-sans-jp-115-400-normal.woff2	f53c67aa7fc37679cdc804892dced634ff8d06ef190575f9ff9ee85fad3c4ab7
jellium-web/fonts/served/noto-sans-jp-115-700-normal.woff2	node_modules/@fontsource/noto-sans-jp/files/noto-sans-jp-115-700-normal.woff2	029a3f3d5a10827978f0b8da86aea0cc7ce8b78d7462c8cdaea813a334faa7e7
jellium-web/fonts/served/noto-sans-jp-116-400-normal.woff2	node_modules/@fontsource/noto-sans-jp/files/noto-sans-jp-116-400-normal.woff2	30e1bc8ac196f3b9d3dab7110e3c9826dac23ecf4be252460e1a676769d75d25
jellium-web/fonts/served/noto-sans-jp-116-700-normal.woff2	node_modules/@fontsource/noto-sans-jp/files/noto-sans-jp-116-700-normal.woff2	b5ff02afe088add7504faa0f6059456bc4638648b36ec82c76beda3488a271eb
jellium-web/fonts/served/noto-sans-jp-117-400-normal.woff2	node_modules/@fontsource/noto-sans-jp/files/noto-sans-jp-117-400-normal.woff2	8c12b7a096e199e2a85975bc677c369d0baf4c15957b2cfa68431b9525993087
jellium-web/fonts/served/noto-sans-jp-117-700-normal.woff2	node_modules/@fontsource/noto-sans-jp/files/noto-sans-jp-117-700-normal.woff2	7ec22803234d40e96e1b56d69cf9cd748de5a01e330ad43e469417111a3e36b3
jellium-web/fonts/served/noto-sans-jp-118-400-normal.woff2	node_modules/@fontsource/noto-sans-jp/files/noto-sans-jp-118-400-normal.woff2	f0c01a3ca9370b120b6da9860e899a3f4221b81328e9381c349f192f2966c8aa
jellium-web/fonts/served/noto-sans-jp-118-700-normal.woff2	node_modules/@fontsource/noto-sans-jp/files/noto-sans-jp-118-700-normal.woff2	3a573084cf8aaeeea2e1210233b19982526ed0995504e3ce95573bfc2a866aa8
jellium-web/fonts/served/noto-sans-jp-119-400-normal.woff2	node_modules/@fontsource/noto-sans-jp/files/noto-sans-jp-119-400-normal.woff2	2258b057683e7040e5149a9469077fd8ed47e73ca656f84fc3c4f9bc86976a1e
jellium-web/fonts/served/noto-sans-jp-119-700-normal.woff2	node_modules/@fontsource/noto-sans-jp/files/noto-sans-jp-119-700-normal.woff2	250d4554209267dafcdf9f045b70808de6157837663f7baa8090a2f425e0928a
jellium-web/fonts/served/noto-sans-jp-12-400-normal.woff2	node_modules/@fontsource/noto-sans-jp/files/noto-sans-jp-12-400-normal.woff2	04f52da319d26ac0bea8a9bd2d1fbee322f31588be18db82b1f4341f59e3071f
jellium-web/fonts/served/noto-sans-jp-12-700-normal.woff2	node_modules/@fontsource/noto-sans-jp/files/noto-sans-jp-12-700-normal.woff2	590cb50d54d49326e42e86b78167a80386bb9ff5485166b5804d7a2d1d652d51
jellium-web/fonts/served/noto-sans-jp-13-400-normal.woff2	node_modules/@fontsource/noto-sans-jp/files/noto-sans-jp-13-400-normal.woff2	f1ff3a68f60a31ff9cc1e94d2db1b5b76c5481eb9411eab45846b4b7a87f3090
jellium-web/fonts/served/noto-sans-jp-13-700-normal.woff2	node_modules/@fontsource/noto-sans-jp/files/noto-sans-jp-13-700-normal.woff2	94e43a4b0143b3b4742573fc12a265d5ece0962e5abf7368f64c27293f1849e3
jellium-web/fonts/served/noto-sans-jp-14-400-normal.woff2	node_modules/@fontsource/noto-sans-jp/files/noto-sans-jp-14-400-normal.woff2	482690057acaaa94dc10245fed2838cbf8efecc45a02ac2ea0856c39f6491f02
jellium-web/fonts/served/noto-sans-jp-14-700-normal.woff2	node_modules/@fontsource/noto-sans-jp/files/noto-sans-jp-14-700-normal.woff2	90fb852cdb04125d7a41a0469b3b3db1182c68e17ed3440e46804d74d2a04d2b
jellium-web/fonts/served/noto-sans-jp-15-400-normal.woff2	node_modules/@fontsource/noto-sans-jp/files/noto-sans-jp-15-400-normal.woff2	4ff4ce17809454ea143b1abd75158055000ed481900f6b4a8c8a467a12a10b67
jellium-web/fonts/served/noto-sans-jp-15-700-normal.woff2	node_modules/@fontsource/noto-sans-jp/files/noto-sans-jp-15-700-normal.woff2	49adecad66c2a8b27e6b88797b1cf2d191aac905918172747b1a7b67a94729e6
jellium-web/fonts/served/noto-sans-jp-16-400-normal.woff2	node_modules/@fontsource/noto-sans-jp/files/noto-sans-jp-16-400-normal.woff2	26fd2b998635508a32581641c31954b9017ad756c7e20b1232b1b404e2506c96
jellium-web/fonts/served/noto-sans-jp-16-700-normal.woff2	node_modules/@fontsource/noto-sans-jp/files/noto-sans-jp-16-700-normal.woff2	4f5a4b4aea91ec5759d4c33462d8f37984c62159b0bb942371f4dbb2983aeffd
jellium-web/fonts/served/noto-sans-jp-17-400-normal.woff2	node_modules/@fontsource/noto-sans-jp/files/noto-sans-jp-17-400-normal.woff2	0a56d1a0d3f04cb5330fda62a1ccb119f3b22547837572f7ef14db8c7706c4f1
jellium-web/fonts/served/noto-sans-jp-17-700-normal.woff2	node_modules/@fontsource/noto-sans-jp/files/noto-sans-jp-17-700-normal.woff2	f27bb1ed18f56d21f2bfcc6d22f104d29f97a85bd3c81a09ced8afc0751270c4
jellium-web/fonts/served/noto-sans-jp-18-400-normal.woff2	node_modules/@fontsource/noto-sans-jp/files/noto-sans-jp-18-400-normal.woff2	eeb0c9105a932462685a47ff62653633dbb393e2bcf58161f5a0bda2c3959207
jellium-web/fonts/served/noto-sans-jp-18-700-normal.woff2	node_modules/@fontsource/noto-sans-jp/files/noto-sans-jp-18-700-normal.woff2	1f924e604b4b1393ee1a9ee16f9d0dca31243a493fc4c48197b0a6a8336a79f1
jellium-web/fonts/served/noto-sans-jp-19-400-normal.woff2	node_modules/@fontsource/noto-sans-jp/files/noto-sans-jp-19-400-normal.woff2	f651add2dbc76d8c360ce060287766084c8e6e30e4c17cea09190202f3d76d29
jellium-web/fonts/served/noto-sans-jp-19-700-normal.woff2	node_modules/@fontsource/noto-sans-jp/files/noto-sans-jp-19-700-normal.woff2	8fa19eae4f98e426c9a3bc3b8051358cb8cb2d70efd22f22cc063ad583551a43
jellium-web/fonts/served/noto-sans-jp-2-400-normal.woff2	node_modules/@fontsource/noto-sans-jp/files/noto-sans-jp-2-400-normal.woff2	0a75ea6cb9db08e95224576e062036c44064cb6291cfc9255d4ea39c9ff5d72b
jellium-web/fonts/served/noto-sans-jp-2-700-normal.woff2	node_modules/@fontsource/noto-sans-jp/files/noto-sans-jp-2-700-normal.woff2	b83a13afa5d16c42bc5ad39869a5614ece4389ed054dbc124695f2f5586cdcd7
jellium-web/fonts/served/noto-sans-jp-20-400-normal.woff2	node_modules/@fontsource/noto-sans-jp/files/noto-sans-jp-20-400-normal.woff2	580e750a0fb8e8f2aa59f51e1bc30adc8c79ccf7adac03e27700e321b9d95d14
jellium-web/fonts/served/noto-sans-jp-20-700-normal.woff2	node_modules/@fontsource/noto-sans-jp/files/noto-sans-jp-20-700-normal.woff2	8c684f854b1ecc42741ae602fb00b3503768f414775c8ee940e67e6bb8337eba
jellium-web/fonts/served/noto-sans-jp-21-400-normal.woff2	node_modules/@fontsource/noto-sans-jp/files/noto-sans-jp-21-400-normal.woff2	965f9f53bad146d04b0c31ba8e9c05506551d7f3c401789dd8bb0e3d3a517ea2
jellium-web/fonts/served/noto-sans-jp-21-700-normal.woff2	node_modules/@fontsource/noto-sans-jp/files/noto-sans-jp-21-700-normal.woff2	61d2c6942d47f6edf71fdb233ab55d0008b9ac0813830a8e0b70954215374f1c
jellium-web/fonts/served/noto-sans-jp-22-400-normal.woff2	node_modules/@fontsource/noto-sans-jp/files/noto-sans-jp-22-400-normal.woff2	d0463d819c3f0caff76bbb0da53b9f0d945b33e677ee2df04bac42f2cc652eb2
jellium-web/fonts/served/noto-sans-jp-22-700-normal.woff2	node_modules/@fontsource/noto-sans-jp/files/noto-sans-jp-22-700-normal.woff2	3c399c155c7e8115ab2ac5d2218b4e08e8b7dcbe2f4c91de2af7c17b4792b185
jellium-web/fonts/served/noto-sans-jp-23-400-normal.woff2	node_modules/@fontsource/noto-sans-jp/files/noto-sans-jp-23-400-normal.woff2	d5d7a1c5f6e67853b26a343af0594cd1c889cda0097aa7afafe54176e7f8efb9
jellium-web/fonts/served/noto-sans-jp-23-700-normal.woff2	node_modules/@fontsource/noto-sans-jp/files/noto-sans-jp-23-700-normal.woff2	9e8e8f7a697316d625f929fd1b88fa892d4f7a30b092539359a46d3d0e9f3813
jellium-web/fonts/served/noto-sans-jp-24-400-normal.woff2	node_modules/@fontsource/noto-sans-jp/files/noto-sans-jp-24-400-normal.woff2	3ca3547bdd351c773385b93ce7818cbc1f8c3195228d98b6232910c718a7d9af
jellium-web/fonts/served/noto-sans-jp-24-700-normal.woff2	node_modules/@fontsource/noto-sans-jp/files/noto-sans-jp-24-700-normal.woff2	6b43c729d14c5b64a603121d0847e17c2e79adb015e043f7d7cd5290c1e17991
jellium-web/fonts/served/noto-sans-jp-25-400-normal.woff2	node_modules/@fontsource/noto-sans-jp/files/noto-sans-jp-25-400-normal.woff2	e4295c304215739eace2de4284c6c43338d1e8783e308b1e6f7a0408d0397183
jellium-web/fonts/served/noto-sans-jp-25-700-normal.woff2	node_modules/@fontsource/noto-sans-jp/files/noto-sans-jp-25-700-normal.woff2	5f8fa887aa63e78623e07ea6cf8aa38af32d411642ce2ed26f65edeff9512b85
jellium-web/fonts/served/noto-sans-jp-26-400-normal.woff2	node_modules/@fontsource/noto-sans-jp/files/noto-sans-jp-26-400-normal.woff2	ac4b7deb61e2e1f52fd1145e8cf9186b8ff9d856177b4ec590774580acfc0d9e
jellium-web/fonts/served/noto-sans-jp-26-700-normal.woff2	node_modules/@fontsource/noto-sans-jp/files/noto-sans-jp-26-700-normal.woff2	0fdd3b73fa8308b63a9bf872f3d1d449c2612e96c8e595203d49d10281083b2b
jellium-web/fonts/served/noto-sans-jp-27-400-normal.woff2	node_modules/@fontsource/noto-sans-jp/files/noto-sans-jp-27-400-normal.woff2	5a87b1ba815e915a042a2917f4f172d5e2eb8b4733c47c78f1c34e03142c65ca
jellium-web/fonts/served/noto-sans-jp-27-700-normal.woff2	node_modules/@fontsource/noto-sans-jp/files/noto-sans-jp-27-700-normal.woff2	e8d9116e66ccd040d6596fbfa59c2b25258364ec5691180c6c1403d4e5b8193e
jellium-web/fonts/served/noto-sans-jp-28-400-normal.woff2	node_modules/@fontsource/noto-sans-jp/files/noto-sans-jp-28-400-normal.woff2	f97a6e53ef9b30b3e49781931cbeaede2bd1a3eefaf9422ee3292bb230aee43b
jellium-web/fonts/served/noto-sans-jp-28-700-normal.woff2	node_modules/@fontsource/noto-sans-jp/files/noto-sans-jp-28-700-normal.woff2	01ded5dd032467b4410d3d4520a5ed2cecd4ce90dc0a054256f308c291f9c61c
jellium-web/fonts/served/noto-sans-jp-29-400-normal.woff2	node_modules/@fontsource/noto-sans-jp/files/noto-sans-jp-29-400-normal.woff2	c89d396c380dcf3698c243a57fe25171ee06edcc04c56c8defe5af9b02c57c40
jellium-web/fonts/served/noto-sans-jp-29-700-normal.woff2	node_modules/@fontsource/noto-sans-jp/files/noto-sans-jp-29-700-normal.woff2	d7ea4552e2d32a160f97aa6ed706a998f31e7511fffb9857e511d9da30e80d86
jellium-web/fonts/served/noto-sans-jp-3-400-normal.woff2	node_modules/@fontsource/noto-sans-jp/files/noto-sans-jp-3-400-normal.woff2	2f0060b9adc6062fa64997e723920165c94981807f857625f8374dcaf8ede295
jellium-web/fonts/served/noto-sans-jp-3-700-normal.woff2	node_modules/@fontsource/noto-sans-jp/files/noto-sans-jp-3-700-normal.woff2	4f2d0f8359931fb195c5ea863840f07ba4ee025fffccfa0cb3ae08b14ccdde8c
jellium-web/fonts/served/noto-sans-jp-30-400-normal.woff2	node_modules/@fontsource/noto-sans-jp/files/noto-sans-jp-30-400-normal.woff2	1aba68a4e36c482a85183cc25e81abb1e3ea723917419681cc204dc969834958
jellium-web/fonts/served/noto-sans-jp-30-700-normal.woff2	node_modules/@fontsource/noto-sans-jp/files/noto-sans-jp-30-700-normal.woff2	afe516094b15d13a17612b7d26387cd24fe1f523427a18057713193a02653bd2
jellium-web/fonts/served/noto-sans-jp-31-400-normal.woff2	node_modules/@fontsource/noto-sans-jp/files/noto-sans-jp-31-400-normal.woff2	3eb415a95d0719799f3e4d63693caf6c84045ef9479c4fb691d6648a2f22bef1
jellium-web/fonts/served/noto-sans-jp-31-700-normal.woff2	node_modules/@fontsource/noto-sans-jp/files/noto-sans-jp-31-700-normal.woff2	3fe75d5df2cf34ef700da3ed5b32c3334905f6962ad4deb8c92fcc0625f61c52
jellium-web/fonts/served/noto-sans-jp-32-400-normal.woff2	node_modules/@fontsource/noto-sans-jp/files/noto-sans-jp-32-400-normal.woff2	3f42688bb352e7840483da24688ae1ec08ab28c8e318c7a20e237eba859184ac
jellium-web/fonts/served/noto-sans-jp-32-700-normal.woff2	node_modules/@fontsource/noto-sans-jp/files/noto-sans-jp-32-700-normal.woff2	8f49512f129019f7b84b53c65e4f59189d90bbe30eb38f5715c18f2e3b9cc636
jellium-web/fonts/served/noto-sans-jp-33-400-normal.woff2	node_modules/@fontsource/noto-sans-jp/files/noto-sans-jp-33-400-normal.woff2	61de20a04251d881ed347a1b4da1b4de097bb91844cd628f9760f9e77e286c1f
jellium-web/fonts/served/noto-sans-jp-33-700-normal.woff2	node_modules/@fontsource/noto-sans-jp/files/noto-sans-jp-33-700-normal.woff2	a4c001d9135296dae7942f55cafcc8becdf345331034b24ede3c7682122d69ba
jellium-web/fonts/served/noto-sans-jp-34-400-normal.woff2	node_modules/@fontsource/noto-sans-jp/files/noto-sans-jp-34-400-normal.woff2	49f87be0444ac3d32c12832c89a358ba8a58d8e9d4c7634bfe24347cce57e81e
jellium-web/fonts/served/noto-sans-jp-34-700-normal.woff2	node_modules/@fontsource/noto-sans-jp/files/noto-sans-jp-34-700-normal.woff2	3f70c9007e829f450ee614eb55b591effd4437a3a978f87722c976084dc80b63
jellium-web/fonts/served/noto-sans-jp-35-400-normal.woff2	node_modules/@fontsource/noto-sans-jp/files/noto-sans-jp-35-400-normal.woff2	22620e99996d6414730a70b96efe4403bc49af6714934fb9471b1a8fb3dac211
jellium-web/fonts/served/noto-sans-jp-35-700-normal.woff2	node_modules/@fontsource/noto-sans-jp/files/noto-sans-jp-35-700-normal.woff2	b31aaac131844b484f327b8d12c263cba1e620803613d383024602695c9f17be
jellium-web/fonts/served/noto-sans-jp-36-400-normal.woff2	node_modules/@fontsource/noto-sans-jp/files/noto-sans-jp-36-400-normal.woff2	b2f23004443222180dddb75521749da3c884ce9c2f95ad535b4eec4ae28980f9
jellium-web/fonts/served/noto-sans-jp-36-700-normal.woff2	node_modules/@fontsource/noto-sans-jp/files/noto-sans-jp-36-700-normal.woff2	d9de6e27eb11a948f16a1f85a0f6f4857c19beb731378b425563287c982b41f6
jellium-web/fonts/served/noto-sans-jp-37-400-normal.woff2	node_modules/@fontsource/noto-sans-jp/files/noto-sans-jp-37-400-normal.woff2	65c9410af5ac58f05928b6e2f171b11ba2ff2e773ec5e2b321d813552ccd220d
jellium-web/fonts/served/noto-sans-jp-37-700-normal.woff2	node_modules/@fontsource/noto-sans-jp/files/noto-sans-jp-37-700-normal.woff2	7e2596a3f2e696cfe52b0620efb23ac51498256b2efa52ece08a513f0aeb742e
jellium-web/fonts/served/noto-sans-jp-38-400-normal.woff2	node_modules/@fontsource/noto-sans-jp/files/noto-sans-jp-38-400-normal.woff2	d7bb820bfd858c7113ae96e923f761b5112a1c2c7f191e8918607c6530b3b295
jellium-web/fonts/served/noto-sans-jp-38-700-normal.woff2	node_modules/@fontsource/noto-sans-jp/files/noto-sans-jp-38-700-normal.woff2	b4b6e7dfc272d533eabd205e859fb2351650897dc19ac45f27587f1020b5736f
jellium-web/fonts/served/noto-sans-jp-39-400-normal.woff2	node_modules/@fontsource/noto-sans-jp/files/noto-sans-jp-39-400-normal.woff2	59ef7f70f75ddab02107d9b25708869841b11844f0ce79304f90369ef1928740
jellium-web/fonts/served/noto-sans-jp-39-700-normal.woff2	node_modules/@fontsource/noto-sans-jp/files/noto-sans-jp-39-700-normal.woff2	a86a00816f4529871cb0b21707f76eb5f1610d19fa07533c605e8cb3f4e6d15e
jellium-web/fonts/served/noto-sans-jp-4-400-normal.woff2	node_modules/@fontsource/noto-sans-jp/files/noto-sans-jp-4-400-normal.woff2	55e99fa53e19bcd902babd40936f7dbaedd0f0afdd9c5f4089367cd02f1411e6
jellium-web/fonts/served/noto-sans-jp-4-700-normal.woff2	node_modules/@fontsource/noto-sans-jp/files/noto-sans-jp-4-700-normal.woff2	6816a29ab4b76889548be8961fabeb74568422657d48040fffe4d47ccc5a63ae
jellium-web/fonts/served/noto-sans-jp-40-400-normal.woff2	node_modules/@fontsource/noto-sans-jp/files/noto-sans-jp-40-400-normal.woff2	057f017f4c7835d3d6bd88f08916e9926234b38da107c21509d0e93d9b3834bb
jellium-web/fonts/served/noto-sans-jp-40-700-normal.woff2	node_modules/@fontsource/noto-sans-jp/files/noto-sans-jp-40-700-normal.woff2	e32dbdb4449d13b5d1499320df17856ef924cd48cb3ce532338df665591139b6
jellium-web/fonts/served/noto-sans-jp-41-400-normal.woff2	node_modules/@fontsource/noto-sans-jp/files/noto-sans-jp-41-400-normal.woff2	133c6e2bb4b42618b3894ec861667bf9024b429dd2302ccb38da3a8276432806
jellium-web/fonts/served/noto-sans-jp-41-700-normal.woff2	node_modules/@fontsource/noto-sans-jp/files/noto-sans-jp-41-700-normal.woff2	8a9c7898972f54c2664139a8c2655a519674601399da0534839c0156f3ddb596
jellium-web/fonts/served/noto-sans-jp-42-400-normal.woff2	node_modules/@fontsource/noto-sans-jp/files/noto-sans-jp-42-400-normal.woff2	a4bf515f87c6fea0d95f959be338deca4868cc79be5c9acf1a24964a8d846b49
jellium-web/fonts/served/noto-sans-jp-42-700-normal.woff2	node_modules/@fontsource/noto-sans-jp/files/noto-sans-jp-42-700-normal.woff2	c516781ebbb23a30bde48dceea0efbcb3171d8b64ddc97f1335bfa470e4b90f4
jellium-web/fonts/served/noto-sans-jp-43-400-normal.woff2	node_modules/@fontsource/noto-sans-jp/files/noto-sans-jp-43-400-normal.woff2	a4526cc1ff36498c8c1386f3f940d962fe9bd899a1c5b0dbb6d86042b245723c
jellium-web/fonts/served/noto-sans-jp-43-700-normal.woff2	node_modules/@fontsource/noto-sans-jp/files/noto-sans-jp-43-700-normal.woff2	d92a6f79a67ae7b2961704206ce3d987594349ed005e0227d3007231a3b001f6
jellium-web/fonts/served/noto-sans-jp-44-400-normal.woff2	node_modules/@fontsource/noto-sans-jp/files/noto-sans-jp-44-400-normal.woff2	c20d7fc728280537ed3d28a1d3aca49194df7731a9a04c964a92cb7c9d0d0bbe
jellium-web/fonts/served/noto-sans-jp-44-700-normal.woff2	node_modules/@fontsource/noto-sans-jp/files/noto-sans-jp-44-700-normal.woff2	d69c77d09c7d76bb3dc98f0aec72afe64cef327600d49c7210ca3a3cf32a4d3b
jellium-web/fonts/served/noto-sans-jp-45-400-normal.woff2	node_modules/@fontsource/noto-sans-jp/files/noto-sans-jp-45-400-normal.woff2	7517edda10bf3be80f6fb07a49b1888cfeee73ee355914f2044d82814fb6de18
jellium-web/fonts/served/noto-sans-jp-45-700-normal.woff2	node_modules/@fontsource/noto-sans-jp/files/noto-sans-jp-45-700-normal.woff2	f34e9e77571532077e373c63f8e5cb2658319a9517f8432297b21d1c4d15e25a
jellium-web/fonts/served/noto-sans-jp-46-400-normal.woff2	node_modules/@fontsource/noto-sans-jp/files/noto-sans-jp-46-400-normal.woff2	3b1105073506187e79b3c5080bea34691116a1ee138fe212f710e1fc3f899f96
jellium-web/fonts/served/noto-sans-jp-46-700-normal.woff2	node_modules/@fontsource/noto-sans-jp/files/noto-sans-jp-46-700-normal.woff2	00d612add6b3e6f048f93ebe622b713da0f9bd1c86634e441d9427bdbd78d1db
jellium-web/fonts/served/noto-sans-jp-47-400-normal.woff2	node_modules/@fontsource/noto-sans-jp/files/noto-sans-jp-47-400-normal.woff2	2b3f11e2f1719c1aed8c6162bba6c2a540bb36151749378f681f139989af2491
jellium-web/fonts/served/noto-sans-jp-47-700-normal.woff2	node_modules/@fontsource/noto-sans-jp/files/noto-sans-jp-47-700-normal.woff2	3ca61c28b20bd26c340f009920bca902571c3a854871a1087fa80622b045a811
jellium-web/fonts/served/noto-sans-jp-48-400-normal.woff2	node_modules/@fontsource/noto-sans-jp/files/noto-sans-jp-48-400-normal.woff2	04054978ceb671f01f8da282c23bfd5af9747a1340ff55a7997722780f76fd65
jellium-web/fonts/served/noto-sans-jp-48-700-normal.woff2	node_modules/@fontsource/noto-sans-jp/files/noto-sans-jp-48-700-normal.woff2	e0424cee0b3ec71c234a02856c24570d27d2de8a947778c5408679d810376aed
jellium-web/fonts/served/noto-sans-jp-49-400-normal.woff2	node_modules/@fontsource/noto-sans-jp/files/noto-sans-jp-49-400-normal.woff2	ad222ec80a237c86c0f4273eb07ae169584ba755d313657d897dd4d910eb3504
jellium-web/fonts/served/noto-sans-jp-49-700-normal.woff2	node_modules/@fontsource/noto-sans-jp/files/noto-sans-jp-49-700-normal.woff2	a1f2a81a87c93277affc8f461f8b38bf4135e4b1f89d994bfd534fc50c8359d4
jellium-web/fonts/served/noto-sans-jp-5-400-normal.woff2	node_modules/@fontsource/noto-sans-jp/files/noto-sans-jp-5-400-normal.woff2	23cabe14c7aa60a3527c669c3aad8cfe1fce38c716b995d022f494075afe89f1
jellium-web/fonts/served/noto-sans-jp-5-700-normal.woff2	node_modules/@fontsource/noto-sans-jp/files/noto-sans-jp-5-700-normal.woff2	62177f4aae9a255355e9e7d42f6e3be0eeacc3e4cf02547ca186bf2f051b4b84
jellium-web/fonts/served/noto-sans-jp-50-400-normal.woff2	node_modules/@fontsource/noto-sans-jp/files/noto-sans-jp-50-400-normal.woff2	5f66387e34af97759029ae42eb10441000ceb34a284b23232d1af901ee21031f
jellium-web/fonts/served/noto-sans-jp-50-700-normal.woff2	node_modules/@fontsource/noto-sans-jp/files/noto-sans-jp-50-700-normal.woff2	407aa56fd38f9800af8a325199834b5513ded355a08dce16c154d39b400a1372
jellium-web/fonts/served/noto-sans-jp-51-400-normal.woff2	node_modules/@fontsource/noto-sans-jp/files/noto-sans-jp-51-400-normal.woff2	28850edecb2be15b6ed7ba98c584770cd66ab0743625c09761dc32e0b794631b
jellium-web/fonts/served/noto-sans-jp-51-700-normal.woff2	node_modules/@fontsource/noto-sans-jp/files/noto-sans-jp-51-700-normal.woff2	42b5e8dbff7134356fd9594045dc06d1543ab8b922bea41a8693de59837462ae
jellium-web/fonts/served/noto-sans-jp-52-400-normal.woff2	node_modules/@fontsource/noto-sans-jp/files/noto-sans-jp-52-400-normal.woff2	c5a65808d6dd2d73786fb1dfb1ad0884b309312daa2090839c3ee3230556aad4
jellium-web/fonts/served/noto-sans-jp-52-700-normal.woff2	node_modules/@fontsource/noto-sans-jp/files/noto-sans-jp-52-700-normal.woff2	d53edf1266d09b1fb1e64a54b1089970c54393561cc86d4a08325e89bcc1fa74
jellium-web/fonts/served/noto-sans-jp-53-400-normal.woff2	node_modules/@fontsource/noto-sans-jp/files/noto-sans-jp-53-400-normal.woff2	7650e8f9fac4314e19859bc64f69d19d8379c6f0685dfcda9780528e55d1568f
jellium-web/fonts/served/noto-sans-jp-53-700-normal.woff2	node_modules/@fontsource/noto-sans-jp/files/noto-sans-jp-53-700-normal.woff2	63c5ad79d93bb4209844e9fac22d39ccfe310dfa20067d197764a42d56d1a1c7
jellium-web/fonts/served/noto-sans-jp-54-400-normal.woff2	node_modules/@fontsource/noto-sans-jp/files/noto-sans-jp-54-400-normal.woff2	896942657c79c88ae830a9d49813d88bcbe82e18c03584d9b851d3005a67ba6c
jellium-web/fonts/served/noto-sans-jp-54-700-normal.woff2	node_modules/@fontsource/noto-sans-jp/files/noto-sans-jp-54-700-normal.woff2	1fc739c0eae9d833e26d24e9eea7c00a451cb8a59e9294f9e6e276df4ef970e9
jellium-web/fonts/served/noto-sans-jp-55-400-normal.woff2	node_modules/@fontsource/noto-sans-jp/files/noto-sans-jp-55-400-normal.woff2	1ea797cf0aebdb4b3c412eeca4d7087fc3472112dc8d63340655b94ca6a36ab7
jellium-web/fonts/served/noto-sans-jp-55-700-normal.woff2	node_modules/@fontsource/noto-sans-jp/files/noto-sans-jp-55-700-normal.woff2	4152f8ea4d04f3766ebd680771234c592cac6b4db4830e98f19ceb331563163a
jellium-web/fonts/served/noto-sans-jp-56-400-normal.woff2	node_modules/@fontsource/noto-sans-jp/files/noto-sans-jp-56-400-normal.woff2	d7b7dcb8b3f92d4d074b9bb02907c1a2552629678abebac0f485fbbb467529fc
jellium-web/fonts/served/noto-sans-jp-56-700-normal.woff2	node_modules/@fontsource/noto-sans-jp/files/noto-sans-jp-56-700-normal.woff2	6f18c8f07bbee6390878a9dbd69db676d51af0e3d188681e1d7a2c670efeea0b
jellium-web/fonts/served/noto-sans-jp-57-400-normal.woff2	node_modules/@fontsource/noto-sans-jp/files/noto-sans-jp-57-400-normal.woff2	ff04eb189644d0a84b1b0683bb3777c7bd5974b0c02c1d512c567ce4d1decf2e
jellium-web/fonts/served/noto-sans-jp-57-700-normal.woff2	node_modules/@fontsource/noto-sans-jp/files/noto-sans-jp-57-700-normal.woff2	5d7d59d5054ec5746ec451d133e9f8c26eed8eabcc88e130eb23f774c4536c83
jellium-web/fonts/served/noto-sans-jp-58-400-normal.woff2	node_modules/@fontsource/noto-sans-jp/files/noto-sans-jp-58-400-normal.woff2	48ef191a30bb378e04557813b4f7be683fb2f684d8de0097114e31f8d334eeda
jellium-web/fonts/served/noto-sans-jp-58-700-normal.woff2	node_modules/@fontsource/noto-sans-jp/files/noto-sans-jp-58-700-normal.woff2	889bafe7ed762007360f8f42f6fe98e63e72d8f8ec0792d49397f411a74966d0
jellium-web/fonts/served/noto-sans-jp-59-400-normal.woff2	node_modules/@fontsource/noto-sans-jp/files/noto-sans-jp-59-400-normal.woff2	88fff7bfdba1e85a3a693bfb8e9c285efa0624b2ca4925d70b6436bcd4fb68bc
jellium-web/fonts/served/noto-sans-jp-59-700-normal.woff2	node_modules/@fontsource/noto-sans-jp/files/noto-sans-jp-59-700-normal.woff2	ffbd214d4006efbc940d4cd26fb8e025a902fcd4d6a87b81d19773b2750a5d27
jellium-web/fonts/served/noto-sans-jp-6-400-normal.woff2	node_modules/@fontsource/noto-sans-jp/files/noto-sans-jp-6-400-normal.woff2	63e6b71edf0e9420e5fe517c7ab5807e9d5463b64a82ef5353caddd7e505b338
jellium-web/fonts/served/noto-sans-jp-6-700-normal.woff2	node_modules/@fontsource/noto-sans-jp/files/noto-sans-jp-6-700-normal.woff2	3733f138fb74497731d0b6c7ca10d6e2653a646f5c0a9c802a3743e93a3c949f
jellium-web/fonts/served/noto-sans-jp-60-400-normal.woff2	node_modules/@fontsource/noto-sans-jp/files/noto-sans-jp-60-400-normal.woff2	871c22f1da70f61293e49be48fce4363f68da99a210ba59ff8524fb04d9874c6
jellium-web/fonts/served/noto-sans-jp-60-700-normal.woff2	node_modules/@fontsource/noto-sans-jp/files/noto-sans-jp-60-700-normal.woff2	1314409320802338e206d950769066f53368bc7b24261512dbbb1319d51ffb03
jellium-web/fonts/served/noto-sans-jp-61-400-normal.woff2	node_modules/@fontsource/noto-sans-jp/files/noto-sans-jp-61-400-normal.woff2	d157f242809b9f638294fdf4c29ac6b1b9a6fef55d575e61d585356696742e96
jellium-web/fonts/served/noto-sans-jp-61-700-normal.woff2	node_modules/@fontsource/noto-sans-jp/files/noto-sans-jp-61-700-normal.woff2	d590747123ef4f69a576b7ae3f9ca9078652f0ea3318c3535fe59875a120d8de
jellium-web/fonts/served/noto-sans-jp-62-400-normal.woff2	node_modules/@fontsource/noto-sans-jp/files/noto-sans-jp-62-400-normal.woff2	637194827f41e065cd5402bcb26e353c3d514a2594349533fdb36faaef060423
jellium-web/fonts/served/noto-sans-jp-62-700-normal.woff2	node_modules/@fontsource/noto-sans-jp/files/noto-sans-jp-62-700-normal.woff2	a17bb8e73567506f167619b6dd653180997ba724254f4a11de6edc4dca1d50df
jellium-web/fonts/served/noto-sans-jp-63-400-normal.woff2	node_modules/@fontsource/noto-sans-jp/files/noto-sans-jp-63-400-normal.woff2	bafa891c1607b42c52ebc3ce145c0f323d23ce0746f05b3e0b1bdc16d8d7dbfc
jellium-web/fonts/served/noto-sans-jp-63-700-normal.woff2	node_modules/@fontsource/noto-sans-jp/files/noto-sans-jp-63-700-normal.woff2	a27c1751beac523c4fce2f3e73a85259fa1cb79337c5f83f4f086b7409272006
jellium-web/fonts/served/noto-sans-jp-64-400-normal.woff2	node_modules/@fontsource/noto-sans-jp/files/noto-sans-jp-64-400-normal.woff2	6b253497d7d8c53143d81045e61425da125c63138b9a0ba037344fd192fab593
jellium-web/fonts/served/noto-sans-jp-64-700-normal.woff2	node_modules/@fontsource/noto-sans-jp/files/noto-sans-jp-64-700-normal.woff2	e77573d0ee55d4582053d8908000c74abb88e30b1ca481893ceeb5fcccaf4be6
jellium-web/fonts/served/noto-sans-jp-65-400-normal.woff2	node_modules/@fontsource/noto-sans-jp/files/noto-sans-jp-65-400-normal.woff2	4dd7082575926732d787fdd823ceb1ab5ebab909a79fde503537798a6d8c11d1
jellium-web/fonts/served/noto-sans-jp-65-700-normal.woff2	node_modules/@fontsource/noto-sans-jp/files/noto-sans-jp-65-700-normal.woff2	66d42e8f2a051f800fc8bb9efcaedbb1d68441a836ffd650beef6c6a65b3d368
jellium-web/fonts/served/noto-sans-jp-66-400-normal.woff2	node_modules/@fontsource/noto-sans-jp/files/noto-sans-jp-66-400-normal.woff2	40c33d0adc5dc123edc305e530a0af317c18e5467f44b224a06db9dd523637fe
jellium-web/fonts/served/noto-sans-jp-66-700-normal.woff2	node_modules/@fontsource/noto-sans-jp/files/noto-sans-jp-66-700-normal.woff2	92e8a86899436ff2a4b71da447bcc5f76220c7f1d4571fb04aece8b59968bf40
jellium-web/fonts/served/noto-sans-jp-67-400-normal.woff2	node_modules/@fontsource/noto-sans-jp/files/noto-sans-jp-67-400-normal.woff2	26eb863685a0e160ae8b867fab1d1dff46c9d291482037b144aa5e4d5ee5a2ec
jellium-web/fonts/served/noto-sans-jp-67-700-normal.woff2	node_modules/@fontsource/noto-sans-jp/files/noto-sans-jp-67-700-normal.woff2	c62c13b6876c2ae009247dd2237861b92c1460f5f0795867119138d7faa833ea
jellium-web/fonts/served/noto-sans-jp-68-400-normal.woff2	node_modules/@fontsource/noto-sans-jp/files/noto-sans-jp-68-400-normal.woff2	acfc00a97e87db511883ab0bbb7b4c4c170521b5763bb4aa2c30d20ee9efd383
jellium-web/fonts/served/noto-sans-jp-68-700-normal.woff2	node_modules/@fontsource/noto-sans-jp/files/noto-sans-jp-68-700-normal.woff2	db5ca7a4b8ee86eb279f5ecb0498c21386e7bc02ef549cb211545aa54f71ce14
jellium-web/fonts/served/noto-sans-jp-69-400-normal.woff2	node_modules/@fontsource/noto-sans-jp/files/noto-sans-jp-69-400-normal.woff2	fcc2800cb1a6c71838d5968dbf906b71db2aa2cce7493d6f215311b4c6e8e7aa
jellium-web/fonts/served/noto-sans-jp-69-700-normal.woff2	node_modules/@fontsource/noto-sans-jp/files/noto-sans-jp-69-700-normal.woff2	f9bffe113c3a30524685e973c7c93f6a915a2a58aabefea2c7b419085819c03f
jellium-web/fonts/served/noto-sans-jp-7-400-normal.woff2	node_modules/@fontsource/noto-sans-jp/files/noto-sans-jp-7-400-normal.woff2	5168f5242a1a7199a12cd54225e1183b510eddf8d0d073e13f3e11b16e18dcd4
jellium-web/fonts/served/noto-sans-jp-7-700-normal.woff2	node_modules/@fontsource/noto-sans-jp/files/noto-sans-jp-7-700-normal.woff2	2a02e456377f11750c8c7adf3838411c34a886c8a97cd8db5520428270cd44e6
jellium-web/fonts/served/noto-sans-jp-70-400-normal.woff2	node_modules/@fontsource/noto-sans-jp/files/noto-sans-jp-70-400-normal.woff2	1bcfeea2a0a2fb600cdaedf46dc352ce900ed7d67962482aed1b8cf129f8d105
jellium-web/fonts/served/noto-sans-jp-70-700-normal.woff2	node_modules/@fontsource/noto-sans-jp/files/noto-sans-jp-70-700-normal.woff2	e8dd07c2bb1a20ca19e2be7d55552c8b76cf030781168d18366ecec1d635c925
jellium-web/fonts/served/noto-sans-jp-71-400-normal.woff2	node_modules/@fontsource/noto-sans-jp/files/noto-sans-jp-71-400-normal.woff2	6e56daa47ff43575a5c8b4d01c660d59eb6e2ba9f571f7910c64bde0c9410b23
jellium-web/fonts/served/noto-sans-jp-71-700-normal.woff2	node_modules/@fontsource/noto-sans-jp/files/noto-sans-jp-71-700-normal.woff2	c329cd785978045bd6c4e3e578057bceb0b1d6a9103f635c3da1f8c426657d9b
jellium-web/fonts/served/noto-sans-jp-72-400-normal.woff2	node_modules/@fontsource/noto-sans-jp/files/noto-sans-jp-72-400-normal.woff2	96d5fa1ad2d5faf85347128f2f495863ab52489fae3c8fd4382e98e2e8e15b42
jellium-web/fonts/served/noto-sans-jp-72-700-normal.woff2	node_modules/@fontsource/noto-sans-jp/files/noto-sans-jp-72-700-normal.woff2	acdfdf278dc283b70556e94b366ddc9eaa95355db32b490e4d6afb04fa4680bf
jellium-web/fonts/served/noto-sans-jp-73-400-normal.woff2	node_modules/@fontsource/noto-sans-jp/files/noto-sans-jp-73-400-normal.woff2	5f4853bbd65a08529d4de95e7e08ba6a25a319a99a21b3fa795add9b547293e3
jellium-web/fonts/served/noto-sans-jp-73-700-normal.woff2	node_modules/@fontsource/noto-sans-jp/files/noto-sans-jp-73-700-normal.woff2	6e52898ed6dd00a5ea19cd542c9fd0c293aafb0c356c8a9cf274a6113d938356
jellium-web/fonts/served/noto-sans-jp-74-400-normal.woff2	node_modules/@fontsource/noto-sans-jp/files/noto-sans-jp-74-400-normal.woff2	5828c49be7f2e3054e27f52d28e3442fd4b32d1193632beb51e2121706dbc4ac
jellium-web/fonts/served/noto-sans-jp-74-700-normal.woff2	node_modules/@fontsource/noto-sans-jp/files/noto-sans-jp-74-700-normal.woff2	80748f25c75a12ebaa27e588aea028d1cc46a190c159f80310e5dd28ddd8bbd3
jellium-web/fonts/served/noto-sans-jp-75-400-normal.woff2	node_modules/@fontsource/noto-sans-jp/files/noto-sans-jp-75-400-normal.woff2	4a79073330c506280ff3d667ccd62eaa936be86c2fc0c53396464e26231c0401
jellium-web/fonts/served/noto-sans-jp-75-700-normal.woff2	node_modules/@fontsource/noto-sans-jp/files/noto-sans-jp-75-700-normal.woff2	e7841c51aad6f2948be125621558c0825a14d8d64cad1bb4f6744b691a748d0b
jellium-web/fonts/served/noto-sans-jp-76-400-normal.woff2	node_modules/@fontsource/noto-sans-jp/files/noto-sans-jp-76-400-normal.woff2	98d3e93012a9aa40f662701323cd399bccc82e3c6b78b2efbe98099419b43693
jellium-web/fonts/served/noto-sans-jp-76-700-normal.woff2	node_modules/@fontsource/noto-sans-jp/files/noto-sans-jp-76-700-normal.woff2	6e1f87929d5ab8824d69681a600732de433d99fb624daefe222923668cd35f8b
jellium-web/fonts/served/noto-sans-jp-77-400-normal.woff2	node_modules/@fontsource/noto-sans-jp/files/noto-sans-jp-77-400-normal.woff2	30a22afd1744622e84b821098b86815129bb10aa33f239c724f0e437d79bda8f
jellium-web/fonts/served/noto-sans-jp-77-700-normal.woff2	node_modules/@fontsource/noto-sans-jp/files/noto-sans-jp-77-700-normal.woff2	3382999e77c990f689198968601c621d6d460239ee8aa1ff574f76e44e982205
jellium-web/fonts/served/noto-sans-jp-78-400-normal.woff2	node_modules/@fontsource/noto-sans-jp/files/noto-sans-jp-78-400-normal.woff2	edbd7ef87e8268704244f4fc2bb775abf7e2a0e586e1de2121e0bf65981a366a
jellium-web/fonts/served/noto-sans-jp-78-700-normal.woff2	node_modules/@fontsource/noto-sans-jp/files/noto-sans-jp-78-700-normal.woff2	8207719a5ec5279bce27e6992af9a776c8c0fb703c669ace634534557614b8ad
jellium-web/fonts/served/noto-sans-jp-79-400-normal.woff2	node_modules/@fontsource/noto-sans-jp/files/noto-sans-jp-79-400-normal.woff2	48f1e7de68a920688f99f41ae261fe598550110429f8c7596cf1b87bfa57ecc7
jellium-web/fonts/served/noto-sans-jp-79-700-normal.woff2	node_modules/@fontsource/noto-sans-jp/files/noto-sans-jp-79-700-normal.woff2	3e9c0b6bf25bd67166290a46b4cd6e12d6229962378c3b036393e317e29caf74
jellium-web/fonts/served/noto-sans-jp-8-400-normal.woff2	node_modules/@fontsource/noto-sans-jp/files/noto-sans-jp-8-400-normal.woff2	8d8c0682862f5a9bcc73151884b5e231cbb6a960779a8e995da704eb56265b16
jellium-web/fonts/served/noto-sans-jp-8-700-normal.woff2	node_modules/@fontsource/noto-sans-jp/files/noto-sans-jp-8-700-normal.woff2	c8d36c115038fc74e09aa0ff144e52192fb24f043a791d6da289950cd0b1948f
jellium-web/fonts/served/noto-sans-jp-80-400-normal.woff2	node_modules/@fontsource/noto-sans-jp/files/noto-sans-jp-80-400-normal.woff2	db11fc6eb2fc3b1358c0fce0d01587367c4f2042657adc2ebfc8d81f98e9c59e
jellium-web/fonts/served/noto-sans-jp-80-700-normal.woff2	node_modules/@fontsource/noto-sans-jp/files/noto-sans-jp-80-700-normal.woff2	4f28bac2cbad6bd1fa27271dc5cf4309c469781923132ab5ddf6875a326f17d7
jellium-web/fonts/served/noto-sans-jp-81-400-normal.woff2	node_modules/@fontsource/noto-sans-jp/files/noto-sans-jp-81-400-normal.woff2	d288c9ad551cf55c5e7ca6975cd09fa8c18446a8fe8c77adecf519d6c65648c2
jellium-web/fonts/served/noto-sans-jp-81-700-normal.woff2	node_modules/@fontsource/noto-sans-jp/files/noto-sans-jp-81-700-normal.woff2	f221e9121a77156266392ccb2daa532b6a451531e4527771eab407c424222a52
jellium-web/fonts/served/noto-sans-jp-82-400-normal.woff2	node_modules/@fontsource/noto-sans-jp/files/noto-sans-jp-82-400-normal.woff2	4ede445f6e8b5dc5c22d661e92489fd885b1c0cdfcdd8b889ca716c3760b6743
jellium-web/fonts/served/noto-sans-jp-82-700-normal.woff2	node_modules/@fontsource/noto-sans-jp/files/noto-sans-jp-82-700-normal.woff2	c0a39c2049900f5b123d5680794a98f4b65cd721cd6f20c5d53391a2a2de50f4
jellium-web/fonts/served/noto-sans-jp-83-400-normal.woff2	node_modules/@fontsource/noto-sans-jp/files/noto-sans-jp-83-400-normal.woff2	ae3fb07499d0ffbabe23e701c41ae9a1fe88b2971e0b1a27d9d8ef0f35cea201
jellium-web/fonts/served/noto-sans-jp-83-700-normal.woff2	node_modules/@fontsource/noto-sans-jp/files/noto-sans-jp-83-700-normal.woff2	5823fcab65d5dd300ed89e4c443797ab08f4f1cf2e6c97e46af9f3286bdeed4f
jellium-web/fonts/served/noto-sans-jp-84-400-normal.woff2	node_modules/@fontsource/noto-sans-jp/files/noto-sans-jp-84-400-normal.woff2	be59d340b45320ec708eb8fff1ba39f7980e5c9171db9143b18e58029fbd8531
jellium-web/fonts/served/noto-sans-jp-84-700-normal.woff2	node_modules/@fontsource/noto-sans-jp/files/noto-sans-jp-84-700-normal.woff2	0c1fa02d4607e1b9c49b1beba27da31ddddf7f4faecab54ddcc18814be010c02
jellium-web/fonts/served/noto-sans-jp-85-400-normal.woff2	node_modules/@fontsource/noto-sans-jp/files/noto-sans-jp-85-400-normal.woff2	2ddc2694bdc28d3514d42bdd6a431e22624c8edfc2234e26e9579d70e5fd3e9e
jellium-web/fonts/served/noto-sans-jp-85-700-normal.woff2	node_modules/@fontsource/noto-sans-jp/files/noto-sans-jp-85-700-normal.woff2	19caab0e8fd976038c61be1770ea4c675b83b7eeb5f92bc63c47ca254df09c58
jellium-web/fonts/served/noto-sans-jp-86-400-normal.woff2	node_modules/@fontsource/noto-sans-jp/files/noto-sans-jp-86-400-normal.woff2	8b8e2f9cc286b2a34e0fe89eeb05081390aecdef42f2674a69eaabb195aef431
jellium-web/fonts/served/noto-sans-jp-86-700-normal.woff2	node_modules/@fontsource/noto-sans-jp/files/noto-sans-jp-86-700-normal.woff2	81ccc77e047f0f45858c37a6321044d1f66cf9e4510e0d5d085125099f2981b8
jellium-web/fonts/served/noto-sans-jp-87-400-normal.woff2	node_modules/@fontsource/noto-sans-jp/files/noto-sans-jp-87-400-normal.woff2	4373e4a3cf4b70efde26d82d2f9872c531724b996d4aa4e39708272f9f32e09c
jellium-web/fonts/served/noto-sans-jp-87-700-normal.woff2	node_modules/@fontsource/noto-sans-jp/files/noto-sans-jp-87-700-normal.woff2	7f021eff6b0c956788e5efac937601289f07ff4462991bf1f321946a55f60afb
jellium-web/fonts/served/noto-sans-jp-88-400-normal.woff2	node_modules/@fontsource/noto-sans-jp/files/noto-sans-jp-88-400-normal.woff2	fa5e42f668a622145a66de95779bd3769ea8296ac4e5a301817be8631fbd20d6
jellium-web/fonts/served/noto-sans-jp-88-700-normal.woff2	node_modules/@fontsource/noto-sans-jp/files/noto-sans-jp-88-700-normal.woff2	48ee55b693e7b1239942678ab0cdb7529f03eafb1ec66c0eb19883feb27b6151
jellium-web/fonts/served/noto-sans-jp-89-400-normal.woff2	node_modules/@fontsource/noto-sans-jp/files/noto-sans-jp-89-400-normal.woff2	a60b8a0106cff7662ea92a680bc7d44669780866239a64bad38f1c6bb04a13d9
jellium-web/fonts/served/noto-sans-jp-89-700-normal.woff2	node_modules/@fontsource/noto-sans-jp/files/noto-sans-jp-89-700-normal.woff2	175f94b3da1206f983a3d9642ac8afdd1716fdf9a03ab419b4932263f2b66550
jellium-web/fonts/served/noto-sans-jp-9-400-normal.woff2	node_modules/@fontsource/noto-sans-jp/files/noto-sans-jp-9-400-normal.woff2	32fc1eab75cdafe7b182a181d29280773108b7d08a735ced0772b315dd547ab9
jellium-web/fonts/served/noto-sans-jp-9-700-normal.woff2	node_modules/@fontsource/noto-sans-jp/files/noto-sans-jp-9-700-normal.woff2	d0e8a6643cb73e2e873acb256b8614f4964bb27243ec9367ce08313c0e454479
jellium-web/fonts/served/noto-sans-jp-90-400-normal.woff2	node_modules/@fontsource/noto-sans-jp/files/noto-sans-jp-90-400-normal.woff2	a37ce2a891f6cb52b668a1bb87cdce2dd510b28d37cf1547326012391f5d1db3
jellium-web/fonts/served/noto-sans-jp-90-700-normal.woff2	node_modules/@fontsource/noto-sans-jp/files/noto-sans-jp-90-700-normal.woff2	f048e4350865323b24c2cf06293be8e360d819edc8b83e5ce3b3b44871066117
jellium-web/fonts/served/noto-sans-jp-91-400-normal.woff2	node_modules/@fontsource/noto-sans-jp/files/noto-sans-jp-91-400-normal.woff2	7bcc2c1caf2b6e02b39848505bf64f618e732eb372548ec7d937460fd8ce5565
jellium-web/fonts/served/noto-sans-jp-91-700-normal.woff2	node_modules/@fontsource/noto-sans-jp/files/noto-sans-jp-91-700-normal.woff2	77163ac5dbd5de6bb470e23b7dd3bdf392bbdcc7a5d3c8fefa8070b7a14ec4b9
jellium-web/fonts/served/noto-sans-jp-92-400-normal.woff2	node_modules/@fontsource/noto-sans-jp/files/noto-sans-jp-92-400-normal.woff2	122523171e8bd7af93960d1fba8831582f8c781618314f606a8669195d188812
jellium-web/fonts/served/noto-sans-jp-92-700-normal.woff2	node_modules/@fontsource/noto-sans-jp/files/noto-sans-jp-92-700-normal.woff2	639e1662d00188042ec45ee41fc521bdee1febf467ebbf2c064248bdcc536614
jellium-web/fonts/served/noto-sans-jp-93-400-normal.woff2	node_modules/@fontsource/noto-sans-jp/files/noto-sans-jp-93-400-normal.woff2	cb44ecb3ccdab8df99a4f7f635b0615402e4f4c573f839b8671b196f82ad4bc3
jellium-web/fonts/served/noto-sans-jp-93-700-normal.woff2	node_modules/@fontsource/noto-sans-jp/files/noto-sans-jp-93-700-normal.woff2	522348ca39acc7a96d9b422266aa396836d2a69779d826135bfda435eff51bc5
jellium-web/fonts/served/noto-sans-jp-94-400-normal.woff2	node_modules/@fontsource/noto-sans-jp/files/noto-sans-jp-94-400-normal.woff2	e008eb8d3f251179d32223962c00fe06355985dff7bb3c8727c66f912aab2ff8
jellium-web/fonts/served/noto-sans-jp-94-700-normal.woff2	node_modules/@fontsource/noto-sans-jp/files/noto-sans-jp-94-700-normal.woff2	2d18dabb8e968d8e8788a2b1bf6f4919c24cb4a9f96a8ce235db6dc5134c76a6
jellium-web/fonts/served/noto-sans-jp-95-400-normal.woff2	node_modules/@fontsource/noto-sans-jp/files/noto-sans-jp-95-400-normal.woff2	851de3e29db2a5c22ddb9525f34340a27abb330ba7b16063ab14680d62ebe368
jellium-web/fonts/served/noto-sans-jp-95-700-normal.woff2	node_modules/@fontsource/noto-sans-jp/files/noto-sans-jp-95-700-normal.woff2	c13d1308596e2ecd5a01ab40d832da46c824d37be17641333cb45fc28a69ed6c
jellium-web/fonts/served/noto-sans-jp-96-400-normal.woff2	node_modules/@fontsource/noto-sans-jp/files/noto-sans-jp-96-400-normal.woff2	6a346480d3aeab865cf4d5c2d512b1f97a018edd96e95eafc2b3aae2454ccfc0
jellium-web/fonts/served/noto-sans-jp-96-700-normal.woff2	node_modules/@fontsource/noto-sans-jp/files/noto-sans-jp-96-700-normal.woff2	8b4d81fe866e279f2ea8c56ccdff29caa0cf868e4a3580e848f92cf0ebafaa7b
jellium-web/fonts/served/noto-sans-jp-97-400-normal.woff2	node_modules/@fontsource/noto-sans-jp/files/noto-sans-jp-97-400-normal.woff2	8bc1f29ea2e6a58e7ba5da8f2e83ee7cbc5d2a912da44884df2962c6538b1b49
jellium-web/fonts/served/noto-sans-jp-97-700-normal.woff2	node_modules/@fontsource/noto-sans-jp/files/noto-sans-jp-97-700-normal.woff2	101da2cb7d489c928938ea9b5b63f3b0b7bf1cf900611f5110195808726a75eb
jellium-web/fonts/served/noto-sans-jp-98-400-normal.woff2	node_modules/@fontsource/noto-sans-jp/files/noto-sans-jp-98-400-normal.woff2	af198d2cf5826e2ed61142953c0b49ff4de6b418a5ce8b6c4351514530173d3f
jellium-web/fonts/served/noto-sans-jp-98-700-normal.woff2	node_modules/@fontsource/noto-sans-jp/files/noto-sans-jp-98-700-normal.woff2	eaa364101c13c2d46a0b595f123d4031f57b6b6730d6b5bdc7433b904a87c416
jellium-web/fonts/served/noto-sans-jp-99-400-normal.woff2	node_modules/@fontsource/noto-sans-jp/files/noto-sans-jp-99-400-normal.woff2	930991015254ff684c9120655d2bd04e12fedc782d68901affc2f5ce070e74c5
jellium-web/fonts/served/noto-sans-jp-99-700-normal.woff2	node_modules/@fontsource/noto-sans-jp/files/noto-sans-jp-99-700-normal.woff2	5fb3d4d1f70c43c06dcd71969fd3d72a195b3302e821994faae1bfb856491eb9
jellium-web/fonts/served/noto-sans-kr-0-400-normal.woff2	node_modules/@fontsource/noto-sans-kr/files/noto-sans-kr-0-400-normal.woff2	d26dc00bf3ef751ddcaf4e9aaeae8beb6decf9c19c94ba470837387de6fd88df
jellium-web/fonts/served/noto-sans-kr-0-700-normal.woff2	node_modules/@fontsource/noto-sans-kr/files/noto-sans-kr-0-700-normal.woff2	779d6399f11028512c2612e7646b14b5dff5411b7c2b312e86446e1fd8e5c3a0
jellium-web/fonts/served/noto-sans-kr-1-400-normal.woff2	node_modules/@fontsource/noto-sans-kr/files/noto-sans-kr-1-400-normal.woff2	296be7fca256a675d2cc868d8d7928ef2127f2860d41179e1c5741d6ea2f6ca4
jellium-web/fonts/served/noto-sans-kr-1-700-normal.woff2	node_modules/@fontsource/noto-sans-kr/files/noto-sans-kr-1-700-normal.woff2	1a2413e84803de9f7a16c6aea09c2346e5078b83882c710e63120ceb0d7d9011
jellium-web/fonts/served/noto-sans-kr-10-400-normal.woff2	node_modules/@fontsource/noto-sans-kr/files/noto-sans-kr-10-400-normal.woff2	627dd667a438c87086b815811506cb96df87f991eeabc334bbf4a87e6aec2883
jellium-web/fonts/served/noto-sans-kr-10-700-normal.woff2	node_modules/@fontsource/noto-sans-kr/files/noto-sans-kr-10-700-normal.woff2	9363c13eb53729fec21ccba6ee895304ccfcbffc7411438a42afcaaa4b0bdbad
jellium-web/fonts/served/noto-sans-kr-100-400-normal.woff2	node_modules/@fontsource/noto-sans-kr/files/noto-sans-kr-100-400-normal.woff2	cd2c8427158fe8090f5987b8aa37a09a32f8cd9412f8709c276d817b01c2c479
jellium-web/fonts/served/noto-sans-kr-100-700-normal.woff2	node_modules/@fontsource/noto-sans-kr/files/noto-sans-kr-100-700-normal.woff2	1377d0d68dbd582f7a203a880e9ab36a192f651031bbafafe7d50067bfa93c61
jellium-web/fonts/served/noto-sans-kr-101-400-normal.woff2	node_modules/@fontsource/noto-sans-kr/files/noto-sans-kr-101-400-normal.woff2	12e9d93f880c7cd776672a7f9d0acc21a7f6d30cbc519d3bb966b92a02c06a06
jellium-web/fonts/served/noto-sans-kr-101-700-normal.woff2	node_modules/@fontsource/noto-sans-kr/files/noto-sans-kr-101-700-normal.woff2	467f9a592b4f379b742d99ea5b1756858855387e1b56f7d7d702f48517515797
jellium-web/fonts/served/noto-sans-kr-102-400-normal.woff2	node_modules/@fontsource/noto-sans-kr/files/noto-sans-kr-102-400-normal.woff2	b48e9ad5e28aa9e8f11d157ef80af56854d861a09ad6974e0f1ede46eed1c6f7
jellium-web/fonts/served/noto-sans-kr-102-700-normal.woff2	node_modules/@fontsource/noto-sans-kr/files/noto-sans-kr-102-700-normal.woff2	cc38003bae8fc15f9ded66e405f41de4a8c182a8f858f2a7b5c2a4889508497c
jellium-web/fonts/served/noto-sans-kr-103-400-normal.woff2	node_modules/@fontsource/noto-sans-kr/files/noto-sans-kr-103-400-normal.woff2	dff2d35b7fe340191062170bb9fae8ed37fda855ea6b49ad74f4dfe68f0526ea
jellium-web/fonts/served/noto-sans-kr-103-700-normal.woff2	node_modules/@fontsource/noto-sans-kr/files/noto-sans-kr-103-700-normal.woff2	c665fa50e3013b9b5184106d6151648c44426c475ccd089de94378c83880ecd3
jellium-web/fonts/served/noto-sans-kr-104-400-normal.woff2	node_modules/@fontsource/noto-sans-kr/files/noto-sans-kr-104-400-normal.woff2	63097515d979a76c3df8837d799ee0402d3b410cc7ba0d65c894dcd8e5ab544c
jellium-web/fonts/served/noto-sans-kr-104-700-normal.woff2	node_modules/@fontsource/noto-sans-kr/files/noto-sans-kr-104-700-normal.woff2	6aadf1695599f73a9a4c285b965c8b077c44b2b33824f08a3087ef1e173116a8
jellium-web/fonts/served/noto-sans-kr-105-400-normal.woff2	node_modules/@fontsource/noto-sans-kr/files/noto-sans-kr-105-400-normal.woff2	e8707face74d19eb921da50df66427d26fb2b925de679434fd7f4365cac8c86e
jellium-web/fonts/served/noto-sans-kr-105-700-normal.woff2	node_modules/@fontsource/noto-sans-kr/files/noto-sans-kr-105-700-normal.woff2	d995223fb8fd523bf3f32f592832874c3651e1e1d48613d5792b8f70dec9a3e8
jellium-web/fonts/served/noto-sans-kr-106-400-normal.woff2	node_modules/@fontsource/noto-sans-kr/files/noto-sans-kr-106-400-normal.woff2	d089b9d9c8bdbc162780dba5dc46df0fbae5912451456ecc5cb14630a02f1c6a
jellium-web/fonts/served/noto-sans-kr-106-700-normal.woff2	node_modules/@fontsource/noto-sans-kr/files/noto-sans-kr-106-700-normal.woff2	aee75ef122711d524b16660fd2370bcb96035328b6f91a82527ebfbc72fe6a25
jellium-web/fonts/served/noto-sans-kr-107-400-normal.woff2	node_modules/@fontsource/noto-sans-kr/files/noto-sans-kr-107-400-normal.woff2	8a14ec033b1d9fd4eb9ca25d75d69aeededd9bdcf445f3cc16a0e97654f9d798
jellium-web/fonts/served/noto-sans-kr-107-700-normal.woff2	node_modules/@fontsource/noto-sans-kr/files/noto-sans-kr-107-700-normal.woff2	1271d61c64d116d7211935860d162ee93c2ff9c68166b71ef2a9e7e73342cd1f
jellium-web/fonts/served/noto-sans-kr-108-400-normal.woff2	node_modules/@fontsource/noto-sans-kr/files/noto-sans-kr-108-400-normal.woff2	7820ee2d081a60b9ff9be3ff4fa9e8194e2a116cb190af829a17906df80c0931
jellium-web/fonts/served/noto-sans-kr-108-700-normal.woff2	node_modules/@fontsource/noto-sans-kr/files/noto-sans-kr-108-700-normal.woff2	1185a73d72aa0d2a0afab99caaf555aae35adfe991e7b8c1220b1768739e799e
jellium-web/fonts/served/noto-sans-kr-109-400-normal.woff2	node_modules/@fontsource/noto-sans-kr/files/noto-sans-kr-109-400-normal.woff2	07a9ecf9647264a3086217865f87bf095e3ea4006c4ec0bca1831f3ed58002fa
jellium-web/fonts/served/noto-sans-kr-109-700-normal.woff2	node_modules/@fontsource/noto-sans-kr/files/noto-sans-kr-109-700-normal.woff2	b30f3f2c49ebaa9c85cca37223efa22facd21d12aac36c32a2d9b1b72b348960
jellium-web/fonts/served/noto-sans-kr-11-400-normal.woff2	node_modules/@fontsource/noto-sans-kr/files/noto-sans-kr-11-400-normal.woff2	9a58539f4fcd6b5ad704b4806e7ddac7e7a13e80fe82955781f9e5ef2be8263f
jellium-web/fonts/served/noto-sans-kr-11-700-normal.woff2	node_modules/@fontsource/noto-sans-kr/files/noto-sans-kr-11-700-normal.woff2	d21f3c1e2c732ba94a0346dbdf26c934a8648e99c19cf55c56dc3ce704ad4db1
jellium-web/fonts/served/noto-sans-kr-110-400-normal.woff2	node_modules/@fontsource/noto-sans-kr/files/noto-sans-kr-110-400-normal.woff2	6e81af779c53181988a0c4bfc4863293f26af6c9e4330a634d318c55ac0485ff
jellium-web/fonts/served/noto-sans-kr-110-700-normal.woff2	node_modules/@fontsource/noto-sans-kr/files/noto-sans-kr-110-700-normal.woff2	4bb9ab5ebdc710480d0d43c7fcc120aca8e0ef52806fe37d7d86fd193b5dbf07
jellium-web/fonts/served/noto-sans-kr-111-400-normal.woff2	node_modules/@fontsource/noto-sans-kr/files/noto-sans-kr-111-400-normal.woff2	0f84ea32e2098a5f820a34ec37a6a27f1d0d5390a98342adef289e627d7ec6ff
jellium-web/fonts/served/noto-sans-kr-111-700-normal.woff2	node_modules/@fontsource/noto-sans-kr/files/noto-sans-kr-111-700-normal.woff2	c22b2919cb412645bb06fb73aea0c76ecc5cf57428e6aefad89ee32bc0e099a5
jellium-web/fonts/served/noto-sans-kr-112-400-normal.woff2	node_modules/@fontsource/noto-sans-kr/files/noto-sans-kr-112-400-normal.woff2	66684ad1664916aafd6a2129357016bdda482390fa3ab67b997d60968ee78eff
jellium-web/fonts/served/noto-sans-kr-112-700-normal.woff2	node_modules/@fontsource/noto-sans-kr/files/noto-sans-kr-112-700-normal.woff2	eeb7c8d9ad8212499ecd2376b95cb52ae0afc89cba2433a89e07b8eacd866d80
jellium-web/fonts/served/noto-sans-kr-113-400-normal.woff2	node_modules/@fontsource/noto-sans-kr/files/noto-sans-kr-113-400-normal.woff2	3a9fc2618d7c46686ad58f8ff700f7a0993b4de51a0c2ab419d47e70903ee67f
jellium-web/fonts/served/noto-sans-kr-113-700-normal.woff2	node_modules/@fontsource/noto-sans-kr/files/noto-sans-kr-113-700-normal.woff2	3d4f64a0209c523712007af5a616f2999bf4872658fcff5d2cfe79e80f2fe65b
jellium-web/fonts/served/noto-sans-kr-114-400-normal.woff2	node_modules/@fontsource/noto-sans-kr/files/noto-sans-kr-114-400-normal.woff2	c6d1b81a5f4434c20f1a7dde01078ed851c94b67febf950678e0f6d06ad0da4f
jellium-web/fonts/served/noto-sans-kr-114-700-normal.woff2	node_modules/@fontsource/noto-sans-kr/files/noto-sans-kr-114-700-normal.woff2	610f4522c4c0cc2b1a7f5cfd59c7c44892747a1f713681941a2984c77fadc339
jellium-web/fonts/served/noto-sans-kr-115-400-normal.woff2	node_modules/@fontsource/noto-sans-kr/files/noto-sans-kr-115-400-normal.woff2	cd99dc78104d80043fbcedcfa72da4d6d24cce01286c4405e5aa3c3019a322d0
jellium-web/fonts/served/noto-sans-kr-115-700-normal.woff2	node_modules/@fontsource/noto-sans-kr/files/noto-sans-kr-115-700-normal.woff2	c683b59455a35492551acbc4c1b2085abb58629e416d8f5f0b4e2d0481b5421d
jellium-web/fonts/served/noto-sans-kr-116-400-normal.woff2	node_modules/@fontsource/noto-sans-kr/files/noto-sans-kr-116-400-normal.woff2	baff29f850aa4df33fc0f945f84d952ceb28ff540462c705cf72a721a69195b2
jellium-web/fonts/served/noto-sans-kr-116-700-normal.woff2	node_modules/@fontsource/noto-sans-kr/files/noto-sans-kr-116-700-normal.woff2	d1513f5c73f35f9d7f30431e96c1b27bd31b5fe0c43d9bdff2f4880f8000c273
jellium-web/fonts/served/noto-sans-kr-117-400-normal.woff2	node_modules/@fontsource/noto-sans-kr/files/noto-sans-kr-117-400-normal.woff2	ca1c5808c82088daf6aa97105fa05b9e8c68fad1dc8f1a548169a6f705ea8a6e
jellium-web/fonts/served/noto-sans-kr-117-700-normal.woff2	node_modules/@fontsource/noto-sans-kr/files/noto-sans-kr-117-700-normal.woff2	1e04234107323edf86a7cfb8717474c645b6828eb340fea3369f33244f1f3203
jellium-web/fonts/served/noto-sans-kr-118-400-normal.woff2	node_modules/@fontsource/noto-sans-kr/files/noto-sans-kr-118-400-normal.woff2	6a56ab9b34f5341cad56549d6bfa436f672dc57a94d4960050c6fa51c023ea24
jellium-web/fonts/served/noto-sans-kr-118-700-normal.woff2	node_modules/@fontsource/noto-sans-kr/files/noto-sans-kr-118-700-normal.woff2	9857ad1aff1eea630b78579f286c90de4d4cf70d92e435c19af914f831465698
jellium-web/fonts/served/noto-sans-kr-119-400-normal.woff2	node_modules/@fontsource/noto-sans-kr/files/noto-sans-kr-119-400-normal.woff2	56f2dfa908c1d4dfe31956f1af2a1230eac959361825ff527d24b85e0c88c3e3
jellium-web/fonts/served/noto-sans-kr-119-700-normal.woff2	node_modules/@fontsource/noto-sans-kr/files/noto-sans-kr-119-700-normal.woff2	a556f1c607d936e60386c937dd5767a087d56e7055346e034ba1fde8ae680adb
jellium-web/fonts/served/noto-sans-kr-12-400-normal.woff2	node_modules/@fontsource/noto-sans-kr/files/noto-sans-kr-12-400-normal.woff2	196278b73fa98c97d529697fae9880f14d5f4f11011cdca34744eaedaaaae54e
jellium-web/fonts/served/noto-sans-kr-12-700-normal.woff2	node_modules/@fontsource/noto-sans-kr/files/noto-sans-kr-12-700-normal.woff2	befd351931de46a4564e823975bb6609af07a0b4556bf9147e7c9b13f1b96646
jellium-web/fonts/served/noto-sans-kr-13-400-normal.woff2	node_modules/@fontsource/noto-sans-kr/files/noto-sans-kr-13-400-normal.woff2	8575100e22e9f8f4c7f33a47feb00f57a689742b35e1a51f4942663de22e8f54
jellium-web/fonts/served/noto-sans-kr-13-700-normal.woff2	node_modules/@fontsource/noto-sans-kr/files/noto-sans-kr-13-700-normal.woff2	24b8b7a2fed25a13351da85e87836dfdf92ebb5a331eeddba9b72919de20b17f
jellium-web/fonts/served/noto-sans-kr-14-400-normal.woff2	node_modules/@fontsource/noto-sans-kr/files/noto-sans-kr-14-400-normal.woff2	0943ba9f92b583e6ae7bd7ddf2a2eb4d214b0f6864ffa8a71538a270eadeb92a
jellium-web/fonts/served/noto-sans-kr-14-700-normal.woff2	node_modules/@fontsource/noto-sans-kr/files/noto-sans-kr-14-700-normal.woff2	99a2eb2d4a72df8e77df5736b9b1f44bba928c378dfff8c228a5af8b3799bd34
jellium-web/fonts/served/noto-sans-kr-15-400-normal.woff2	node_modules/@fontsource/noto-sans-kr/files/noto-sans-kr-15-400-normal.woff2	bffa56ffdd90e4a63ba1566e3da7d8197adc58a66b674e4ad6e0b73f3c906f22
jellium-web/fonts/served/noto-sans-kr-15-700-normal.woff2	node_modules/@fontsource/noto-sans-kr/files/noto-sans-kr-15-700-normal.woff2	35e397dc6090ac3418f0756089e93d024c0072574f306dfe6dd6d6f01973b97c
jellium-web/fonts/served/noto-sans-kr-16-400-normal.woff2	node_modules/@fontsource/noto-sans-kr/files/noto-sans-kr-16-400-normal.woff2	15955ce301627fc8128a5bfd7bccfafee8f663fd2845138b615031782dc6fe4f
jellium-web/fonts/served/noto-sans-kr-16-700-normal.woff2	node_modules/@fontsource/noto-sans-kr/files/noto-sans-kr-16-700-normal.woff2	89bb936485e1a5d1c5c33d457c583b45cf86bf4bfce2925122321af4c831acf5
jellium-web/fonts/served/noto-sans-kr-17-400-normal.woff2	node_modules/@fontsource/noto-sans-kr/files/noto-sans-kr-17-400-normal.woff2	ff1ab58f1a2cbac3b52aeebbb6b1de2f8c76f7ef99fcf871260548aeed1af00e
jellium-web/fonts/served/noto-sans-kr-17-700-normal.woff2	node_modules/@fontsource/noto-sans-kr/files/noto-sans-kr-17-700-normal.woff2	5cfefee6cf6dc72a85edfeb43dbd3ff53d1d38c6bd30a3fb5b1fd3a25f331f52
jellium-web/fonts/served/noto-sans-kr-18-400-normal.woff2	node_modules/@fontsource/noto-sans-kr/files/noto-sans-kr-18-400-normal.woff2	ca965840a96c3a0efdd0b0768a8ccfe33b29fa40366537a8cb2f70b352f19611
jellium-web/fonts/served/noto-sans-kr-18-700-normal.woff2	node_modules/@fontsource/noto-sans-kr/files/noto-sans-kr-18-700-normal.woff2	5021cf41034f7832e5a21877f3eedfc4faecee157c1efc7abe5258ca86d4c3e7
jellium-web/fonts/served/noto-sans-kr-19-400-normal.woff2	node_modules/@fontsource/noto-sans-kr/files/noto-sans-kr-19-400-normal.woff2	ee42a324654d8fc75c70f1b7b2893efcac9334f5da9449bfbcb5e0af4d0e87d6
jellium-web/fonts/served/noto-sans-kr-19-700-normal.woff2	node_modules/@fontsource/noto-sans-kr/files/noto-sans-kr-19-700-normal.woff2	0d9355ad30a13673452209535cb01ae1d05fe2859d6a42d80e5520af0a75656e
jellium-web/fonts/served/noto-sans-kr-2-400-normal.woff2	node_modules/@fontsource/noto-sans-kr/files/noto-sans-kr-2-400-normal.woff2	154e6bfb87592d083855c70af2efca9af58fd4fcab14cb918b7f27ee9443b8db
jellium-web/fonts/served/noto-sans-kr-2-700-normal.woff2	node_modules/@fontsource/noto-sans-kr/files/noto-sans-kr-2-700-normal.woff2	3d4f3fefee8ac838aedf0524759931a36fabefc9089b41ca262d52036bde43b4
jellium-web/fonts/served/noto-sans-kr-20-400-normal.woff2	node_modules/@fontsource/noto-sans-kr/files/noto-sans-kr-20-400-normal.woff2	1cab83bf2b3286879a543c4637fa27261fbe99eabe3d93cc160cf9d98cb25499
jellium-web/fonts/served/noto-sans-kr-20-700-normal.woff2	node_modules/@fontsource/noto-sans-kr/files/noto-sans-kr-20-700-normal.woff2	907571818ded562b26a427b4f16c17311537bee3d1a48ce99b876ff838eaf39e
jellium-web/fonts/served/noto-sans-kr-21-400-normal.woff2	node_modules/@fontsource/noto-sans-kr/files/noto-sans-kr-21-400-normal.woff2	f4a10649b3728de7cf8224b7127ed14555989e7ce04aa671a9dff03507d90b5e
jellium-web/fonts/served/noto-sans-kr-21-700-normal.woff2	node_modules/@fontsource/noto-sans-kr/files/noto-sans-kr-21-700-normal.woff2	d119a03598f3bfd5d873ee69aa15b1dd4d4481c0ff278c92748b0d149ee2b2f7
jellium-web/fonts/served/noto-sans-kr-22-400-normal.woff2	node_modules/@fontsource/noto-sans-kr/files/noto-sans-kr-22-400-normal.woff2	560562679f939b1f2fdf9b273aaec6a9f37ea23ffbcb48a07fd9a7e917e1a0a0
jellium-web/fonts/served/noto-sans-kr-22-700-normal.woff2	node_modules/@fontsource/noto-sans-kr/files/noto-sans-kr-22-700-normal.woff2	966d04fee572f05c7a8500df4a342a131a8896fb0ae496036fdae89784f2eb23
jellium-web/fonts/served/noto-sans-kr-23-400-normal.woff2	node_modules/@fontsource/noto-sans-kr/files/noto-sans-kr-23-400-normal.woff2	f344625f1fa10238fd24d269490e465e71a35ec86d751c0811c2175a1b3919fe
jellium-web/fonts/served/noto-sans-kr-23-700-normal.woff2	node_modules/@fontsource/noto-sans-kr/files/noto-sans-kr-23-700-normal.woff2	840e02dd7453661b73b85820dca52298dcd85c00b4dc5f345470b4580c745baf
jellium-web/fonts/served/noto-sans-kr-24-400-normal.woff2	node_modules/@fontsource/noto-sans-kr/files/noto-sans-kr-24-400-normal.woff2	720d25f42229da2c5f8eff210b17f02718d98d475e9b655cb7ffcbabf4f4a099
jellium-web/fonts/served/noto-sans-kr-24-700-normal.woff2	node_modules/@fontsource/noto-sans-kr/files/noto-sans-kr-24-700-normal.woff2	4c90b3ab4ba037b83bd980f7361d0c70cab8fd7288c2a117653388f9651488c6
jellium-web/fonts/served/noto-sans-kr-25-400-normal.woff2	node_modules/@fontsource/noto-sans-kr/files/noto-sans-kr-25-400-normal.woff2	84e60687f250c46d8db520bf990f339419b8d2a0befb1d59589c966589959dcb
jellium-web/fonts/served/noto-sans-kr-25-700-normal.woff2	node_modules/@fontsource/noto-sans-kr/files/noto-sans-kr-25-700-normal.woff2	0b41ca998656f74ed08a751d769d31ccbea3e21dce42da4f1b72c52da8a8d5ea
jellium-web/fonts/served/noto-sans-kr-26-400-normal.woff2	node_modules/@fontsource/noto-sans-kr/files/noto-sans-kr-26-400-normal.woff2	416a8df1de43ac8c7de5b488517a6b604de1585db2c71322ed70d4f5f4e09f69
jellium-web/fonts/served/noto-sans-kr-26-700-normal.woff2	node_modules/@fontsource/noto-sans-kr/files/noto-sans-kr-26-700-normal.woff2	4aee923f4fc0d1f3836395dca2ac463c6dc68da657d77ed00bd5db75727c4238
jellium-web/fonts/served/noto-sans-kr-27-400-normal.woff2	node_modules/@fontsource/noto-sans-kr/files/noto-sans-kr-27-400-normal.woff2	704894924eb098770e2c7a98190414a3c89295d12112c9f61a0a2329d2c8dc52
jellium-web/fonts/served/noto-sans-kr-27-700-normal.woff2	node_modules/@fontsource/noto-sans-kr/files/noto-sans-kr-27-700-normal.woff2	a18b3bd87de72b3535b87edd58a45030aeaf68b5eb9264e3e5ec69befe1afed0
jellium-web/fonts/served/noto-sans-kr-28-400-normal.woff2	node_modules/@fontsource/noto-sans-kr/files/noto-sans-kr-28-400-normal.woff2	1e70a08ac2b44f17cab60bd7bac6a909ed6b456cc0ebf3efa640686dee087a2f
jellium-web/fonts/served/noto-sans-kr-28-700-normal.woff2	node_modules/@fontsource/noto-sans-kr/files/noto-sans-kr-28-700-normal.woff2	52acd94888c01d04d27f0d9a3abaa6a287496633ffd1a89b1c3acd6b6f0430ea
jellium-web/fonts/served/noto-sans-kr-29-400-normal.woff2	node_modules/@fontsource/noto-sans-kr/files/noto-sans-kr-29-400-normal.woff2	9c1b59aed4cf3be2d9d660df789ac820ac306c002e3f28b4b37514c36ed2fce4
jellium-web/fonts/served/noto-sans-kr-29-700-normal.woff2	node_modules/@fontsource/noto-sans-kr/files/noto-sans-kr-29-700-normal.woff2	f135ab160d92ad3c298a33c14068a9e854d4f8da6e05b295ae8a54c4b38d807e
jellium-web/fonts/served/noto-sans-kr-3-400-normal.woff2	node_modules/@fontsource/noto-sans-kr/files/noto-sans-kr-3-400-normal.woff2	20ca4aac44745b45cc0e417418f8627d45666dd50449a86f58bc274767f31e94
jellium-web/fonts/served/noto-sans-kr-3-700-normal.woff2	node_modules/@fontsource/noto-sans-kr/files/noto-sans-kr-3-700-normal.woff2	efa95343246199ab5179bfa18510e2280db4385c4b7e5bec1d07efa9faa7bcac
jellium-web/fonts/served/noto-sans-kr-30-400-normal.woff2	node_modules/@fontsource/noto-sans-kr/files/noto-sans-kr-30-400-normal.woff2	fe934ccfb9e01965fcf964dabba6a3ef46ab698b9bf2ce53758842eea1a4711b
jellium-web/fonts/served/noto-sans-kr-30-700-normal.woff2	node_modules/@fontsource/noto-sans-kr/files/noto-sans-kr-30-700-normal.woff2	44256709623ddbd6ac388e95ba8fd8a6d6833d60369c03fd80e26ebd72ec2f00
jellium-web/fonts/served/noto-sans-kr-31-400-normal.woff2	node_modules/@fontsource/noto-sans-kr/files/noto-sans-kr-31-400-normal.woff2	4bb13fae9ec64d31dd67c1c34c71f4de90ae2b5347729523c9137b9dfcc67cfc
jellium-web/fonts/served/noto-sans-kr-31-700-normal.woff2	node_modules/@fontsource/noto-sans-kr/files/noto-sans-kr-31-700-normal.woff2	cead5826bd11138418aecc0c057ab05929ad11253db02e0885ac4ef6f20612e6
jellium-web/fonts/served/noto-sans-kr-32-400-normal.woff2	node_modules/@fontsource/noto-sans-kr/files/noto-sans-kr-32-400-normal.woff2	655427e3a4277bf016709374c4f9c177b9753a114e4648428cee7781ad28bdaa
jellium-web/fonts/served/noto-sans-kr-32-700-normal.woff2	node_modules/@fontsource/noto-sans-kr/files/noto-sans-kr-32-700-normal.woff2	a04434bd16bc678f1d997f506a1eec5eb9020b9396fb9c2e7fdffcc3c6bceb6c
jellium-web/fonts/served/noto-sans-kr-33-400-normal.woff2	node_modules/@fontsource/noto-sans-kr/files/noto-sans-kr-33-400-normal.woff2	79e925f1c07f95cdf51fdb710e6327b69d433092a429b1114653de34afa6babc
jellium-web/fonts/served/noto-sans-kr-33-700-normal.woff2	node_modules/@fontsource/noto-sans-kr/files/noto-sans-kr-33-700-normal.woff2	cf3eb81b4703cec301b6338695af5117ffb9072c25a899e1bee22bc6368aa02f
jellium-web/fonts/served/noto-sans-kr-34-400-normal.woff2	node_modules/@fontsource/noto-sans-kr/files/noto-sans-kr-34-400-normal.woff2	50bb19f86efaf9b2538ba8dcd8a0b5864bf09ea5a29acff2d51f0dfa213e35a0
jellium-web/fonts/served/noto-sans-kr-34-700-normal.woff2	node_modules/@fontsource/noto-sans-kr/files/noto-sans-kr-34-700-normal.woff2	e0b173b523b5c1f2d98f9aa8a2ed0686225fdedf4b8a3f225d0267f558252d09
jellium-web/fonts/served/noto-sans-kr-35-400-normal.woff2	node_modules/@fontsource/noto-sans-kr/files/noto-sans-kr-35-400-normal.woff2	bbaedc949384470957156e4e39cd1a73ba1947763d447f1fbebd4a06a9ac5216
jellium-web/fonts/served/noto-sans-kr-35-700-normal.woff2	node_modules/@fontsource/noto-sans-kr/files/noto-sans-kr-35-700-normal.woff2	34d9cf9eb55199b68aa54fa2dd56361b17a6cb007712374ae943a0781ca2b1d1
jellium-web/fonts/served/noto-sans-kr-36-400-normal.woff2	node_modules/@fontsource/noto-sans-kr/files/noto-sans-kr-36-400-normal.woff2	7f6b43135bafcd0eb7ea249ce8b6ab69a46ac9928e19df1a16742625de833aae
jellium-web/fonts/served/noto-sans-kr-36-700-normal.woff2	node_modules/@fontsource/noto-sans-kr/files/noto-sans-kr-36-700-normal.woff2	782d206161fc50f706bb4231976fd4d82a8b08543b8dc86d4b2f08cd9c99415a
jellium-web/fonts/served/noto-sans-kr-37-400-normal.woff2	node_modules/@fontsource/noto-sans-kr/files/noto-sans-kr-37-400-normal.woff2	409735ada0f488957b7e23a708034a9dc646f56a1e8403fe118496d1a7dbdc8e
jellium-web/fonts/served/noto-sans-kr-37-700-normal.woff2	node_modules/@fontsource/noto-sans-kr/files/noto-sans-kr-37-700-normal.woff2	ea8f968c92f9709554b6a3787f8291f5ad1566fcab41fe5c5d2a64436730f4c6
jellium-web/fonts/served/noto-sans-kr-38-400-normal.woff2	node_modules/@fontsource/noto-sans-kr/files/noto-sans-kr-38-400-normal.woff2	598febdb9a6da016524d4580eacf756978ade54ad64d197426e9905f724f1208
jellium-web/fonts/served/noto-sans-kr-38-700-normal.woff2	node_modules/@fontsource/noto-sans-kr/files/noto-sans-kr-38-700-normal.woff2	1f1d0d36ae245b8ce215492902e4299014141c8172567d19b01e14976957856e
jellium-web/fonts/served/noto-sans-kr-39-400-normal.woff2	node_modules/@fontsource/noto-sans-kr/files/noto-sans-kr-39-400-normal.woff2	4bacc8af77c3b56c40520496b9d46489643a080326c6c898033e4852b1dfcd57
jellium-web/fonts/served/noto-sans-kr-39-700-normal.woff2	node_modules/@fontsource/noto-sans-kr/files/noto-sans-kr-39-700-normal.woff2	2938659be9cd1a8f0cf2583cd4af166c946e276767a76aa66cf0258119308d43
jellium-web/fonts/served/noto-sans-kr-4-400-normal.woff2	node_modules/@fontsource/noto-sans-kr/files/noto-sans-kr-4-400-normal.woff2	4f8388400f953019bce096c04381faa37927c03cc582d5f2dc8c7a039bfb52d3
jellium-web/fonts/served/noto-sans-kr-4-700-normal.woff2	node_modules/@fontsource/noto-sans-kr/files/noto-sans-kr-4-700-normal.woff2	058820288b728d42bfd0a3af9428a682f73175e0980b10b2f27d107c9808e505
jellium-web/fonts/served/noto-sans-kr-40-400-normal.woff2	node_modules/@fontsource/noto-sans-kr/files/noto-sans-kr-40-400-normal.woff2	667dbda124cee915774f38e65c52e146861734bfceb1e0721715d20cd4c6fac8
jellium-web/fonts/served/noto-sans-kr-40-700-normal.woff2	node_modules/@fontsource/noto-sans-kr/files/noto-sans-kr-40-700-normal.woff2	d75e184d0260db9bc95d4632467a59ad43ff4988534a3d4d3f3484285e518106
jellium-web/fonts/served/noto-sans-kr-41-400-normal.woff2	node_modules/@fontsource/noto-sans-kr/files/noto-sans-kr-41-400-normal.woff2	d76add111eafdefc59ab1f878c8c138fdbe92d16a359fb7c6464b1e5ae957c21
jellium-web/fonts/served/noto-sans-kr-41-700-normal.woff2	node_modules/@fontsource/noto-sans-kr/files/noto-sans-kr-41-700-normal.woff2	9c5dfbf32a4b976ed97ecf2f09394ea0663d07242ee77f6c9d4f885ee176f03b
jellium-web/fonts/served/noto-sans-kr-42-400-normal.woff2	node_modules/@fontsource/noto-sans-kr/files/noto-sans-kr-42-400-normal.woff2	2f2dfb6c9f2ffe7be7981b2b72c5f66e8bde8f509c8586b2ea6cd3602d015bff
jellium-web/fonts/served/noto-sans-kr-42-700-normal.woff2	node_modules/@fontsource/noto-sans-kr/files/noto-sans-kr-42-700-normal.woff2	9af3bd3c3eacc404957648fc8836efa239082161388cf113eb79a3bef6d0706e
jellium-web/fonts/served/noto-sans-kr-43-400-normal.woff2	node_modules/@fontsource/noto-sans-kr/files/noto-sans-kr-43-400-normal.woff2	b5b3a8c52c160f3e62e98e36ef066e2992c5b7781db98a85abd493efec3387bb
jellium-web/fonts/served/noto-sans-kr-43-700-normal.woff2	node_modules/@fontsource/noto-sans-kr/files/noto-sans-kr-43-700-normal.woff2	767be98d73b17e635c9df1dd6183aaf07a1b18428b130938f0824ba2dbd8442c
jellium-web/fonts/served/noto-sans-kr-44-400-normal.woff2	node_modules/@fontsource/noto-sans-kr/files/noto-sans-kr-44-400-normal.woff2	73b4fe620d24640f596809aa0409afb445cc8563b2c85f20e51c03cfd6d1e1a2
jellium-web/fonts/served/noto-sans-kr-44-700-normal.woff2	node_modules/@fontsource/noto-sans-kr/files/noto-sans-kr-44-700-normal.woff2	8ac38039666c087f3c7e29b03465b73dba3c8fcf7f7868292cedaec3240fa573
jellium-web/fonts/served/noto-sans-kr-45-400-normal.woff2	node_modules/@fontsource/noto-sans-kr/files/noto-sans-kr-45-400-normal.woff2	00e13d409cc47f94b27226a83b5167a3153ac37ed47ea6d57090df28dbcd99da
jellium-web/fonts/served/noto-sans-kr-45-700-normal.woff2	node_modules/@fontsource/noto-sans-kr/files/noto-sans-kr-45-700-normal.woff2	7ae942ff11a1dc75bec23ea6f54840a17a86106c79035298ff2f835103fe042b
jellium-web/fonts/served/noto-sans-kr-46-400-normal.woff2	node_modules/@fontsource/noto-sans-kr/files/noto-sans-kr-46-400-normal.woff2	04d538eb7b2a67f79088d88ab891dfa529b3a2d7a8549e3cb8852f93d754aeca
jellium-web/fonts/served/noto-sans-kr-46-700-normal.woff2	node_modules/@fontsource/noto-sans-kr/files/noto-sans-kr-46-700-normal.woff2	48ace6942d7a52b609a928463e8cf722ec01bfde4e57d2a6f2aeeceb9a1fee0e
jellium-web/fonts/served/noto-sans-kr-47-400-normal.woff2	node_modules/@fontsource/noto-sans-kr/files/noto-sans-kr-47-400-normal.woff2	fd25058981f44f5ea26016f2b2d1f4707911751ecebe30da172c402295be97e2
jellium-web/fonts/served/noto-sans-kr-47-700-normal.woff2	node_modules/@fontsource/noto-sans-kr/files/noto-sans-kr-47-700-normal.woff2	bd7be78aafd022375f88cb2547dee5c912f408eeaaae1c7bd78775a0f7e6d5c9
jellium-web/fonts/served/noto-sans-kr-48-400-normal.woff2	node_modules/@fontsource/noto-sans-kr/files/noto-sans-kr-48-400-normal.woff2	5f3829487595e069d56ca1706416854f9eda49987536ded870aefcaebf293b0a
jellium-web/fonts/served/noto-sans-kr-48-700-normal.woff2	node_modules/@fontsource/noto-sans-kr/files/noto-sans-kr-48-700-normal.woff2	f4ce53a18b5ff237ecb6d29a8c18123f939bfb93b5463cbbb2a4d919252c0cb7
jellium-web/fonts/served/noto-sans-kr-49-400-normal.woff2	node_modules/@fontsource/noto-sans-kr/files/noto-sans-kr-49-400-normal.woff2	3756a35768450b433a10431cbeb47ae6254bb0ecdd154b8c8e916e4d6d4ef4d6
jellium-web/fonts/served/noto-sans-kr-49-700-normal.woff2	node_modules/@fontsource/noto-sans-kr/files/noto-sans-kr-49-700-normal.woff2	a7c8578a04964012bddfb0c4901f190c89fc3e3a0507833631672a319e27e9fa
jellium-web/fonts/served/noto-sans-kr-5-400-normal.woff2	node_modules/@fontsource/noto-sans-kr/files/noto-sans-kr-5-400-normal.woff2	567bb3013af2fbc942a69d050b793159583050a98d14834af2d7846bebef4716
jellium-web/fonts/served/noto-sans-kr-5-700-normal.woff2	node_modules/@fontsource/noto-sans-kr/files/noto-sans-kr-5-700-normal.woff2	3244487ea374aa24475f6132a80a63d7d164f0ce7e05aa458f710cf94686dc52
jellium-web/fonts/served/noto-sans-kr-50-400-normal.woff2	node_modules/@fontsource/noto-sans-kr/files/noto-sans-kr-50-400-normal.woff2	5e8d6230efc4801529ea792ffdb755de9601aa53e8e5b5b149b474294c2a7a83
jellium-web/fonts/served/noto-sans-kr-50-700-normal.woff2	node_modules/@fontsource/noto-sans-kr/files/noto-sans-kr-50-700-normal.woff2	ff2f54c60b6efb7775f0ea7c36f1585b53dc624a9694c32faaeb5e1ae478967f
jellium-web/fonts/served/noto-sans-kr-51-400-normal.woff2	node_modules/@fontsource/noto-sans-kr/files/noto-sans-kr-51-400-normal.woff2	0e6140608b8b8adf8c332e2c9ce4712ab7e18d73446f2ce72e1de2efe7e5c383
jellium-web/fonts/served/noto-sans-kr-51-700-normal.woff2	node_modules/@fontsource/noto-sans-kr/files/noto-sans-kr-51-700-normal.woff2	a8438126af234c47071e09bfd07bd6188032dd733a907f26629a2613112d537a
jellium-web/fonts/served/noto-sans-kr-52-400-normal.woff2	node_modules/@fontsource/noto-sans-kr/files/noto-sans-kr-52-400-normal.woff2	a2ab359fc46bd6dce7335dab52157d3b8eaf803fe8ff19419420d8794afeeaae
jellium-web/fonts/served/noto-sans-kr-52-700-normal.woff2	node_modules/@fontsource/noto-sans-kr/files/noto-sans-kr-52-700-normal.woff2	7ce6f449044e9666e77fa3c3d46199330c95858fb9f9529d15b04b3c41cf724f
jellium-web/fonts/served/noto-sans-kr-53-400-normal.woff2	node_modules/@fontsource/noto-sans-kr/files/noto-sans-kr-53-400-normal.woff2	41da35a325bfe427c816536d8649c56dc4197ffe04964b4e514aab4ce343743c
jellium-web/fonts/served/noto-sans-kr-53-700-normal.woff2	node_modules/@fontsource/noto-sans-kr/files/noto-sans-kr-53-700-normal.woff2	29174b9cd7fcba03c14074346ef06ed2cb93cd355a32a8ae6fdd92c363fe39b5
jellium-web/fonts/served/noto-sans-kr-54-400-normal.woff2	node_modules/@fontsource/noto-sans-kr/files/noto-sans-kr-54-400-normal.woff2	6f7f6d270bb9cbc4422e21976826c23f3e7621cce1986d2a973c3238a4f8badc
jellium-web/fonts/served/noto-sans-kr-54-700-normal.woff2	node_modules/@fontsource/noto-sans-kr/files/noto-sans-kr-54-700-normal.woff2	c67110189e26e81657c00e81d310947896bffc7fcab6918344be5ba38aab18ab
jellium-web/fonts/served/noto-sans-kr-55-400-normal.woff2	node_modules/@fontsource/noto-sans-kr/files/noto-sans-kr-55-400-normal.woff2	1dba5364736b062f998b10e4338c649624eedd936822bbc4b608fcd873fca629
jellium-web/fonts/served/noto-sans-kr-55-700-normal.woff2	node_modules/@fontsource/noto-sans-kr/files/noto-sans-kr-55-700-normal.woff2	e25fda0c68c42fe552fdaca33d56362cc993c0663eaea0a3bfe0f9f7c1d32747
jellium-web/fonts/served/noto-sans-kr-56-400-normal.woff2	node_modules/@fontsource/noto-sans-kr/files/noto-sans-kr-56-400-normal.woff2	645116e5bf52d3f060e8a0b2e5ac898a289fdae2d50a0d5ad5fd7952016c3388
jellium-web/fonts/served/noto-sans-kr-56-700-normal.woff2	node_modules/@fontsource/noto-sans-kr/files/noto-sans-kr-56-700-normal.woff2	cc379c23aafea8cff035f3b1f634eca5b31b765642225a2af9f82b002e0014ff
jellium-web/fonts/served/noto-sans-kr-57-400-normal.woff2	node_modules/@fontsource/noto-sans-kr/files/noto-sans-kr-57-400-normal.woff2	a149b3060139cf4b89663ef220005067ed86c7afeae1faeae6b8297d3b08d23b
jellium-web/fonts/served/noto-sans-kr-57-700-normal.woff2	node_modules/@fontsource/noto-sans-kr/files/noto-sans-kr-57-700-normal.woff2	ad97659af1c200889c2b249fa82af0e89badaf34ee141fc95b642b9e405324a3
jellium-web/fonts/served/noto-sans-kr-58-400-normal.woff2	node_modules/@fontsource/noto-sans-kr/files/noto-sans-kr-58-400-normal.woff2	21c6e13160523d6c15a4190d6f266560484eb7c95420b2220f0f6c1e3c863995
jellium-web/fonts/served/noto-sans-kr-58-700-normal.woff2	node_modules/@fontsource/noto-sans-kr/files/noto-sans-kr-58-700-normal.woff2	e05063b2fc01af5768efe6e9545b1cfa20fc76d22b5d5f98570667f57b7bd0cb
jellium-web/fonts/served/noto-sans-kr-59-400-normal.woff2	node_modules/@fontsource/noto-sans-kr/files/noto-sans-kr-59-400-normal.woff2	f94ce24e3ce649ce3458937f69eac84300008e9488c8d5279ddbbb34a52df84b
jellium-web/fonts/served/noto-sans-kr-59-700-normal.woff2	node_modules/@fontsource/noto-sans-kr/files/noto-sans-kr-59-700-normal.woff2	f07a746294c31557522a2a7d243d990c81b15fa45cce8f9e82674e9d962d7aa4
jellium-web/fonts/served/noto-sans-kr-6-400-normal.woff2	node_modules/@fontsource/noto-sans-kr/files/noto-sans-kr-6-400-normal.woff2	901495065aae91db7f497ca8c8acc55748f2b78faa89996b17993467352188b3
jellium-web/fonts/served/noto-sans-kr-6-700-normal.woff2	node_modules/@fontsource/noto-sans-kr/files/noto-sans-kr-6-700-normal.woff2	56b95d25d6a5af339b9932aca743452dde658edf20cde8f01d5303d4e1e27eb7
jellium-web/fonts/served/noto-sans-kr-60-400-normal.woff2	node_modules/@fontsource/noto-sans-kr/files/noto-sans-kr-60-400-normal.woff2	244dc0cd81fe4fa7b725a232bb6581f08011d91a96aafe8f50da42785f6fe1aa
jellium-web/fonts/served/noto-sans-kr-60-700-normal.woff2	node_modules/@fontsource/noto-sans-kr/files/noto-sans-kr-60-700-normal.woff2	c28d5ac5792f8e50c9f52d670b4f4f453984d336635df070f87f20c2466d48ef
jellium-web/fonts/served/noto-sans-kr-61-400-normal.woff2	node_modules/@fontsource/noto-sans-kr/files/noto-sans-kr-61-400-normal.woff2	1db83080303c6df3401ae4be7e35f40b4d82a1cd8685f68f0e5288e245015bb8
jellium-web/fonts/served/noto-sans-kr-61-700-normal.woff2	node_modules/@fontsource/noto-sans-kr/files/noto-sans-kr-61-700-normal.woff2	6ee5719adcfaa81fe841ab200f79a28151d7736c14d40ca2e4e6ab4314425b47
jellium-web/fonts/served/noto-sans-kr-62-400-normal.woff2	node_modules/@fontsource/noto-sans-kr/files/noto-sans-kr-62-400-normal.woff2	cdd71f1fb67fe1cc57a8ff7bd345d0973ac09b8941362b0cad84c4fec5876a36
jellium-web/fonts/served/noto-sans-kr-62-700-normal.woff2	node_modules/@fontsource/noto-sans-kr/files/noto-sans-kr-62-700-normal.woff2	b6f9ad36ce766de551ee020cfaff760fbdbbd92edc6a4065b750dd6b7d501df1
jellium-web/fonts/served/noto-sans-kr-63-400-normal.woff2	node_modules/@fontsource/noto-sans-kr/files/noto-sans-kr-63-400-normal.woff2	3d4f0c241e76f83def0971cda266c6941be47135da77ebe2959278599a7a6e1a
jellium-web/fonts/served/noto-sans-kr-63-700-normal.woff2	node_modules/@fontsource/noto-sans-kr/files/noto-sans-kr-63-700-normal.woff2	c4c36a315ab49869f6f679cafb179be4e64f4ff0ef2e697de08c269423af2ddb
jellium-web/fonts/served/noto-sans-kr-64-400-normal.woff2	node_modules/@fontsource/noto-sans-kr/files/noto-sans-kr-64-400-normal.woff2	164340579dbbd54fc061ab7c1072b4ab0c63537eb27b42347975b86d4f0da583
jellium-web/fonts/served/noto-sans-kr-64-700-normal.woff2	node_modules/@fontsource/noto-sans-kr/files/noto-sans-kr-64-700-normal.woff2	5ea88b609ef6b37f764ad71ae200029f554259bc4e2da112424135ff32cee2eb
jellium-web/fonts/served/noto-sans-kr-65-400-normal.woff2	node_modules/@fontsource/noto-sans-kr/files/noto-sans-kr-65-400-normal.woff2	5cb305bbcab7a7f0ad5050192ce8b932d15d5fb6e6eca60291268cd7d1f36d0e
jellium-web/fonts/served/noto-sans-kr-65-700-normal.woff2	node_modules/@fontsource/noto-sans-kr/files/noto-sans-kr-65-700-normal.woff2	6d927eb6a436f220f4b370a8f379d14b22903b961ecfa2fc66bc161ac7b92d53
jellium-web/fonts/served/noto-sans-kr-66-400-normal.woff2	node_modules/@fontsource/noto-sans-kr/files/noto-sans-kr-66-400-normal.woff2	bb262a73d8183c78befaf825ddc92b94a3be72edb79159a0ce9666e92a7bf17f
jellium-web/fonts/served/noto-sans-kr-66-700-normal.woff2	node_modules/@fontsource/noto-sans-kr/files/noto-sans-kr-66-700-normal.woff2	7e7b49ecb06a92d161b092537d0ac0c4d8278fadb335ee9d3f534391904e860f
jellium-web/fonts/served/noto-sans-kr-67-400-normal.woff2	node_modules/@fontsource/noto-sans-kr/files/noto-sans-kr-67-400-normal.woff2	a0c76de72f045a08bfc89a903bcdb60c5303d757cdf63f5e8d2b0904c2295f1c
jellium-web/fonts/served/noto-sans-kr-67-700-normal.woff2	node_modules/@fontsource/noto-sans-kr/files/noto-sans-kr-67-700-normal.woff2	fb2194aa480991478df428219ad57e933d862e164cdbad8bf34bc20b53f542fb
jellium-web/fonts/served/noto-sans-kr-68-400-normal.woff2	node_modules/@fontsource/noto-sans-kr/files/noto-sans-kr-68-400-normal.woff2	24055e6a1dc467287b2ae991e4f9aa01403e1ff75552cc134e65a246b28e3b1a
jellium-web/fonts/served/noto-sans-kr-68-700-normal.woff2	node_modules/@fontsource/noto-sans-kr/files/noto-sans-kr-68-700-normal.woff2	efc59790dacbfa94ef618c96f8e56e74fec69615b56e8ca65de78eefa15115fe
jellium-web/fonts/served/noto-sans-kr-69-400-normal.woff2	node_modules/@fontsource/noto-sans-kr/files/noto-sans-kr-69-400-normal.woff2	941274b71d4defdafdf12cb87650231b9152712b086a5b8c201e19df78ae2601
jellium-web/fonts/served/noto-sans-kr-69-700-normal.woff2	node_modules/@fontsource/noto-sans-kr/files/noto-sans-kr-69-700-normal.woff2	334775b653f05bf0fabf998fa14df4aa6ae97033326d185990d6aa85bcd24d5a
jellium-web/fonts/served/noto-sans-kr-7-400-normal.woff2	node_modules/@fontsource/noto-sans-kr/files/noto-sans-kr-7-400-normal.woff2	8d8664e0529cabd78986f145bcb9c4c2d4b3b47a558dafc4f50d65300da53de7
jellium-web/fonts/served/noto-sans-kr-7-700-normal.woff2	node_modules/@fontsource/noto-sans-kr/files/noto-sans-kr-7-700-normal.woff2	a7e6da33f2cef3b0ca70b26027742ec83fcc0a27437e3915fa126526728f5b9c
jellium-web/fonts/served/noto-sans-kr-70-400-normal.woff2	node_modules/@fontsource/noto-sans-kr/files/noto-sans-kr-70-400-normal.woff2	268a212ee6e0c5cac318c1e43ae5f9e5ee220f1c3ac4025a39817ecb04db50c8
jellium-web/fonts/served/noto-sans-kr-70-700-normal.woff2	node_modules/@fontsource/noto-sans-kr/files/noto-sans-kr-70-700-normal.woff2	0dbb1b5004f84586b4588603b049bd10fabc2f857506d0193397fc2f1a381344
jellium-web/fonts/served/noto-sans-kr-71-400-normal.woff2	node_modules/@fontsource/noto-sans-kr/files/noto-sans-kr-71-400-normal.woff2	35f8d91712bd7b7b43306241752d8cafb585e8d265420c6bb48112dba8f452a4
jellium-web/fonts/served/noto-sans-kr-71-700-normal.woff2	node_modules/@fontsource/noto-sans-kr/files/noto-sans-kr-71-700-normal.woff2	ab6eed3e8967c6b27d1ec1da4b7828e56ea3cfb201f12bad88b840ef7dbf7006
jellium-web/fonts/served/noto-sans-kr-72-400-normal.woff2	node_modules/@fontsource/noto-sans-kr/files/noto-sans-kr-72-400-normal.woff2	0f44b91a018e550c21555f528f9eb7476374527d044e59e48a5e5de5dd193bbd
jellium-web/fonts/served/noto-sans-kr-72-700-normal.woff2	node_modules/@fontsource/noto-sans-kr/files/noto-sans-kr-72-700-normal.woff2	4fbb639f42f046079c4317ede262ed989cef93274c615de0e9a95aac71211cb7
jellium-web/fonts/served/noto-sans-kr-73-400-normal.woff2	node_modules/@fontsource/noto-sans-kr/files/noto-sans-kr-73-400-normal.woff2	981b37b3d890d7a9bd85210bcb2b943529a4c71cbcf6ad47aae15113f73d7134
jellium-web/fonts/served/noto-sans-kr-73-700-normal.woff2	node_modules/@fontsource/noto-sans-kr/files/noto-sans-kr-73-700-normal.woff2	75c74540f3e335cb559465cb9c691ae4c038fb0379401c57f47ed21d97b0b3d4
jellium-web/fonts/served/noto-sans-kr-74-400-normal.woff2	node_modules/@fontsource/noto-sans-kr/files/noto-sans-kr-74-400-normal.woff2	4534e218cbf3873df6e43390e9addf9dc2776df2eabd9d22b0163c544337e7a1
jellium-web/fonts/served/noto-sans-kr-74-700-normal.woff2	node_modules/@fontsource/noto-sans-kr/files/noto-sans-kr-74-700-normal.woff2	fc805ed35469c5df3f647bd07dbdf154c0b20664a6bda1e25463f3f4634c4716
jellium-web/fonts/served/noto-sans-kr-75-400-normal.woff2	node_modules/@fontsource/noto-sans-kr/files/noto-sans-kr-75-400-normal.woff2	f0238d00070394fe30432ce7c3c6aad031f8e0f06a7cc3b28f72f44b2b492062
jellium-web/fonts/served/noto-sans-kr-75-700-normal.woff2	node_modules/@fontsource/noto-sans-kr/files/noto-sans-kr-75-700-normal.woff2	14d261b437b9911b7ea757d16da7268a5bad54e45dd7e10a6bba9eb6cca11928
jellium-web/fonts/served/noto-sans-kr-76-400-normal.woff2	node_modules/@fontsource/noto-sans-kr/files/noto-sans-kr-76-400-normal.woff2	74ad088fe4264e7a86b3dcd7491dfb1d8e767f7b7e3174436dc013fce9d091ce
jellium-web/fonts/served/noto-sans-kr-76-700-normal.woff2	node_modules/@fontsource/noto-sans-kr/files/noto-sans-kr-76-700-normal.woff2	fcfe51d57698a62b2ecacc7c1ba3d6b693d5d6ad59c1be9a79fdff2e4bb77ad5
jellium-web/fonts/served/noto-sans-kr-77-400-normal.woff2	node_modules/@fontsource/noto-sans-kr/files/noto-sans-kr-77-400-normal.woff2	f759454da8695a28be46be00d2937502c0feba48cf0ea504d5620131a6013633
jellium-web/fonts/served/noto-sans-kr-77-700-normal.woff2	node_modules/@fontsource/noto-sans-kr/files/noto-sans-kr-77-700-normal.woff2	ec8bc901ac02c9d074a476474d1be843f1d1a0379eda85fff929e018d8a85d3b
jellium-web/fonts/served/noto-sans-kr-78-400-normal.woff2	node_modules/@fontsource/noto-sans-kr/files/noto-sans-kr-78-400-normal.woff2	69d3f74edab031aa523f6cbf713ad29367d2f5c6ba504ced55d4e7f12abf2b5a
jellium-web/fonts/served/noto-sans-kr-78-700-normal.woff2	node_modules/@fontsource/noto-sans-kr/files/noto-sans-kr-78-700-normal.woff2	64067a3bc89634604b41afc69c03bcc411d780826a58310166e89a048827b9bb
jellium-web/fonts/served/noto-sans-kr-79-400-normal.woff2	node_modules/@fontsource/noto-sans-kr/files/noto-sans-kr-79-400-normal.woff2	d1760c8c793a201e5080c0be8e397df1e3296cfd99f9538396736f2556654d00
jellium-web/fonts/served/noto-sans-kr-79-700-normal.woff2	node_modules/@fontsource/noto-sans-kr/files/noto-sans-kr-79-700-normal.woff2	e479d6b86a47a65c6ea78126541f4e09bda51b5b8e5c03bcd451caea180cd1e6
jellium-web/fonts/served/noto-sans-kr-8-400-normal.woff2	node_modules/@fontsource/noto-sans-kr/files/noto-sans-kr-8-400-normal.woff2	0ed10e62937c127f05161f149b1e8d29419fe3a1892c15a40c4e117164fa4c60
jellium-web/fonts/served/noto-sans-kr-8-700-normal.woff2	node_modules/@fontsource/noto-sans-kr/files/noto-sans-kr-8-700-normal.woff2	7416749ff1e08895a9d021cfad009a6c77362578910456f73da21d77b50ea23e
jellium-web/fonts/served/noto-sans-kr-80-400-normal.woff2	node_modules/@fontsource/noto-sans-kr/files/noto-sans-kr-80-400-normal.woff2	3037e9380677478115dfb97a4d46def4097af0220b508d0641ccb64e8165fa59
jellium-web/fonts/served/noto-sans-kr-80-700-normal.woff2	node_modules/@fontsource/noto-sans-kr/files/noto-sans-kr-80-700-normal.woff2	78ee287d4ae245d2234c07d5e13b9b89102cab63758d004608e32926a9d91a7a
jellium-web/fonts/served/noto-sans-kr-81-400-normal.woff2	node_modules/@fontsource/noto-sans-kr/files/noto-sans-kr-81-400-normal.woff2	281c3a5968212cbe81b52f9ee3e349a0b89c8b334643ace8f21ee7c1e0268aff
jellium-web/fonts/served/noto-sans-kr-81-700-normal.woff2	node_modules/@fontsource/noto-sans-kr/files/noto-sans-kr-81-700-normal.woff2	8f193bec9f0b2e8276bdbc8e6c288c03dccecfcc3b1ea22a493197c88bb77e54
jellium-web/fonts/served/noto-sans-kr-82-400-normal.woff2	node_modules/@fontsource/noto-sans-kr/files/noto-sans-kr-82-400-normal.woff2	26b4425b6b9c50f61e2610485dc2e7ed844a1ead4cc59e53f9ebd52c08a98e55
jellium-web/fonts/served/noto-sans-kr-82-700-normal.woff2	node_modules/@fontsource/noto-sans-kr/files/noto-sans-kr-82-700-normal.woff2	cf837e3cdd75045b15a3ef2218454d74061a42283a0d0199c795a9e649db6642
jellium-web/fonts/served/noto-sans-kr-83-400-normal.woff2	node_modules/@fontsource/noto-sans-kr/files/noto-sans-kr-83-400-normal.woff2	83d506c830f743aa14f81ed98d5c43b8c9df2b12cbe35eaf463ea2368a6c5d46
jellium-web/fonts/served/noto-sans-kr-83-700-normal.woff2	node_modules/@fontsource/noto-sans-kr/files/noto-sans-kr-83-700-normal.woff2	5d35f60e66d9d3fd6b59e8ab199269dc04b72903a8105b895d1c6a8caf51535d
jellium-web/fonts/served/noto-sans-kr-84-400-normal.woff2	node_modules/@fontsource/noto-sans-kr/files/noto-sans-kr-84-400-normal.woff2	e1cb94dfeef05bcf8449afc5fe342badc4719e60deab5a5f690a4923ac997d24
jellium-web/fonts/served/noto-sans-kr-84-700-normal.woff2	node_modules/@fontsource/noto-sans-kr/files/noto-sans-kr-84-700-normal.woff2	99f7c34a2721d803095db24cebe33835ec75d814c7ec83e0750fa22f897a6ed8
jellium-web/fonts/served/noto-sans-kr-85-400-normal.woff2	node_modules/@fontsource/noto-sans-kr/files/noto-sans-kr-85-400-normal.woff2	9aa104dbeb7aef279fd8837e6a608d02be25dc55416952dfbfcfabc6f43a33a8
jellium-web/fonts/served/noto-sans-kr-85-700-normal.woff2	node_modules/@fontsource/noto-sans-kr/files/noto-sans-kr-85-700-normal.woff2	bbd0353b99fa3840244ac11362242da06f94b404286ac84cfaadb412cf39ed43
jellium-web/fonts/served/noto-sans-kr-86-400-normal.woff2	node_modules/@fontsource/noto-sans-kr/files/noto-sans-kr-86-400-normal.woff2	2e8c3fc5b8e8b5b4e9e0166be4d4a7f085858a218d2e8c69a3e938e19abfcd80
jellium-web/fonts/served/noto-sans-kr-86-700-normal.woff2	node_modules/@fontsource/noto-sans-kr/files/noto-sans-kr-86-700-normal.woff2	67bfd1973fbe325b83c6c917d1b58acce0786ab33032c2731c5d9e2d676c256e
jellium-web/fonts/served/noto-sans-kr-87-400-normal.woff2	node_modules/@fontsource/noto-sans-kr/files/noto-sans-kr-87-400-normal.woff2	c9aa78a204c8a837fe854c71697e110f5b144d7a68cf139aab59497c78fb0d66
jellium-web/fonts/served/noto-sans-kr-87-700-normal.woff2	node_modules/@fontsource/noto-sans-kr/files/noto-sans-kr-87-700-normal.woff2	b2318127453bef1424015f25bf5d338fe0717c25628b73e779a472c126f8a4e2
jellium-web/fonts/served/noto-sans-kr-88-400-normal.woff2	node_modules/@fontsource/noto-sans-kr/files/noto-sans-kr-88-400-normal.woff2	efbd0d684ebe3307ca093a710d5c2a1eef7c508d4cc7e1463266735f6d2fc4fb
jellium-web/fonts/served/noto-sans-kr-88-700-normal.woff2	node_modules/@fontsource/noto-sans-kr/files/noto-sans-kr-88-700-normal.woff2	2b559d211e70202c97061a1d770dd54a1548a069dc3f4a8f09ca757d3f6c17ec
jellium-web/fonts/served/noto-sans-kr-89-400-normal.woff2	node_modules/@fontsource/noto-sans-kr/files/noto-sans-kr-89-400-normal.woff2	3a43a5cb5727c6221559e61904b58f2fb244cf01734e20357d80d7e3d2c372c6
jellium-web/fonts/served/noto-sans-kr-89-700-normal.woff2	node_modules/@fontsource/noto-sans-kr/files/noto-sans-kr-89-700-normal.woff2	5f3daf1094ba23210a45d5824969c94670f4e715adaa5dae04623df28e0efd1a
jellium-web/fonts/served/noto-sans-kr-9-400-normal.woff2	node_modules/@fontsource/noto-sans-kr/files/noto-sans-kr-9-400-normal.woff2	240e1e492d27ed4ea27942ead6c5380bd1219768c43f02c39603e16b0d9b72eb
jellium-web/fonts/served/noto-sans-kr-9-700-normal.woff2	node_modules/@fontsource/noto-sans-kr/files/noto-sans-kr-9-700-normal.woff2	5287711b3fbfadd97b11a1eb3794a5de5ff69637531992e464303c5dbeb86dc6
jellium-web/fonts/served/noto-sans-kr-90-400-normal.woff2	node_modules/@fontsource/noto-sans-kr/files/noto-sans-kr-90-400-normal.woff2	a818711acb065fae0c6883dcc295a236e86cab618ccefd7b39357298038dcce3
jellium-web/fonts/served/noto-sans-kr-90-700-normal.woff2	node_modules/@fontsource/noto-sans-kr/files/noto-sans-kr-90-700-normal.woff2	718a59dd4b5a8453314b6da3076286bdd5f90a4c7ab1730f9b7ff4b3b336a306
jellium-web/fonts/served/noto-sans-kr-91-400-normal.woff2	node_modules/@fontsource/noto-sans-kr/files/noto-sans-kr-91-400-normal.woff2	1a3de0bbb50bde5862ec7db3ec5806cbc11b9b07b09fa419c95a6d36cbf938a3
jellium-web/fonts/served/noto-sans-kr-91-700-normal.woff2	node_modules/@fontsource/noto-sans-kr/files/noto-sans-kr-91-700-normal.woff2	38987ae71f0390736215fba0eb26c6cd08fe67525e5abc83368e328bf85c81f8
jellium-web/fonts/served/noto-sans-kr-92-400-normal.woff2	node_modules/@fontsource/noto-sans-kr/files/noto-sans-kr-92-400-normal.woff2	70f5c4bd2d827e787053714943afd96727f90894bf4c82af25a4f18c3d3963e2
jellium-web/fonts/served/noto-sans-kr-92-700-normal.woff2	node_modules/@fontsource/noto-sans-kr/files/noto-sans-kr-92-700-normal.woff2	3063cae1b0c7a28248200e618a2242d8175e3cb97bdec0261edfba61bb086e53
jellium-web/fonts/served/noto-sans-kr-93-400-normal.woff2	node_modules/@fontsource/noto-sans-kr/files/noto-sans-kr-93-400-normal.woff2	95a7a446d65669814df692f2e8671bb4ee5135ded28ef76b241068b23c42119f
jellium-web/fonts/served/noto-sans-kr-93-700-normal.woff2	node_modules/@fontsource/noto-sans-kr/files/noto-sans-kr-93-700-normal.woff2	7366d1a4414f3082cbde99552546fdb7c6cd44c3efaf1585947ca6ff4b21e101
jellium-web/fonts/served/noto-sans-kr-94-400-normal.woff2	node_modules/@fontsource/noto-sans-kr/files/noto-sans-kr-94-400-normal.woff2	24712ec1701c78070c58b7fb66531c5c792e4f6665a7714c76a11c55bb99323f
jellium-web/fonts/served/noto-sans-kr-94-700-normal.woff2	node_modules/@fontsource/noto-sans-kr/files/noto-sans-kr-94-700-normal.woff2	fa8bab773fd2daa00b68927f4cf5ac89a368706a411183c685f2bcbe4800a4a0
jellium-web/fonts/served/noto-sans-kr-95-400-normal.woff2	node_modules/@fontsource/noto-sans-kr/files/noto-sans-kr-95-400-normal.woff2	8c7b78a102ffcf86fb538d8471e764b8edec8ba7a6280ccbb930c5fcd08f1497
jellium-web/fonts/served/noto-sans-kr-95-700-normal.woff2	node_modules/@fontsource/noto-sans-kr/files/noto-sans-kr-95-700-normal.woff2	fcfb495edf85aadc84e38f9db65687d264274185f66a9d37f1e674bf82603863
jellium-web/fonts/served/noto-sans-kr-96-400-normal.woff2	node_modules/@fontsource/noto-sans-kr/files/noto-sans-kr-96-400-normal.woff2	db0a9826f47eb12729464fcda46703c337a246c632d265b3f2c4817ff19726bb
jellium-web/fonts/served/noto-sans-kr-96-700-normal.woff2	node_modules/@fontsource/noto-sans-kr/files/noto-sans-kr-96-700-normal.woff2	bd896bb2d254968a038383a4204daeb709a6085b29d451b93626c8145faaecaf
jellium-web/fonts/served/noto-sans-kr-97-400-normal.woff2	node_modules/@fontsource/noto-sans-kr/files/noto-sans-kr-97-400-normal.woff2	5b59fa9290f23c80ee8bc1fb25ac98e3e32ac02011c1d343f6691996e9724a57
jellium-web/fonts/served/noto-sans-kr-97-700-normal.woff2	node_modules/@fontsource/noto-sans-kr/files/noto-sans-kr-97-700-normal.woff2	baa7ea6873e9c90c1c41bc09a887dcbb6b1bc23576429e1fe56f5afda7669141
jellium-web/fonts/served/noto-sans-kr-98-400-normal.woff2	node_modules/@fontsource/noto-sans-kr/files/noto-sans-kr-98-400-normal.woff2	fb4548bf37c551e4ee01cd62ec2b81980347a0f18ca465512e92c25cb65ee82b
jellium-web/fonts/served/noto-sans-kr-98-700-normal.woff2	node_modules/@fontsource/noto-sans-kr/files/noto-sans-kr-98-700-normal.woff2	c54720ce9c4037aaabc0be7cd4bc2c66fd9168c361a6f0d96ab29b4c45cc4066
jellium-web/fonts/served/noto-sans-kr-99-400-normal.woff2	node_modules/@fontsource/noto-sans-kr/files/noto-sans-kr-99-400-normal.woff2	f81d45a2f40fcbdfde5f66ca4efb3f2af6217b2bb830b6f29a3e3256f7170e6d
jellium-web/fonts/served/noto-sans-kr-99-700-normal.woff2	node_modules/@fontsource/noto-sans-kr/files/noto-sans-kr-99-700-normal.woff2	a338b12a309e802a43fcbbfbcc2699776a94e9db42c19e8b884b1785d48ad294
jellium-web/fonts/served/noto-sans-sc-100-400-normal.woff2	node_modules/@fontsource/noto-sans-sc/files/noto-sans-sc-100-400-normal.woff2	597b821e126e722b3d0627dbfe2e39bdfdb3c7a8f2b6ced3473775c701551a67
jellium-web/fonts/served/noto-sans-sc-100-700-normal.woff2	node_modules/@fontsource/noto-sans-sc/files/noto-sans-sc-100-700-normal.woff2	4f4c436f60af357a93c2e9b7ffc629b0e84e012c60e2d7b0bf43c4c6b6499447
jellium-web/fonts/served/noto-sans-sc-101-400-normal.woff2	node_modules/@fontsource/noto-sans-sc/files/noto-sans-sc-101-400-normal.woff2	8eef1fa6b5557ee00c1451df31ff4f56833a8460494446d943a8228d4daf9f72
jellium-web/fonts/served/noto-sans-sc-101-700-normal.woff2	node_modules/@fontsource/noto-sans-sc/files/noto-sans-sc-101-700-normal.woff2	e13eeff2ec0fbe5097ab6dbcfa59de3e9c4be535b8f8a64f2b89fc51ef74af22
jellium-web/fonts/served/noto-sans-sc-102-400-normal.woff2	node_modules/@fontsource/noto-sans-sc/files/noto-sans-sc-102-400-normal.woff2	357be17c54c5bec1de5b00083811b9121707382705635d1a0ef5c3427451e656
jellium-web/fonts/served/noto-sans-sc-102-700-normal.woff2	node_modules/@fontsource/noto-sans-sc/files/noto-sans-sc-102-700-normal.woff2	6d698f7e1285436c75eabdaaf4c8666bb30ff18d1cd2f1330a1a63abe1de472e
jellium-web/fonts/served/noto-sans-sc-103-400-normal.woff2	node_modules/@fontsource/noto-sans-sc/files/noto-sans-sc-103-400-normal.woff2	de0d9bc6e0e5d3b337ca93b5189a2a235b0f74dcfa58c94f9d9a8e1ccdf2483a
jellium-web/fonts/served/noto-sans-sc-103-700-normal.woff2	node_modules/@fontsource/noto-sans-sc/files/noto-sans-sc-103-700-normal.woff2	44a03b97f31ffd772ac2a391348248986f32128f3b77127a7389f04cc2a66f9e
jellium-web/fonts/served/noto-sans-sc-104-400-normal.woff2	node_modules/@fontsource/noto-sans-sc/files/noto-sans-sc-104-400-normal.woff2	ef41ce86145108505d0c6f229229791ca8771d088a4d1c5a37840031adb5f0c7
jellium-web/fonts/served/noto-sans-sc-104-700-normal.woff2	node_modules/@fontsource/noto-sans-sc/files/noto-sans-sc-104-700-normal.woff2	acd9e8e058ba12a7597b2b9c363606b897b366aa7e4fb3ccdf7b457547948721
jellium-web/fonts/served/noto-sans-sc-105-400-normal.woff2	node_modules/@fontsource/noto-sans-sc/files/noto-sans-sc-105-400-normal.woff2	0404d02207b7b072a32d9becab37de3420a8f31266978d756d0e1225301f6888
jellium-web/fonts/served/noto-sans-sc-105-700-normal.woff2	node_modules/@fontsource/noto-sans-sc/files/noto-sans-sc-105-700-normal.woff2	82bbe8ac49d46af4c11e13dc17f744e570f59a2d14bf0b08bf87a54461451684
jellium-web/fonts/served/noto-sans-sc-106-400-normal.woff2	node_modules/@fontsource/noto-sans-sc/files/noto-sans-sc-106-400-normal.woff2	6f1efc3f7a993358a56290ea16b4e241d3618f2791733209ef332737d2b1ac5d
jellium-web/fonts/served/noto-sans-sc-106-700-normal.woff2	node_modules/@fontsource/noto-sans-sc/files/noto-sans-sc-106-700-normal.woff2	785c0d52cf2dd87bd81b557f724bcb732250b18f08e9045f041e48257d04ea16
jellium-web/fonts/served/noto-sans-sc-107-400-normal.woff2	node_modules/@fontsource/noto-sans-sc/files/noto-sans-sc-107-400-normal.woff2	6d4a79aff3792b5dd83aad78768e050c9e5cad336c6db1a6932b33db15a06664
jellium-web/fonts/served/noto-sans-sc-107-700-normal.woff2	node_modules/@fontsource/noto-sans-sc/files/noto-sans-sc-107-700-normal.woff2	dcc191777656d5d938248a22622920e9cbd0e418a621d6a0f618aec192e6b974
jellium-web/fonts/served/noto-sans-sc-108-400-normal.woff2	node_modules/@fontsource/noto-sans-sc/files/noto-sans-sc-108-400-normal.woff2	b1a0d456ebff097f0ef909ea1d0680a993ee018e0c8a319c77576abacdccc22c
jellium-web/fonts/served/noto-sans-sc-108-700-normal.woff2	node_modules/@fontsource/noto-sans-sc/files/noto-sans-sc-108-700-normal.woff2	090aa1a1ed9f9196ccf3ce25cc9086a20e0506645669e35058cfa88939248497
jellium-web/fonts/served/noto-sans-sc-109-400-normal.woff2	node_modules/@fontsource/noto-sans-sc/files/noto-sans-sc-109-400-normal.woff2	7a7980f80559bb36dfff4ea64e9b03d926c98566fb7326181569ac1e8334b717
jellium-web/fonts/served/noto-sans-sc-109-700-normal.woff2	node_modules/@fontsource/noto-sans-sc/files/noto-sans-sc-109-700-normal.woff2	8e755f45c1827765bb75117249234b4292dd2de1002ba49824414ebf7f610aed
jellium-web/fonts/served/noto-sans-sc-110-400-normal.woff2	node_modules/@fontsource/noto-sans-sc/files/noto-sans-sc-110-400-normal.woff2	e4d24ba921e93102c2b198187e4e0ed507aafd07e5cd6de032d5df7b76ee044b
jellium-web/fonts/served/noto-sans-sc-110-700-normal.woff2	node_modules/@fontsource/noto-sans-sc/files/noto-sans-sc-110-700-normal.woff2	2cf32776067740f10aabdb307521c622869c98e4c5ff8bbff8e81ece409dff28
jellium-web/fonts/served/noto-sans-sc-111-400-normal.woff2	node_modules/@fontsource/noto-sans-sc/files/noto-sans-sc-111-400-normal.woff2	f20ccaeab7d4244e651e6cac4296c2a26403108e70e8db5ac105b474670f1c28
jellium-web/fonts/served/noto-sans-sc-111-700-normal.woff2	node_modules/@fontsource/noto-sans-sc/files/noto-sans-sc-111-700-normal.woff2	74654cb42a39d2c1b99a018651aabefc2f92e3c4e1db7a47d7545b07b2747a31
jellium-web/fonts/served/noto-sans-sc-112-400-normal.woff2	node_modules/@fontsource/noto-sans-sc/files/noto-sans-sc-112-400-normal.woff2	6624c02437475caaf043f015208ef74c74e8fe8633d54ae1d5fc3a9ed38e7ea0
jellium-web/fonts/served/noto-sans-sc-112-700-normal.woff2	node_modules/@fontsource/noto-sans-sc/files/noto-sans-sc-112-700-normal.woff2	0f091ded9f748c6f1f9a8e4c07f62e3588bd1c45201c05c4f42efb9f9f229bbb
jellium-web/fonts/served/noto-sans-sc-113-400-normal.woff2	node_modules/@fontsource/noto-sans-sc/files/noto-sans-sc-113-400-normal.woff2	f2fd94429f722da169fb4b0a3a132ef5bf92d0b0aa3ae3426006446d50994c36
jellium-web/fonts/served/noto-sans-sc-113-700-normal.woff2	node_modules/@fontsource/noto-sans-sc/files/noto-sans-sc-113-700-normal.woff2	d05c452943f9bef9dcab321cc2927bd27e30a9fcb1dfc01b8ca7fc50fe6da532
jellium-web/fonts/served/noto-sans-sc-114-400-normal.woff2	node_modules/@fontsource/noto-sans-sc/files/noto-sans-sc-114-400-normal.woff2	d58ca6082d43993a894bcee72181b98527d3ef003099ba61146e3df4883a7be2
jellium-web/fonts/served/noto-sans-sc-114-700-normal.woff2	node_modules/@fontsource/noto-sans-sc/files/noto-sans-sc-114-700-normal.woff2	2c458dcf125999a186c1c1cb56b0124202c122a541fee8ce1ec161fa36a61f47
jellium-web/fonts/served/noto-sans-sc-115-400-normal.woff2	node_modules/@fontsource/noto-sans-sc/files/noto-sans-sc-115-400-normal.woff2	d83b8291340e0024c8a573afe48b60ce22ed00d87619a7f3950b2193d19af6c9
jellium-web/fonts/served/noto-sans-sc-115-700-normal.woff2	node_modules/@fontsource/noto-sans-sc/files/noto-sans-sc-115-700-normal.woff2	2e498e21096855eb6e2f85eae95d8b051d9e143bf4e88baebaf5791d905e95a1
jellium-web/fonts/served/noto-sans-sc-116-400-normal.woff2	node_modules/@fontsource/noto-sans-sc/files/noto-sans-sc-116-400-normal.woff2	5744f8001a3e231990bd1fe87b080bdd4b4d0e658c84a3bcdb5555e57e32661a
jellium-web/fonts/served/noto-sans-sc-116-700-normal.woff2	node_modules/@fontsource/noto-sans-sc/files/noto-sans-sc-116-700-normal.woff2	53693ca200ea4f78a272fa006d044aaa6e401fd2b78353b68fe9909d743d3a30
jellium-web/fonts/served/noto-sans-sc-117-400-normal.woff2	node_modules/@fontsource/noto-sans-sc/files/noto-sans-sc-117-400-normal.woff2	bf7c1b4b8b0d1110c761720b977d237d350130d29db48aea0bc5189f572dad3d
jellium-web/fonts/served/noto-sans-sc-117-700-normal.woff2	node_modules/@fontsource/noto-sans-sc/files/noto-sans-sc-117-700-normal.woff2	ad542c31ec87058033e4aa48cadc62cab74afb2f403058f05c4440afc87944bc
jellium-web/fonts/served/noto-sans-sc-118-400-normal.woff2	node_modules/@fontsource/noto-sans-sc/files/noto-sans-sc-118-400-normal.woff2	b6be37866f0d950777a6ce2ab417aba11acc3c52786072b0d760da2a277cd248
jellium-web/fonts/served/noto-sans-sc-118-700-normal.woff2	node_modules/@fontsource/noto-sans-sc/files/noto-sans-sc-118-700-normal.woff2	41ac3ace8865ebe51c59063630e96456a5e3b64cb3a13b2086b1ae5197ded22f
jellium-web/fonts/served/noto-sans-sc-119-400-normal.woff2	node_modules/@fontsource/noto-sans-sc/files/noto-sans-sc-119-400-normal.woff2	190237c828b2ea0f076bd1a4a1e6bbd7365e56a5ef837042e35763585250b3ac
jellium-web/fonts/served/noto-sans-sc-119-700-normal.woff2	node_modules/@fontsource/noto-sans-sc/files/noto-sans-sc-119-700-normal.woff2	805c2b453c8ccf9a67dc6e02bc452a4936c22f1cbc8571965f3b932553840338
jellium-web/fonts/served/noto-sans-sc-21-400-normal.woff2	node_modules/@fontsource/noto-sans-sc/files/noto-sans-sc-21-400-normal.woff2	7af32afb6e5bc5c002758143cfa3e780f300740ce2101f95995f90c51ca07e01
jellium-web/fonts/served/noto-sans-sc-21-700-normal.woff2	node_modules/@fontsource/noto-sans-sc/files/noto-sans-sc-21-700-normal.woff2	1b2cb2c7cc37364b229780a2ce3f666ca0a2a74373e63a57793666c146923ea4
jellium-web/fonts/served/noto-sans-sc-22-400-normal.woff2	node_modules/@fontsource/noto-sans-sc/files/noto-sans-sc-22-400-normal.woff2	ffecbf6ea4b0e598abaa72dc50f0b1cbbde6de4b89f3400853e51cda18b2b03e
jellium-web/fonts/served/noto-sans-sc-22-700-normal.woff2	node_modules/@fontsource/noto-sans-sc/files/noto-sans-sc-22-700-normal.woff2	760aaaef53a385b200792fb13027513e0e390ad5c014ae8f0fdecadca9866dc0
jellium-web/fonts/served/noto-sans-sc-23-400-normal.woff2	node_modules/@fontsource/noto-sans-sc/files/noto-sans-sc-23-400-normal.woff2	635735a1ff65f4117480fdd5539a9e82527525ed3415316ee1e4a112f55074e1
jellium-web/fonts/served/noto-sans-sc-23-700-normal.woff2	node_modules/@fontsource/noto-sans-sc/files/noto-sans-sc-23-700-normal.woff2	6ccf5af70bde234f32c50216ec9d687860f962d192dea0585ff9383e4afd627e
jellium-web/fonts/served/noto-sans-sc-24-400-normal.woff2	node_modules/@fontsource/noto-sans-sc/files/noto-sans-sc-24-400-normal.woff2	cd55851f977ad169931a3dadb030baf28b0ddca4ebed5db3dc768e36024f39ff
jellium-web/fonts/served/noto-sans-sc-24-700-normal.woff2	node_modules/@fontsource/noto-sans-sc/files/noto-sans-sc-24-700-normal.woff2	0a7a6624672a06122fb138950169e203a443236981da8de8c916d96678df094e
jellium-web/fonts/served/noto-sans-sc-25-400-normal.woff2	node_modules/@fontsource/noto-sans-sc/files/noto-sans-sc-25-400-normal.woff2	81fa8ca5bacbda6e6d78cfcdcb43cb714b16efa4b5a080614fbf9c8188e23c19
jellium-web/fonts/served/noto-sans-sc-25-700-normal.woff2	node_modules/@fontsource/noto-sans-sc/files/noto-sans-sc-25-700-normal.woff2	986033121e1498e91a35f4c68446b1d77e4ff9cf1fdd4cb336ad9756ebdeac38
jellium-web/fonts/served/noto-sans-sc-26-400-normal.woff2	node_modules/@fontsource/noto-sans-sc/files/noto-sans-sc-26-400-normal.woff2	1ff769bd29425085aadb50467fcec022eb8b749019af66765b780e9a0f7cc969
jellium-web/fonts/served/noto-sans-sc-26-700-normal.woff2	node_modules/@fontsource/noto-sans-sc/files/noto-sans-sc-26-700-normal.woff2	04d54c24f7a50ee4604e3aa1554877ea85f4cd34f54e087bb76401e2bc87e2c3
jellium-web/fonts/served/noto-sans-sc-27-400-normal.woff2	node_modules/@fontsource/noto-sans-sc/files/noto-sans-sc-27-400-normal.woff2	d3b6a5f1526dde1ecab11dba6a654e0884142e6424326e461b8f4056227338f7
jellium-web/fonts/served/noto-sans-sc-27-700-normal.woff2	node_modules/@fontsource/noto-sans-sc/files/noto-sans-sc-27-700-normal.woff2	98437be531a20fe6fef101226c56ca460966b90669477006a08dbe411ab7d257
jellium-web/fonts/served/noto-sans-sc-28-400-normal.woff2	node_modules/@fontsource/noto-sans-sc/files/noto-sans-sc-28-400-normal.woff2	013a27d2ea2d3330344f82447df2160c3075fe2cc21d45bd24ade319fb2cafde
jellium-web/fonts/served/noto-sans-sc-28-700-normal.woff2	node_modules/@fontsource/noto-sans-sc/files/noto-sans-sc-28-700-normal.woff2	f9f3470a9a2005c3716ee628caa8de2c14c3b2e0530b4f7682bc591561699cfa
jellium-web/fonts/served/noto-sans-sc-29-400-normal.woff2	node_modules/@fontsource/noto-sans-sc/files/noto-sans-sc-29-400-normal.woff2	9a15d9ca2b3a0e2d3a3decbd923aab1b28c08cbe04d6ddaa0fc486210180b0db
jellium-web/fonts/served/noto-sans-sc-29-700-normal.woff2	node_modules/@fontsource/noto-sans-sc/files/noto-sans-sc-29-700-normal.woff2	1c53cff5ccd989e65aa72634bce822f3f3cc8be3e2dfb73a5895e6901243556e
jellium-web/fonts/served/noto-sans-sc-30-400-normal.woff2	node_modules/@fontsource/noto-sans-sc/files/noto-sans-sc-30-400-normal.woff2	564a1aaea728633fbe7aa09b5bb43d43dd9ee3bdac8a600f031f2a761edd5e99
jellium-web/fonts/served/noto-sans-sc-30-700-normal.woff2	node_modules/@fontsource/noto-sans-sc/files/noto-sans-sc-30-700-normal.woff2	066b2c7a59e9123af7a7e859c9ad8182cb0cb87174aea485e7e6f031cca05f81
jellium-web/fonts/served/noto-sans-sc-31-400-normal.woff2	node_modules/@fontsource/noto-sans-sc/files/noto-sans-sc-31-400-normal.woff2	18a82abced21f95dd62e67dab46c3612f4efe4acf4ba49bc699e0ef8a56a8e29
jellium-web/fonts/served/noto-sans-sc-31-700-normal.woff2	node_modules/@fontsource/noto-sans-sc/files/noto-sans-sc-31-700-normal.woff2	7c2ce2fcaf3489add3fc805f1b0c839119a2bf8fb47f96e203753c3e53322e5e
jellium-web/fonts/served/noto-sans-sc-32-400-normal.woff2	node_modules/@fontsource/noto-sans-sc/files/noto-sans-sc-32-400-normal.woff2	5ce8d305e655b53de2b9b59c63c848775150789c8e983db68caeab86740c2e1a
jellium-web/fonts/served/noto-sans-sc-32-700-normal.woff2	node_modules/@fontsource/noto-sans-sc/files/noto-sans-sc-32-700-normal.woff2	accb6dff4a754bfae7d5b04d23e452275f1edb3052f5ee0d69e80908c4555391
jellium-web/fonts/served/noto-sans-sc-33-400-normal.woff2	node_modules/@fontsource/noto-sans-sc/files/noto-sans-sc-33-400-normal.woff2	bb8182f884d9a84289713b2d7c15115c36ee0a9be4f695596ecd6c9670b22d44
jellium-web/fonts/served/noto-sans-sc-33-700-normal.woff2	node_modules/@fontsource/noto-sans-sc/files/noto-sans-sc-33-700-normal.woff2	462ad3c75e2645e916e6a8682125d1306dc2e3e613f8a06a92fb3ccabb96e9bc
jellium-web/fonts/served/noto-sans-sc-34-400-normal.woff2	node_modules/@fontsource/noto-sans-sc/files/noto-sans-sc-34-400-normal.woff2	0b08cfec4dfe8f751b4b2e7dd30fb52983754840891fa5c0fcf625214184d11f
jellium-web/fonts/served/noto-sans-sc-34-700-normal.woff2	node_modules/@fontsource/noto-sans-sc/files/noto-sans-sc-34-700-normal.woff2	eecd1d0ef4e5869d98805c8c88ba75d476fc3231e4536d36f0e7918edb304afa
jellium-web/fonts/served/noto-sans-sc-35-400-normal.woff2	node_modules/@fontsource/noto-sans-sc/files/noto-sans-sc-35-400-normal.woff2	65e8c613cbad5188cf0e9a9bb9efa8f0a6c1cf6d3c479dd34bf557d3da28ed7b
jellium-web/fonts/served/noto-sans-sc-35-700-normal.woff2	node_modules/@fontsource/noto-sans-sc/files/noto-sans-sc-35-700-normal.woff2	38408dcfdd3ad07d2b219664ecfd67d6931678ace0f6e5986a521d580598d11b
jellium-web/fonts/served/noto-sans-sc-36-400-normal.woff2	node_modules/@fontsource/noto-sans-sc/files/noto-sans-sc-36-400-normal.woff2	b0b1daf10780e6c6e4ee7c9c63dda6e9abc979310f28ff6c55a97329927bce95
jellium-web/fonts/served/noto-sans-sc-36-700-normal.woff2	node_modules/@fontsource/noto-sans-sc/files/noto-sans-sc-36-700-normal.woff2	a820e6c6baed80f5f0e7452ef4f7c6fff6536e12ebb7afa13adab814198eb59d
jellium-web/fonts/served/noto-sans-sc-37-400-normal.woff2	node_modules/@fontsource/noto-sans-sc/files/noto-sans-sc-37-400-normal.woff2	9c4e7b148a74989bbd9ccb983cd34d8d37377245d1b091ca246ea9592badfcd8
jellium-web/fonts/served/noto-sans-sc-37-700-normal.woff2	node_modules/@fontsource/noto-sans-sc/files/noto-sans-sc-37-700-normal.woff2	ae5eae50ca9049fcc17126a78968e42366b020b9cfe7380509fb7caceee7458d
jellium-web/fonts/served/noto-sans-sc-38-400-normal.woff2	node_modules/@fontsource/noto-sans-sc/files/noto-sans-sc-38-400-normal.woff2	f588ebfd432fb8574d7111c3115170717c3ae0785b88688251e92aa8d6a2ca23
jellium-web/fonts/served/noto-sans-sc-38-700-normal.woff2	node_modules/@fontsource/noto-sans-sc/files/noto-sans-sc-38-700-normal.woff2	c70de57db5a2f4a6dc41ae76011bef443a4d3d2d950f7284d592650ff78e7364
jellium-web/fonts/served/noto-sans-sc-39-400-normal.woff2	node_modules/@fontsource/noto-sans-sc/files/noto-sans-sc-39-400-normal.woff2	a678dc9faf6674688fe4f74866bddc4155f0091ac4058e112074a619fc08004c
jellium-web/fonts/served/noto-sans-sc-39-700-normal.woff2	node_modules/@fontsource/noto-sans-sc/files/noto-sans-sc-39-700-normal.woff2	d352a8cb6e8de71fb1878b00cd6e5e1fea58b14ed2ada33a076f15a787f4a130
jellium-web/fonts/served/noto-sans-sc-4-400-normal.woff2	node_modules/@fontsource/noto-sans-sc/files/noto-sans-sc-4-400-normal.woff2	ed2fe4daa3dde221f92e9d6ce967101b850bdff9d17065689070dc2650040518
jellium-web/fonts/served/noto-sans-sc-4-700-normal.woff2	node_modules/@fontsource/noto-sans-sc/files/noto-sans-sc-4-700-normal.woff2	804f19d9af159b8dbc9257e8fca289038f5cc8bb590e829169952349363f3cf5
jellium-web/fonts/served/noto-sans-sc-40-400-normal.woff2	node_modules/@fontsource/noto-sans-sc/files/noto-sans-sc-40-400-normal.woff2	d1f0c930082af4cae9a7889dd2da82b43fbb58a3b5ebfaff7b8d3e40e8d2cff0
jellium-web/fonts/served/noto-sans-sc-40-700-normal.woff2	node_modules/@fontsource/noto-sans-sc/files/noto-sans-sc-40-700-normal.woff2	24294752dd45388a9dd349ab06e9fb1c4215f32e61e7c6cc0de886bee04ff0bf
jellium-web/fonts/served/noto-sans-sc-41-400-normal.woff2	node_modules/@fontsource/noto-sans-sc/files/noto-sans-sc-41-400-normal.woff2	22b84cdfc5b47dcbf764478369109f9ec1a8c66d7963cf30dfc57de3abd64f42
jellium-web/fonts/served/noto-sans-sc-41-700-normal.woff2	node_modules/@fontsource/noto-sans-sc/files/noto-sans-sc-41-700-normal.woff2	2b6b7c6661b85ddc7f066ba8b5783605ac4f7a9284f78dcec872520eb82c498a
jellium-web/fonts/served/noto-sans-sc-42-400-normal.woff2	node_modules/@fontsource/noto-sans-sc/files/noto-sans-sc-42-400-normal.woff2	525eef80cf1b1fe2659167daa83bb853f83b643c5828f4cafb6d60aeb554ef6d
jellium-web/fonts/served/noto-sans-sc-42-700-normal.woff2	node_modules/@fontsource/noto-sans-sc/files/noto-sans-sc-42-700-normal.woff2	0ceef5328c06b3e8abfd9803935a93e074c9308cb509d37d50a855131c37b9ee
jellium-web/fonts/served/noto-sans-sc-43-400-normal.woff2	node_modules/@fontsource/noto-sans-sc/files/noto-sans-sc-43-400-normal.woff2	4326187b4e1370d12785707338cd16ba06eb7fc3bf866a7b8cb4087f71d666bd
jellium-web/fonts/served/noto-sans-sc-43-700-normal.woff2	node_modules/@fontsource/noto-sans-sc/files/noto-sans-sc-43-700-normal.woff2	605839dd19c5f220befa573eb0915c83e7e9a60a1e75dfa258d3500fe52f1bf3
jellium-web/fonts/served/noto-sans-sc-44-400-normal.woff2	node_modules/@fontsource/noto-sans-sc/files/noto-sans-sc-44-400-normal.woff2	e0812601cf62c3ed71199189e20378c00dc567a12cbe05377098c2b9de903bd3
jellium-web/fonts/served/noto-sans-sc-44-700-normal.woff2	node_modules/@fontsource/noto-sans-sc/files/noto-sans-sc-44-700-normal.woff2	9135ad2746a5ec777cf31343a8ed86b7d0aaeec4fcbffd7c73934f5e8f7a3c1e
jellium-web/fonts/served/noto-sans-sc-45-400-normal.woff2	node_modules/@fontsource/noto-sans-sc/files/noto-sans-sc-45-400-normal.woff2	b7f880a03391f72ea94333e2a4506d3ff6d651de4668ad8e92ceaefbba5264de
jellium-web/fonts/served/noto-sans-sc-45-700-normal.woff2	node_modules/@fontsource/noto-sans-sc/files/noto-sans-sc-45-700-normal.woff2	6aa29a76e60daa63be1c8fff02bb6116917e87d3dd5a79e90b6bbc07419681e9
jellium-web/fonts/served/noto-sans-sc-46-400-normal.woff2	node_modules/@fontsource/noto-sans-sc/files/noto-sans-sc-46-400-normal.woff2	332fc0db2f10a3fdce94edf5caf5632d94f95ce6cd3715e1ee8d032a1e4d5669
jellium-web/fonts/served/noto-sans-sc-46-700-normal.woff2	node_modules/@fontsource/noto-sans-sc/files/noto-sans-sc-46-700-normal.woff2	dff94aa200dfae04435702ce2f2dcd3ff79f707d3bc43ff870e2f692d8ed82fd
jellium-web/fonts/served/noto-sans-sc-47-400-normal.woff2	node_modules/@fontsource/noto-sans-sc/files/noto-sans-sc-47-400-normal.woff2	31087e9afdd6b4d9a3b87054e06d9e1a357c5c7622f53d06a873dcbe89cab1ed
jellium-web/fonts/served/noto-sans-sc-47-700-normal.woff2	node_modules/@fontsource/noto-sans-sc/files/noto-sans-sc-47-700-normal.woff2	b535239a86be11caf8986df77f9658f030b659a917c9a8dc28ec0045620e442a
jellium-web/fonts/served/noto-sans-sc-48-400-normal.woff2	node_modules/@fontsource/noto-sans-sc/files/noto-sans-sc-48-400-normal.woff2	567c513b94ef3e986099ba0abb2ce6cd148d1a7725f86e5f1ba941fc45b829cd
jellium-web/fonts/served/noto-sans-sc-48-700-normal.woff2	node_modules/@fontsource/noto-sans-sc/files/noto-sans-sc-48-700-normal.woff2	39c931add0e2c2fab52564e3f4d58705875a91e96ef9a87f35d7f179b9db16c5
jellium-web/fonts/served/noto-sans-sc-49-400-normal.woff2	node_modules/@fontsource/noto-sans-sc/files/noto-sans-sc-49-400-normal.woff2	5d33063a54f945d0d985e9da540f5abe2b6ad3a968da3367b872b5cd7efc2fc4
jellium-web/fonts/served/noto-sans-sc-49-700-normal.woff2	node_modules/@fontsource/noto-sans-sc/files/noto-sans-sc-49-700-normal.woff2	83e3e70db005bfb9d7f95711fb3cd72dfc9f725d1674d643b7a50b6bc2e0f468
jellium-web/fonts/served/noto-sans-sc-5-400-normal.woff2	node_modules/@fontsource/noto-sans-sc/files/noto-sans-sc-5-400-normal.woff2	c875a169469fae4dfab49cb63ae1e5ceab706ea083b44a27ae89da93bb021c1d
jellium-web/fonts/served/noto-sans-sc-5-700-normal.woff2	node_modules/@fontsource/noto-sans-sc/files/noto-sans-sc-5-700-normal.woff2	0aa1f26f65e520730ae993a43c50c267768eb02dc1c354ab2609f623ba0990ae
jellium-web/fonts/served/noto-sans-sc-50-400-normal.woff2	node_modules/@fontsource/noto-sans-sc/files/noto-sans-sc-50-400-normal.woff2	28208e128052edc267e874112fd7dd5f15f4fead0e2d93300a7421b8ffebba0a
jellium-web/fonts/served/noto-sans-sc-50-700-normal.woff2	node_modules/@fontsource/noto-sans-sc/files/noto-sans-sc-50-700-normal.woff2	cd983172db9c369d67474085ea54cc0437d6c061ac6dd613997094e11e06932b
jellium-web/fonts/served/noto-sans-sc-51-400-normal.woff2	node_modules/@fontsource/noto-sans-sc/files/noto-sans-sc-51-400-normal.woff2	566e608c80f851b7d830c2c85770790b7d6b3d4c532501a7c7d3edd99613fc3a
jellium-web/fonts/served/noto-sans-sc-51-700-normal.woff2	node_modules/@fontsource/noto-sans-sc/files/noto-sans-sc-51-700-normal.woff2	96870c64b531d4dd83e6d1802c477572090f5896d898c663ec58799b75f5bb0d
jellium-web/fonts/served/noto-sans-sc-52-400-normal.woff2	node_modules/@fontsource/noto-sans-sc/files/noto-sans-sc-52-400-normal.woff2	576dd5abc648c087d61168a9df804b6f94e3c8dcca32a52d3b1596326b8cd70c
jellium-web/fonts/served/noto-sans-sc-52-700-normal.woff2	node_modules/@fontsource/noto-sans-sc/files/noto-sans-sc-52-700-normal.woff2	f188354a4ccaff4557cc339685df69fa3e4edec42dbc39b3d0e4f0e5ea0f15c2
jellium-web/fonts/served/noto-sans-sc-53-400-normal.woff2	node_modules/@fontsource/noto-sans-sc/files/noto-sans-sc-53-400-normal.woff2	8e8000bc63050f471435f43951bcf049974c9e771bd999c482ddd36fb9b26516
jellium-web/fonts/served/noto-sans-sc-53-700-normal.woff2	node_modules/@fontsource/noto-sans-sc/files/noto-sans-sc-53-700-normal.woff2	64abd5a1e34f5f14f51618c0930280ff49e61ac39c93ad8376ca4723989a84dc
jellium-web/fonts/served/noto-sans-sc-54-400-normal.woff2	node_modules/@fontsource/noto-sans-sc/files/noto-sans-sc-54-400-normal.woff2	153bd830dcd1700d3ddba1bf030cc7886b336fbfc9182e0991263386578ad989
jellium-web/fonts/served/noto-sans-sc-54-700-normal.woff2	node_modules/@fontsource/noto-sans-sc/files/noto-sans-sc-54-700-normal.woff2	1a993d1d44d97577d83929c1067fda6314e7d003f7e8bbd11a96f669100d7e14
jellium-web/fonts/served/noto-sans-sc-55-400-normal.woff2	node_modules/@fontsource/noto-sans-sc/files/noto-sans-sc-55-400-normal.woff2	382d83fc17c0ff8051267bdb25518b8579149186658b4980ae0a591a46dae8c8
jellium-web/fonts/served/noto-sans-sc-55-700-normal.woff2	node_modules/@fontsource/noto-sans-sc/files/noto-sans-sc-55-700-normal.woff2	1c91f7b7698a478156ce4342fc387e48479f5b039ef08a1c28853d053db00cfc
jellium-web/fonts/served/noto-sans-sc-56-400-normal.woff2	node_modules/@fontsource/noto-sans-sc/files/noto-sans-sc-56-400-normal.woff2	81709277ab70ec4442552c26ec484ac4fea9825608e35937d46918853718de2f
jellium-web/fonts/served/noto-sans-sc-56-700-normal.woff2	node_modules/@fontsource/noto-sans-sc/files/noto-sans-sc-56-700-normal.woff2	d37bfa964e2c214bc292f7307a91eb3ebdc96122fb834756a8e93c6ffb3def63
jellium-web/fonts/served/noto-sans-sc-57-400-normal.woff2	node_modules/@fontsource/noto-sans-sc/files/noto-sans-sc-57-400-normal.woff2	ad1b3a57ac21ed3f8c95b16a229bc76cced8e49a7ccb46213cdaf9f5f2456eb2
jellium-web/fonts/served/noto-sans-sc-57-700-normal.woff2	node_modules/@fontsource/noto-sans-sc/files/noto-sans-sc-57-700-normal.woff2	f8ac72e6c8f71422653b61e7eaa954ca34c104d1beaec5af0532e8cfe9b17b27
jellium-web/fonts/served/noto-sans-sc-58-400-normal.woff2	node_modules/@fontsource/noto-sans-sc/files/noto-sans-sc-58-400-normal.woff2	0d53976e733bdac4cb5d82d3c81541c62e81316d5168ef9e32c13d3cb7350e88
jellium-web/fonts/served/noto-sans-sc-58-700-normal.woff2	node_modules/@fontsource/noto-sans-sc/files/noto-sans-sc-58-700-normal.woff2	da379f176fa9ff577e2ef204462a74ece01b0a42ddeb0f1ea401ed51299252d2
jellium-web/fonts/served/noto-sans-sc-59-400-normal.woff2	node_modules/@fontsource/noto-sans-sc/files/noto-sans-sc-59-400-normal.woff2	f1201d94e3bc475a5ed2ae50c1d8567612ceb726845671e3b6881dcbf58e7b11
jellium-web/fonts/served/noto-sans-sc-59-700-normal.woff2	node_modules/@fontsource/noto-sans-sc/files/noto-sans-sc-59-700-normal.woff2	ac299864d3f1895e010030e89f6998c157fb1fb1043ab0632e7790263d2fd6f5
jellium-web/fonts/served/noto-sans-sc-6-400-normal.woff2	node_modules/@fontsource/noto-sans-sc/files/noto-sans-sc-6-400-normal.woff2	eb89d4458482416aa7cdc5bf2375ba2dadb558cc47743c248f1a9f59d82768aa
jellium-web/fonts/served/noto-sans-sc-6-700-normal.woff2	node_modules/@fontsource/noto-sans-sc/files/noto-sans-sc-6-700-normal.woff2	ac2eb6be3ce5806f006acfd6b800fca7d5d0afe3e085221fd7964ea648c9053b
jellium-web/fonts/served/noto-sans-sc-60-400-normal.woff2	node_modules/@fontsource/noto-sans-sc/files/noto-sans-sc-60-400-normal.woff2	267b7c3abf1331eac941f589248b677b1946adcb5ce0a393dc5ae4bc50e019e2
jellium-web/fonts/served/noto-sans-sc-60-700-normal.woff2	node_modules/@fontsource/noto-sans-sc/files/noto-sans-sc-60-700-normal.woff2	62b7b95382279f5ead7fcb77fb86f854f2988a0fe0eb00351b6c26db6496d6f9
jellium-web/fonts/served/noto-sans-sc-61-400-normal.woff2	node_modules/@fontsource/noto-sans-sc/files/noto-sans-sc-61-400-normal.woff2	221fde0edcb420c15479b4f8a0f9ce44f2c18daed7e40edeac54add5dc46df6d
jellium-web/fonts/served/noto-sans-sc-61-700-normal.woff2	node_modules/@fontsource/noto-sans-sc/files/noto-sans-sc-61-700-normal.woff2	cf7a04759a4deb065631a5668cfd50c2e17b7bf8ee3ea69d0d76c7bae0c1d490
jellium-web/fonts/served/noto-sans-sc-62-400-normal.woff2	node_modules/@fontsource/noto-sans-sc/files/noto-sans-sc-62-400-normal.woff2	eb1ed88c9e62baa9c53869812906422ad7ff122f2c85f996d7ff60ddfe06d903
jellium-web/fonts/served/noto-sans-sc-62-700-normal.woff2	node_modules/@fontsource/noto-sans-sc/files/noto-sans-sc-62-700-normal.woff2	311ce6bd928300deb247bca517ecc42f3ba573fea1ba5b8524eccdc876e2384e
jellium-web/fonts/served/noto-sans-sc-63-400-normal.woff2	node_modules/@fontsource/noto-sans-sc/files/noto-sans-sc-63-400-normal.woff2	fdf4cb489da2742f81f03387b786670b060778faa7cc94e5d31449c7abedf32c
jellium-web/fonts/served/noto-sans-sc-63-700-normal.woff2	node_modules/@fontsource/noto-sans-sc/files/noto-sans-sc-63-700-normal.woff2	56b271f698eb9f535442e134087af9a7cab0aa4b7fc8de4e07554656200b8b2c
jellium-web/fonts/served/noto-sans-sc-64-400-normal.woff2	node_modules/@fontsource/noto-sans-sc/files/noto-sans-sc-64-400-normal.woff2	6d7dab9e4d58643b61723efa00f66308298307b4f56009207d496ffe1c8f4480
jellium-web/fonts/served/noto-sans-sc-64-700-normal.woff2	node_modules/@fontsource/noto-sans-sc/files/noto-sans-sc-64-700-normal.woff2	a9df11cbf28303d0ae488ef2047b154f17d16eabeaa7aad45fc27c75ac287b64
jellium-web/fonts/served/noto-sans-sc-65-400-normal.woff2	node_modules/@fontsource/noto-sans-sc/files/noto-sans-sc-65-400-normal.woff2	b44bb9883d57447817aaba196fafd75f67c1e2d2cbd3ec36d98690e798e94889
jellium-web/fonts/served/noto-sans-sc-65-700-normal.woff2	node_modules/@fontsource/noto-sans-sc/files/noto-sans-sc-65-700-normal.woff2	68a93ffaae553f933d813ac138c908db4dcebd5958f1230a203554ed2e390bb3
jellium-web/fonts/served/noto-sans-sc-66-400-normal.woff2	node_modules/@fontsource/noto-sans-sc/files/noto-sans-sc-66-400-normal.woff2	63cce03a9ad8fada17258b8bb52b871d53e50bcffb4610fe371840da7866680c
jellium-web/fonts/served/noto-sans-sc-66-700-normal.woff2	node_modules/@fontsource/noto-sans-sc/files/noto-sans-sc-66-700-normal.woff2	fe246cb609b2d36d8bae72da20180de2ce584e77f3bb99fab21c1e3fef3ab478
jellium-web/fonts/served/noto-sans-sc-67-400-normal.woff2	node_modules/@fontsource/noto-sans-sc/files/noto-sans-sc-67-400-normal.woff2	cb12154112692c66db52f2e4fdfaa4fc113ac0b9570adaec4ee4c55cc2fbdb76
jellium-web/fonts/served/noto-sans-sc-67-700-normal.woff2	node_modules/@fontsource/noto-sans-sc/files/noto-sans-sc-67-700-normal.woff2	251a23e6ab2a0f768bf5f9603dc6c2d67acea34ef39e49dd8f23c025962b9ea5
jellium-web/fonts/served/noto-sans-sc-68-400-normal.woff2	node_modules/@fontsource/noto-sans-sc/files/noto-sans-sc-68-400-normal.woff2	e0044aa161cc01383067bcce0fa368638d1ed083753fdc5db0082e96ae3631d2
jellium-web/fonts/served/noto-sans-sc-68-700-normal.woff2	node_modules/@fontsource/noto-sans-sc/files/noto-sans-sc-68-700-normal.woff2	fa2274738ac23670f603dbd74ea636b1e0a4156d824fde185ee9b2ab4c75daf4
jellium-web/fonts/served/noto-sans-sc-69-400-normal.woff2	node_modules/@fontsource/noto-sans-sc/files/noto-sans-sc-69-400-normal.woff2	fdd9aae52145fe71b3a2ecda23f7f2ef8460dc817cca0419b2b7c97e90e00dd7
jellium-web/fonts/served/noto-sans-sc-69-700-normal.woff2	node_modules/@fontsource/noto-sans-sc/files/noto-sans-sc-69-700-normal.woff2	9fcdaffbf42a559dcec0a26df2a15d152c5986cfa18aa588df908118e9b57657
jellium-web/fonts/served/noto-sans-sc-70-400-normal.woff2	node_modules/@fontsource/noto-sans-sc/files/noto-sans-sc-70-400-normal.woff2	57884ef84983279320e75440b40c8ffc7f94d4ae2aa904f453a594baebb4dbf3
jellium-web/fonts/served/noto-sans-sc-70-700-normal.woff2	node_modules/@fontsource/noto-sans-sc/files/noto-sans-sc-70-700-normal.woff2	415b9eb2e03bbd7f174a86de06aaaf4ac800c68b72348e5534874bc5e905d36f
jellium-web/fonts/served/noto-sans-sc-71-400-normal.woff2	node_modules/@fontsource/noto-sans-sc/files/noto-sans-sc-71-400-normal.woff2	b01eb9c4a36dadd01aae9fd0679e108144a35c83d8b571b9ca7a5f3ddb8663e3
jellium-web/fonts/served/noto-sans-sc-71-700-normal.woff2	node_modules/@fontsource/noto-sans-sc/files/noto-sans-sc-71-700-normal.woff2	108869399f3d2b56b4558a746bde77a9b3690cb1e2625a5fedc173cf0ad39627
jellium-web/fonts/served/noto-sans-sc-72-400-normal.woff2	node_modules/@fontsource/noto-sans-sc/files/noto-sans-sc-72-400-normal.woff2	b7eaf718308abdb9cde6e0796981df5d66e3b6ac09ef72e0fe7cdd72226afb3b
jellium-web/fonts/served/noto-sans-sc-72-700-normal.woff2	node_modules/@fontsource/noto-sans-sc/files/noto-sans-sc-72-700-normal.woff2	b6ab65b783e79351bc3cac5525e9505092722bcef670192dacfa27864673a08d
jellium-web/fonts/served/noto-sans-sc-73-400-normal.woff2	node_modules/@fontsource/noto-sans-sc/files/noto-sans-sc-73-400-normal.woff2	c0e3c0dc21700173d1f63678e8a4e675736242344abe371a528fc3448173dbb7
jellium-web/fonts/served/noto-sans-sc-73-700-normal.woff2	node_modules/@fontsource/noto-sans-sc/files/noto-sans-sc-73-700-normal.woff2	ae585d06ff96ee8b814c33003c409f11712188c8a6716c3bf6a412b3b42a5811
jellium-web/fonts/served/noto-sans-sc-74-400-normal.woff2	node_modules/@fontsource/noto-sans-sc/files/noto-sans-sc-74-400-normal.woff2	9bd05189a915eecfeca3a047920951efc34fe4ff9acf807a953cc82424da6147
jellium-web/fonts/served/noto-sans-sc-74-700-normal.woff2	node_modules/@fontsource/noto-sans-sc/files/noto-sans-sc-74-700-normal.woff2	bc60538848057d8bdccbf0e57760c7372e3ba75a8d2d229b60e97b38ccd3ef38
jellium-web/fonts/served/noto-sans-sc-75-400-normal.woff2	node_modules/@fontsource/noto-sans-sc/files/noto-sans-sc-75-400-normal.woff2	d4bfa9e6b4acd3c4840bc74ac8846927f9b360b19523b0de39d878a1378a534e
jellium-web/fonts/served/noto-sans-sc-75-700-normal.woff2	node_modules/@fontsource/noto-sans-sc/files/noto-sans-sc-75-700-normal.woff2	6983bb720e26715e52f836b4bc9a1d135f2fb653831578e645c8042e17ddd95a
jellium-web/fonts/served/noto-sans-sc-76-400-normal.woff2	node_modules/@fontsource/noto-sans-sc/files/noto-sans-sc-76-400-normal.woff2	a8d0560ff9e88417d0e079864a47c6039dae7986cbbe85415bd8a78e4e3820ae
jellium-web/fonts/served/noto-sans-sc-76-700-normal.woff2	node_modules/@fontsource/noto-sans-sc/files/noto-sans-sc-76-700-normal.woff2	71ffae389440b1a05d8c5716646824623d55cf0ac1123f8ecc462467abbd9553
jellium-web/fonts/served/noto-sans-sc-77-400-normal.woff2	node_modules/@fontsource/noto-sans-sc/files/noto-sans-sc-77-400-normal.woff2	e7827744951cb54a9fcae95b0ecd71618f51dd292ada890c590d5ad78782a890
jellium-web/fonts/served/noto-sans-sc-77-700-normal.woff2	node_modules/@fontsource/noto-sans-sc/files/noto-sans-sc-77-700-normal.woff2	eea1d4ed0b06338ea5ef69de2123ccc31e96a85bdc0f215383c3d0c2c71f817b
jellium-web/fonts/served/noto-sans-sc-78-400-normal.woff2	node_modules/@fontsource/noto-sans-sc/files/noto-sans-sc-78-400-normal.woff2	5888533210e5b7e327e9187d67d6f87333bf8921bb25d9a1960a445bcf9a767a
jellium-web/fonts/served/noto-sans-sc-78-700-normal.woff2	node_modules/@fontsource/noto-sans-sc/files/noto-sans-sc-78-700-normal.woff2	ca74ad4edbd0bc57580af5537c525cb86e481a281c2f8a8537329e1f0bf78172
jellium-web/fonts/served/noto-sans-sc-79-400-normal.woff2	node_modules/@fontsource/noto-sans-sc/files/noto-sans-sc-79-400-normal.woff2	a956682a0067e4f0bc614dfa53cb86ea077906784254708eed56610694a48546
jellium-web/fonts/served/noto-sans-sc-79-700-normal.woff2	node_modules/@fontsource/noto-sans-sc/files/noto-sans-sc-79-700-normal.woff2	4556d4dcf4d6c39dd9be28807cd61a1a6be229777a6ab524ddbe358c235823f3
jellium-web/fonts/served/noto-sans-sc-80-400-normal.woff2	node_modules/@fontsource/noto-sans-sc/files/noto-sans-sc-80-400-normal.woff2	5eab3572e5dfc501ab8f17e54f1df1237f567b8eca1757ddcabdf74704a85ee8
jellium-web/fonts/served/noto-sans-sc-80-700-normal.woff2	node_modules/@fontsource/noto-sans-sc/files/noto-sans-sc-80-700-normal.woff2	c44af33eaa335b95c3c8beb250c40f9c268d85be6ce0a72d2f4918b4fb14b403
jellium-web/fonts/served/noto-sans-sc-81-400-normal.woff2	node_modules/@fontsource/noto-sans-sc/files/noto-sans-sc-81-400-normal.woff2	e9fd7c679cda8fd773244481d4390ebee71d0523e9a723a7fa3c243128349594
jellium-web/fonts/served/noto-sans-sc-81-700-normal.woff2	node_modules/@fontsource/noto-sans-sc/files/noto-sans-sc-81-700-normal.woff2	876b686744da080ba5d9aea87c843db3787ee15b4ebb5e6bd8d125d03021d6fe
jellium-web/fonts/served/noto-sans-sc-82-400-normal.woff2	node_modules/@fontsource/noto-sans-sc/files/noto-sans-sc-82-400-normal.woff2	70a3d11131391c5df15ec99c21d3c206562575e3e4adfb3e757aa9dc631e9415
jellium-web/fonts/served/noto-sans-sc-82-700-normal.woff2	node_modules/@fontsource/noto-sans-sc/files/noto-sans-sc-82-700-normal.woff2	744bbff5cbcbfdb9a4e4da5687bbbd9bb7fb6049bf3c33695919ea6f07bcb924
jellium-web/fonts/served/noto-sans-sc-83-400-normal.woff2	node_modules/@fontsource/noto-sans-sc/files/noto-sans-sc-83-400-normal.woff2	b412b8dc0f9e30e825c35445b725c3d5619f741fc01d757c35ffd258d581ef7b
jellium-web/fonts/served/noto-sans-sc-83-700-normal.woff2	node_modules/@fontsource/noto-sans-sc/files/noto-sans-sc-83-700-normal.woff2	a3369e5c6b746a2db117176a6a342d2a498c6f492d09c4f944e31a45e90e04cb
jellium-web/fonts/served/noto-sans-sc-84-400-normal.woff2	node_modules/@fontsource/noto-sans-sc/files/noto-sans-sc-84-400-normal.woff2	d1b5af0c20b10f416cbcab989c6a4ce295a25180d324a33763e70e60dd69bee0
jellium-web/fonts/served/noto-sans-sc-84-700-normal.woff2	node_modules/@fontsource/noto-sans-sc/files/noto-sans-sc-84-700-normal.woff2	573f80ac9ba1900a0d53ead4987ccbb98e0794442ca567f7aebbd1196c128c96
jellium-web/fonts/served/noto-sans-sc-85-400-normal.woff2	node_modules/@fontsource/noto-sans-sc/files/noto-sans-sc-85-400-normal.woff2	f6bcaef8ab8e5f9f780af09b1820c8327cd1e391f2f837489e868c310e133dd0
jellium-web/fonts/served/noto-sans-sc-85-700-normal.woff2	node_modules/@fontsource/noto-sans-sc/files/noto-sans-sc-85-700-normal.woff2	407e32dd5813d07c1190da31fb9cd173178f2a7b5a8ac122921c0cfb994744df
jellium-web/fonts/served/noto-sans-sc-86-400-normal.woff2	node_modules/@fontsource/noto-sans-sc/files/noto-sans-sc-86-400-normal.woff2	ae918e4d6d8a608f411b816d2098365e0ea33bcfc3586843aae4ab0e5215f923
jellium-web/fonts/served/noto-sans-sc-86-700-normal.woff2	node_modules/@fontsource/noto-sans-sc/files/noto-sans-sc-86-700-normal.woff2	7904604854e35d642d444147f2c118712863c558d004cbaac66af6f26594fa60
jellium-web/fonts/served/noto-sans-sc-87-400-normal.woff2	node_modules/@fontsource/noto-sans-sc/files/noto-sans-sc-87-400-normal.woff2	bfedc5f12e9b48fab4a9e33df40f8916eacc58ecc8708353f4202736214af745
jellium-web/fonts/served/noto-sans-sc-87-700-normal.woff2	node_modules/@fontsource/noto-sans-sc/files/noto-sans-sc-87-700-normal.woff2	fb24e4e583d5ce9e3e958ec0857f4e21ae4fa5927137c66ce6378dac5406f040
jellium-web/fonts/served/noto-sans-sc-88-400-normal.woff2	node_modules/@fontsource/noto-sans-sc/files/noto-sans-sc-88-400-normal.woff2	bcfdf8cf98bd6309f105f8355329db988ab89c9342bf7011468b7880d4d96cd8
jellium-web/fonts/served/noto-sans-sc-88-700-normal.woff2	node_modules/@fontsource/noto-sans-sc/files/noto-sans-sc-88-700-normal.woff2	1beabf14978bee391fc7044e8dc02d18e17f352b79803bdff0f43ef9fa270782
jellium-web/fonts/served/noto-sans-sc-89-400-normal.woff2	node_modules/@fontsource/noto-sans-sc/files/noto-sans-sc-89-400-normal.woff2	6fe0b048940f7476c957e5af8bcab55110e4b25c50a1ec35339ff1bfe971dd84
jellium-web/fonts/served/noto-sans-sc-89-700-normal.woff2	node_modules/@fontsource/noto-sans-sc/files/noto-sans-sc-89-700-normal.woff2	bd082d1acbda908a92297ade25e562352bc1fc58708139dcfdf02d7d1580658e
jellium-web/fonts/served/noto-sans-sc-90-400-normal.woff2	node_modules/@fontsource/noto-sans-sc/files/noto-sans-sc-90-400-normal.woff2	29e5f26e91a5bef53dec181db1ba48b7fbc930a3a447250c480b15f2d8b80aa2
jellium-web/fonts/served/noto-sans-sc-90-700-normal.woff2	node_modules/@fontsource/noto-sans-sc/files/noto-sans-sc-90-700-normal.woff2	456e2cfbaeba8463cbc905f1f45cb42516cf0a14bda32534ced5d007caa672ab
jellium-web/fonts/served/noto-sans-sc-91-400-normal.woff2	node_modules/@fontsource/noto-sans-sc/files/noto-sans-sc-91-400-normal.woff2	2b58832ab88ec951c9844b0d5bc0409d087269f4be2644906810848d87faabad
jellium-web/fonts/served/noto-sans-sc-91-700-normal.woff2	node_modules/@fontsource/noto-sans-sc/files/noto-sans-sc-91-700-normal.woff2	e7b101cd68fee87c9b337d5c1156f279b7efc16e65d265f0da2cc32bf75d5e41
jellium-web/fonts/served/noto-sans-sc-97-400-normal.woff2	node_modules/@fontsource/noto-sans-sc/files/noto-sans-sc-97-400-normal.woff2	080d7bb6884be3cf146348a70fa5cd912eb0b1ce64d12a0d09c541e74722f6ce
jellium-web/fonts/served/noto-sans-sc-97-700-normal.woff2	node_modules/@fontsource/noto-sans-sc/files/noto-sans-sc-97-700-normal.woff2	0f78ba01aad17aefdef91b8cedd3db9c8a57d4dd0e33ea1747c6fe880a357a0f
jellium-web/fonts/served/noto-sans-sc-98-400-normal.woff2	node_modules/@fontsource/noto-sans-sc/files/noto-sans-sc-98-400-normal.woff2	0695f65b38d373d6fe451a8104b9236a63223285438473adbfb767f36bb11b92
jellium-web/fonts/served/noto-sans-sc-98-700-normal.woff2	node_modules/@fontsource/noto-sans-sc/files/noto-sans-sc-98-700-normal.woff2	df9b5779426178b118f98837b1e00c30232f555db810ea0df71689febfd7bfd1
jellium-web/fonts/served/noto-sans-sc-99-400-normal.woff2	node_modules/@fontsource/noto-sans-sc/files/noto-sans-sc-99-400-normal.woff2	1ded3d06687b7ba7a315d4a5442431af6e69718272666abfd2b78f66fd65f327
jellium-web/fonts/served/noto-sans-sc-99-700-normal.woff2	node_modules/@fontsource/noto-sans-sc/files/noto-sans-sc-99-700-normal.woff2	473c63c9704b2306fe197f5eb454027a8a66099f02466e492de5e1be5b8192fc
jellium-web/fonts/served/noto-sans-tc-0-400-normal.woff2	node_modules/@fontsource/noto-sans-tc/files/noto-sans-tc-0-400-normal.woff2	004d7ecf92e1b92410dc48f6810be7b9aacff0ad44ecc2fbebb09978adf428b7
jellium-web/fonts/served/noto-sans-tc-0-700-normal.woff2	node_modules/@fontsource/noto-sans-tc/files/noto-sans-tc-0-700-normal.woff2	5bc9ed7e444bbfa88ad823329531f7e80c10235102d38fc0b8891e11573e5716
jellium-web/fonts/served/noto-sans-tc-100-400-normal.woff2	node_modules/@fontsource/noto-sans-tc/files/noto-sans-tc-100-400-normal.woff2	28d48e2d413b037c586277a276520c341c431a680636238dbd8aed29245ee139
jellium-web/fonts/served/noto-sans-tc-100-700-normal.woff2	node_modules/@fontsource/noto-sans-tc/files/noto-sans-tc-100-700-normal.woff2	2717bbc7190edc35b74caada07820f3cca249193909543793a89d57bc69cd8a5
jellium-web/fonts/served/noto-sans-tc-101-400-normal.woff2	node_modules/@fontsource/noto-sans-tc/files/noto-sans-tc-101-400-normal.woff2	39df362df1123fc466ee83484a535e29657b470f907fc073c1aa0bb53415ad9e
jellium-web/fonts/served/noto-sans-tc-101-700-normal.woff2	node_modules/@fontsource/noto-sans-tc/files/noto-sans-tc-101-700-normal.woff2	976db90cdc35c1f5e6922f9dd8125ec358c62f7e406d18a78e7844e3b622b4df
jellium-web/fonts/served/noto-sans-tc-102-400-normal.woff2	node_modules/@fontsource/noto-sans-tc/files/noto-sans-tc-102-400-normal.woff2	3ba3fc49278152ab76e53bdad43429cc779905d5479d21f3a378df76feb62dd1
jellium-web/fonts/served/noto-sans-tc-102-700-normal.woff2	node_modules/@fontsource/noto-sans-tc/files/noto-sans-tc-102-700-normal.woff2	e8872f11a1b2a7c7f7026ead7759b06bba7e5c7537ccb54836cab8a05c5e199e
jellium-web/fonts/served/noto-sans-tc-103-400-normal.woff2	node_modules/@fontsource/noto-sans-tc/files/noto-sans-tc-103-400-normal.woff2	059415922cbb5ac227fe8e69cf817fad0eccbef9bdbdfbb728000dc1d03b9078
jellium-web/fonts/served/noto-sans-tc-103-700-normal.woff2	node_modules/@fontsource/noto-sans-tc/files/noto-sans-tc-103-700-normal.woff2	9962b112a2cf10b793aea68fc6a6cdc184e02d37d86cff75e30088a34f36f772
jellium-web/fonts/served/noto-sans-tc-104-400-normal.woff2	node_modules/@fontsource/noto-sans-tc/files/noto-sans-tc-104-400-normal.woff2	6c3b13a3500abbe20709c9303004dd99dd250cdcb3d9991c6f805bfe6d56a860
jellium-web/fonts/served/noto-sans-tc-104-700-normal.woff2	node_modules/@fontsource/noto-sans-tc/files/noto-sans-tc-104-700-normal.woff2	242c5141be131c0731f658eb42c5baf6de93b7a7732434885a1a504fd7e954c9
jellium-web/fonts/served/noto-sans-tc-105-400-normal.woff2	node_modules/@fontsource/noto-sans-tc/files/noto-sans-tc-105-400-normal.woff2	55e419676c8121718cd9ff42e67278953247f977ceee76dba8092946759d876b
jellium-web/fonts/served/noto-sans-tc-105-700-normal.woff2	node_modules/@fontsource/noto-sans-tc/files/noto-sans-tc-105-700-normal.woff2	2a84219c4c46908cb95412f1c72a8ee85ebb09cb0730ea7644dc36f226fccee7
jellium-web/fonts/served/noto-sans-tc-106-400-normal.woff2	node_modules/@fontsource/noto-sans-tc/files/noto-sans-tc-106-400-normal.woff2	b355b943f5224ab268cf61034ff63f3c5715aa79662266abc90bb551394c92a1
jellium-web/fonts/served/noto-sans-tc-106-700-normal.woff2	node_modules/@fontsource/noto-sans-tc/files/noto-sans-tc-106-700-normal.woff2	5c9abeae927c309277b67fe50e27ccfbf0b0646118a40697331237325748d183
jellium-web/fonts/served/noto-sans-tc-107-400-normal.woff2	node_modules/@fontsource/noto-sans-tc/files/noto-sans-tc-107-400-normal.woff2	5e6f395653c0e9374ce75b567f081df94c1e97d806229e8c4693f20d28055c9e
jellium-web/fonts/served/noto-sans-tc-107-700-normal.woff2	node_modules/@fontsource/noto-sans-tc/files/noto-sans-tc-107-700-normal.woff2	693e19f072657aedde72e392685e4c6b5da7d6018a77f1f4c01328a385390a50
jellium-web/fonts/served/noto-sans-tc-108-400-normal.woff2	node_modules/@fontsource/noto-sans-tc/files/noto-sans-tc-108-400-normal.woff2	a1a6e04ca3eded034a8afbaeb5a03dde5a81aba47e9d089d19d032f8727b1b76
jellium-web/fonts/served/noto-sans-tc-108-700-normal.woff2	node_modules/@fontsource/noto-sans-tc/files/noto-sans-tc-108-700-normal.woff2	e41f9f7acb5f082409234f80a730aa10c57343ef67c2982268ebd48ca4efbc05
jellium-web/fonts/served/noto-sans-tc-109-400-normal.woff2	node_modules/@fontsource/noto-sans-tc/files/noto-sans-tc-109-400-normal.woff2	7fba30c03c725106c8394c59527914dd9abb3cc6e01434f8d393d3717ce75fb5
jellium-web/fonts/served/noto-sans-tc-109-700-normal.woff2	node_modules/@fontsource/noto-sans-tc/files/noto-sans-tc-109-700-normal.woff2	22fbb63a2429461733b4496d66574d736e53c6afd6e6d95b23519775e5ac8b10
jellium-web/fonts/served/noto-sans-tc-110-400-normal.woff2	node_modules/@fontsource/noto-sans-tc/files/noto-sans-tc-110-400-normal.woff2	5290dc1421a90bd67b05bb9c5b6cfc32487c29ff5b6e07ed8d6738f5b15305ea
jellium-web/fonts/served/noto-sans-tc-110-700-normal.woff2	node_modules/@fontsource/noto-sans-tc/files/noto-sans-tc-110-700-normal.woff2	723d8293d97a4063725fe8f199fbf407cbb5bbde2962a16ce6406ed7169d7382
jellium-web/fonts/served/noto-sans-tc-111-400-normal.woff2	node_modules/@fontsource/noto-sans-tc/files/noto-sans-tc-111-400-normal.woff2	23368b22eb27e9e843a104398067623d651c8d3b9d39a16e2318a8272056ea36
jellium-web/fonts/served/noto-sans-tc-111-700-normal.woff2	node_modules/@fontsource/noto-sans-tc/files/noto-sans-tc-111-700-normal.woff2	5c9717f66b4399ae36620c6fa24245653cd56d67762e68b16982a71aa7d408b5
jellium-web/fonts/served/noto-sans-tc-112-400-normal.woff2	node_modules/@fontsource/noto-sans-tc/files/noto-sans-tc-112-400-normal.woff2	e5e99d2289fd8f3448908e6f0389b69fb099155f7c94b4a669b5ec1bc8da843b
jellium-web/fonts/served/noto-sans-tc-112-700-normal.woff2	node_modules/@fontsource/noto-sans-tc/files/noto-sans-tc-112-700-normal.woff2	f1687f4f4393cfc070013172cac3735bcdc0dbdc86b3d068c5f4db87c6896476
jellium-web/fonts/served/noto-sans-tc-113-400-normal.woff2	node_modules/@fontsource/noto-sans-tc/files/noto-sans-tc-113-400-normal.woff2	85feb0640040898664b4266f55331c4ac0849680ddff7703dc41adede9ec378a
jellium-web/fonts/served/noto-sans-tc-113-700-normal.woff2	node_modules/@fontsource/noto-sans-tc/files/noto-sans-tc-113-700-normal.woff2	89e556a07b8d7c721806af6bd9f5198e0712e9b77f587f13190a9851755af6cb
jellium-web/fonts/served/noto-sans-tc-114-400-normal.woff2	node_modules/@fontsource/noto-sans-tc/files/noto-sans-tc-114-400-normal.woff2	2faa37161471cea3ec1eedc7f72b94a7fa02222d54a415a22307cb09656989de
jellium-web/fonts/served/noto-sans-tc-114-700-normal.woff2	node_modules/@fontsource/noto-sans-tc/files/noto-sans-tc-114-700-normal.woff2	87c2d2ac11ccf241108ca6f1edfd168875448f2a4b16903b25cff70ea35a7f83
jellium-web/fonts/served/noto-sans-tc-115-400-normal.woff2	node_modules/@fontsource/noto-sans-tc/files/noto-sans-tc-115-400-normal.woff2	8097ea5b449d430a7280a24dc1c5c26433a6bfc6165c3ee5592dc0ba4f9fe9c1
jellium-web/fonts/served/noto-sans-tc-115-700-normal.woff2	node_modules/@fontsource/noto-sans-tc/files/noto-sans-tc-115-700-normal.woff2	fb460131234940777bb38b4a650e0f67db333362d15991223a5ba7f32e8499d9
jellium-web/fonts/served/noto-sans-tc-116-400-normal.woff2	node_modules/@fontsource/noto-sans-tc/files/noto-sans-tc-116-400-normal.woff2	8db7fdc78ac4a6b028c7195fd20bc52037e6c3f496b411d9c7428b1e38ce631c
jellium-web/fonts/served/noto-sans-tc-116-700-normal.woff2	node_modules/@fontsource/noto-sans-tc/files/noto-sans-tc-116-700-normal.woff2	adabf71cea08a18d7ee9ab086e4d6de321d3462e16f65a550ab21658bc87a821
jellium-web/fonts/served/noto-sans-tc-117-400-normal.woff2	node_modules/@fontsource/noto-sans-tc/files/noto-sans-tc-117-400-normal.woff2	0cc6a0a5869461de3be6b4387c7af2da954b84cc7e490922aaa1adffc565641c
jellium-web/fonts/served/noto-sans-tc-117-700-normal.woff2	node_modules/@fontsource/noto-sans-tc/files/noto-sans-tc-117-700-normal.woff2	fcd0381ff7e26c5092f36e9bb2a2d028b9e1c124e96e5a37a644eb059d5ae450
jellium-web/fonts/served/noto-sans-tc-118-400-normal.woff2	node_modules/@fontsource/noto-sans-tc/files/noto-sans-tc-118-400-normal.woff2	018b8a77584a9ae6fb7f7ab5bcd1f6d16250da474db42f72c73309882f245812
jellium-web/fonts/served/noto-sans-tc-118-700-normal.woff2	node_modules/@fontsource/noto-sans-tc/files/noto-sans-tc-118-700-normal.woff2	62b1e7b9ef7cdfe5eeede316b87c0e0037752e4db78a54b87daf7d1a2e29a06f
jellium-web/fonts/served/noto-sans-tc-119-400-normal.woff2	node_modules/@fontsource/noto-sans-tc/files/noto-sans-tc-119-400-normal.woff2	16cef3a51d29d30d7d7a2ba508df37342595532418dcdf546d243333aba03d32
jellium-web/fonts/served/noto-sans-tc-119-700-normal.woff2	node_modules/@fontsource/noto-sans-tc/files/noto-sans-tc-119-700-normal.woff2	308a220a555dc74c17bd3501e4d86cb4080aace3f6e4422504044ef42ed3ddc6
jellium-web/fonts/served/noto-sans-tc-19-400-normal.woff2	node_modules/@fontsource/noto-sans-tc/files/noto-sans-tc-19-400-normal.woff2	0bb4db68e2c64d93343455685b36e9b9e4acf66974e83afb7060c211f6a8971a
jellium-web/fonts/served/noto-sans-tc-19-700-normal.woff2	node_modules/@fontsource/noto-sans-tc/files/noto-sans-tc-19-700-normal.woff2	0de15e267c530c0458c1a858a66e3fbdd9eb09cb71d388c986735946d9375a16
jellium-web/fonts/served/noto-sans-tc-20-400-normal.woff2	node_modules/@fontsource/noto-sans-tc/files/noto-sans-tc-20-400-normal.woff2	dcaa22adc59281b195b03efcecfa47b548880b298e7515e489416dff54ff6d94
jellium-web/fonts/served/noto-sans-tc-20-700-normal.woff2	node_modules/@fontsource/noto-sans-tc/files/noto-sans-tc-20-700-normal.woff2	f177bb5e7a4f7af21e5dd6a3c4ab3a4b5e9461ca910c08c4810d47e1cc6c2d1c
jellium-web/fonts/served/noto-sans-tc-21-400-normal.woff2	node_modules/@fontsource/noto-sans-tc/files/noto-sans-tc-21-400-normal.woff2	a3dd9a4f3ef83ea2dcd18de11c50121b16a831832606985d45ab290265a741eb
jellium-web/fonts/served/noto-sans-tc-21-700-normal.woff2	node_modules/@fontsource/noto-sans-tc/files/noto-sans-tc-21-700-normal.woff2	60a126de174dab2cbc65544cf7e3b2d516794bd4bb4c0748a3b3a7841108356e
jellium-web/fonts/served/noto-sans-tc-22-400-normal.woff2	node_modules/@fontsource/noto-sans-tc/files/noto-sans-tc-22-400-normal.woff2	949598e9e531c4d6a3eae70fc3fb741b728c7671e967ad05d6fd2e72890cefe8
jellium-web/fonts/served/noto-sans-tc-22-700-normal.woff2	node_modules/@fontsource/noto-sans-tc/files/noto-sans-tc-22-700-normal.woff2	e61e1cedaa363927ffb26af7943fc7d1e6057b4b5394a327fe91099072f0bbae
jellium-web/fonts/served/noto-sans-tc-23-400-normal.woff2	node_modules/@fontsource/noto-sans-tc/files/noto-sans-tc-23-400-normal.woff2	01eb2950073d27d65d40ccb7e0d5f0964c90da68d799594f9a46775b940821f9
jellium-web/fonts/served/noto-sans-tc-23-700-normal.woff2	node_modules/@fontsource/noto-sans-tc/files/noto-sans-tc-23-700-normal.woff2	cd722f5b2ef49b9da2f1714133126af95293305fc705cbfdf20aa72c47a1631e
jellium-web/fonts/served/noto-sans-tc-24-400-normal.woff2	node_modules/@fontsource/noto-sans-tc/files/noto-sans-tc-24-400-normal.woff2	18322585a896c0347cd7d6b860a036afc8356620e68f4b2fc6ab28ad0c21641c
jellium-web/fonts/served/noto-sans-tc-24-700-normal.woff2	node_modules/@fontsource/noto-sans-tc/files/noto-sans-tc-24-700-normal.woff2	3a3eb4c999a554ff388c9caff3055eff5e800ba78e64c90a32a9e5780a135639
jellium-web/fonts/served/noto-sans-tc-25-400-normal.woff2	node_modules/@fontsource/noto-sans-tc/files/noto-sans-tc-25-400-normal.woff2	86f74a8751fb75cd399c2b76078ffe1949e44c023016df2c1dfbeb9998d85639
jellium-web/fonts/served/noto-sans-tc-25-700-normal.woff2	node_modules/@fontsource/noto-sans-tc/files/noto-sans-tc-25-700-normal.woff2	fd9d5449764ee1133d2520816667dc325672b1c50484cf3a1451982f4d127a6d
jellium-web/fonts/served/noto-sans-tc-26-400-normal.woff2	node_modules/@fontsource/noto-sans-tc/files/noto-sans-tc-26-400-normal.woff2	cc7e2b00168d67a9354f71f558e00a6a59cdc96bdf13c43b371cf375db32cf35
jellium-web/fonts/served/noto-sans-tc-26-700-normal.woff2	node_modules/@fontsource/noto-sans-tc/files/noto-sans-tc-26-700-normal.woff2	681451d46496b3daf2ca6b6e1e617d36012d619480dc5d3a5ffa950791ce4a64
jellium-web/fonts/served/noto-sans-tc-27-400-normal.woff2	node_modules/@fontsource/noto-sans-tc/files/noto-sans-tc-27-400-normal.woff2	0e330f23ee102e737c08b538581fe5c2a9298e7e04b59af96a3db9df6561719d
jellium-web/fonts/served/noto-sans-tc-27-700-normal.woff2	node_modules/@fontsource/noto-sans-tc/files/noto-sans-tc-27-700-normal.woff2	7682fb04340352d7518391acb8413f7212fce9565c232f143279cde9844d9f57
jellium-web/fonts/served/noto-sans-tc-28-400-normal.woff2	node_modules/@fontsource/noto-sans-tc/files/noto-sans-tc-28-400-normal.woff2	2f9a2b24c9139b3840dfeb9edd3fa7410a56bf4c0354f414cc175d03fb111601
jellium-web/fonts/served/noto-sans-tc-28-700-normal.woff2	node_modules/@fontsource/noto-sans-tc/files/noto-sans-tc-28-700-normal.woff2	236a93f436d42c3e839f3547ab3965f802321aba79c3af5869dbc5437199c451
jellium-web/fonts/served/noto-sans-tc-29-400-normal.woff2	node_modules/@fontsource/noto-sans-tc/files/noto-sans-tc-29-400-normal.woff2	b4f06ead4730534fdcc4ccff19f14cfdc6b0f9b3cf8314b1a0f9d9a6cf70bd17
jellium-web/fonts/served/noto-sans-tc-29-700-normal.woff2	node_modules/@fontsource/noto-sans-tc/files/noto-sans-tc-29-700-normal.woff2	35b70ab2ae813df6ec36377cddf6baa94861a492a0dbd3a9dd95caedf80d5d1b
jellium-web/fonts/served/noto-sans-tc-30-400-normal.woff2	node_modules/@fontsource/noto-sans-tc/files/noto-sans-tc-30-400-normal.woff2	613d5f571cd9a0fe7ababfcd1ef6bb4005d9e4cf360489651498f112612fbb18
jellium-web/fonts/served/noto-sans-tc-30-700-normal.woff2	node_modules/@fontsource/noto-sans-tc/files/noto-sans-tc-30-700-normal.woff2	0ed1ed7bf556944c21dc31d673f90486608510afb0a08cd786bfbb44bb5bcf79
jellium-web/fonts/served/noto-sans-tc-31-400-normal.woff2	node_modules/@fontsource/noto-sans-tc/files/noto-sans-tc-31-400-normal.woff2	964680a82778af9bca9a6249410120643ab4f6516c7330f959c6e1bf0ecaf585
jellium-web/fonts/served/noto-sans-tc-31-700-normal.woff2	node_modules/@fontsource/noto-sans-tc/files/noto-sans-tc-31-700-normal.woff2	4c992fbf0f90abbdc10c3a757d63d69896afd6982e245875e444beecad2bd8e5
jellium-web/fonts/served/noto-sans-tc-32-400-normal.woff2	node_modules/@fontsource/noto-sans-tc/files/noto-sans-tc-32-400-normal.woff2	db4ab54e80d4e0bbe3e8f608c6b293b566d47ede2095a02de929c73898b0de4d
jellium-web/fonts/served/noto-sans-tc-32-700-normal.woff2	node_modules/@fontsource/noto-sans-tc/files/noto-sans-tc-32-700-normal.woff2	012aaa0036224cb90a443cb30c379cef758ece01e760cc95670475bd5becdf40
jellium-web/fonts/served/noto-sans-tc-33-400-normal.woff2	node_modules/@fontsource/noto-sans-tc/files/noto-sans-tc-33-400-normal.woff2	31c2ac4da017bf0a3f75044dfad7441f55110f8ec4eb3bc36bb94f716bb000e9
jellium-web/fonts/served/noto-sans-tc-33-700-normal.woff2	node_modules/@fontsource/noto-sans-tc/files/noto-sans-tc-33-700-normal.woff2	9c1de1befef1c4185a3ff42cee2cda9d0a5fece6a18593eef0180f29f476304b
jellium-web/fonts/served/noto-sans-tc-34-400-normal.woff2	node_modules/@fontsource/noto-sans-tc/files/noto-sans-tc-34-400-normal.woff2	aeaadc049a05b3aeffb0fedd10310ba27eece09eac2ef182e003df1598a0e05b
jellium-web/fonts/served/noto-sans-tc-34-700-normal.woff2	node_modules/@fontsource/noto-sans-tc/files/noto-sans-tc-34-700-normal.woff2	d2dbd318bb0dcfd62dd3f6b8d36362b7d72848b5c8dfe0f1f4b714bfa6771869
jellium-web/fonts/served/noto-sans-tc-35-400-normal.woff2	node_modules/@fontsource/noto-sans-tc/files/noto-sans-tc-35-400-normal.woff2	0efadfe82e9d00afbad1819d026dca1a3ea1154d216a715836df6ea7d9fd356e
jellium-web/fonts/served/noto-sans-tc-35-700-normal.woff2	node_modules/@fontsource/noto-sans-tc/files/noto-sans-tc-35-700-normal.woff2	bda8075d8faa8645d1d3f8ef73fab270e3a85124c25b0835eacbd524e9418c1a
jellium-web/fonts/served/noto-sans-tc-36-400-normal.woff2	node_modules/@fontsource/noto-sans-tc/files/noto-sans-tc-36-400-normal.woff2	8b1b43233b45a5434a0f0e598f25b94e1be9d711b6f3e2b3df7bb65224415a5e
jellium-web/fonts/served/noto-sans-tc-36-700-normal.woff2	node_modules/@fontsource/noto-sans-tc/files/noto-sans-tc-36-700-normal.woff2	7bc62871e7f5975125b916ba1762847c698192668d1c66a1b83c24fd694120a3
jellium-web/fonts/served/noto-sans-tc-37-400-normal.woff2	node_modules/@fontsource/noto-sans-tc/files/noto-sans-tc-37-400-normal.woff2	7fc0ae98f24002fe88b764e6456c3a1696a74e636e8a946ab75564125be9b588
jellium-web/fonts/served/noto-sans-tc-37-700-normal.woff2	node_modules/@fontsource/noto-sans-tc/files/noto-sans-tc-37-700-normal.woff2	b21bf498673f6fde9d01c1dc03e0251f3ebf5b6144847ae15520ac75733be89e
jellium-web/fonts/served/noto-sans-tc-38-400-normal.woff2	node_modules/@fontsource/noto-sans-tc/files/noto-sans-tc-38-400-normal.woff2	4d78031aa22c94a8a7b839ca540d7e57d474300d2e28d4e48f32207a95f8e902
jellium-web/fonts/served/noto-sans-tc-38-700-normal.woff2	node_modules/@fontsource/noto-sans-tc/files/noto-sans-tc-38-700-normal.woff2	72cd5551deb935b57ae44181cbd1bb68e6d778778fb397d23167e887557d4ecf
jellium-web/fonts/served/noto-sans-tc-39-400-normal.woff2	node_modules/@fontsource/noto-sans-tc/files/noto-sans-tc-39-400-normal.woff2	3e12c1214774a54a8c8c274abfd4978fa29e4f088ae1b41ac36ad9260f787484
jellium-web/fonts/served/noto-sans-tc-39-700-normal.woff2	node_modules/@fontsource/noto-sans-tc/files/noto-sans-tc-39-700-normal.woff2	25727375c9536e93748a6169eebf8df4c558919cb3f8015bfb70c02733baffce
jellium-web/fonts/served/noto-sans-tc-40-400-normal.woff2	node_modules/@fontsource/noto-sans-tc/files/noto-sans-tc-40-400-normal.woff2	bae4db8abfda4a51d079fa72c33ec93eeb407b39d2d186da849a2696f6ae1014
jellium-web/fonts/served/noto-sans-tc-40-700-normal.woff2	node_modules/@fontsource/noto-sans-tc/files/noto-sans-tc-40-700-normal.woff2	e4942680e344236f2a37ee5591cfbd66a4db2abc269431043d3dbd8e1ef2b9e8
jellium-web/fonts/served/noto-sans-tc-41-400-normal.woff2	node_modules/@fontsource/noto-sans-tc/files/noto-sans-tc-41-400-normal.woff2	be08294f292c90806d0629770b6fe88d9ab3b6ab269ed5e38f1acf82902f8492
jellium-web/fonts/served/noto-sans-tc-41-700-normal.woff2	node_modules/@fontsource/noto-sans-tc/files/noto-sans-tc-41-700-normal.woff2	fa9d175dbc29be159366b689794f590b88fcf8406f6827bf2f54f87006ea0943
jellium-web/fonts/served/noto-sans-tc-42-400-normal.woff2	node_modules/@fontsource/noto-sans-tc/files/noto-sans-tc-42-400-normal.woff2	80492ee2b8870f072c2d397f0cf1b349d6fb83c4e94f790969b858d7bc7c874e
jellium-web/fonts/served/noto-sans-tc-42-700-normal.woff2	node_modules/@fontsource/noto-sans-tc/files/noto-sans-tc-42-700-normal.woff2	775f3af4207f9fe6efc864a67a44c7128d1a99e4f49ddc6806ea4699f0f0fa37
jellium-web/fonts/served/noto-sans-tc-43-400-normal.woff2	node_modules/@fontsource/noto-sans-tc/files/noto-sans-tc-43-400-normal.woff2	25e248aadc2a92dbb9624ded8b427c75bb4680d5532033310e5cb136c17629d1
jellium-web/fonts/served/noto-sans-tc-43-700-normal.woff2	node_modules/@fontsource/noto-sans-tc/files/noto-sans-tc-43-700-normal.woff2	82ba90a3d7f0d2536acf23738203f9a02a3af834dfc777aee94e562b4b7bc10d
jellium-web/fonts/served/noto-sans-tc-44-400-normal.woff2	node_modules/@fontsource/noto-sans-tc/files/noto-sans-tc-44-400-normal.woff2	8e1ca4360811040c0ff2af8f46e3ed1b4da34f3bfa7ed0d842f4f10403d8b11c
jellium-web/fonts/served/noto-sans-tc-44-700-normal.woff2	node_modules/@fontsource/noto-sans-tc/files/noto-sans-tc-44-700-normal.woff2	e0ec27a86d10d9650339a19dff51a1f1dc175555e7fb19885f1e8a1d74379254
jellium-web/fonts/served/noto-sans-tc-45-400-normal.woff2	node_modules/@fontsource/noto-sans-tc/files/noto-sans-tc-45-400-normal.woff2	22552ae2ea9da8736e1a6c0900859eee9198e99c3c764d30482e1966c6cc18c2
jellium-web/fonts/served/noto-sans-tc-45-700-normal.woff2	node_modules/@fontsource/noto-sans-tc/files/noto-sans-tc-45-700-normal.woff2	6d55ab20d3608dd2d10fa2f77cacfc7400d21c9f59a65c7f69128dbe718f275d
jellium-web/fonts/served/noto-sans-tc-46-400-normal.woff2	node_modules/@fontsource/noto-sans-tc/files/noto-sans-tc-46-400-normal.woff2	bd48acce3e19c6d4cb50c0e32f997c9ff96b906d33d8d2b0e2f3a6b0aefa2781
jellium-web/fonts/served/noto-sans-tc-46-700-normal.woff2	node_modules/@fontsource/noto-sans-tc/files/noto-sans-tc-46-700-normal.woff2	a2c76cfe444d5095a9ab789bb1ff1ab67d8a264c90828d9e00a6be9f066c42ae
jellium-web/fonts/served/noto-sans-tc-47-400-normal.woff2	node_modules/@fontsource/noto-sans-tc/files/noto-sans-tc-47-400-normal.woff2	e9bd6eda3df189381b36656e05bd7fa8f580cfa141548283752b71433f250fea
jellium-web/fonts/served/noto-sans-tc-47-700-normal.woff2	node_modules/@fontsource/noto-sans-tc/files/noto-sans-tc-47-700-normal.woff2	0dd32fd2a8d230eab195b82cda3d73cb5008a2337508e7dec3cb84cd26facea2
jellium-web/fonts/served/noto-sans-tc-48-400-normal.woff2	node_modules/@fontsource/noto-sans-tc/files/noto-sans-tc-48-400-normal.woff2	9eab34e8248168c8b01ae9bef75a4756e1ad0c5f2b5c7dfe948b89d0b2170de2
jellium-web/fonts/served/noto-sans-tc-48-700-normal.woff2	node_modules/@fontsource/noto-sans-tc/files/noto-sans-tc-48-700-normal.woff2	90b4eda2ba6efa5e4443dc135a1ef84cd4b0b632bfb095efa3a07ed64db697c9
jellium-web/fonts/served/noto-sans-tc-49-400-normal.woff2	node_modules/@fontsource/noto-sans-tc/files/noto-sans-tc-49-400-normal.woff2	2299d8898b074faf1ee6c308a338e28e9aead6babefc1aea2f803b2c4c9c56ab
jellium-web/fonts/served/noto-sans-tc-49-700-normal.woff2	node_modules/@fontsource/noto-sans-tc/files/noto-sans-tc-49-700-normal.woff2	758d317adfce807844fa48d265e41154920deabe4eea1742a56ebde81782f27f
jellium-web/fonts/served/noto-sans-tc-50-400-normal.woff2	node_modules/@fontsource/noto-sans-tc/files/noto-sans-tc-50-400-normal.woff2	ab6f0c0d682b363623da788597c7f9df41d5c27124d720683f45dbd0c2a2ac63
jellium-web/fonts/served/noto-sans-tc-50-700-normal.woff2	node_modules/@fontsource/noto-sans-tc/files/noto-sans-tc-50-700-normal.woff2	6863afb904a5fed3bce07a9ce60f6f228c4a89c3b993c01861bbc4ab5f51d13f
jellium-web/fonts/served/noto-sans-tc-51-400-normal.woff2	node_modules/@fontsource/noto-sans-tc/files/noto-sans-tc-51-400-normal.woff2	bb544502d16cd02c7a0c64588ebe433dcba9d4ca5486f07c3e53d027bff3d4bd
jellium-web/fonts/served/noto-sans-tc-51-700-normal.woff2	node_modules/@fontsource/noto-sans-tc/files/noto-sans-tc-51-700-normal.woff2	337e7e81e905f35cc41bd1fc8671c2500f2d5965e83dcede9413949e9822e309
jellium-web/fonts/served/noto-sans-tc-52-400-normal.woff2	node_modules/@fontsource/noto-sans-tc/files/noto-sans-tc-52-400-normal.woff2	62ec09279d4f56dba2b591091040916433330acab860b31aa89eff4f938a610e
jellium-web/fonts/served/noto-sans-tc-52-700-normal.woff2	node_modules/@fontsource/noto-sans-tc/files/noto-sans-tc-52-700-normal.woff2	87cf03a090a018f934a751092575bd3933914c20500e66fad6c3317ee03647bf
jellium-web/fonts/served/noto-sans-tc-53-400-normal.woff2	node_modules/@fontsource/noto-sans-tc/files/noto-sans-tc-53-400-normal.woff2	dc42c4b0cd28e0c30de52e2b9a6b096f05db63c178d919e892137b5f0e00e07a
jellium-web/fonts/served/noto-sans-tc-53-700-normal.woff2	node_modules/@fontsource/noto-sans-tc/files/noto-sans-tc-53-700-normal.woff2	2b35e4fcb5f0eca5db74a9e541d96ccb00cce0d80e9bb9fbfa4f8fe46e2204f0
jellium-web/fonts/served/noto-sans-tc-54-400-normal.woff2	node_modules/@fontsource/noto-sans-tc/files/noto-sans-tc-54-400-normal.woff2	fda874d492b8735eb17d175dd62ec077c563fc4ba0ec9bba600bcb8958ac5e3d
jellium-web/fonts/served/noto-sans-tc-54-700-normal.woff2	node_modules/@fontsource/noto-sans-tc/files/noto-sans-tc-54-700-normal.woff2	811bfed1c7f356962b1d4833f848f58c49a74308a68cf10d2e3b919a637b5644
jellium-web/fonts/served/noto-sans-tc-55-400-normal.woff2	node_modules/@fontsource/noto-sans-tc/files/noto-sans-tc-55-400-normal.woff2	43f0d3b3e9139f2b6c0d28131d9adbd2d2f61b39a45961900ee8bf3da9110fc1
jellium-web/fonts/served/noto-sans-tc-55-700-normal.woff2	node_modules/@fontsource/noto-sans-tc/files/noto-sans-tc-55-700-normal.woff2	9b202e536a4d461c4e9dba6a7b2a066b8ea7134cfadf26a3578730ddda599936
jellium-web/fonts/served/noto-sans-tc-56-400-normal.woff2	node_modules/@fontsource/noto-sans-tc/files/noto-sans-tc-56-400-normal.woff2	a58d4ff752e5ee6c3f40d5c59246ffd16ad63cef35fc42a8f25d2710bdfac52e
jellium-web/fonts/served/noto-sans-tc-56-700-normal.woff2	node_modules/@fontsource/noto-sans-tc/files/noto-sans-tc-56-700-normal.woff2	d8b4983396516aaeb48c88933c86c1f5e2ee18ef5b26c8e1465a4927a03429c0
jellium-web/fonts/served/noto-sans-tc-57-400-normal.woff2	node_modules/@fontsource/noto-sans-tc/files/noto-sans-tc-57-400-normal.woff2	21e4298857fb2d8009689fd07cd4cb1f85e2c6c0de46692582b2a732c4f0e8de
jellium-web/fonts/served/noto-sans-tc-57-700-normal.woff2	node_modules/@fontsource/noto-sans-tc/files/noto-sans-tc-57-700-normal.woff2	4effd0423795f9c37b7a1d9240ddaf8c8b772cf4e1e993147d3e4256911b16d7
jellium-web/fonts/served/noto-sans-tc-58-400-normal.woff2	node_modules/@fontsource/noto-sans-tc/files/noto-sans-tc-58-400-normal.woff2	2479b16cf3d8b6523dcd536bd9f9dc30bf731fc09043f49469729564045b9850
jellium-web/fonts/served/noto-sans-tc-58-700-normal.woff2	node_modules/@fontsource/noto-sans-tc/files/noto-sans-tc-58-700-normal.woff2	08b56ec09263a11ca21a2a699b1f9948f9d2df824db8fe6f4ff241562d3bb36d
jellium-web/fonts/served/noto-sans-tc-59-400-normal.woff2	node_modules/@fontsource/noto-sans-tc/files/noto-sans-tc-59-400-normal.woff2	2f5c674466a0fff57f5e134c23aac8082c6411cf159659e2d1adad6743c84ffc
jellium-web/fonts/served/noto-sans-tc-59-700-normal.woff2	node_modules/@fontsource/noto-sans-tc/files/noto-sans-tc-59-700-normal.woff2	1db63ef90fc4fdbe9eae2e78fa969d11759db037376a5d681afa576a013c8d99
jellium-web/fonts/served/noto-sans-tc-6-400-normal.woff2	node_modules/@fontsource/noto-sans-tc/files/noto-sans-tc-6-400-normal.woff2	b7529fef413ff0556c8a3d3adbb8b53a56c18a030d7d5a97bbbc76566960cb21
jellium-web/fonts/served/noto-sans-tc-6-700-normal.woff2	node_modules/@fontsource/noto-sans-tc/files/noto-sans-tc-6-700-normal.woff2	d50dcc348f6cfe9a6a1ee9d9362a0889621f6e715daba9621e8b095ed99e9100
jellium-web/fonts/served/noto-sans-tc-60-400-normal.woff2	node_modules/@fontsource/noto-sans-tc/files/noto-sans-tc-60-400-normal.woff2	c65412bfb35020b969b07bbb01988f506ab5d3e1822776e8ee8b89242ff564f8
jellium-web/fonts/served/noto-sans-tc-60-700-normal.woff2	node_modules/@fontsource/noto-sans-tc/files/noto-sans-tc-60-700-normal.woff2	a7256977a82f61486197c0a248285de40a045f410dffd1130b9bc4804d31e7fe
jellium-web/fonts/served/noto-sans-tc-61-400-normal.woff2	node_modules/@fontsource/noto-sans-tc/files/noto-sans-tc-61-400-normal.woff2	f26db6b53be6c66fe2244b048f9b5df1b9df4be9d7f5f1b8112403b6416c63e2
jellium-web/fonts/served/noto-sans-tc-61-700-normal.woff2	node_modules/@fontsource/noto-sans-tc/files/noto-sans-tc-61-700-normal.woff2	30bdf09b497d3882f0c22c08f0950abc216cbb4a199022f67a471edc2fafe81f
jellium-web/fonts/served/noto-sans-tc-62-400-normal.woff2	node_modules/@fontsource/noto-sans-tc/files/noto-sans-tc-62-400-normal.woff2	c45d2a3e205d0a0aaff21aee8242331c1bf8c298b6c531412be85b36c4aa03f2
jellium-web/fonts/served/noto-sans-tc-62-700-normal.woff2	node_modules/@fontsource/noto-sans-tc/files/noto-sans-tc-62-700-normal.woff2	b7cb6526e7b46583b59f7396f07cac48d6e3c65a1c95ef999616b162604eebdc
jellium-web/fonts/served/noto-sans-tc-63-400-normal.woff2	node_modules/@fontsource/noto-sans-tc/files/noto-sans-tc-63-400-normal.woff2	3aff5fb8b0907164c37db7ed6524b7d923b50b21f62bf0239d4561deaadd2744
jellium-web/fonts/served/noto-sans-tc-63-700-normal.woff2	node_modules/@fontsource/noto-sans-tc/files/noto-sans-tc-63-700-normal.woff2	7f8594e54d741db0d9d8e9c0adecd6c0135dd1cb3260cf2eb17cfe4c4b3d4c88
jellium-web/fonts/served/noto-sans-tc-64-400-normal.woff2	node_modules/@fontsource/noto-sans-tc/files/noto-sans-tc-64-400-normal.woff2	97adb8421210cbbeddb23dbe04ea7b78a08dec7d9dc9e34413ef96c0d237fa64
jellium-web/fonts/served/noto-sans-tc-64-700-normal.woff2	node_modules/@fontsource/noto-sans-tc/files/noto-sans-tc-64-700-normal.woff2	b5f15c9651e37694e238b8ab9c94cef53640887c9145b90f8d347ad1c2ca00d9
jellium-web/fonts/served/noto-sans-tc-65-400-normal.woff2	node_modules/@fontsource/noto-sans-tc/files/noto-sans-tc-65-400-normal.woff2	3a6480f1f74859c7790514f9eed4bf368a088435ef9779aec93daf53a96122d2
jellium-web/fonts/served/noto-sans-tc-65-700-normal.woff2	node_modules/@fontsource/noto-sans-tc/files/noto-sans-tc-65-700-normal.woff2	a50dde37e4e5c3a329aaf87698def06aea802e4c9b3649e156363aa78fdc3193
jellium-web/fonts/served/noto-sans-tc-66-400-normal.woff2	node_modules/@fontsource/noto-sans-tc/files/noto-sans-tc-66-400-normal.woff2	5e7a60223da7bec81cc3c7314a4b7467e060e84a289d81f244bb8a81eb1a3bf5
jellium-web/fonts/served/noto-sans-tc-66-700-normal.woff2	node_modules/@fontsource/noto-sans-tc/files/noto-sans-tc-66-700-normal.woff2	c34d84acc94c0c88d3d9aa44a894531f2c39070fe7fd0c04999563a2c58d421f
jellium-web/fonts/served/noto-sans-tc-67-400-normal.woff2	node_modules/@fontsource/noto-sans-tc/files/noto-sans-tc-67-400-normal.woff2	e3332b26dfb320ef305c6c18f409f3fb8e11e993eedf6ab8893cb04204797522
jellium-web/fonts/served/noto-sans-tc-67-700-normal.woff2	node_modules/@fontsource/noto-sans-tc/files/noto-sans-tc-67-700-normal.woff2	121b99f3eb9ee0a652efade8d38af4aca8d67f26cd0cbaa0b93af7cf7ba338b7
jellium-web/fonts/served/noto-sans-tc-68-400-normal.woff2	node_modules/@fontsource/noto-sans-tc/files/noto-sans-tc-68-400-normal.woff2	b808cb53d32eda3811af4b0390a9313969164833b76743c477e7bf17f5576f87
jellium-web/fonts/served/noto-sans-tc-68-700-normal.woff2	node_modules/@fontsource/noto-sans-tc/files/noto-sans-tc-68-700-normal.woff2	df2c44611495afc83f7831c3a925bd98062cd67a9471f171d2f5dda125daacb4
jellium-web/fonts/served/noto-sans-tc-69-400-normal.woff2	node_modules/@fontsource/noto-sans-tc/files/noto-sans-tc-69-400-normal.woff2	06c81cf7d1b67d11a3b1dbb9ed136edf82fa59dc9d3ee0108acedb5255a9c984
jellium-web/fonts/served/noto-sans-tc-69-700-normal.woff2	node_modules/@fontsource/noto-sans-tc/files/noto-sans-tc-69-700-normal.woff2	83e8ae88602996cc43b8258738e8196b328ad806fb34685ce6f1a7b7a1511d7d
jellium-web/fonts/served/noto-sans-tc-7-400-normal.woff2	node_modules/@fontsource/noto-sans-tc/files/noto-sans-tc-7-400-normal.woff2	ef196fddec9285273482556ecb3b0dd1c3bfe216cd9f2cc72bf1ef54e1eed03a
jellium-web/fonts/served/noto-sans-tc-7-700-normal.woff2	node_modules/@fontsource/noto-sans-tc/files/noto-sans-tc-7-700-normal.woff2	e5570536209224beecc4de9bf0c43889598deb12742727c3e12477ad9f2351ea
jellium-web/fonts/served/noto-sans-tc-70-400-normal.woff2	node_modules/@fontsource/noto-sans-tc/files/noto-sans-tc-70-400-normal.woff2	0e8793056eda3dadb2fd1c431ed7d756ef9b01bc92490dce1b7109758403dc71
jellium-web/fonts/served/noto-sans-tc-70-700-normal.woff2	node_modules/@fontsource/noto-sans-tc/files/noto-sans-tc-70-700-normal.woff2	06728efb6cef50194367cbe18be6a39b24cbbe02b9ef98bc47dcc6a83db140b8
jellium-web/fonts/served/noto-sans-tc-71-400-normal.woff2	node_modules/@fontsource/noto-sans-tc/files/noto-sans-tc-71-400-normal.woff2	816de735c20424bce2bd9429cc0c232b7ffe18b8143131f1b250b57b98796aa1
jellium-web/fonts/served/noto-sans-tc-71-700-normal.woff2	node_modules/@fontsource/noto-sans-tc/files/noto-sans-tc-71-700-normal.woff2	763467547d528fe18cebcc616846488546498848e844886552c3024fb5161409
jellium-web/fonts/served/noto-sans-tc-72-400-normal.woff2	node_modules/@fontsource/noto-sans-tc/files/noto-sans-tc-72-400-normal.woff2	b1d26c1629c0fe8b1dae0fef941d22402a5ddc0d1240a5f602e2e179b9f738c5
jellium-web/fonts/served/noto-sans-tc-72-700-normal.woff2	node_modules/@fontsource/noto-sans-tc/files/noto-sans-tc-72-700-normal.woff2	edc69de1bc5782165c7361789a129f7010c9194759b331588029681f800d77a2
jellium-web/fonts/served/noto-sans-tc-73-400-normal.woff2	node_modules/@fontsource/noto-sans-tc/files/noto-sans-tc-73-400-normal.woff2	0883f3ab51ebdff20b216be033f60c99756d7106b4ef47e94e871f5161f42e8b
jellium-web/fonts/served/noto-sans-tc-73-700-normal.woff2	node_modules/@fontsource/noto-sans-tc/files/noto-sans-tc-73-700-normal.woff2	72201359338c20da4999036e99baef7a40bfa3d66fc8293a1107cd2b4a572c7f
jellium-web/fonts/served/noto-sans-tc-74-400-normal.woff2	node_modules/@fontsource/noto-sans-tc/files/noto-sans-tc-74-400-normal.woff2	43024d538add90cc64e700e1469eceb29dc8753c540ad51b0b6ac3afd3e147fa
jellium-web/fonts/served/noto-sans-tc-74-700-normal.woff2	node_modules/@fontsource/noto-sans-tc/files/noto-sans-tc-74-700-normal.woff2	6917a336e29ae8f6e6a420ed24bc0e56e3fb8fa57d196d21486660ae2913d20e
jellium-web/fonts/served/noto-sans-tc-75-400-normal.woff2	node_modules/@fontsource/noto-sans-tc/files/noto-sans-tc-75-400-normal.woff2	956bc50e4083209fc1b30dcb9664e74720511299492e5deca341b01e6d9da324
jellium-web/fonts/served/noto-sans-tc-75-700-normal.woff2	node_modules/@fontsource/noto-sans-tc/files/noto-sans-tc-75-700-normal.woff2	7f783ecf1d72bdd7e6095c5a33d39441a6019f47cda32b8135676f3b13273c95
jellium-web/fonts/served/noto-sans-tc-76-400-normal.woff2	node_modules/@fontsource/noto-sans-tc/files/noto-sans-tc-76-400-normal.woff2	e11a6fb26941e41dc47b7963524ed7dc7bbbf75c1ab8fdbb31240096a1b172f2
jellium-web/fonts/served/noto-sans-tc-76-700-normal.woff2	node_modules/@fontsource/noto-sans-tc/files/noto-sans-tc-76-700-normal.woff2	1260f43690eec6677a8b9fd6d9f566e872d3e66cea5ae9b2a6629f8cf8ec6304
jellium-web/fonts/served/noto-sans-tc-77-400-normal.woff2	node_modules/@fontsource/noto-sans-tc/files/noto-sans-tc-77-400-normal.woff2	80d570ac5b36fe3253eb1994fc23d9ebc8a3a6668bfc7dfd859109ae535cfd66
jellium-web/fonts/served/noto-sans-tc-77-700-normal.woff2	node_modules/@fontsource/noto-sans-tc/files/noto-sans-tc-77-700-normal.woff2	c0bd0507b58d52e319bb7644bbb2e1cb4f725e4324baeb74a41e1705d86a8351
jellium-web/fonts/served/noto-sans-tc-78-400-normal.woff2	node_modules/@fontsource/noto-sans-tc/files/noto-sans-tc-78-400-normal.woff2	41af2c358a834c364cdcb189a3b0b68c6e651814bb109cff04c619b59d3b08ed
jellium-web/fonts/served/noto-sans-tc-78-700-normal.woff2	node_modules/@fontsource/noto-sans-tc/files/noto-sans-tc-78-700-normal.woff2	7cba8fdf2ac5f51d8d2844c006aa7112922d489217e8d90aa1f4bef81d985acd
jellium-web/fonts/served/noto-sans-tc-79-400-normal.woff2	node_modules/@fontsource/noto-sans-tc/files/noto-sans-tc-79-400-normal.woff2	f97a59a4911738245621571d070b05668b5f73b5faea2761c8abfbc3153e8179
jellium-web/fonts/served/noto-sans-tc-79-700-normal.woff2	node_modules/@fontsource/noto-sans-tc/files/noto-sans-tc-79-700-normal.woff2	e45a04ed32eca1cf64fe5b482ccff8992ebc68ab1f475ab2def9ab7b53080789
jellium-web/fonts/served/noto-sans-tc-8-400-normal.woff2	node_modules/@fontsource/noto-sans-tc/files/noto-sans-tc-8-400-normal.woff2	0d7f9f13fea6de6ce2156546a689fc7ff7b7d9c6ab37c2c57ab71b8f9c61158c
jellium-web/fonts/served/noto-sans-tc-8-700-normal.woff2	node_modules/@fontsource/noto-sans-tc/files/noto-sans-tc-8-700-normal.woff2	0498580aa3a9ccccae8917f515bb8b9c8af63834a5bef363cd242ec95f28ed35
jellium-web/fonts/served/noto-sans-tc-80-400-normal.woff2	node_modules/@fontsource/noto-sans-tc/files/noto-sans-tc-80-400-normal.woff2	2bb9363f1590c1ae4a613b39883721bdc3869439e58ecc0da113e33c96aff9fb
jellium-web/fonts/served/noto-sans-tc-80-700-normal.woff2	node_modules/@fontsource/noto-sans-tc/files/noto-sans-tc-80-700-normal.woff2	acd07981d454c34e945fe1fdadba2859e5e1d4325646ce330196d59cb3094384
jellium-web/fonts/served/noto-sans-tc-81-400-normal.woff2	node_modules/@fontsource/noto-sans-tc/files/noto-sans-tc-81-400-normal.woff2	3ea3095124c2955a61cbd727111dff56ceb5d3747e24709e31f3741ef4de16c3
jellium-web/fonts/served/noto-sans-tc-81-700-normal.woff2	node_modules/@fontsource/noto-sans-tc/files/noto-sans-tc-81-700-normal.woff2	e8018586811d96e5f60b5a4d587902f4a81d1becfb3c1374bcaf8a5999d4fc6a
jellium-web/fonts/served/noto-sans-tc-82-400-normal.woff2	node_modules/@fontsource/noto-sans-tc/files/noto-sans-tc-82-400-normal.woff2	150e13caae3182f1d3d26f3e3d9b65780b61eb73e8c8540b793201810d34985b
jellium-web/fonts/served/noto-sans-tc-82-700-normal.woff2	node_modules/@fontsource/noto-sans-tc/files/noto-sans-tc-82-700-normal.woff2	32fd68e3d20c03c863497f2649f9ea00a394a7532ccf8d63e0cff2c4485780f6
jellium-web/fonts/served/noto-sans-tc-83-400-normal.woff2	node_modules/@fontsource/noto-sans-tc/files/noto-sans-tc-83-400-normal.woff2	5e01b87477b9d67cf90596a4bf4a14547efc0ab7eea14848b76a6a03be29db75
jellium-web/fonts/served/noto-sans-tc-83-700-normal.woff2	node_modules/@fontsource/noto-sans-tc/files/noto-sans-tc-83-700-normal.woff2	d4e9240d1ec8328bf5be1f1daa175996dc9ccb3b351da3b6257220d6ff6e778f
jellium-web/fonts/served/noto-sans-tc-84-400-normal.woff2	node_modules/@fontsource/noto-sans-tc/files/noto-sans-tc-84-400-normal.woff2	e91ff58ce4512b57bdf5a47cea246a9634e842b7cb1ed9c96edf447139be3ed7
jellium-web/fonts/served/noto-sans-tc-84-700-normal.woff2	node_modules/@fontsource/noto-sans-tc/files/noto-sans-tc-84-700-normal.woff2	840361f40cb2a0959601f855f32ff090631b39bea4bf6e278cb42729f6d5b290
jellium-web/fonts/served/noto-sans-tc-85-400-normal.woff2	node_modules/@fontsource/noto-sans-tc/files/noto-sans-tc-85-400-normal.woff2	60a445466d80d163b0c32543b45acf57c513e286f719da3794706c17bba6ae10
jellium-web/fonts/served/noto-sans-tc-85-700-normal.woff2	node_modules/@fontsource/noto-sans-tc/files/noto-sans-tc-85-700-normal.woff2	b2f219e591711933a5b12a3ee9b1268db72be247ac0371024697331dc8a94192
jellium-web/fonts/served/noto-sans-tc-86-400-normal.woff2	node_modules/@fontsource/noto-sans-tc/files/noto-sans-tc-86-400-normal.woff2	24a9cd16ad7bf6fe802760ebc17097ae10770fa61bfa60cffc1278a7823fe24f
jellium-web/fonts/served/noto-sans-tc-86-700-normal.woff2	node_modules/@fontsource/noto-sans-tc/files/noto-sans-tc-86-700-normal.woff2	b9e82207e4d487434a0e6007a3fac7879d17ec5473045ae0f43d344609c1585d
jellium-web/fonts/served/noto-sans-tc-87-400-normal.woff2	node_modules/@fontsource/noto-sans-tc/files/noto-sans-tc-87-400-normal.woff2	a58472bca0e3ac13fb4f9648fbca07d74799fddeaa3882e50bf81a71383e4346
jellium-web/fonts/served/noto-sans-tc-87-700-normal.woff2	node_modules/@fontsource/noto-sans-tc/files/noto-sans-tc-87-700-normal.woff2	c67b28f424009b63aaa9c400ca33720639be3e17251adfd2da0593fb2c8cf944
jellium-web/fonts/served/noto-sans-tc-88-400-normal.woff2	node_modules/@fontsource/noto-sans-tc/files/noto-sans-tc-88-400-normal.woff2	867a088bd27875668ef5d9e88ebaa14ffff082b6e52ddac2876b19c508e7ed8d
jellium-web/fonts/served/noto-sans-tc-88-700-normal.woff2	node_modules/@fontsource/noto-sans-tc/files/noto-sans-tc-88-700-normal.woff2	9a7723a9d2a3a7dec75c0c1f94f9a906f40f7fa50eef53541ab04d4059d79739
jellium-web/fonts/served/noto-sans-tc-89-400-normal.woff2	node_modules/@fontsource/noto-sans-tc/files/noto-sans-tc-89-400-normal.woff2	6cdf05ca342280cdf4841485823260a8d0657b8ab177d60e18aa1da9be7f6dfd
jellium-web/fonts/served/noto-sans-tc-89-700-normal.woff2	node_modules/@fontsource/noto-sans-tc/files/noto-sans-tc-89-700-normal.woff2	e97df9eb5581302b8fb8a1df7aa067be349cf70c71c08b6800714a9ea8d851d4
jellium-web/fonts/served/noto-sans-tc-90-400-normal.woff2	node_modules/@fontsource/noto-sans-tc/files/noto-sans-tc-90-400-normal.woff2	54141472a6c1a201e967b135fa02076e01f69b63d892b8d27a010348c869a06d
jellium-web/fonts/served/noto-sans-tc-90-700-normal.woff2	node_modules/@fontsource/noto-sans-tc/files/noto-sans-tc-90-700-normal.woff2	6eb7d7cfabe569f89916f2bcb5331e3096193c8f223c7edd39fdd163ee5c9a65
jellium-web/fonts/served/noto-sans-tc-91-400-normal.woff2	node_modules/@fontsource/noto-sans-tc/files/noto-sans-tc-91-400-normal.woff2	7ae33b41050fd60a6bcbdb6a786c5697587f47ee676dd8e1831fff6da9448ead
jellium-web/fonts/served/noto-sans-tc-91-700-normal.woff2	node_modules/@fontsource/noto-sans-tc/files/noto-sans-tc-91-700-normal.woff2	f1ee9882c873d93f3491af7f3350de85ebe984a3985c9f9fc472cc4649c08640
jellium-web/fonts/served/noto-sans-tc-92-400-normal.woff2	node_modules/@fontsource/noto-sans-tc/files/noto-sans-tc-92-400-normal.woff2	d0d3adb6d4eeb449ac9dca0a2c05790cd34d1df8d9df034ed406ec553d58944c
jellium-web/fonts/served/noto-sans-tc-92-700-normal.woff2	node_modules/@fontsource/noto-sans-tc/files/noto-sans-tc-92-700-normal.woff2	6801120a942106c69534e6dc64ffbf8926367ec568233b41c5de6809309d470a
jellium-web/fonts/served/noto-sans-tc-97-400-normal.woff2	node_modules/@fontsource/noto-sans-tc/files/noto-sans-tc-97-400-normal.woff2	90bd541283571ed25dd1d26dd1e5963033d33f85987f392cde6a5f82044e4571
jellium-web/fonts/served/noto-sans-tc-97-700-normal.woff2	node_modules/@fontsource/noto-sans-tc/files/noto-sans-tc-97-700-normal.woff2	e3b1b02823ab8fd9cae8da8ff5d508199ed0802aef93d2b644c3f82fba1c6b83
jellium-web/fonts/served/noto-sans-tc-98-400-normal.woff2	node_modules/@fontsource/noto-sans-tc/files/noto-sans-tc-98-400-normal.woff2	2f0350e5dce2e2d2da6986ae7dfa6df13a320b25752357a059bad1489b11da19
jellium-web/fonts/served/noto-sans-tc-98-700-normal.woff2	node_modules/@fontsource/noto-sans-tc/files/noto-sans-tc-98-700-normal.woff2	0c5b9819d9568967e5f0330a755e1abe834995a3e93167ef3cee9dfed8d94e70
jellium-web/fonts/served/noto-sans-tc-99-400-normal.woff2	node_modules/@fontsource/noto-sans-tc/files/noto-sans-tc-99-400-normal.woff2	6e11f50cd2f729029bd54cdaf2956199f50d1ea9bf19e979af23ee15a74660ca
jellium-web/fonts/served/noto-sans-tc-99-700-normal.woff2	node_modules/@fontsource/noto-sans-tc/files/noto-sans-tc-99-700-normal.woff2	9088c5aafc44d6b5ce0a210f46746c5c85bc94d2e8ebc89abeca3f3153330423
jellium-web/icons/material.tsv	node_modules/material-design-icons-iconfont/dist/fonts/MaterialIcons-Regular.json	53b0c306ac807b1221b93bb223035849362e78d3d00fff670bd6f1980e6c2b6f
reference/breakpoints.tsv	src	91ee9167ba4cc6d9c3b719006056872ce3fe38ac2a70da796fc17e85083b83ca
