kind	width	height	shape	orientation	percent	across	requested	fill	band	root	letter_jump	dialog
width	383	766	portrait	portrait	33.333333	3	3.00000000030	128	mobile	900	shown	fullscreen
width	383	766	backdrop	portrait	100	1	1.00000000000	383	mobile	900	shown	fullscreen
width	383	766	smallBackdrop	portrait	50	2	2.00000000000	192	mobile	900	shown	fullscreen
width	383	766	square	portrait	50	2	2.00000000000	192	mobile	900	shown	fullscreen
width	383	766	banner	portrait	100	1	1.00000000000	383	mobile	900	shown	fullscreen
width	383	766	mixedPortrait	portrait	45.117493	2	4.00000000000	96	mobile	900	shown	fullscreen
width	383	766	mixedSquare	portrait	67.67624	1	4.00000000000	96	mobile	900	shown	fullscreen
width	383	766	mixedBackdrop	portrait	120.313316	1	4.00000000000	96	mobile	900	shown	fullscreen
width	383	200	portrait	landscape	33.333333	3	3.00000000030	128	mobile	900	hidden	fullscreen
width	383	200	backdrop	landscape	100	1	1.00000000000	383	mobile	900	hidden	fullscreen
width	383	200	smallBackdrop	landscape	50	2	2.00000000000	192	mobile	900	hidden	fullscreen
width	383	200	square	landscape	50	2	2.00000000000	192	mobile	900	hidden	fullscreen
width	383	200	banner	landscape	100	1	1.00000000000	383	mobile	900	hidden	fullscreen
width	383	200	mixedPortrait	landscape	45.117493	2	4.00000000000	96	mobile	900	hidden	fullscreen
width	383	200	mixedSquare	landscape	67.67624	1	4.00000000000	96	mobile	900	hidden	fullscreen
width	383	200	mixedBackdrop	landscape	120.313316	1	4.00000000000	96	mobile	900	hidden	fullscreen
width	384	768	portrait	portrait	33.333333	3	3.00000000030	128	mobile	900	shown	fullscreen
width	384	768	backdrop	portrait	100	1	1.00000000000	384	mobile	900	shown	fullscreen
width	384	768	smallBackdrop	portrait	50	2	2.00000000000	192	mobile	900	shown	fullscreen
width	384	768	square	portrait	50	2	2.00000000000	192	mobile	900	shown	fullscreen
width	384	768	banner	portrait	100	1	1.00000000000	384	mobile	900	shown	fullscreen
width	384	768	mixedPortrait	portrait	45	2	4.00000000000	96	mobile	900	shown	fullscreen
width	384	768	mixedSquare	portrait	67.5	1	4.00000000000	96	mobile	900	shown	fullscreen
width	384	768	mixedBackdrop	portrait	120	1	4.00000000000	96	mobile	900	shown	fullscreen
width	384	200	portrait	landscape	33.333333	3	3.00000000030	128	mobile	900	hidden	fullscreen
width	384	200	backdrop	landscape	100	1	1.00000000000	384	mobile	900	hidden	fullscreen
width	384	200	smallBackdrop	landscape	50	2	2.00000000000	192	mobile	900	hidden	fullscreen
width	384	200	square	landscape	50	2	2.00000000000	192	mobile	900	hidden	fullscreen
width	384	200	banner	landscape	100	1	1.00000000000	384	mobile	900	hidden	fullscreen
width	384	200	mixedPortrait	landscape	45	2	4.00000000000	96	mobile	900	hidden	fullscreen
width	384	200	mixedSquare	landscape	67.5	1	4.00000000000	96	mobile	900	hidden	fullscreen
width	384	200	mixedBackdrop	landscape	120	1	4.00000000000	96	mobile	900	hidden	fullscreen
width	399	798	portrait	portrait	33.333333	3	3.00000000030	133	mobile	900	shown	fullscreen
width	399	798	backdrop	portrait	100	1	1.00000000000	399	mobile	900	shown	fullscreen
width	399	798	smallBackdrop	portrait	50	2	2.00000000000	200	mobile	900	shown	fullscreen
width	399	798	square	portrait	50	2	2.00000000000	200	mobile	900	shown	fullscreen
width	399	798	banner	portrait	100	1	1.00000000000	399	mobile	900	shown	fullscreen
width	399	798	mixedPortrait	portrait	43.308271	2	4.00000000000	100	mobile	900	shown	fullscreen
width	399	798	mixedSquare	portrait	64.962406	1	4.00000000000	100	mobile	900	shown	fullscreen
width	399	798	mixedBackdrop	portrait	115.488722	1	4.00000000000	100	mobile	900	shown	fullscreen
width	399	200	portrait	landscape	33.333333	3	3.00000000030	133	mobile	900	hidden	fullscreen
width	399	200	backdrop	landscape	100	1	1.00000000000	399	mobile	900	hidden	fullscreen
width	399	200	smallBackdrop	landscape	50	2	2.00000000000	200	mobile	900	hidden	fullscreen
width	399	200	square	landscape	50	2	2.00000000000	200	mobile	900	hidden	fullscreen
width	399	200	banner	landscape	100	1	1.00000000000	399	mobile	900	hidden	fullscreen
width	399	200	mixedPortrait	landscape	43.308271	2	4.00000000000	100	mobile	900	hidden	fullscreen
width	399	200	mixedSquare	landscape	64.962406	1	4.00000000000	100	mobile	900	hidden	fullscreen
width	399	200	mixedBackdrop	landscape	115.488722	1	4.00000000000	100	mobile	900	hidden	fullscreen
width	400	800	portrait	portrait	33.333333	3	3.00000000030	133	mobile	900	shown	fullscreen
width	400	800	backdrop	portrait	50	2	1.00000000000	400	mobile	900	shown	fullscreen
width	400	800	smallBackdrop	portrait	50	2	2.00000000000	200	mobile	900	shown	fullscreen
width	400	800	square	portrait	50	2	2.00000000000	200	mobile	900	shown	fullscreen
width	400	800	banner	portrait	100	1	1.00000000000	400	mobile	900	shown	fullscreen
width	400	800	mixedPortrait	portrait	43.2	2	4.00000000000	100	mobile	900	shown	fullscreen
width	400	800	mixedSquare	portrait	64.8	1	4.00000000000	100	mobile	900	shown	fullscreen
width	400	800	mixedBackdrop	portrait	115.2	1	4.00000000000	100	mobile	900	shown	fullscreen
width	400	200	portrait	landscape	33.333333	3	3.00000000030	133	mobile	900	hidden	fullscreen
width	400	200	backdrop	landscape	50	2	1.00000000000	400	mobile	900	hidden	fullscreen
width	400	200	smallBackdrop	landscape	50	2	2.00000000000	200	mobile	900	hidden	fullscreen
width	400	200	square	landscape	50	2	2.00000000000	200	mobile	900	hidden	fullscreen
width	400	200	banner	landscape	100	1	1.00000000000	400	mobile	900	hidden	fullscreen
width	400	200	mixedPortrait	landscape	43.2	2	4.00000000000	100	mobile	900	hidden	fullscreen
width	400	200	mixedSquare	landscape	64.8	1	4.00000000000	100	mobile	900	hidden	fullscreen
width	400	200	mixedBackdrop	landscape	115.2	1	4.00000000000	100	mobile	900	hidden	fullscreen
width	463	926	portrait	portrait	33.333333	3	3.00000000030	154	mobile	900	shown	fullscreen
width	463	926	backdrop	portrait	50	2	2.00000000000	232	mobile	900	shown	fullscreen
width	463	926	smallBackdrop	portrait	50	2	2.00000000000	232	mobile	900	shown	fullscreen
width	463	926	square	portrait	50	2	2.00000000000	232	mobile	900	shown	fullscreen
width	463	926	banner	portrait	100	1	1.00000000000	463	mobile	900	shown	fullscreen
width	463	926	mixedPortrait	portrait	37.321814	2	4.00000000000	116	mobile	900	shown	fullscreen
width	463	926	mixedSquare	portrait	55.982721	1	4.00000000000	116	mobile	900	shown	fullscreen
width	463	926	mixedBackdrop	portrait	99.524838	1	4.00000000000	116	mobile	900	shown	fullscreen
width	463	231.5	portrait	landscape	33.333333	3	3.00000000030	154	mobile	900	hidden	fullscreen
width	463	231.5	backdrop	landscape	50	2	2.00000000000	232	mobile	900	hidden	fullscreen
width	463	231.5	smallBackdrop	landscape	50	2	2.00000000000	232	mobile	900	hidden	fullscreen
width	463	231.5	square	landscape	50	2	2.00000000000	232	mobile	900	hidden	fullscreen
width	463	231.5	banner	landscape	100	1	1.00000000000	463	mobile	900	hidden	fullscreen
width	463	231.5	mixedPortrait	landscape	37.321814	2	4.00000000000	116	mobile	900	hidden	fullscreen
width	463	231.5	mixedSquare	landscape	55.982721	1	4.00000000000	116	mobile	900	hidden	fullscreen
width	463	231.5	mixedBackdrop	landscape	99.524838	1	4.00000000000	116	mobile	900	hidden	fullscreen
width	464	928	portrait	portrait	33.333333	3	3.00000000030	155	mobile	900	shown	fullscreen
width	464	928	backdrop	portrait	50	2	2.00000000000	232	mobile	900	shown	fullscreen
width	464	928	smallBackdrop	portrait	50	2	2.00000000000	232	mobile	900	shown	fullscreen
width	464	928	square	portrait	50	2	2.00000000000	232	mobile	900	shown	fullscreen
width	464	928	banner	portrait	100	1	1.00000000000	464	mobile	900	shown	fullscreen
width	464	928	mixedPortrait	portrait	37.241379	2	4.00000000000	116	mobile	900	shown	fullscreen
width	464	928	mixedSquare	portrait	55.862069	1	4.00000000000	116	mobile	900	shown	fullscreen
width	464	928	mixedBackdrop	portrait	99.310345	1	4.00000000000	116	mobile	900	shown	fullscreen
width	464	232	portrait	landscape	33.333333	3	3.00000000030	155	mobile	900	hidden	fullscreen
width	464	232	backdrop	landscape	50	2	2.00000000000	232	mobile	900	hidden	fullscreen
width	464	232	smallBackdrop	landscape	50	2	2.00000000000	232	mobile	900	hidden	fullscreen
width	464	232	square	landscape	50	2	2.00000000000	232	mobile	900	hidden	fullscreen
width	464	232	banner	landscape	100	1	1.00000000000	464	mobile	900	hidden	fullscreen
width	464	232	mixedPortrait	landscape	37.241379	2	4.00000000000	116	mobile	900	hidden	fullscreen
width	464	232	mixedSquare	landscape	55.862069	1	4.00000000000	116	mobile	900	hidden	fullscreen
width	464	232	mixedBackdrop	landscape	99.310345	1	4.00000000000	116	mobile	900	hidden	fullscreen
width	479	958	portrait	portrait	33.333333	3	3.00000000030	160	mobile	900	shown	fullscreen
width	479	958	backdrop	portrait	50	2	2.00000000000	240	mobile	900	shown	fullscreen
width	479	958	smallBackdrop	portrait	50	2	2.00000000000	240	mobile	900	shown	fullscreen
width	479	958	square	portrait	50	2	2.00000000000	240	mobile	900	shown	fullscreen
width	479	958	banner	portrait	100	1	1.00000000000	479	mobile	900	shown	fullscreen
width	479	958	mixedPortrait	portrait	36.075157	2	4.00000000000	120	mobile	900	shown	fullscreen
width	479	958	mixedSquare	portrait	54.112735	1	4.00000000000	120	mobile	900	shown	fullscreen
width	479	958	mixedBackdrop	portrait	96.200418	1	4.00000000000	120	mobile	900	shown	fullscreen
width	479	239.5	portrait	landscape	33.333333	3	3.00000000030	160	mobile	900	hidden	fullscreen
width	479	239.5	backdrop	landscape	50	2	2.00000000000	240	mobile	900	hidden	fullscreen
width	479	239.5	smallBackdrop	landscape	50	2	2.00000000000	240	mobile	900	hidden	fullscreen
width	479	239.5	square	landscape	50	2	2.00000000000	240	mobile	900	hidden	fullscreen
width	479	239.5	banner	landscape	100	1	1.00000000000	479	mobile	900	hidden	fullscreen
width	479	239.5	mixedPortrait	landscape	36.075157	2	4.00000000000	120	mobile	900	hidden	fullscreen
width	479	239.5	mixedSquare	landscape	54.112735	1	4.00000000000	120	mobile	900	hidden	fullscreen
width	479	239.5	mixedBackdrop	landscape	96.200418	1	4.00000000000	120	mobile	900	hidden	fullscreen
width	480	960	portrait	portrait	33.333333	3	3.00000000030	160	mobile	900	shown	fullscreen
width	480	960	backdrop	portrait	50	2	2.00000000000	240	mobile	900	shown	fullscreen
width	480	960	smallBackdrop	portrait	50	2	2.00000000000	240	mobile	900	shown	fullscreen
width	480	960	square	portrait	50	2	2.00000000000	240	mobile	900	shown	fullscreen
width	480	960	banner	portrait	100	1	1.00000000000	480	mobile	900	shown	fullscreen
width	480	960	mixedPortrait	portrait	36	2	4.00000000000	120	mobile	900	shown	fullscreen
width	480	960	mixedSquare	portrait	54	1	4.00000000000	120	mobile	900	shown	fullscreen
width	480	960	mixedBackdrop	portrait	96	1	4.00000000000	120	mobile	900	shown	fullscreen
width	480	240	portrait	landscape	33.333333	3	3.00000000030	160	mobile	900	hidden	fullscreen
width	480	240	backdrop	landscape	50	2	2.00000000000	240	mobile	900	hidden	fullscreen
width	480	240	smallBackdrop	landscape	50	2	2.00000000000	240	mobile	900	hidden	fullscreen
width	480	240	square	landscape	50	2	2.00000000000	240	mobile	900	hidden	fullscreen
width	480	240	banner	landscape	100	1	1.00000000000	480	mobile	900	hidden	fullscreen
width	480	240	mixedPortrait	landscape	36	2	4.00000000000	120	mobile	900	hidden	fullscreen
width	480	240	mixedSquare	landscape	54	1	4.00000000000	120	mobile	900	hidden	fullscreen
width	480	240	mixedBackdrop	landscape	96	1	4.00000000000	120	mobile	900	hidden	fullscreen
width	499	998	portrait	portrait	33.333333	3	3.00000000030	166	mobile	900	shown	fullscreen
width	499	998	backdrop	portrait	50	2	2.00000000000	250	mobile	900	shown	fullscreen
width	499	998	smallBackdrop	portrait	50	2	2.00000000000	250	mobile	900	shown	fullscreen
width	499	998	square	portrait	50	2	2.00000000000	250	mobile	900	shown	fullscreen
width	499	998	banner	portrait	100	1	1.00000000000	499	mobile	900	shown	fullscreen
width	499	998	mixedPortrait	portrait	34.629259	2	4.00000000000	125	mobile	900	shown	fullscreen
width	499	998	mixedSquare	portrait	51.943888	1	4.00000000000	125	mobile	900	shown	fullscreen
width	499	998	mixedBackdrop	portrait	92.344689	1	4.00000000000	125	mobile	900	shown	fullscreen
width	499	249.5	portrait	landscape	33.333333	3	3.00000000030	166	mobile	900	hidden	fullscreen
width	499	249.5	backdrop	landscape	50	2	2.00000000000	250	mobile	900	hidden	fullscreen
width	499	249.5	smallBackdrop	landscape	50	2	2.00000000000	250	mobile	900	hidden	fullscreen
width	499	249.5	square	landscape	50	2	2.00000000000	250	mobile	900	hidden	fullscreen
width	499	249.5	banner	landscape	100	1	1.00000000000	499	mobile	900	hidden	fullscreen
width	499	249.5	mixedPortrait	landscape	34.629259	2	4.00000000000	125	mobile	900	hidden	fullscreen
width	499	249.5	mixedSquare	landscape	51.943888	1	4.00000000000	125	mobile	900	hidden	fullscreen
width	499	249.5	mixedBackdrop	landscape	92.344689	1	4.00000000000	125	mobile	900	hidden	fullscreen
width	500	1000	portrait	portrait	33.333333	3	3.00000000030	167	mobile	900	shown	fullscreen
width	500	1000	backdrop	portrait	50	2	2.00000000000	250	mobile	900	shown	fullscreen
width	500	1000	smallBackdrop	portrait	33.333333	3	3.00000000030	167	mobile	900	shown	fullscreen
width	500	1000	square	portrait	33.333333	3	3.00000000030	167	mobile	900	shown	fullscreen
width	500	1000	banner	portrait	100	1	1.00000000000	500	mobile	900	shown	fullscreen
width	500	1000	mixedPortrait	portrait	34.56	2	4.00000000000	125	mobile	900	shown	fullscreen
width	500	1000	mixedSquare	portrait	51.84	1	4.00000000000	125	mobile	900	shown	fullscreen
width	500	1000	mixedBackdrop	portrait	92.16	1	4.00000000000	125	mobile	900	shown	fullscreen
width	500	250	portrait	landscape	33.333333	3	3.00000000030	167	mobile	900	hidden	fullscreen
width	500	250	backdrop	landscape	50	2	2.00000000000	250	mobile	900	hidden	fullscreen
width	500	250	smallBackdrop	landscape	33.333333	3	3.00000000030	167	mobile	900	hidden	fullscreen
width	500	250	square	landscape	33.333333	3	3.00000000030	167	mobile	900	hidden	fullscreen
width	500	250	banner	landscape	100	1	1.00000000000	500	mobile	900	hidden	fullscreen
width	500	250	mixedPortrait	landscape	34.56	2	4.00000000000	125	mobile	900	hidden	fullscreen
width	500	250	mixedSquare	landscape	51.84	1	4.00000000000	125	mobile	900	hidden	fullscreen
width	500	250	mixedBackdrop	landscape	92.16	1	4.00000000000	125	mobile	900	hidden	fullscreen
width	511	1022	portrait	portrait	33.333333	3	3.00000000030	170	mobile	900	shown	fullscreen
width	511	1022	backdrop	portrait	50	2	2.00000000000	256	mobile	900	shown	fullscreen
width	511	1022	smallBackdrop	portrait	33.333333	3	3.00000000030	170	mobile	900	shown	fullscreen
width	511	1022	square	portrait	33.333333	3	3.00000000030	170	mobile	900	shown	fullscreen
width	511	1022	banner	portrait	100	1	1.00000000000	511	mobile	900	shown	fullscreen
width	511	1022	mixedPortrait	portrait	33.816047	2	4.00000000000	128	mobile	900	shown	fullscreen
width	511	1022	mixedSquare	portrait	50.72407	1	4.00000000000	128	mobile	900	shown	fullscreen
width	511	1022	mixedBackdrop	portrait	90.176125	1	4.00000000000	128	mobile	900	shown	fullscreen
width	511	255.5	portrait	landscape	33.333333	3	3.00000000030	170	mobile	900	hidden	fullscreen
width	511	255.5	backdrop	landscape	50	2	2.00000000000	256	mobile	900	hidden	fullscreen
width	511	255.5	smallBackdrop	landscape	33.333333	3	3.00000000030	170	mobile	900	hidden	fullscreen
width	511	255.5	square	landscape	33.333333	3	3.00000000030	170	mobile	900	hidden	fullscreen
width	511	255.5	banner	landscape	100	1	1.00000000000	511	mobile	900	hidden	fullscreen
width	511	255.5	mixedPortrait	landscape	33.816047	2	4.00000000000	128	mobile	900	hidden	fullscreen
width	511	255.5	mixedSquare	landscape	50.72407	1	4.00000000000	128	mobile	900	hidden	fullscreen
width	511	255.5	mixedBackdrop	landscape	90.176125	1	4.00000000000	128	mobile	900	hidden	fullscreen
width	512	1024	portrait	portrait	33.333333	3	3.00000000030	171	mobile	900	shown	fullscreen
width	512	1024	backdrop	portrait	50	2	2.00000000000	256	mobile	900	shown	fullscreen
width	512	1024	smallBackdrop	portrait	33.333333	3	3.00000000030	171	mobile	900	shown	fullscreen
width	512	1024	square	portrait	33.333333	3	3.00000000030	171	mobile	900	shown	fullscreen
width	512	1024	banner	portrait	100	1	1.00000000000	512	mobile	900	shown	fullscreen
width	512	1024	mixedPortrait	portrait	33.75	2	4.00000000000	128	mobile	900	shown	fullscreen
width	512	1024	mixedSquare	portrait	50.625	1	4.00000000000	128	mobile	900	shown	fullscreen
width	512	1024	mixedBackdrop	portrait	90	1	4.00000000000	128	mobile	900	shown	fullscreen
width	512	256	portrait	landscape	33.333333	3	3.00000000030	171	mobile	900	hidden	fullscreen
width	512	256	backdrop	landscape	50	2	2.00000000000	256	mobile	900	hidden	fullscreen
width	512	256	smallBackdrop	landscape	33.333333	3	3.00000000030	171	mobile	900	hidden	fullscreen
width	512	256	square	landscape	33.333333	3	3.00000000030	171	mobile	900	hidden	fullscreen
width	512	256	banner	landscape	100	1	1.00000000000	512	mobile	900	hidden	fullscreen
width	512	256	mixedPortrait	landscape	33.75	2	4.00000000000	128	mobile	900	hidden	fullscreen
width	512	256	mixedSquare	landscape	50.625	1	4.00000000000	128	mobile	900	hidden	fullscreen
width	512	256	mixedBackdrop	landscape	90	1	4.00000000000	128	mobile	900	hidden	fullscreen
width	539	1078	portrait	portrait	33.333333	3	3.00000000030	180	mobile	900	shown	fullscreen
width	539	1078	backdrop	portrait	50	2	2.00000000000	270	mobile	900	shown	fullscreen
width	539	1078	smallBackdrop	portrait	33.333333	3	3.00000000030	180	mobile	900	shown	fullscreen
width	539	1078	square	portrait	33.333333	3	3.00000000030	180	mobile	900	shown	fullscreen
width	539	1078	banner	portrait	100	1	1.00000000000	539	mobile	900	shown	fullscreen
width	539	1078	mixedPortrait	portrait	32.059369	3	4.00000000000	135	mobile	900	shown	fullscreen
width	539	1078	mixedSquare	portrait	48.089054	2	4.00000000000	135	mobile	900	shown	fullscreen
width	539	1078	mixedBackdrop	portrait	85.491651	1	4.00000000000	135	mobile	900	shown	fullscreen
width	539	269.5	portrait	landscape	33.333333	3	3.00000000030	180	mobile	900	hidden	fullscreen
width	539	269.5	backdrop	landscape	50	2	2.00000000000	270	mobile	900	hidden	fullscreen
width	539	269.5	smallBackdrop	landscape	33.333333	3	3.00000000030	180	mobile	900	hidden	fullscreen
width	539	269.5	square	landscape	33.333333	3	3.00000000030	180	mobile	900	hidden	fullscreen
width	539	269.5	banner	landscape	100	1	1.00000000000	539	mobile	900	hidden	fullscreen
width	539	269.5	mixedPortrait	landscape	32.059369	3	4.00000000000	135	mobile	900	hidden	fullscreen
width	539	269.5	mixedSquare	landscape	48.089054	2	4.00000000000	135	mobile	900	hidden	fullscreen
width	539	269.5	mixedBackdrop	landscape	85.491651	1	4.00000000000	135	mobile	900	hidden	fullscreen
width	540	1080	portrait	portrait	33.333333	3	3.00000000030	180	mobile	900	shown	fullscreen
width	540	1080	backdrop	portrait	50	2	2.00000000000	270	mobile	900	shown	fullscreen
width	540	1080	smallBackdrop	portrait	33.333333	3	3.00000000030	180	mobile	900	shown	fullscreen
width	540	1080	square	portrait	33.333333	3	3.00000000030	180	mobile	900	shown	fullscreen
width	540	1080	banner	portrait	100	1	1.00000000000	540	mobile	900	shown	fullscreen
width	540	1080	mixedPortrait	portrait	32	3	4.00000000000	135	mobile	900	shown	fullscreen
width	540	1080	mixedSquare	portrait	48	2	4.00000000000	135	mobile	900	shown	fullscreen
width	540	1080	mixedBackdrop	portrait	85.333333	1	4.00000000000	135	mobile	900	shown	fullscreen
width	540	270	portrait	landscape	33.333333	3	3.00000000030	180	mobile	900	hidden	fullscreen
width	540	270	backdrop	landscape	50	2	2.00000000000	270	mobile	900	hidden	fullscreen
width	540	270	smallBackdrop	landscape	33.333333	3	3.00000000030	180	mobile	900	hidden	fullscreen
width	540	270	square	landscape	33.333333	3	3.00000000030	180	mobile	900	hidden	fullscreen
width	540	270	banner	landscape	100	1	1.00000000000	540	mobile	900	hidden	fullscreen
width	540	270	mixedPortrait	landscape	32	3	4.00000000000	135	mobile	900	hidden	fullscreen
width	540	270	mixedSquare	landscape	48	2	4.00000000000	135	mobile	900	hidden	fullscreen
width	540	270	mixedBackdrop	landscape	85.333333	1	4.00000000000	135	mobile	900	hidden	fullscreen
width	549	1098	portrait	portrait	33.333333	3	3.00000000030	183	mobile	900	shown	fullscreen
width	549	1098	backdrop	portrait	50	2	2.00000000000	275	mobile	900	shown	fullscreen
width	549	1098	smallBackdrop	portrait	33.333333	3	3.00000000030	183	mobile	900	shown	fullscreen
width	549	1098	square	portrait	33.333333	3	3.00000000030	183	mobile	900	shown	fullscreen
width	549	1098	banner	portrait	100	1	1.00000000000	549	mobile	900	shown	fullscreen
width	549	1098	mixedPortrait	portrait	31.47541	3	4.00000000000	137	mobile	900	shown	fullscreen
width	549	1098	mixedSquare	portrait	47.213115	2	4.00000000000	137	mobile	900	shown	fullscreen
width	549	1098	mixedBackdrop	portrait	83.934426	1	4.00000000000	137	mobile	900	shown	fullscreen
width	549	274.5	portrait	landscape	33.333333	3	3.00000000030	183	mobile	900	hidden	fullscreen
width	549	274.5	backdrop	landscape	50	2	2.00000000000	275	mobile	900	hidden	fullscreen
width	549	274.5	smallBackdrop	landscape	33.333333	3	3.00000000030	183	mobile	900	hidden	fullscreen
width	549	274.5	square	landscape	33.333333	3	3.00000000030	183	mobile	900	hidden	fullscreen
width	549	274.5	banner	landscape	100	1	1.00000000000	549	mobile	900	hidden	fullscreen
width	549	274.5	mixedPortrait	landscape	31.47541	3	4.00000000000	137	mobile	900	hidden	fullscreen
width	549	274.5	mixedSquare	landscape	47.213115	2	4.00000000000	137	mobile	900	hidden	fullscreen
width	549	274.5	mixedBackdrop	landscape	83.934426	1	4.00000000000	137	mobile	900	hidden	fullscreen
width	550	1100	portrait	portrait	33.333333	3	3.00000000030	183	mobile	900	shown	fullscreen
width	550	1100	backdrop	portrait	50	2	2.00000000000	275	mobile	900	shown	fullscreen
width	550	1100	smallBackdrop	portrait	33.333333	3	3.00000000030	183	mobile	900	shown	fullscreen
width	550	1100	square	portrait	33.333333	3	3.00000000030	183	mobile	900	shown	fullscreen
width	550	1100	banner	portrait	100	1	1.00000000000	550	mobile	900	shown	fullscreen
width	550	1100	mixedPortrait	portrait	31.418182	3	4.00000000000	138	mobile	900	shown	fullscreen
width	550	1100	mixedSquare	portrait	47.127273	2	4.00000000000	138	mobile	900	shown	fullscreen
width	550	1100	mixedBackdrop	portrait	83.781818	1	4.00000000000	138	mobile	900	shown	fullscreen
width	550	275	portrait	landscape	33.333333	3	3.00000000030	183	mobile	900	hidden	fullscreen
width	550	275	backdrop	landscape	50	2	2.00000000000	275	mobile	900	hidden	fullscreen
width	550	275	smallBackdrop	landscape	33.333333	3	3.00000000030	183	mobile	900	hidden	fullscreen
width	550	275	square	landscape	33.333333	3	3.00000000030	183	mobile	900	hidden	fullscreen
width	550	275	banner	landscape	100	1	1.00000000000	550	mobile	900	hidden	fullscreen
width	550	275	mixedPortrait	landscape	31.418182	3	4.00000000000	138	mobile	900	hidden	fullscreen
width	550	275	mixedSquare	landscape	47.127273	2	4.00000000000	138	mobile	900	hidden	fullscreen
width	550	275	mixedBackdrop	landscape	83.781818	1	4.00000000000	138	mobile	900	hidden	fullscreen
width	559	1118	portrait	portrait	33.333333	3	3.00000000030	186	mobile	900	shown	fullscreen
width	559	1118	backdrop	portrait	50	2	2.00000000000	280	mobile	900	shown	fullscreen
width	559	1118	smallBackdrop	portrait	33.333333	3	3.00000000030	186	mobile	900	shown	fullscreen
width	559	1118	square	portrait	33.333333	3	3.00000000030	186	mobile	900	shown	fullscreen
width	559	1118	banner	portrait	100	1	1.00000000000	559	mobile	900	shown	fullscreen
width	559	1118	mixedPortrait	portrait	30.912343	3	4.00000000000	140	mobile	900	shown	fullscreen
width	559	1118	mixedSquare	portrait	46.368515	2	4.00000000000	140	mobile	900	shown	fullscreen
width	559	1118	mixedBackdrop	portrait	82.432916	1	4.00000000000	140	mobile	900	shown	fullscreen
width	559	279.5	portrait	landscape	33.333333	3	3.00000000030	186	mobile	900	hidden	fullscreen
width	559	279.5	backdrop	landscape	50	2	2.00000000000	280	mobile	900	hidden	fullscreen
width	559	279.5	smallBackdrop	landscape	33.333333	3	3.00000000030	186	mobile	900	hidden	fullscreen
width	559	279.5	square	landscape	33.333333	3	3.00000000030	186	mobile	900	hidden	fullscreen
width	559	279.5	banner	landscape	100	1	1.00000000000	559	mobile	900	hidden	fullscreen
width	559	279.5	mixedPortrait	landscape	30.912343	3	4.00000000000	140	mobile	900	hidden	fullscreen
width	559	279.5	mixedSquare	landscape	46.368515	2	4.00000000000	140	mobile	900	hidden	fullscreen
width	559	279.5	mixedBackdrop	landscape	82.432916	1	4.00000000000	140	mobile	900	hidden	fullscreen
width	560	1120	portrait	portrait	33.333333	3	3.00000000030	187	mobile	900	shown	fullscreen
width	560	1120	backdrop	portrait	50	2	2.00000000000	280	mobile	900	shown	fullscreen
width	560	1120	smallBackdrop	portrait	33.333333	3	3.00000000030	187	mobile	900	shown	fullscreen
width	560	1120	square	portrait	33.333333	3	3.00000000030	187	mobile	900	shown	fullscreen
width	560	1120	banner	portrait	100	1	1.00000000000	560	mobile	900	shown	fullscreen
width	560	1120	mixedPortrait	portrait	30.857143	3	4.00000000000	140	mobile	900	shown	fullscreen
width	560	1120	mixedSquare	portrait	46.285714	2	4.00000000000	140	mobile	900	shown	fullscreen
width	560	1120	mixedBackdrop	portrait	82.285714	1	4.00000000000	140	mobile	900	shown	fullscreen
width	560	280	portrait	landscape	33.333333	3	3.00000000030	187	mobile	900	hidden	fullscreen
width	560	280	backdrop	landscape	50	2	2.00000000000	280	mobile	900	hidden	fullscreen
width	560	280	smallBackdrop	landscape	33.333333	3	3.00000000030	187	mobile	900	hidden	fullscreen
width	560	280	square	landscape	33.333333	3	3.00000000030	187	mobile	900	hidden	fullscreen
width	560	280	banner	landscape	100	1	1.00000000000	560	mobile	900	hidden	fullscreen
width	560	280	mixedPortrait	landscape	30.857143	3	4.00000000000	140	mobile	900	hidden	fullscreen
width	560	280	mixedSquare	landscape	46.285714	2	4.00000000000	140	mobile	900	hidden	fullscreen
width	560	280	mixedBackdrop	landscape	82.285714	1	4.00000000000	140	mobile	900	hidden	fullscreen
width	599	1198	portrait	portrait	33.333333	3	3.00000000030	200	mobile	900	shown	fullscreen
width	599	1198	backdrop	portrait	50	2	2.00000000000	300	mobile	900	shown	fullscreen
width	599	1198	smallBackdrop	portrait	33.333333	3	3.00000000030	200	mobile	900	shown	fullscreen
width	599	1198	square	portrait	33.333333	3	3.00000000030	200	mobile	900	shown	fullscreen
width	599	1198	banner	portrait	100	1	1.00000000000	599	mobile	900	shown	fullscreen
width	599	1198	mixedPortrait	portrait	28.84808	3	4.00000000000	150	mobile	900	shown	fullscreen
width	599	1198	mixedSquare	portrait	43.27212	2	4.00000000000	150	mobile	900	shown	fullscreen
width	599	1198	mixedBackdrop	portrait	76.928214	1	4.00000000000	150	mobile	900	shown	fullscreen
width	599	299.5	portrait	landscape	33.333333	3	3.00000000030	200	mobile	900	hidden	fullscreen
width	599	299.5	backdrop	landscape	50	2	2.00000000000	300	mobile	900	hidden	fullscreen
width	599	299.5	smallBackdrop	landscape	33.333333	3	3.00000000030	200	mobile	900	hidden	fullscreen
width	599	299.5	square	landscape	33.333333	3	3.00000000030	200	mobile	900	hidden	fullscreen
width	599	299.5	banner	landscape	100	1	1.00000000000	599	mobile	900	hidden	fullscreen
width	599	299.5	mixedPortrait	landscape	28.84808	3	4.00000000000	150	mobile	900	hidden	fullscreen
width	599	299.5	mixedSquare	landscape	43.27212	2	4.00000000000	150	mobile	900	hidden	fullscreen
width	599	299.5	mixedBackdrop	landscape	76.928214	1	4.00000000000	150	mobile	900	hidden	fullscreen
width	600	1200	portrait	portrait	33.333333	3	3.00000000030	200	mobile	900	shown	fullscreen
width	600	1200	backdrop	portrait	50	2	2.00000000000	300	mobile	900	shown	fullscreen
width	600	1200	smallBackdrop	portrait	33.333333	3	3.00000000030	200	mobile	900	shown	fullscreen
width	600	1200	square	portrait	33.333333	3	3.00000000030	200	mobile	900	shown	fullscreen
width	600	1200	banner	portrait	100	1	1.00000000000	600	mobile	900	shown	fullscreen
width	600	1200	mixedPortrait	portrait	28.8	3	4.00000000000	150	mobile	900	shown	fullscreen
width	600	1200	mixedSquare	portrait	43.2	2	4.00000000000	150	mobile	900	shown	fullscreen
width	600	1200	mixedBackdrop	portrait	76.8	1	4.00000000000	150	mobile	900	shown	fullscreen
width	600	300	portrait	landscape	33.333333	3	3.00000000030	200	mobile	900	hidden	fullscreen
width	600	300	backdrop	landscape	50	2	2.00000000000	300	mobile	900	hidden	fullscreen
width	600	300	smallBackdrop	landscape	33.333333	3	3.00000000030	200	mobile	900	hidden	fullscreen
width	600	300	square	landscape	33.333333	3	3.00000000030	200	mobile	900	hidden	fullscreen
width	600	300	banner	landscape	100	1	1.00000000000	600	mobile	900	hidden	fullscreen
width	600	300	mixedPortrait	landscape	28.8	3	4.00000000000	150	mobile	900	hidden	fullscreen
width	600	300	mixedSquare	landscape	43.2	2	4.00000000000	150	mobile	900	hidden	fullscreen
width	600	300	mixedBackdrop	landscape	76.8	1	4.00000000000	150	mobile	900	hidden	fullscreen
width	639	1278	portrait	portrait	33.333333	3	3.00000000030	213	desktop	930	shown	fullscreen
width	639	1278	backdrop	portrait	50	2	2.00000000000	320	desktop	930	shown	fullscreen
width	639	1278	smallBackdrop	portrait	33.333333	3	3.00000000030	213	desktop	930	shown	fullscreen
width	639	1278	square	portrait	33.333333	3	3.00000000030	213	desktop	930	shown	fullscreen
width	639	1278	banner	portrait	100	1	1.00000000000	639	desktop	930	shown	fullscreen
width	639	1278	mixedPortrait	portrait	27.943662	3	4.00000000000	160	desktop	930	shown	fullscreen
width	639	1278	mixedSquare	portrait	41.915493	2	4.00000000000	160	desktop	930	shown	fullscreen
width	639	1278	mixedBackdrop	portrait	74.516432	1	4.00000000000	160	desktop	930	shown	fullscreen
width	639	319.5	portrait	landscape	33.333333	3	3.00000000030	213	desktop	930	hidden	fullscreen
width	639	319.5	backdrop	landscape	50	2	2.00000000000	320	desktop	930	hidden	fullscreen
width	639	319.5	smallBackdrop	landscape	33.333333	3	3.00000000030	213	desktop	930	hidden	fullscreen
width	639	319.5	square	landscape	33.333333	3	3.00000000030	213	desktop	930	hidden	fullscreen
width	639	319.5	banner	landscape	100	1	1.00000000000	639	desktop	930	hidden	fullscreen
width	639	319.5	mixedPortrait	landscape	27.943662	3	4.00000000000	160	desktop	930	hidden	fullscreen
width	639	319.5	mixedSquare	landscape	41.915493	2	4.00000000000	160	desktop	930	hidden	fullscreen
width	639	319.5	mixedBackdrop	landscape	74.516432	1	4.00000000000	160	desktop	930	hidden	fullscreen
width	640	1280	portrait	portrait	33.333333	3	3.00000000030	213	desktop	930	shown	fullscreen
width	640	1280	backdrop	portrait	50	2	2.00000000000	320	desktop	930	shown	fullscreen
width	640	1280	smallBackdrop	portrait	33.333333	3	3.00000000030	213	desktop	930	shown	fullscreen
width	640	1280	square	portrait	33.333333	3	3.00000000030	213	desktop	930	shown	fullscreen
width	640	1280	banner	portrait	100	1	1.00000000000	640	desktop	930	shown	fullscreen
width	640	1280	mixedPortrait	portrait	27.9	3	4.00000000000	160	desktop	930	shown	fullscreen
width	640	1280	mixedSquare	portrait	41.85	2	4.00000000000	160	desktop	930	shown	fullscreen
width	640	1280	mixedBackdrop	portrait	74.4	1	4.00000000000	160	desktop	930	shown	fullscreen
width	640	320	portrait	landscape	33.333333	3	3.00000000030	213	desktop	930	hidden	fullscreen
width	640	320	backdrop	landscape	50	2	2.00000000000	320	desktop	930	hidden	fullscreen
width	640	320	smallBackdrop	landscape	33.333333	3	3.00000000030	213	desktop	930	hidden	fullscreen
width	640	320	square	landscape	33.333333	3	3.00000000030	213	desktop	930	hidden	fullscreen
width	640	320	banner	landscape	100	1	1.00000000000	640	desktop	930	hidden	fullscreen
width	640	320	mixedPortrait	landscape	27.9	3	4.00000000000	160	desktop	930	hidden	fullscreen
width	640	320	mixedSquare	landscape	41.85	2	4.00000000000	160	desktop	930	hidden	fullscreen
width	640	320	mixedBackdrop	landscape	74.4	1	4.00000000000	160	desktop	930	hidden	fullscreen
width	687	1374	portrait	portrait	33.333333	3	3.00000000030	229	desktop	930	shown	fullscreen
width	687	1374	backdrop	portrait	50	2	2.00000000000	344	desktop	930	shown	fullscreen
width	687	1374	smallBackdrop	portrait	33.333333	3	3.00000000030	229	desktop	930	shown	fullscreen
width	687	1374	square	portrait	33.333333	3	3.00000000030	229	desktop	930	shown	fullscreen
width	687	1374	banner	portrait	100	1	1.00000000000	687	desktop	930	shown	fullscreen
width	687	1374	mixedPortrait	portrait	25.991266	3	4.00000000000	172	desktop	930	shown	fullscreen
width	687	1374	mixedSquare	portrait	38.9869	2	4.00000000000	172	desktop	930	shown	fullscreen
width	687	1374	mixedBackdrop	portrait	69.310044	1	4.00000000000	172	desktop	930	shown	fullscreen
width	687	343.5	portrait	landscape	33.333333	3	3.00000000030	229	desktop	930	hidden	fullscreen
width	687	343.5	backdrop	landscape	50	2	2.00000000000	344	desktop	930	hidden	fullscreen
width	687	343.5	smallBackdrop	landscape	33.333333	3	3.00000000030	229	desktop	930	hidden	fullscreen
width	687	343.5	square	landscape	33.333333	3	3.00000000030	229	desktop	930	hidden	fullscreen
width	687	343.5	banner	landscape	100	1	1.00000000000	687	desktop	930	hidden	fullscreen
width	687	343.5	mixedPortrait	landscape	25.991266	3	4.00000000000	172	desktop	930	hidden	fullscreen
width	687	343.5	mixedSquare	landscape	38.9869	2	4.00000000000	172	desktop	930	hidden	fullscreen
width	687	343.5	mixedBackdrop	landscape	69.310044	1	4.00000000000	172	desktop	930	hidden	fullscreen
width	688	1376	portrait	portrait	33.333333	3	3.00000000030	229	desktop	930	shown	fullscreen
width	688	1376	backdrop	portrait	50	2	2.00000000000	344	desktop	930	shown	fullscreen
width	688	1376	smallBackdrop	portrait	33.333333	3	3.00000000030	229	desktop	930	shown	fullscreen
width	688	1376	square	portrait	33.333333	3	3.00000000030	229	desktop	930	shown	fullscreen
width	688	1376	banner	portrait	100	1	1.00000000000	688	desktop	930	shown	fullscreen
width	688	1376	mixedPortrait	portrait	25.953488	3	4.00000000000	172	desktop	930	shown	fullscreen
width	688	1376	mixedSquare	portrait	38.930233	2	4.00000000000	172	desktop	930	shown	fullscreen
width	688	1376	mixedBackdrop	portrait	69.209302	1	4.00000000000	172	desktop	930	shown	fullscreen
width	688	344	portrait	landscape	33.333333	3	3.00000000030	229	desktop	930	hidden	fullscreen
width	688	344	backdrop	landscape	50	2	2.00000000000	344	desktop	930	hidden	fullscreen
width	688	344	smallBackdrop	landscape	33.333333	3	3.00000000030	229	desktop	930	hidden	fullscreen
width	688	344	square	landscape	33.333333	3	3.00000000030	229	desktop	930	hidden	fullscreen
width	688	344	banner	landscape	100	1	1.00000000000	688	desktop	930	hidden	fullscreen
width	688	344	mixedPortrait	landscape	25.953488	3	4.00000000000	172	desktop	930	hidden	fullscreen
width	688	344	mixedSquare	landscape	38.930233	2	4.00000000000	172	desktop	930	hidden	fullscreen
width	688	344	mixedBackdrop	landscape	69.209302	1	4.00000000000	172	desktop	930	hidden	fullscreen
width	699	1398	portrait	portrait	33.333333	3	3.00000000030	233	desktop	930	shown	fullscreen
width	699	1398	backdrop	portrait	50	2	2.00000000000	350	desktop	930	shown	fullscreen
width	699	1398	smallBackdrop	portrait	33.333333	3	3.00000000030	233	desktop	930	shown	fullscreen
width	699	1398	square	portrait	33.333333	3	3.00000000030	233	desktop	930	shown	fullscreen
width	699	1398	banner	portrait	100	1	1.00000000000	699	desktop	930	shown	fullscreen
width	699	1398	mixedPortrait	portrait	25.545064	3	4.00000000000	175	desktop	930	shown	fullscreen
width	699	1398	mixedSquare	portrait	38.317597	2	4.00000000000	175	desktop	930	shown	fullscreen
width	699	1398	mixedBackdrop	portrait	68.120172	1	4.00000000000	175	desktop	930	shown	fullscreen
width	699	349.5	portrait	landscape	33.333333	3	3.00000000030	233	desktop	930	hidden	fullscreen
width	699	349.5	backdrop	landscape	50	2	2.00000000000	350	desktop	930	hidden	fullscreen
width	699	349.5	smallBackdrop	landscape	33.333333	3	3.00000000030	233	desktop	930	hidden	fullscreen
width	699	349.5	square	landscape	33.333333	3	3.00000000030	233	desktop	930	hidden	fullscreen
width	699	349.5	banner	landscape	100	1	1.00000000000	699	desktop	930	hidden	fullscreen
width	699	349.5	mixedPortrait	landscape	25.545064	3	4.00000000000	175	desktop	930	hidden	fullscreen
width	699	349.5	mixedSquare	landscape	38.317597	2	4.00000000000	175	desktop	930	hidden	fullscreen
width	699	349.5	mixedBackdrop	landscape	68.120172	1	4.00000000000	175	desktop	930	hidden	fullscreen
width	700	1400	portrait	portrait	25	4	4.00000000000	175	desktop	930	shown	fullscreen
width	700	1400	backdrop	portrait	50	2	2.00000000000	350	desktop	930	shown	fullscreen
width	700	1400	smallBackdrop	portrait	33.333333	3	3.00000000030	233	desktop	930	shown	fullscreen
width	700	1400	square	portrait	25	4	4.00000000000	175	desktop	930	shown	fullscreen
width	700	1400	banner	portrait	100	1	1.00000000000	700	desktop	930	shown	fullscreen
width	700	1400	mixedPortrait	portrait	25.508571	3	4.00000000000	175	desktop	930	shown	fullscreen
width	700	1400	mixedSquare	portrait	38.262857	2	4.00000000000	175	desktop	930	shown	fullscreen
width	700	1400	mixedBackdrop	portrait	68.022857	1	4.00000000000	175	desktop	930	shown	fullscreen
width	700	350	portrait	landscape	25	4	4.00000000000	175	desktop	930	hidden	fullscreen
width	700	350	backdrop	landscape	50	2	2.00000000000	350	desktop	930	hidden	fullscreen
width	700	350	smallBackdrop	landscape	33.333333	3	3.00000000030	233	desktop	930	hidden	fullscreen
width	700	350	square	landscape	25	4	4.00000000000	175	desktop	930	hidden	fullscreen
width	700	350	banner	landscape	100	1	1.00000000000	700	desktop	930	hidden	fullscreen
width	700	350	mixedPortrait	landscape	25.508571	3	4.00000000000	175	desktop	930	hidden	fullscreen
width	700	350	mixedSquare	landscape	38.262857	2	4.00000000000	175	desktop	930	hidden	fullscreen
width	700	350	mixedBackdrop	landscape	68.022857	1	4.00000000000	175	desktop	930	hidden	fullscreen
width	769	1538	portrait	portrait	25	4	4.00000000000	192	desktop	930	shown	fullscreen
width	769	1538	backdrop	portrait	50	2	2.00000000000	385	desktop	930	shown	fullscreen
width	769	1538	smallBackdrop	portrait	33.333333	3	3.00000000030	256	desktop	930	shown	fullscreen
width	769	1538	square	portrait	25	4	4.00000000000	192	desktop	930	shown	fullscreen
width	769	1538	banner	portrait	100	1	1.00000000000	769	desktop	930	shown	fullscreen
width	769	1538	mixedPortrait	portrait	23.219766	4	4.00000000000	192	desktop	930	shown	fullscreen
width	769	1538	mixedSquare	portrait	34.829649	2	4.00000000000	192	desktop	930	shown	fullscreen
width	769	1538	mixedBackdrop	portrait	61.919376	1	4.00000000000	192	desktop	930	shown	fullscreen
width	769	384.5	portrait	landscape	25	4	4.00000000000	192	desktop	930	hidden	fullscreen
width	769	384.5	backdrop	landscape	50	2	2.00000000000	385	desktop	930	hidden	fullscreen
width	769	384.5	smallBackdrop	landscape	33.333333	3	3.00000000030	256	desktop	930	hidden	fullscreen
width	769	384.5	square	landscape	25	4	4.00000000000	192	desktop	930	hidden	fullscreen
width	769	384.5	banner	landscape	100	1	1.00000000000	769	desktop	930	hidden	fullscreen
width	769	384.5	mixedPortrait	landscape	23.219766	4	4.00000000000	192	desktop	930	hidden	fullscreen
width	769	384.5	mixedSquare	landscape	34.829649	2	4.00000000000	192	desktop	930	hidden	fullscreen
width	769	384.5	mixedBackdrop	landscape	61.919376	1	4.00000000000	192	desktop	930	hidden	fullscreen
width	770	1540	portrait	portrait	25	4	4.00000000000	193	desktop	930	shown	fullscreen
width	770	1540	backdrop	portrait	33.333333	3	3.00000000000	257	desktop	930	shown	fullscreen
width	770	1540	smallBackdrop	portrait	33.333333	3	3.00000000030	257	desktop	930	shown	fullscreen
width	770	1540	square	portrait	25	4	4.00000000000	193	desktop	930	shown	fullscreen
width	770	1540	banner	portrait	100	1	1.00000000000	770	desktop	930	shown	fullscreen
width	770	1540	mixedPortrait	portrait	23.18961	4	4.00000000000	193	desktop	930	shown	fullscreen
width	770	1540	mixedSquare	portrait	34.784416	2	4.00000000000	193	desktop	930	shown	fullscreen
width	770	1540	mixedBackdrop	portrait	61.838961	1	4.00000000000	193	desktop	930	shown	fullscreen
width	770	385	portrait	landscape	25	4	4.00000000000	193	desktop	930	hidden	fullscreen
width	770	385	backdrop	landscape	33.333333	3	3.00000000000	257	desktop	930	hidden	fullscreen
width	770	385	smallBackdrop	landscape	33.333333	3	3.00000000030	257	desktop	930	hidden	fullscreen
width	770	385	square	landscape	25	4	4.00000000000	193	desktop	930	hidden	fullscreen
width	770	385	banner	landscape	100	1	1.00000000000	770	desktop	930	hidden	fullscreen
width	770	385	mixedPortrait	landscape	23.18961	4	4.00000000000	193	desktop	930	hidden	fullscreen
width	770	385	mixedSquare	landscape	34.784416	2	4.00000000000	193	desktop	930	hidden	fullscreen
width	770	385	mixedBackdrop	landscape	61.838961	1	4.00000000000	193	desktop	930	hidden	fullscreen
width	799	1598	portrait	portrait	25	4	4.00000000000	200	desktop	930	shown	fullscreen
width	799	1598	backdrop	portrait	33.333333	3	3.00000000000	266	desktop	930	shown	fullscreen
width	799	1598	smallBackdrop	portrait	33.333333	3	3.00000000030	266	desktop	930	shown	fullscreen
width	799	1598	square	portrait	25	4	4.00000000000	200	desktop	930	shown	fullscreen
width	799	1598	banner	portrait	100	1	1.00000000000	799	desktop	930	shown	fullscreen
width	799	1598	mixedPortrait	portrait	22.347935	4	4.00000000000	200	desktop	930	shown	fullscreen
width	799	1598	mixedSquare	portrait	33.521902	2	4.00000000000	200	desktop	930	shown	fullscreen
width	799	1598	mixedBackdrop	portrait	59.594493	1	4.00000000000	200	desktop	930	shown	fullscreen
width	799	399.5	portrait	landscape	25	4	4.00000000000	200	desktop	930	hidden	fullscreen
width	799	399.5	backdrop	landscape	33.333333	3	3.00000000000	266	desktop	930	hidden	fullscreen
width	799	399.5	smallBackdrop	landscape	33.333333	3	3.00000000030	266	desktop	930	hidden	fullscreen
width	799	399.5	square	landscape	25	4	4.00000000000	200	desktop	930	hidden	fullscreen
width	799	399.5	banner	landscape	100	1	1.00000000000	799	desktop	930	hidden	fullscreen
width	799	399.5	mixedPortrait	landscape	22.347935	4	4.00000000000	200	desktop	930	hidden	fullscreen
width	799	399.5	mixedSquare	landscape	33.521902	2	4.00000000000	200	desktop	930	hidden	fullscreen
width	799	399.5	mixedBackdrop	landscape	59.594493	1	4.00000000000	200	desktop	930	hidden	fullscreen
width	800	1600	portrait	portrait	20	5	5.00000000000	160	desktop	930	shown	fullscreen
width	800	1600	backdrop	portrait	33.333333	3	3.00000000000	267	desktop	930	shown	fullscreen
width	800	1600	smallBackdrop	portrait	25	4	4.00000000000	200	desktop	930	shown	fullscreen
width	800	1600	square	portrait	20	5	5.00000000000	160	desktop	930	shown	fullscreen
width	800	1600	banner	portrait	50	2	2.00000000000	400	desktop	930	shown	fullscreen
width	800	1600	mixedPortrait	portrait	22.32	4	4.00000000000	200	desktop	930	shown	fullscreen
width	800	1600	mixedSquare	portrait	33.48	2	4.00000000000	200	desktop	930	shown	fullscreen
width	800	1600	mixedBackdrop	portrait	59.52	1	4.00000000000	200	desktop	930	shown	fullscreen
width	800	400	portrait	landscape	20	5	5.00000000000	160	desktop	930	hidden	fullscreen
width	800	400	backdrop	landscape	33.333333	3	3.00000000000	267	desktop	930	hidden	fullscreen
width	800	400	smallBackdrop	landscape	25	4	4.00000000000	200	desktop	930	hidden	fullscreen
width	800	400	square	landscape	20	5	5.00000000000	160	desktop	930	hidden	fullscreen
width	800	400	banner	landscape	50	2	2.00000000000	400	desktop	930	hidden	fullscreen
width	800	400	mixedPortrait	landscape	22.32	4	4.00000000000	200	desktop	930	hidden	fullscreen
width	800	400	mixedSquare	landscape	33.48	2	4.00000000000	200	desktop	930	hidden	fullscreen
width	800	400	mixedBackdrop	landscape	59.52	1	4.00000000000	200	desktop	930	hidden	fullscreen
width	895	1790	portrait	portrait	20	5	5.00000000000	179	desktop	930	shown	fullscreen
width	895	1790	backdrop	portrait	33.333333	3	3.00000000000	298	desktop	930	shown	fullscreen
width	895	1790	smallBackdrop	portrait	25	4	4.00000000000	224	desktop	930	shown	fullscreen
width	895	1790	square	portrait	20	5	5.00000000000	179	desktop	930	shown	fullscreen
width	895	1790	banner	portrait	50	2	2.00000000000	448	desktop	930	shown	fullscreen
width	895	1790	mixedPortrait	portrait	19.950838	5	4.00000000000	224	desktop	930	shown	fullscreen
width	895	1790	mixedSquare	portrait	29.926257	3	4.00000000000	224	desktop	930	shown	fullscreen
width	895	1790	mixedBackdrop	portrait	53.202235	1	4.00000000000	224	desktop	930	shown	fullscreen
width	895	447.5	portrait	landscape	20	5	5.00000000000	179	desktop	930	hidden	fullscreen
width	895	447.5	backdrop	landscape	33.333333	3	3.00000000000	298	desktop	930	hidden	fullscreen
width	895	447.5	smallBackdrop	landscape	25	4	4.00000000000	224	desktop	930	hidden	fullscreen
width	895	447.5	square	landscape	20	5	5.00000000000	179	desktop	930	hidden	fullscreen
width	895	447.5	banner	landscape	50	2	2.00000000000	448	desktop	930	hidden	fullscreen
width	895	447.5	mixedPortrait	landscape	19.950838	5	4.00000000000	224	desktop	930	hidden	fullscreen
width	895	447.5	mixedSquare	landscape	29.926257	3	4.00000000000	224	desktop	930	hidden	fullscreen
width	895	447.5	mixedBackdrop	landscape	53.202235	1	4.00000000000	224	desktop	930	hidden	fullscreen
width	896	1792	portrait	portrait	20	5	5.00000000000	179	desktop	930	shown	fullscreen
width	896	1792	backdrop	portrait	33.333333	3	3.00000000000	299	desktop	930	shown	fullscreen
width	896	1792	smallBackdrop	portrait	25	4	4.00000000000	224	desktop	930	shown	fullscreen
width	896	1792	square	portrait	20	5	5.00000000000	179	desktop	930	shown	fullscreen
width	896	1792	banner	portrait	50	2	2.00000000000	448	desktop	930	shown	fullscreen
width	896	1792	mixedPortrait	portrait	19.928571	5	4.00000000000	224	desktop	930	shown	fullscreen
width	896	1792	mixedSquare	portrait	29.892857	3	4.00000000000	224	desktop	930	shown	fullscreen
width	896	1792	mixedBackdrop	portrait	53.142857	1	4.00000000000	224	desktop	930	shown	fullscreen
width	896	448	portrait	landscape	20	5	5.00000000000	179	desktop	930	hidden	fullscreen
width	896	448	backdrop	landscape	33.333333	3	3.00000000000	299	desktop	930	hidden	fullscreen
width	896	448	smallBackdrop	landscape	25	4	4.00000000000	224	desktop	930	hidden	fullscreen
width	896	448	square	landscape	20	5	5.00000000000	179	desktop	930	hidden	fullscreen
width	896	448	banner	landscape	50	2	2.00000000000	448	desktop	930	hidden	fullscreen
width	896	448	mixedPortrait	landscape	19.928571	5	4.00000000000	224	desktop	930	hidden	fullscreen
width	896	448	mixedSquare	landscape	29.892857	3	4.00000000000	224	desktop	930	hidden	fullscreen
width	896	448	mixedBackdrop	landscape	53.142857	1	4.00000000000	224	desktop	930	hidden	fullscreen
width	959	1918	portrait	portrait	20	5	5.00000000000	192	desktop	930	shown	fullscreen
width	959	1918	backdrop	portrait	33.333333	3	3.00000000000	320	desktop	930	shown	fullscreen
width	959	1918	smallBackdrop	portrait	25	4	4.00000000000	240	desktop	930	shown	fullscreen
width	959	1918	square	portrait	20	5	5.00000000000	192	desktop	930	shown	fullscreen
width	959	1918	banner	portrait	50	2	2.00000000000	480	desktop	930	shown	fullscreen
width	959	1918	mixedPortrait	portrait	18.619395	5	4.00000000000	240	desktop	930	shown	fullscreen
width	959	1918	mixedSquare	portrait	27.929093	3	4.00000000000	240	desktop	930	shown	fullscreen
width	959	1918	mixedBackdrop	portrait	49.651721	2	4.00000000000	240	desktop	930	shown	fullscreen
width	959	479.5	portrait	landscape	20	5	5.00000000000	192	desktop	930	hidden	fullscreen
width	959	479.5	backdrop	landscape	33.333333	3	3.00000000000	320	desktop	930	hidden	fullscreen
width	959	479.5	smallBackdrop	landscape	25	4	4.00000000000	240	desktop	930	hidden	fullscreen
width	959	479.5	square	landscape	20	5	5.00000000000	192	desktop	930	hidden	fullscreen
width	959	479.5	banner	landscape	50	2	2.00000000000	480	desktop	930	hidden	fullscreen
width	959	479.5	mixedPortrait	landscape	18.619395	5	4.00000000000	240	desktop	930	hidden	fullscreen
width	959	479.5	mixedSquare	landscape	27.929093	3	4.00000000000	240	desktop	930	hidden	fullscreen
width	959	479.5	mixedBackdrop	landscape	49.651721	2	4.00000000000	240	desktop	930	hidden	fullscreen
width	960	1920	portrait	portrait	20	5	5.00000000000	192	desktop	930	shown	fullscreen
width	960	1920	backdrop	portrait	33.333333	3	3.00000000000	320	desktop	930	shown	fullscreen
width	960	1920	smallBackdrop	portrait	25	4	4.00000000000	240	desktop	930	shown	fullscreen
width	960	1920	square	portrait	20	5	5.00000000000	192	desktop	930	shown	fullscreen
width	960	1920	banner	portrait	50	2	2.00000000000	480	desktop	930	shown	fullscreen
width	960	1920	mixedPortrait	portrait	18.6	5	4.00000000000	240	desktop	930	shown	fullscreen
width	960	1920	mixedSquare	portrait	27.9	3	4.00000000000	240	desktop	930	shown	fullscreen
width	960	1920	mixedBackdrop	portrait	49.6	2	4.00000000000	240	desktop	930	shown	fullscreen
width	960	480	portrait	landscape	20	5	5.00000000000	192	desktop	930	hidden	fullscreen
width	960	480	backdrop	landscape	33.333333	3	3.00000000000	320	desktop	930	hidden	fullscreen
width	960	480	smallBackdrop	landscape	25	4	4.00000000000	240	desktop	930	hidden	fullscreen
width	960	480	square	landscape	20	5	5.00000000000	192	desktop	930	hidden	fullscreen
width	960	480	banner	landscape	50	2	2.00000000000	480	desktop	930	hidden	fullscreen
width	960	480	mixedPortrait	landscape	18.6	5	4.00000000000	240	desktop	930	hidden	fullscreen
width	960	480	mixedSquare	landscape	27.9	3	4.00000000000	240	desktop	930	hidden	fullscreen
width	960	480	mixedBackdrop	landscape	49.6	2	4.00000000000	240	desktop	930	hidden	fullscreen
width	999	1998	portrait	portrait	20	5	5.00000000000	200	desktop	930	shown	fullscreen
width	999	1998	backdrop	portrait	33.333333	3	3.00000000000	333	desktop	930	shown	fullscreen
width	999	1998	smallBackdrop	portrait	25	4	4.00000000000	250	desktop	930	shown	fullscreen
width	999	1998	square	portrait	20	5	5.00000000000	200	desktop	930	shown	fullscreen
width	999	1998	banner	portrait	50	2	2.00000000000	500	desktop	930	shown	fullscreen
width	999	1998	mixedPortrait	portrait	17.873874	5	4.00000000000	250	desktop	930	shown	fullscreen
width	999	1998	mixedSquare	portrait	26.810811	3	4.00000000000	250	desktop	930	shown	fullscreen
width	999	1998	mixedBackdrop	portrait	47.663664	2	4.00000000000	250	desktop	930	shown	fullscreen
width	999	499.5	portrait	landscape	20	5	5.00000000000	200	desktop	930	hidden	fullscreen
width	999	499.5	backdrop	landscape	33.333333	3	3.00000000000	333	desktop	930	hidden	fullscreen
width	999	499.5	smallBackdrop	landscape	25	4	4.00000000000	250	desktop	930	hidden	fullscreen
width	999	499.5	square	landscape	20	5	5.00000000000	200	desktop	930	hidden	fullscreen
width	999	499.5	banner	landscape	50	2	2.00000000000	500	desktop	930	hidden	fullscreen
width	999	499.5	mixedPortrait	landscape	17.873874	5	4.00000000000	250	desktop	930	hidden	fullscreen
width	999	499.5	mixedSquare	landscape	26.810811	3	4.00000000000	250	desktop	930	hidden	fullscreen
width	999	499.5	mixedBackdrop	landscape	47.663664	2	4.00000000000	250	desktop	930	hidden	fullscreen
width	1000	2000	portrait	portrait	20	5	5.00000000000	200	desktop	930	shown	fullscreen
width	1000	2000	backdrop	portrait	33.333333	3	3.00000000000	333	desktop	930	shown	fullscreen
width	1000	2000	smallBackdrop	portrait	20	5	5.00000000000	200	desktop	930	shown	fullscreen
width	1000	2000	square	portrait	20	5	5.00000000000	200	desktop	930	shown	fullscreen
width	1000	2000	banner	portrait	50	2	2.00000000000	500	desktop	930	shown	fullscreen
width	1000	2000	mixedPortrait	portrait	17.856	5	4.00000000000	250	desktop	930	shown	fullscreen
width	1000	2000	mixedSquare	portrait	26.784	3	4.00000000000	250	desktop	930	shown	fullscreen
width	1000	2000	mixedBackdrop	portrait	47.616	2	4.00000000000	250	desktop	930	shown	fullscreen
width	1000	500	portrait	landscape	20	5	5.00000000000	200	desktop	930	hidden	fullscreen
width	1000	500	backdrop	landscape	33.333333	3	3.00000000000	333	desktop	930	hidden	fullscreen
width	1000	500	smallBackdrop	landscape	20	5	5.00000000000	200	desktop	930	hidden	fullscreen
width	1000	500	square	landscape	20	5	5.00000000000	200	desktop	930	hidden	fullscreen
width	1000	500	banner	landscape	50	2	2.00000000000	500	desktop	930	hidden	fullscreen
width	1000	500	mixedPortrait	landscape	17.856	5	4.00000000000	250	desktop	930	hidden	fullscreen
width	1000	500	mixedSquare	landscape	26.784	3	4.00000000000	250	desktop	930	hidden	fullscreen
width	1000	500	mixedBackdrop	landscape	47.616	2	4.00000000000	250	desktop	930	hidden	fullscreen
width	1007	2014	portrait	portrait	20	5	5.00000000000	201	desktop	930	shown	fullscreen
width	1007	2014	backdrop	portrait	33.333333	3	3.00000000000	336	desktop	930	shown	fullscreen
width	1007	2014	smallBackdrop	portrait	20	5	5.00000000000	201	desktop	930	shown	fullscreen
width	1007	2014	square	portrait	20	5	5.00000000000	201	desktop	930	shown	fullscreen
width	1007	2014	banner	portrait	50	2	2.00000000000	504	desktop	930	shown	fullscreen
width	1007	2014	mixedPortrait	portrait	17.731877	5	4.00000000000	252	desktop	930	shown	fullscreen
width	1007	2014	mixedSquare	portrait	26.597815	3	4.00000000000	252	desktop	930	shown	fullscreen
width	1007	2014	mixedBackdrop	portrait	47.285005	2	4.00000000000	252	desktop	930	shown	fullscreen
width	1007	503.5	portrait	landscape	20	5	5.00000000000	201	desktop	930	shown	fullscreen
width	1007	503.5	backdrop	landscape	33.333333	3	3.00000000000	336	desktop	930	shown	fullscreen
width	1007	503.5	smallBackdrop	landscape	20	5	5.00000000000	201	desktop	930	shown	fullscreen
width	1007	503.5	square	landscape	20	5	5.00000000000	201	desktop	930	shown	fullscreen
width	1007	503.5	banner	landscape	50	2	2.00000000000	504	desktop	930	shown	fullscreen
width	1007	503.5	mixedPortrait	landscape	17.731877	5	4.00000000000	252	desktop	930	shown	fullscreen
width	1007	503.5	mixedSquare	landscape	26.597815	3	4.00000000000	252	desktop	930	shown	fullscreen
width	1007	503.5	mixedBackdrop	landscape	47.285005	2	4.00000000000	252	desktop	930	shown	fullscreen
width	1008	2016	portrait	portrait	20	5	5.00000000000	202	desktop	930	shown	fullscreen
width	1008	2016	backdrop	portrait	33.333333	3	3.00000000000	336	desktop	930	shown	fullscreen
width	1008	2016	smallBackdrop	portrait	20	5	5.00000000000	202	desktop	930	shown	fullscreen
width	1008	2016	square	portrait	20	5	5.00000000000	202	desktop	930	shown	fullscreen
width	1008	2016	banner	portrait	50	2	2.00000000000	504	desktop	930	shown	fullscreen
width	1008	2016	mixedPortrait	portrait	17.714286	5	4.00000000000	252	desktop	930	shown	fullscreen
width	1008	2016	mixedSquare	portrait	26.571429	3	4.00000000000	252	desktop	930	shown	fullscreen
width	1008	2016	mixedBackdrop	portrait	47.238095	2	4.00000000000	252	desktop	930	shown	fullscreen
width	1008	504	portrait	landscape	20	5	5.00000000000	202	desktop	930	shown	fullscreen
width	1008	504	backdrop	landscape	33.333333	3	3.00000000000	336	desktop	930	shown	fullscreen
width	1008	504	smallBackdrop	landscape	20	5	5.00000000000	202	desktop	930	shown	fullscreen
width	1008	504	square	landscape	20	5	5.00000000000	202	desktop	930	shown	fullscreen
width	1008	504	banner	landscape	50	2	2.00000000000	504	desktop	930	shown	fullscreen
width	1008	504	mixedPortrait	landscape	17.714286	5	4.00000000000	252	desktop	930	shown	fullscreen
width	1008	504	mixedSquare	landscape	26.571429	3	4.00000000000	252	desktop	930	shown	fullscreen
width	1008	504	mixedBackdrop	landscape	47.238095	2	4.00000000000	252	desktop	930	shown	fullscreen
width	1023	2046	portrait	portrait	20	5	5.00000000000	205	desktop	930	shown	fullscreen
width	1023	2046	backdrop	portrait	33.333333	3	3.00000000000	341	desktop	930	shown	fullscreen
width	1023	2046	smallBackdrop	portrait	20	5	5.00000000000	205	desktop	930	shown	fullscreen
width	1023	2046	square	portrait	20	5	5.00000000000	205	desktop	930	shown	fullscreen
width	1023	2046	banner	portrait	50	2	2.00000000000	512	desktop	930	shown	fullscreen
width	1023	2046	mixedPortrait	portrait	17.454545	5	4.00000000000	256	desktop	930	shown	fullscreen
width	1023	2046	mixedSquare	portrait	26.181818	3	4.00000000000	256	desktop	930	shown	fullscreen
width	1023	2046	mixedBackdrop	portrait	46.545455	2	4.00000000000	256	desktop	930	shown	fullscreen
width	1023	511.5	portrait	landscape	20	5	5.00000000000	205	desktop	930	shown	fullscreen
width	1023	511.5	backdrop	landscape	33.333333	3	3.00000000000	341	desktop	930	shown	fullscreen
width	1023	511.5	smallBackdrop	landscape	20	5	5.00000000000	205	desktop	930	shown	fullscreen
width	1023	511.5	square	landscape	20	5	5.00000000000	205	desktop	930	shown	fullscreen
width	1023	511.5	banner	landscape	50	2	2.00000000000	512	desktop	930	shown	fullscreen
width	1023	511.5	mixedPortrait	landscape	17.454545	5	4.00000000000	256	desktop	930	shown	fullscreen
width	1023	511.5	mixedSquare	landscape	26.181818	3	4.00000000000	256	desktop	930	shown	fullscreen
width	1023	511.5	mixedBackdrop	landscape	46.545455	2	4.00000000000	256	desktop	930	shown	fullscreen
width	1024	2048	portrait	portrait	20	5	5.00000000000	205	desktop	930	shown	fullscreen
width	1024	2048	backdrop	portrait	33.333333	3	3.00000000000	341	desktop	930	shown	fullscreen
width	1024	2048	smallBackdrop	portrait	20	5	5.00000000000	205	desktop	930	shown	fullscreen
width	1024	2048	square	portrait	20	5	5.00000000000	205	desktop	930	shown	fullscreen
width	1024	2048	banner	portrait	50	2	2.00000000000	512	desktop	930	shown	fullscreen
width	1024	2048	mixedPortrait	portrait	17.4375	5	4.00000000000	256	desktop	930	shown	fullscreen
width	1024	2048	mixedSquare	portrait	26.15625	3	4.00000000000	256	desktop	930	shown	fullscreen
width	1024	2048	mixedBackdrop	portrait	46.5	2	4.00000000000	256	desktop	930	shown	fullscreen
width	1024	512	portrait	landscape	20	5	5.00000000000	205	desktop	930	shown	fullscreen
width	1024	512	backdrop	landscape	33.333333	3	3.00000000000	341	desktop	930	shown	fullscreen
width	1024	512	smallBackdrop	landscape	20	5	5.00000000000	205	desktop	930	shown	fullscreen
width	1024	512	square	landscape	20	5	5.00000000000	205	desktop	930	shown	fullscreen
width	1024	512	banner	landscape	50	2	2.00000000000	512	desktop	930	shown	fullscreen
width	1024	512	mixedPortrait	landscape	17.4375	5	4.00000000000	256	desktop	930	shown	fullscreen
width	1024	512	mixedSquare	landscape	26.15625	3	4.00000000000	256	desktop	930	shown	fullscreen
width	1024	512	mixedBackdrop	landscape	46.5	2	4.00000000000	256	desktop	930	shown	fullscreen
width	1055	2110	portrait	portrait	20	5	5.00000000000	211	desktop	930	shown	fullscreen
width	1055	2110	backdrop	portrait	33.333333	3	3.00000000000	352	desktop	930	shown	fullscreen
width	1055	2110	smallBackdrop	portrait	20	5	5.00000000000	211	desktop	930	shown	fullscreen
width	1055	2110	square	portrait	20	5	5.00000000000	211	desktop	930	shown	fullscreen
width	1055	2110	banner	portrait	50	2	2.00000000000	528	desktop	930	shown	fullscreen
width	1055	2110	mixedPortrait	portrait	16.925118	5	4.00000000000	264	desktop	930	shown	fullscreen
width	1055	2110	mixedSquare	portrait	25.387678	3	4.00000000000	264	desktop	930	shown	fullscreen
width	1055	2110	mixedBackdrop	portrait	45.133649	2	4.00000000000	264	desktop	930	shown	fullscreen
width	1055	527.5	portrait	landscape	20	5	5.00000000000	211	desktop	930	shown	fullscreen
width	1055	527.5	backdrop	landscape	33.333333	3	3.00000000000	352	desktop	930	shown	fullscreen
width	1055	527.5	smallBackdrop	landscape	20	5	5.00000000000	211	desktop	930	shown	fullscreen
width	1055	527.5	square	landscape	20	5	5.00000000000	211	desktop	930	shown	fullscreen
width	1055	527.5	banner	landscape	50	2	2.00000000000	528	desktop	930	shown	fullscreen
width	1055	527.5	mixedPortrait	landscape	16.925118	5	4.00000000000	264	desktop	930	shown	fullscreen
width	1055	527.5	mixedSquare	landscape	25.387678	3	4.00000000000	264	desktop	930	shown	fullscreen
width	1055	527.5	mixedBackdrop	landscape	45.133649	2	4.00000000000	264	desktop	930	shown	fullscreen
width	1056	2112	portrait	portrait	20	5	5.00000000000	211	desktop	930	shown	fullscreen
width	1056	2112	backdrop	portrait	33.333333	3	3.00000000000	352	desktop	930	shown	fullscreen
width	1056	2112	smallBackdrop	portrait	20	5	5.00000000000	211	desktop	930	shown	fullscreen
width	1056	2112	square	portrait	20	5	5.00000000000	211	desktop	930	shown	fullscreen
width	1056	2112	banner	portrait	50	2	2.00000000000	528	desktop	930	shown	fullscreen
width	1056	2112	mixedPortrait	portrait	16.909091	5	4.00000000000	264	desktop	930	shown	fullscreen
width	1056	2112	mixedSquare	portrait	25.363636	3	4.00000000000	264	desktop	930	shown	fullscreen
width	1056	2112	mixedBackdrop	portrait	45.090909	2	4.00000000000	264	desktop	930	shown	fullscreen
width	1056	528	portrait	landscape	20	5	5.00000000000	211	desktop	930	shown	fullscreen
width	1056	528	backdrop	landscape	33.333333	3	3.00000000000	352	desktop	930	shown	fullscreen
width	1056	528	smallBackdrop	landscape	20	5	5.00000000000	211	desktop	930	shown	fullscreen
width	1056	528	square	landscape	20	5	5.00000000000	211	desktop	930	shown	fullscreen
width	1056	528	banner	landscape	50	2	2.00000000000	528	desktop	930	shown	fullscreen
width	1056	528	mixedPortrait	landscape	16.909091	5	4.00000000000	264	desktop	930	shown	fullscreen
width	1056	528	mixedSquare	landscape	25.363636	3	4.00000000000	264	desktop	930	shown	fullscreen
width	1056	528	mixedBackdrop	landscape	45.090909	2	4.00000000000	264	desktop	930	shown	fullscreen
width	1099	2198	portrait	portrait	20	5	5.00000000000	220	desktop	930	shown	fullscreen
width	1099	2198	backdrop	portrait	33.333333	3	3.00000000000	366	desktop	930	shown	fullscreen
width	1099	2198	smallBackdrop	portrait	20	5	5.00000000000	220	desktop	930	shown	fullscreen
width	1099	2198	square	portrait	20	5	5.00000000000	220	desktop	930	shown	fullscreen
width	1099	2198	banner	portrait	50	2	2.00000000000	550	desktop	930	shown	fullscreen
width	1099	2198	mixedPortrait	portrait	16.247498	6	4.00000000000	275	desktop	930	shown	fullscreen
width	1099	2198	mixedSquare	portrait	24.371247	4	4.00000000000	275	desktop	930	shown	fullscreen
width	1099	2198	mixedBackdrop	portrait	43.326661	2	4.00000000000	275	desktop	930	shown	fullscreen
width	1099	549.5	portrait	landscape	20	5	5.00000000000	220	desktop	930	shown	fullscreen
width	1099	549.5	backdrop	landscape	33.333333	3	3.00000000000	366	desktop	930	shown	fullscreen
width	1099	549.5	smallBackdrop	landscape	20	5	5.00000000000	220	desktop	930	shown	fullscreen
width	1099	549.5	square	landscape	20	5	5.00000000000	220	desktop	930	shown	fullscreen
width	1099	549.5	banner	landscape	50	2	2.00000000000	550	desktop	930	shown	fullscreen
width	1099	549.5	mixedPortrait	landscape	16.247498	6	4.00000000000	275	desktop	930	shown	fullscreen
width	1099	549.5	mixedSquare	landscape	24.371247	4	4.00000000000	275	desktop	930	shown	fullscreen
width	1099	549.5	mixedBackdrop	landscape	43.326661	2	4.00000000000	275	desktop	930	shown	fullscreen
width	1100	2200	portrait	portrait	20	5	5.00000000000	220	desktop	930	shown	fullscreen
width	1100	2200	backdrop	portrait	33.333333	3	3.00000000000	367	desktop	930	shown	fullscreen
width	1100	2200	smallBackdrop	portrait	20	5	5.00000000000	220	desktop	930	shown	fullscreen
width	1100	2200	square	portrait	20	5	5.00000000000	220	desktop	930	shown	fullscreen
width	1100	2200	banner	portrait	50	2	2.00000000000	550	desktop	930	shown	fullscreen
width	1100	2200	mixedPortrait	portrait	16.232727	6	4.00000000000	275	desktop	930	shown	fullscreen
width	1100	2200	mixedSquare	portrait	24.349091	4	4.00000000000	275	desktop	930	shown	fullscreen
width	1100	2200	mixedBackdrop	portrait	43.287273	2	4.00000000000	275	desktop	930	shown	fullscreen
width	1100	550	portrait	landscape	20	5	5.00000000000	220	desktop	930	shown	fullscreen
width	1100	550	backdrop	landscape	33.333333	3	3.00000000000	367	desktop	930	shown	fullscreen
width	1100	550	smallBackdrop	landscape	20	5	5.00000000000	220	desktop	930	shown	fullscreen
width	1100	550	square	landscape	20	5	5.00000000000	220	desktop	930	shown	fullscreen
width	1100	550	banner	landscape	50	2	2.00000000000	550	desktop	930	shown	fullscreen
width	1100	550	mixedPortrait	landscape	16.232727	6	4.00000000000	275	desktop	930	shown	fullscreen
width	1100	550	mixedSquare	landscape	24.349091	4	4.00000000000	275	desktop	930	shown	fullscreen
width	1100	550	mixedBackdrop	landscape	43.287273	2	4.00000000000	275	desktop	930	shown	fullscreen
width	1119	2238	portrait	portrait	20	5	5.00000000000	224	desktop	930	shown	fullscreen
width	1119	2238	backdrop	portrait	33.333333	3	3.00000000000	373	desktop	930	shown	fullscreen
width	1119	2238	smallBackdrop	portrait	20	5	5.00000000000	224	desktop	930	shown	fullscreen
width	1119	2238	square	portrait	20	5	5.00000000000	224	desktop	930	shown	fullscreen
width	1119	2238	banner	portrait	50	2	2.00000000000	560	desktop	930	shown	fullscreen
width	1119	2238	mixedPortrait	portrait	15.957105	6	4.00000000000	280	desktop	930	shown	fullscreen
width	1119	2238	mixedSquare	portrait	23.935657	4	4.00000000000	280	desktop	930	shown	fullscreen
width	1119	2238	mixedBackdrop	portrait	42.552279	2	4.00000000000	280	desktop	930	shown	fullscreen
width	1119	559.5	portrait	landscape	20	5	5.00000000000	224	desktop	930	shown	fullscreen
width	1119	559.5	backdrop	landscape	33.333333	3	3.00000000000	373	desktop	930	shown	fullscreen
width	1119	559.5	smallBackdrop	landscape	20	5	5.00000000000	224	desktop	930	shown	fullscreen
width	1119	559.5	square	landscape	20	5	5.00000000000	224	desktop	930	shown	fullscreen
width	1119	559.5	banner	landscape	50	2	2.00000000000	560	desktop	930	shown	fullscreen
width	1119	559.5	mixedPortrait	landscape	15.957105	6	4.00000000000	280	desktop	930	shown	fullscreen
width	1119	559.5	mixedSquare	landscape	23.935657	4	4.00000000000	280	desktop	930	shown	fullscreen
width	1119	559.5	mixedBackdrop	landscape	42.552279	2	4.00000000000	280	desktop	930	shown	fullscreen
width	1120	2240	portrait	portrait	20	5	5.00000000000	224	desktop	930	shown	fullscreen
width	1120	2240	backdrop	portrait	33.333333	3	3.00000000000	373	desktop	930	shown	fullscreen
width	1120	2240	smallBackdrop	portrait	20	5	5.00000000000	224	desktop	930	shown	fullscreen
width	1120	2240	square	portrait	20	5	5.00000000000	224	desktop	930	shown	fullscreen
width	1120	2240	banner	portrait	50	2	2.00000000000	560	desktop	930	shown	fullscreen
width	1120	2240	mixedPortrait	portrait	15.942857	6	4.00000000000	280	desktop	930	shown	fullscreen
width	1120	2240	mixedSquare	portrait	23.914286	4	4.00000000000	280	desktop	930	shown	fullscreen
width	1120	2240	mixedBackdrop	portrait	42.514286	2	4.00000000000	280	desktop	930	shown	fullscreen
width	1120	560	portrait	landscape	20	5	5.00000000000	224	desktop	930	shown	fullscreen
width	1120	560	backdrop	landscape	33.333333	3	3.00000000000	373	desktop	930	shown	fullscreen
width	1120	560	smallBackdrop	landscape	20	5	5.00000000000	224	desktop	930	shown	fullscreen
width	1120	560	square	landscape	20	5	5.00000000000	224	desktop	930	shown	fullscreen
width	1120	560	banner	landscape	50	2	2.00000000000	560	desktop	930	shown	fullscreen
width	1120	560	mixedPortrait	landscape	15.942857	6	4.00000000000	280	desktop	930	shown	fullscreen
width	1120	560	mixedSquare	landscape	23.914286	4	4.00000000000	280	desktop	930	shown	fullscreen
width	1120	560	mixedBackdrop	landscape	42.514286	2	4.00000000000	280	desktop	930	shown	fullscreen
width	1199	2398	portrait	portrait	20	5	5.00000000000	240	desktop	930	shown	fullscreen
width	1199	2398	backdrop	portrait	33.333333	3	3.00000000000	400	desktop	930	shown	fullscreen
width	1199	2398	smallBackdrop	portrait	20	5	5.00000000000	240	desktop	930	shown	fullscreen
width	1199	2398	square	portrait	20	5	5.00000000000	240	desktop	930	shown	fullscreen
width	1199	2398	banner	portrait	50	2	2.00000000000	600	desktop	930	shown	fullscreen
width	1199	2398	mixedPortrait	portrait	14.89241	6	4.00000000000	300	desktop	930	shown	fullscreen
width	1199	2398	mixedSquare	portrait	22.338616	4	4.00000000000	300	desktop	930	shown	fullscreen
width	1199	2398	mixedBackdrop	portrait	39.713094	2	4.00000000000	300	desktop	930	shown	fullscreen
width	1199	599.5	portrait	landscape	20	5	5.00000000000	240	desktop	930	shown	fullscreen
width	1199	599.5	backdrop	landscape	33.333333	3	3.00000000000	400	desktop	930	shown	fullscreen
width	1199	599.5	smallBackdrop	landscape	20	5	5.00000000000	240	desktop	930	shown	fullscreen
width	1199	599.5	square	landscape	20	5	5.00000000000	240	desktop	930	shown	fullscreen
width	1199	599.5	banner	landscape	50	2	2.00000000000	600	desktop	930	shown	fullscreen
width	1199	599.5	mixedPortrait	landscape	14.89241	6	4.00000000000	300	desktop	930	shown	fullscreen
width	1199	599.5	mixedSquare	landscape	22.338616	4	4.00000000000	300	desktop	930	shown	fullscreen
width	1199	599.5	mixedBackdrop	landscape	39.713094	2	4.00000000000	300	desktop	930	shown	fullscreen
width	1200	2400	portrait	portrait	16.666667	6	5.99999999880	200	desktop	930	shown	fullscreen
width	1200	2400	backdrop	portrait	25	4	4.00000000000	300	desktop	930	shown	fullscreen
width	1200	2400	smallBackdrop	portrait	16.666667	6	5.99999999880	200	desktop	930	shown	fullscreen
width	1200	2400	square	portrait	16.666667	6	5.99999999880	200	desktop	930	shown	fullscreen
width	1200	2400	banner	portrait	33.333333	3	3.00000000030	400	desktop	930	shown	fullscreen
width	1200	2400	mixedPortrait	portrait	14.88	6	4.00000000000	300	desktop	930	shown	fullscreen
width	1200	2400	mixedSquare	portrait	22.32	4	4.00000000000	300	desktop	930	shown	fullscreen
width	1200	2400	mixedBackdrop	portrait	39.68	2	4.00000000000	300	desktop	930	shown	fullscreen
width	1200	600	portrait	landscape	16.666667	6	5.99999999880	200	desktop	930	shown	fullscreen
width	1200	600	backdrop	landscape	25	4	4.00000000000	300	desktop	930	shown	fullscreen
width	1200	600	smallBackdrop	landscape	16.666667	6	5.99999999880	200	desktop	930	shown	fullscreen
width	1200	600	square	landscape	16.666667	6	5.99999999880	200	desktop	930	shown	fullscreen
width	1200	600	banner	landscape	33.333333	3	3.00000000030	400	desktop	930	shown	fullscreen
width	1200	600	mixedPortrait	landscape	14.88	6	4.00000000000	300	desktop	930	shown	fullscreen
width	1200	600	mixedSquare	landscape	22.32	4	4.00000000000	300	desktop	930	shown	fullscreen
width	1200	600	mixedBackdrop	landscape	39.68	2	4.00000000000	300	desktop	930	shown	fullscreen
width	1279	2558	portrait	portrait	16.666667	6	5.99999999880	213	desktop	930	shown	fullscreen
width	1279	2558	backdrop	portrait	25	4	4.00000000000	320	desktop	930	shown	fullscreen
width	1279	2558	smallBackdrop	portrait	16.666667	6	5.99999999880	213	desktop	930	shown	fullscreen
width	1279	2558	square	portrait	16.666667	6	5.99999999880	213	desktop	930	shown	fullscreen
width	1279	2558	banner	portrait	33.333333	3	3.00000000030	426	desktop	930	shown	fullscreen
width	1279	2558	mixedPortrait	portrait	13.960907	7	4.00000000000	320	desktop	930	shown	fullscreen
width	1279	2558	mixedSquare	portrait	20.94136	4	4.00000000000	320	desktop	930	shown	fullscreen
width	1279	2558	mixedBackdrop	portrait	37.229085	2	4.00000000000	320	desktop	930	shown	fullscreen
width	1279	639.5	portrait	landscape	16.666667	6	5.99999999880	213	desktop	930	shown	fullscreen
width	1279	639.5	backdrop	landscape	25	4	4.00000000000	320	desktop	930	shown	fullscreen
width	1279	639.5	smallBackdrop	landscape	16.666667	6	5.99999999880	213	desktop	930	shown	fullscreen
width	1279	639.5	square	landscape	16.666667	6	5.99999999880	213	desktop	930	shown	fullscreen
width	1279	639.5	banner	landscape	33.333333	3	3.00000000030	426	desktop	930	shown	fullscreen
width	1279	639.5	mixedPortrait	landscape	13.960907	7	4.00000000000	320	desktop	930	shown	fullscreen
width	1279	639.5	mixedSquare	landscape	20.94136	4	4.00000000000	320	desktop	930	shown	fullscreen
width	1279	639.5	mixedBackdrop	landscape	37.229085	2	4.00000000000	320	desktop	930	shown	fullscreen
width	1280	2560	portrait	portrait	16.666667	6	5.99999999880	213	desktop	930	shown	fullscreen
width	1280	2560	backdrop	portrait	25	4	4.00000000000	320	desktop	930	shown	fullscreen
width	1280	2560	smallBackdrop	portrait	16.666667	6	5.99999999880	213	desktop	930	shown	fullscreen
width	1280	2560	square	portrait	16.666667	6	5.99999999880	213	desktop	930	shown	fullscreen
width	1280	2560	banner	portrait	33.333333	3	3.00000000030	427	desktop	930	shown	fullscreen
width	1280	2560	mixedPortrait	portrait	13.95	7	4.00000000000	320	desktop	930	shown	fullscreen
width	1280	2560	mixedSquare	portrait	20.925	4	4.00000000000	320	desktop	930	shown	fullscreen
width	1280	2560	mixedBackdrop	portrait	37.2	2	4.00000000000	320	desktop	930	shown	fullscreen
width	1280	640	portrait	landscape	16.666667	6	5.99999999880	213	desktop	930	shown	fullscreen
width	1280	640	backdrop	landscape	25	4	4.00000000000	320	desktop	930	shown	fullscreen
width	1280	640	smallBackdrop	landscape	16.666667	6	5.99999999880	213	desktop	930	shown	fullscreen
width	1280	640	square	landscape	16.666667	6	5.99999999880	213	desktop	930	shown	fullscreen
width	1280	640	banner	landscape	33.333333	3	3.00000000030	427	desktop	930	shown	fullscreen
width	1280	640	mixedPortrait	landscape	13.95	7	4.00000000000	320	desktop	930	shown	fullscreen
width	1280	640	mixedSquare	landscape	20.925	4	4.00000000000	320	desktop	930	shown	fullscreen
width	1280	640	mixedBackdrop	landscape	37.2	2	4.00000000000	320	desktop	930	shown	fullscreen
width	1399	2798	portrait	portrait	16.666667	6	5.99999999880	233	desktop	930	shown	fixed
width	1399	2798	backdrop	portrait	25	4	4.00000000000	350	desktop	930	shown	fixed
width	1399	2798	smallBackdrop	portrait	16.666667	6	5.99999999880	233	desktop	930	shown	fixed
width	1399	2798	square	portrait	16.666667	6	5.99999999880	233	desktop	930	shown	fixed
width	1399	2798	banner	portrait	33.333333	3	3.00000000030	466	desktop	930	shown	fixed
width	1399	2798	mixedPortrait	portrait	12.763402	7	4.00000000000	350	desktop	930	shown	fixed
width	1399	2798	mixedSquare	portrait	19.145104	5	4.00000000000	350	desktop	930	shown	fixed
width	1399	2798	mixedBackdrop	portrait	34.03574	2	4.00000000000	350	desktop	930	shown	fixed
width	1399	699.5	portrait	landscape	16.666667	6	5.99999999880	233	desktop	930	shown	fullscreen
width	1399	699.5	backdrop	landscape	25	4	4.00000000000	350	desktop	930	shown	fullscreen
width	1399	699.5	smallBackdrop	landscape	16.666667	6	5.99999999880	233	desktop	930	shown	fullscreen
width	1399	699.5	square	landscape	16.666667	6	5.99999999880	233	desktop	930	shown	fullscreen
width	1399	699.5	banner	landscape	33.333333	3	3.00000000030	466	desktop	930	shown	fullscreen
width	1399	699.5	mixedPortrait	landscape	12.763402	7	4.00000000000	350	desktop	930	shown	fullscreen
width	1399	699.5	mixedSquare	landscape	19.145104	5	4.00000000000	350	desktop	930	shown	fullscreen
width	1399	699.5	mixedBackdrop	landscape	34.03574	2	4.00000000000	350	desktop	930	shown	fullscreen
width	1400	2800	portrait	portrait	14.285714	7	7.00000000000	200	desktop	930	shown	fixed
width	1400	2800	backdrop	portrait	25	4	4.00000000000	350	desktop	930	shown	fixed
width	1400	2800	smallBackdrop	portrait	14.285714	7	7.00000000001	200	desktop	930	shown	fixed
width	1400	2800	square	portrait	14.285714	7	7.00000000000	200	desktop	930	shown	fixed
width	1400	2800	banner	portrait	33.333333	3	3.00000000030	467	desktop	930	shown	fixed
width	1400	2800	mixedPortrait	portrait	12.754286	7	4.00000000000	350	desktop	930	shown	fixed
width	1400	2800	mixedSquare	portrait	19.131429	5	4.00000000000	350	desktop	930	shown	fixed
width	1400	2800	mixedBackdrop	portrait	34.011429	2	4.00000000000	350	desktop	930	shown	fixed
width	1400	700	portrait	landscape	14.285714	7	7.00000000000	200	desktop	930	shown	fullscreen
width	1400	700	backdrop	landscape	25	4	4.00000000000	350	desktop	930	shown	fullscreen
width	1400	700	smallBackdrop	landscape	14.285714	7	7.00000000001	200	desktop	930	shown	fullscreen
width	1400	700	square	landscape	14.285714	7	7.00000000000	200	desktop	930	shown	fullscreen
width	1400	700	banner	landscape	33.333333	3	3.00000000030	467	desktop	930	shown	fullscreen
width	1400	700	mixedPortrait	landscape	12.754286	7	4.00000000000	350	desktop	930	shown	fullscreen
width	1400	700	mixedSquare	landscape	19.131429	5	4.00000000000	350	desktop	930	shown	fullscreen
width	1400	700	mixedBackdrop	landscape	34.011429	2	4.00000000000	350	desktop	930	shown	fullscreen
width	1599	3198	portrait	portrait	14.285714	7	7.00000000000	228	desktop	930	shown	fixed
width	1599	3198	backdrop	portrait	25	4	4.00000000000	400	desktop	930	shown	fixed
width	1599	3198	smallBackdrop	portrait	14.285714	7	7.00000000001	228	desktop	930	shown	fixed
width	1599	3198	square	portrait	14.285714	7	7.00000000000	228	desktop	930	shown	fixed
width	1599	3198	banner	portrait	33.333333	3	3.00000000030	533	desktop	930	shown	fixed
width	1599	3198	mixedPortrait	portrait	11.166979	8	4.00000000000	400	desktop	930	shown	fixed
width	1599	3198	mixedSquare	portrait	16.750469	5	4.00000000000	400	desktop	930	shown	fixed
width	1599	3198	mixedBackdrop	portrait	29.778612	3	4.00000000000	400	desktop	930	shown	fixed
width	1599	799.5	portrait	landscape	14.285714	7	7.00000000000	228	desktop	930	shown	fixed
width	1599	799.5	backdrop	landscape	25	4	4.00000000000	400	desktop	930	shown	fixed
width	1599	799.5	smallBackdrop	landscape	14.285714	7	7.00000000001	228	desktop	930	shown	fixed
width	1599	799.5	square	landscape	14.285714	7	7.00000000000	228	desktop	930	shown	fixed
width	1599	799.5	banner	landscape	33.333333	3	3.00000000030	533	desktop	930	shown	fixed
width	1599	799.5	mixedPortrait	landscape	11.166979	8	4.00000000000	400	desktop	930	shown	fixed
width	1599	799.5	mixedSquare	landscape	16.750469	5	4.00000000000	400	desktop	930	shown	fixed
width	1599	799.5	mixedBackdrop	landscape	29.778612	3	4.00000000000	400	desktop	930	shown	fixed
width	1600	3200	portrait	portrait	12.5	8	8.00000000000	200	desktop	930	shown	fixed
width	1600	3200	backdrop	portrait	20	5	5.00000000000	320	desktop	930	shown	fixed
width	1600	3200	smallBackdrop	portrait	12.5	8	8.00000000000	200	desktop	930	shown	fixed
width	1600	3200	square	portrait	12.5	8	8.00000000000	200	desktop	930	shown	fixed
width	1600	3200	banner	portrait	33.333333	3	3.00000000030	533	desktop	930	shown	fixed
width	1600	3200	mixedPortrait	portrait	11.16	8	4.00000000000	400	desktop	930	shown	fixed
width	1600	3200	mixedSquare	portrait	16.74	5	4.00000000000	400	desktop	930	shown	fixed
width	1600	3200	mixedBackdrop	portrait	29.76	3	4.00000000000	400	desktop	930	shown	fixed
width	1600	800	portrait	landscape	12.5	8	8.00000000000	200	desktop	930	shown	fixed
width	1600	800	backdrop	landscape	20	5	5.00000000000	320	desktop	930	shown	fixed
width	1600	800	smallBackdrop	landscape	12.5	8	8.00000000000	200	desktop	930	shown	fixed
width	1600	800	square	landscape	12.5	8	8.00000000000	200	desktop	930	shown	fixed
width	1600	800	banner	landscape	33.333333	3	3.00000000030	533	desktop	930	shown	fixed
width	1600	800	mixedPortrait	landscape	11.16	8	4.00000000000	400	desktop	930	shown	fixed
width	1600	800	mixedSquare	landscape	16.74	5	4.00000000000	400	desktop	930	shown	fixed
width	1600	800	mixedBackdrop	landscape	29.76	3	4.00000000000	400	desktop	930	shown	fixed
width	1799	3598	portrait	portrait	12.5	8	8.00000000000	225	desktop	930	shown	fixed
width	1799	3598	backdrop	portrait	20	5	5.00000000000	360	desktop	930	shown	fixed
width	1799	3598	smallBackdrop	portrait	12.5	8	8.00000000000	225	desktop	930	shown	fixed
width	1799	3598	square	portrait	12.5	8	8.00000000000	225	desktop	930	shown	fixed
width	1799	3598	banner	portrait	33.333333	3	3.00000000030	600	desktop	930	shown	fixed
width	1799	3598	mixedPortrait	portrait	9.925514	10	4.00000000000	450	desktop	930	shown	fixed
width	1799	3598	mixedSquare	portrait	14.888271	6	4.00000000000	450	desktop	930	shown	fixed
width	1799	3598	mixedBackdrop	portrait	26.468038	3	4.00000000000	450	desktop	930	shown	fixed
width	1799	899.5	portrait	landscape	12.5	8	8.00000000000	225	desktop	930	shown	fixed
width	1799	899.5	backdrop	landscape	20	5	5.00000000000	360	desktop	930	shown	fixed
width	1799	899.5	smallBackdrop	landscape	12.5	8	8.00000000000	225	desktop	930	shown	fixed
width	1799	899.5	square	landscape	12.5	8	8.00000000000	225	desktop	930	shown	fixed
width	1799	899.5	banner	landscape	33.333333	3	3.00000000030	600	desktop	930	shown	fixed
width	1799	899.5	mixedPortrait	landscape	9.925514	10	4.00000000000	450	desktop	930	shown	fixed
width	1799	899.5	mixedSquare	landscape	14.888271	6	4.00000000000	450	desktop	930	shown	fixed
width	1799	899.5	mixedBackdrop	landscape	26.468038	3	4.00000000000	450	desktop	930	shown	fixed
width	1800	3600	portrait	portrait	12.5	8	8.00000000000	225	desktop	930	shown	fixed
width	1800	3600	backdrop	portrait	20	5	5.00000000000	360	desktop	930	shown	fixed
width	1800	3600	smallBackdrop	portrait	12.5	8	8.00000000000	225	desktop	930	shown	fixed
width	1800	3600	square	portrait	12.5	8	8.00000000000	225	desktop	930	shown	fixed
width	1800	3600	banner	portrait	33.333333	3	3.00000000030	600	desktop	930	shown	fixed
width	1800	3600	mixedPortrait	portrait	9.92	10	4.00000000000	450	desktop	930	shown	fixed
width	1800	3600	mixedSquare	portrait	14.88	6	4.00000000000	450	desktop	930	shown	fixed
width	1800	3600	mixedBackdrop	portrait	26.453333	3	4.00000000000	450	desktop	930	shown	fixed
width	1800	900	portrait	landscape	12.5	8	8.00000000000	225	desktop	930	shown	fixed
width	1800	900	backdrop	landscape	20	5	5.00000000000	360	desktop	930	shown	fixed
width	1800	900	smallBackdrop	landscape	12.5	8	8.00000000000	225	desktop	930	shown	fixed
width	1800	900	square	landscape	12.5	8	8.00000000000	225	desktop	930	shown	fixed
width	1800	900	banner	landscape	33.333333	3	3.00000000030	600	desktop	930	shown	fixed
width	1800	900	mixedPortrait	landscape	9.92	10	4.00000000000	450	desktop	930	shown	fixed
width	1800	900	mixedSquare	landscape	14.88	6	4.00000000000	450	desktop	930	shown	fixed
width	1800	900	mixedBackdrop	landscape	26.453333	3	4.00000000000	450	desktop	930	shown	fixed
width	1919	3838	portrait	portrait	12.5	8	8.00000000000	240	desktop	930	shown	fixed
width	1919	3838	backdrop	portrait	20	5	5.00000000000	384	desktop	930	shown	fixed
width	1919	3838	smallBackdrop	portrait	12.5	8	8.00000000000	240	desktop	930	shown	fixed
width	1919	3838	square	portrait	12.5	8	8.00000000000	240	desktop	930	shown	fixed
width	1919	3838	banner	portrait	33.333333	3	3.00000000030	640	desktop	930	shown	fixed
width	1919	3838	mixedPortrait	portrait	9.304846	10	4.00000000000	480	desktop	930	shown	fixed
width	1919	3838	mixedSquare	portrait	13.957269	7	4.00000000000	480	desktop	930	shown	fixed
width	1919	3838	mixedBackdrop	portrait	24.812923	4	4.00000000000	480	desktop	930	shown	fixed
width	1919	959.5	portrait	landscape	12.5	8	8.00000000000	240	desktop	930	shown	fixed
width	1919	959.5	backdrop	landscape	20	5	5.00000000000	384	desktop	930	shown	fixed
width	1919	959.5	smallBackdrop	landscape	12.5	8	8.00000000000	240	desktop	930	shown	fixed
width	1919	959.5	square	landscape	12.5	8	8.00000000000	240	desktop	930	shown	fixed
width	1919	959.5	banner	landscape	33.333333	3	3.00000000030	640	desktop	930	shown	fixed
width	1919	959.5	mixedPortrait	landscape	9.304846	10	4.00000000000	480	desktop	930	shown	fixed
width	1919	959.5	mixedSquare	landscape	13.957269	7	4.00000000000	480	desktop	930	shown	fixed
width	1919	959.5	mixedBackdrop	landscape	24.812923	4	4.00000000000	480	desktop	930	shown	fixed
width	1920	3840	portrait	portrait	11.111111	9	9.00000000001	213	desktop	930	shown	fixed
width	1920	3840	backdrop	portrait	20	5	5.00000000000	384	desktop	930	shown	fixed
width	1920	3840	smallBackdrop	portrait	12.5	8	8.00000000000	240	desktop	930	shown	fixed
width	1920	3840	square	portrait	11.111111	9	9.00000000001	213	desktop	930	shown	fixed
width	1920	3840	banner	portrait	33.333333	3	3.00000000030	640	desktop	930	shown	fixed
width	1920	3840	mixedPortrait	portrait	9.3	10	4.00000000000	480	desktop	930	shown	fixed
width	1920	3840	mixedSquare	portrait	13.95	7	4.00000000000	480	desktop	930	shown	fixed
width	1920	3840	mixedBackdrop	portrait	24.8	4	4.00000000000	480	desktop	930	shown	fixed
width	1920	960	portrait	landscape	11.111111	9	9.00000000001	213	desktop	930	shown	fixed
width	1920	960	backdrop	landscape	20	5	5.00000000000	384	desktop	930	shown	fixed
width	1920	960	smallBackdrop	landscape	12.5	8	8.00000000000	240	desktop	930	shown	fixed
width	1920	960	square	landscape	11.111111	9	9.00000000001	213	desktop	930	shown	fixed
width	1920	960	banner	landscape	33.333333	3	3.00000000030	640	desktop	930	shown	fixed
width	1920	960	mixedPortrait	landscape	9.3	10	4.00000000000	480	desktop	930	shown	fixed
width	1920	960	mixedSquare	landscape	13.95	7	4.00000000000	480	desktop	930	shown	fixed
width	1920	960	mixedBackdrop	landscape	24.8	4	4.00000000000	480	desktop	930	shown	fixed
width	2099	4198	portrait	portrait	11.111111	9	9.00000000001	233	desktop	930	shown	fixed
width	2099	4198	backdrop	portrait	20	5	5.00000000000	420	desktop	930	shown	fixed
width	2099	4198	smallBackdrop	portrait	12.5	8	8.00000000000	262	desktop	930	shown	fixed
width	2099	4198	square	portrait	11.111111	9	9.00000000001	233	desktop	930	shown	fixed
width	2099	4198	banner	portrait	33.333333	3	3.00000000030	700	desktop	930	shown	fixed
width	2099	4198	mixedPortrait	portrait	8.506908	11	4.00000000000	525	desktop	930	shown	fixed
width	2099	4198	mixedSquare	portrait	12.760362	7	4.00000000000	525	desktop	930	shown	fixed
width	2099	4198	mixedBackdrop	portrait	22.685088	4	4.00000000000	525	desktop	930	shown	fixed
width	2099	1049.5	portrait	landscape	11.111111	9	9.00000000001	233	desktop	930	shown	fixed
width	2099	1049.5	backdrop	landscape	20	5	5.00000000000	420	desktop	930	shown	fixed
width	2099	1049.5	smallBackdrop	landscape	12.5	8	8.00000000000	262	desktop	930	shown	fixed
width	2099	1049.5	square	landscape	11.111111	9	9.00000000001	233	desktop	930	shown	fixed
width	2099	1049.5	banner	landscape	33.333333	3	3.00000000030	700	desktop	930	shown	fixed
width	2099	1049.5	mixedPortrait	landscape	8.506908	11	4.00000000000	525	desktop	930	shown	fixed
width	2099	1049.5	mixedSquare	landscape	12.760362	7	4.00000000000	525	desktop	930	shown	fixed
width	2099	1049.5	mixedBackdrop	landscape	22.685088	4	4.00000000000	525	desktop	930	shown	fixed
width	2100	4200	portrait	portrait	10	10	9.00000000001	233	desktop	930	shown	fixed
width	2100	4200	backdrop	portrait	20	5	5.00000000000	420	desktop	930	shown	fixed
width	2100	4200	smallBackdrop	portrait	12.5	8	8.00000000000	263	desktop	930	shown	fixed
width	2100	4200	square	portrait	10	10	9.00000000001	233	desktop	930	shown	fixed
width	2100	4200	banner	portrait	25	4	3.00000000030	700	desktop	930	shown	fixed
width	2100	4200	mixedPortrait	portrait	8.502857	11	4.00000000000	525	desktop	930	shown	fixed
width	2100	4200	mixedSquare	portrait	12.754286	7	4.00000000000	525	desktop	930	shown	fixed
width	2100	4200	mixedBackdrop	portrait	22.674286	4	4.00000000000	525	desktop	930	shown	fixed
width	2100	1050	portrait	landscape	10	10	9.00000000001	233	desktop	930	shown	fixed
width	2100	1050	backdrop	landscape	20	5	5.00000000000	420	desktop	930	shown	fixed
width	2100	1050	smallBackdrop	landscape	12.5	8	8.00000000000	263	desktop	930	shown	fixed
width	2100	1050	square	landscape	10	10	9.00000000001	233	desktop	930	shown	fixed
width	2100	1050	banner	landscape	25	4	3.00000000030	700	desktop	930	shown	fixed
width	2100	1050	mixedPortrait	landscape	8.502857	11	4.00000000000	525	desktop	930	shown	fixed
width	2100	1050	mixedSquare	landscape	12.754286	7	4.00000000000	525	desktop	930	shown	fixed
width	2100	1050	mixedBackdrop	landscape	22.674286	4	4.00000000000	525	desktop	930	shown	fixed
width	2499	4998	portrait	portrait	10	10	10.00000000000	250	desktop	930	shown	fixed
width	2499	4998	backdrop	portrait	20	5	5.00000000000	500	desktop	930	shown	fixed
width	2499	4998	smallBackdrop	portrait	12.5	8	8.00000000000	312	desktop	930	shown	fixed
width	2499	4998	square	portrait	10	10	10.00000000000	250	desktop	930	shown	fixed
width	2499	4998	banner	portrait	25	4	4.00000000000	625	desktop	930	shown	fixed
width	2499	4998	mixedPortrait	portrait	7.145258	13	4.00000000000	625	desktop	930	shown	fixed
width	2499	4998	mixedSquare	portrait	10.717887	9	4.00000000000	625	desktop	930	shown	fixed
width	2499	4998	mixedBackdrop	portrait	19.054022	5	4.00000000000	625	desktop	930	shown	fixed
width	2499	1249.5	portrait	landscape	10	10	10.00000000000	250	desktop	930	shown	fixed
width	2499	1249.5	backdrop	landscape	20	5	5.00000000000	500	desktop	930	shown	fixed
width	2499	1249.5	smallBackdrop	landscape	12.5	8	8.00000000000	312	desktop	930	shown	fixed
width	2499	1249.5	square	landscape	10	10	10.00000000000	250	desktop	930	shown	fixed
width	2499	1249.5	banner	landscape	25	4	4.00000000000	625	desktop	930	shown	fixed
width	2499	1249.5	mixedPortrait	landscape	7.145258	13	4.00000000000	625	desktop	930	shown	fixed
width	2499	1249.5	mixedSquare	landscape	10.717887	9	4.00000000000	625	desktop	930	shown	fixed
width	2499	1249.5	mixedBackdrop	landscape	19.054022	5	4.00000000000	625	desktop	930	shown	fixed
width	2500	5000	portrait	portrait	10	10	10.00000000000	250	desktop	930	shown	fixed
width	2500	5000	backdrop	portrait	16.666667	6	6.00000000000	417	desktop	930	shown	fixed
width	2500	5000	smallBackdrop	portrait	12.5	8	8.00000000000	313	desktop	930	shown	fixed
width	2500	5000	square	portrait	10	10	10.00000000000	250	desktop	930	shown	fixed
width	2500	5000	banner	portrait	25	4	4.00000000000	625	desktop	930	shown	fixed
width	2500	5000	mixedPortrait	portrait	7.1424	14	4.00000000000	625	desktop	930	shown	fixed
width	2500	5000	mixedSquare	portrait	10.7136	9	4.00000000000	625	desktop	930	shown	fixed
width	2500	5000	mixedBackdrop	portrait	19.0464	5	4.00000000000	625	desktop	930	shown	fixed
width	2500	1250	portrait	landscape	10	10	10.00000000000	250	desktop	930	shown	fixed
width	2500	1250	backdrop	landscape	16.666667	6	6.00000000000	417	desktop	930	shown	fixed
width	2500	1250	smallBackdrop	landscape	12.5	8	8.00000000000	313	desktop	930	shown	fixed
width	2500	1250	square	landscape	10	10	10.00000000000	250	desktop	930	shown	fixed
width	2500	1250	banner	landscape	25	4	4.00000000000	625	desktop	930	shown	fixed
width	2500	1250	mixedPortrait	landscape	7.1424	14	4.00000000000	625	desktop	930	shown	fixed
width	2500	1250	mixedSquare	landscape	10.7136	9	4.00000000000	625	desktop	930	shown	fixed
width	2500	1250	mixedBackdrop	landscape	19.0464	5	4.00000000000	625	desktop	930	shown	fixed
rail	383	766	portrait	portrait	40	2	2.38095238095	161	mobile	900	shown	fullscreen
rail	383	766	backdrop	portrait	72	1	1.38888888889	276	mobile	900	shown	fullscreen
rail	383	766	smallBackdrop	portrait	72	1	1.38888888889	276	mobile	900	shown	fullscreen
rail	383	766	square	portrait	40	2	2.38095238095	161	mobile	900	shown	fullscreen
rail	383	200	portrait	landscape	23.1	4	6.45161290323	59	mobile	900	hidden	fullscreen
rail	383	200	backdrop	landscape	30	3	4.29184549356	89	mobile	900	hidden	fullscreen
rail	383	200	smallBackdrop	landscape	30	3	4.29184549356	89	mobile	900	hidden	fullscreen
rail	383	200	square	landscape	23.1	4	6.45161290323	59	mobile	900	hidden	fullscreen
rail	384	768	portrait	portrait	40	2	2.38095238095	161	mobile	900	shown	fullscreen
rail	384	768	backdrop	portrait	72	1	1.38888888889	276	mobile	900	shown	fullscreen
rail	384	768	smallBackdrop	portrait	72	1	1.38888888889	276	mobile	900	shown	fullscreen
rail	384	768	square	portrait	40	2	2.38095238095	161	mobile	900	shown	fullscreen
rail	384	200	portrait	landscape	23.1	4	6.45161290323	60	mobile	900	hidden	fullscreen
rail	384	200	backdrop	landscape	30	3	4.29184549356	89	mobile	900	hidden	fullscreen
rail	384	200	smallBackdrop	landscape	30	3	4.29184549356	89	mobile	900	hidden	fullscreen
rail	384	200	square	landscape	23.1	4	6.45161290323	60	mobile	900	hidden	fullscreen
rail	399	798	portrait	portrait	40	2	2.38095238095	168	mobile	900	shown	fullscreen
rail	399	798	backdrop	portrait	72	1	1.38888888889	287	mobile	900	shown	fullscreen
rail	399	798	smallBackdrop	portrait	72	1	1.38888888889	287	mobile	900	shown	fullscreen
rail	399	798	square	portrait	40	2	2.38095238095	168	mobile	900	shown	fullscreen
rail	399	200	portrait	landscape	23.1	4	6.45161290323	62	mobile	900	hidden	fullscreen
rail	399	200	backdrop	landscape	30	3	4.29184549356	93	mobile	900	hidden	fullscreen
rail	399	200	smallBackdrop	landscape	30	3	4.29184549356	93	mobile	900	hidden	fullscreen
rail	399	200	square	landscape	23.1	4	6.45161290323	62	mobile	900	hidden	fullscreen
rail	400	800	portrait	portrait	31.2	3	3.17460317460	126	mobile	900	shown	fullscreen
rail	400	800	backdrop	portrait	72	1	1.38888888889	288	mobile	900	shown	fullscreen
rail	400	800	smallBackdrop	portrait	72	1	1.38888888889	288	mobile	900	shown	fullscreen
rail	400	800	square	portrait	40	2	2.38095238095	168	mobile	900	shown	fullscreen
rail	400	200	portrait	landscape	23.1	4	6.45161290323	62	mobile	900	hidden	fullscreen
rail	400	200	backdrop	landscape	30	3	4.29184549356	93	mobile	900	hidden	fullscreen
rail	400	200	smallBackdrop	landscape	30	3	4.29184549356	93	mobile	900	hidden	fullscreen
rail	400	200	square	landscape	23.1	4	6.45161290323	62	mobile	900	hidden	fullscreen
rail	463	926	portrait	portrait	31.2	3	3.17460317460	146	mobile	900	shown	fullscreen
rail	463	926	backdrop	portrait	72	1	1.38888888889	333	mobile	900	shown	fullscreen
rail	463	926	smallBackdrop	portrait	72	1	1.38888888889	333	mobile	900	shown	fullscreen
rail	463	926	square	portrait	40	2	2.38095238095	194	mobile	900	shown	fullscreen
rail	463	231.5	portrait	landscape	23.1	4	6.45161290323	72	mobile	900	hidden	fullscreen
rail	463	231.5	backdrop	landscape	30	3	4.29184549356	108	mobile	900	hidden	fullscreen
rail	463	231.5	smallBackdrop	landscape	30	3	4.29184549356	108	mobile	900	hidden	fullscreen
rail	463	231.5	square	landscape	23.1	4	6.45161290323	72	mobile	900	hidden	fullscreen
rail	464	928	portrait	portrait	31.2	3	3.17460317460	146	mobile	900	shown	fullscreen
rail	464	928	backdrop	portrait	72	1	1.38888888889	334	mobile	900	shown	fullscreen
rail	464	928	smallBackdrop	portrait	72	1	1.38888888889	334	mobile	900	shown	fullscreen
rail	464	928	square	portrait	40	2	2.38095238095	195	mobile	900	shown	fullscreen
rail	464	232	portrait	landscape	23.1	4	6.45161290323	72	mobile	900	hidden	fullscreen
rail	464	232	backdrop	landscape	30	3	4.29184549356	108	mobile	900	hidden	fullscreen
rail	464	232	smallBackdrop	landscape	30	3	4.29184549356	108	mobile	900	hidden	fullscreen
rail	464	232	square	landscape	23.1	4	6.45161290323	72	mobile	900	hidden	fullscreen
rail	479	958	portrait	portrait	31.2	3	3.17460317460	151	mobile	900	shown	fullscreen
rail	479	958	backdrop	portrait	72	1	1.38888888889	345	mobile	900	shown	fullscreen
rail	479	958	smallBackdrop	portrait	72	1	1.38888888889	345	mobile	900	shown	fullscreen
rail	479	958	square	portrait	40	2	2.38095238095	201	mobile	900	shown	fullscreen
rail	479	239.5	portrait	landscape	23.1	4	6.45161290323	74	mobile	900	hidden	fullscreen
rail	479	239.5	backdrop	landscape	30	3	4.29184549356	112	mobile	900	hidden	fullscreen
rail	479	239.5	smallBackdrop	landscape	30	3	4.29184549356	112	mobile	900	hidden	fullscreen
rail	479	239.5	square	landscape	23.1	4	6.45161290323	74	mobile	900	hidden	fullscreen
rail	480	960	portrait	portrait	31.2	3	3.17460317460	151	mobile	900	shown	fullscreen
rail	480	960	backdrop	portrait	72	1	1.38888888889	346	mobile	900	shown	fullscreen
rail	480	960	smallBackdrop	portrait	72	1	1.38888888889	346	mobile	900	shown	fullscreen
rail	480	960	square	portrait	40	2	2.38095238095	202	mobile	900	shown	fullscreen
rail	480	240	portrait	landscape	23.1	4	6.45161290323	74	mobile	900	hidden	fullscreen
rail	480	240	backdrop	landscape	30	3	4.29184549356	112	mobile	900	hidden	fullscreen
rail	480	240	smallBackdrop	landscape	30	3	4.29184549356	112	mobile	900	hidden	fullscreen
rail	480	240	square	landscape	23.1	4	6.45161290323	74	mobile	900	hidden	fullscreen
rail	499	998	portrait	portrait	31.2	3	3.17460317460	157	mobile	900	shown	fullscreen
rail	499	998	backdrop	portrait	72	1	1.38888888889	359	mobile	900	shown	fullscreen
rail	499	998	smallBackdrop	portrait	72	1	1.38888888889	359	mobile	900	shown	fullscreen
rail	499	998	square	portrait	40	2	2.38095238095	210	mobile	900	shown	fullscreen
rail	499	249.5	portrait	landscape	23.1	4	6.45161290323	77	mobile	900	hidden	fullscreen
rail	499	249.5	backdrop	landscape	30	3	4.29184549356	116	mobile	900	hidden	fullscreen
rail	499	249.5	smallBackdrop	landscape	30	3	4.29184549356	116	mobile	900	hidden	fullscreen
rail	499	249.5	square	landscape	23.1	4	6.45161290323	77	mobile	900	hidden	fullscreen
rail	500	1000	portrait	portrait	31.2	3	3.17460317460	158	mobile	900	shown	fullscreen
rail	500	1000	backdrop	portrait	72	1	1.38888888889	360	mobile	900	shown	fullscreen
rail	500	1000	smallBackdrop	portrait	72	1	1.38888888889	360	mobile	900	shown	fullscreen
rail	500	1000	square	portrait	40	2	2.38095238095	210	mobile	900	shown	fullscreen
rail	500	250	portrait	landscape	23.1	4	6.45161290323	78	mobile	900	hidden	fullscreen
rail	500	250	backdrop	landscape	30	3	4.29184549356	117	mobile	900	hidden	fullscreen
rail	500	250	smallBackdrop	landscape	30	3	4.29184549356	117	mobile	900	hidden	fullscreen
rail	500	250	square	landscape	23.1	4	6.45161290323	78	mobile	900	hidden	fullscreen
rail	511	1022	portrait	portrait	31.2	3	3.17460317460	161	mobile	900	shown	fullscreen
rail	511	1022	backdrop	portrait	72	1	1.38888888889	368	mobile	900	shown	fullscreen
rail	511	1022	smallBackdrop	portrait	72	1	1.38888888889	368	mobile	900	shown	fullscreen
rail	511	1022	square	portrait	40	2	2.38095238095	215	mobile	900	shown	fullscreen
rail	511	255.5	portrait	landscape	23.1	4	6.45161290323	79	mobile	900	hidden	fullscreen
rail	511	255.5	backdrop	landscape	30	3	4.29184549356	119	mobile	900	hidden	fullscreen
rail	511	255.5	smallBackdrop	landscape	30	3	4.29184549356	119	mobile	900	hidden	fullscreen
rail	511	255.5	square	landscape	23.1	4	6.45161290323	79	mobile	900	hidden	fullscreen
rail	512	1024	portrait	portrait	31.2	3	3.17460317460	161	mobile	900	shown	fullscreen
rail	512	1024	backdrop	portrait	72	1	1.38888888889	369	mobile	900	shown	fullscreen
rail	512	1024	smallBackdrop	portrait	72	1	1.38888888889	369	mobile	900	shown	fullscreen
rail	512	1024	square	portrait	40	2	2.38095238095	215	mobile	900	shown	fullscreen
rail	512	256	portrait	landscape	23.1	4	6.45161290323	79	mobile	900	hidden	fullscreen
rail	512	256	backdrop	landscape	30	3	4.29184549356	119	mobile	900	hidden	fullscreen
rail	512	256	smallBackdrop	landscape	30	3	4.29184549356	119	mobile	900	hidden	fullscreen
rail	512	256	square	landscape	23.1	4	6.45161290323	79	mobile	900	hidden	fullscreen
rail	539	1078	portrait	portrait	31.2	3	3.17460317460	170	mobile	900	shown	fullscreen
rail	539	1078	backdrop	portrait	72	1	1.38888888889	388	mobile	900	shown	fullscreen
rail	539	1078	smallBackdrop	portrait	72	1	1.38888888889	388	mobile	900	shown	fullscreen
rail	539	1078	square	portrait	40	2	2.38095238095	226	mobile	900	shown	fullscreen
rail	539	269.5	portrait	landscape	23.1	4	6.45161290323	84	mobile	900	hidden	fullscreen
rail	539	269.5	backdrop	landscape	30	3	4.29184549356	126	mobile	900	hidden	fullscreen
rail	539	269.5	smallBackdrop	landscape	30	3	4.29184549356	126	mobile	900	hidden	fullscreen
rail	539	269.5	square	landscape	23.1	4	6.45161290323	84	mobile	900	hidden	fullscreen
rail	540	1080	portrait	portrait	31.2	3	3.17460317460	170	mobile	900	shown	fullscreen
rail	540	1080	backdrop	portrait	72	1	1.38888888889	389	mobile	900	shown	fullscreen
rail	540	1080	smallBackdrop	portrait	72	1	3.33333333333	162	mobile	900	shown	fullscreen
rail	540	1080	square	portrait	40	2	3.17460317460	170	mobile	900	shown	fullscreen
rail	540	270	portrait	landscape	23.1	4	6.45161290323	84	mobile	900	hidden	fullscreen
rail	540	270	backdrop	landscape	30	3	4.29184549356	126	mobile	900	hidden	fullscreen
rail	540	270	smallBackdrop	landscape	30	3	4.29184549356	126	mobile	900	hidden	fullscreen
rail	540	270	square	landscape	23.1	4	6.45161290323	84	mobile	900	hidden	fullscreen
rail	549	1098	portrait	portrait	31.2	3	3.17460317460	173	mobile	900	shown	fullscreen
rail	549	1098	backdrop	portrait	72	1	1.38888888889	395	mobile	900	shown	fullscreen
rail	549	1098	smallBackdrop	portrait	72	1	3.33333333333	165	mobile	900	shown	fullscreen
rail	549	1098	square	portrait	40	2	3.17460317460	173	mobile	900	shown	fullscreen
rail	549	274.5	portrait	landscape	23.1	4	6.45161290323	85	mobile	900	hidden	fullscreen
rail	549	274.5	backdrop	landscape	30	3	4.29184549356	128	mobile	900	hidden	fullscreen
rail	549	274.5	smallBackdrop	landscape	30	3	4.29184549356	128	mobile	900	hidden	fullscreen
rail	549	274.5	square	landscape	23.1	4	6.45161290323	85	mobile	900	hidden	fullscreen
rail	550	1100	portrait	portrait	31.2	3	3.17460317460	173	mobile	900	shown	fullscreen
rail	550	1100	backdrop	portrait	72	1	1.38888888889	396	mobile	900	shown	fullscreen
rail	550	1100	smallBackdrop	portrait	72	1	3.33333333333	165	mobile	900	shown	fullscreen
rail	550	1100	square	portrait	40	2	3.17460317460	173	mobile	900	shown	fullscreen
rail	550	275	portrait	landscape	23.1	4	6.45161290323	85	mobile	900	hidden	fullscreen
rail	550	275	backdrop	landscape	30	3	4.29184549356	128	mobile	900	hidden	fullscreen
rail	550	275	smallBackdrop	landscape	30	3	4.29184549356	128	mobile	900	hidden	fullscreen
rail	550	275	square	landscape	23.1	4	6.45161290323	85	mobile	900	hidden	fullscreen
rail	559	1118	portrait	portrait	31.2	3	3.17460317460	176	mobile	900	shown	fullscreen
rail	559	1118	backdrop	portrait	72	1	1.38888888889	402	mobile	900	shown	fullscreen
rail	559	1118	smallBackdrop	portrait	72	1	3.33333333333	168	mobile	900	shown	fullscreen
rail	559	1118	square	portrait	40	2	3.17460317460	176	mobile	900	shown	fullscreen
rail	559	279.5	portrait	landscape	23.1	4	6.45161290323	87	mobile	900	hidden	fullscreen
rail	559	279.5	backdrop	landscape	30	3	4.29184549356	130	mobile	900	hidden	fullscreen
rail	559	279.5	smallBackdrop	landscape	30	3	4.29184549356	130	mobile	900	hidden	fullscreen
rail	559	279.5	square	landscape	23.1	4	6.45161290323	87	mobile	900	hidden	fullscreen
rail	560	1120	portrait	portrait	31.2	3	3.17460317460	176	mobile	900	shown	fullscreen
rail	560	1120	backdrop	portrait	45.5	2	1.38888888889	403	mobile	900	shown	fullscreen
rail	560	1120	smallBackdrop	portrait	30	3	3.33333333333	168	mobile	900	shown	fullscreen
rail	560	1120	square	portrait	31.2	3	3.17460317460	176	mobile	900	shown	fullscreen
rail	560	280	portrait	landscape	23.1	4	6.45161290323	87	mobile	900	hidden	fullscreen
rail	560	280	backdrop	landscape	30	3	4.29184549356	130	mobile	900	hidden	fullscreen
rail	560	280	smallBackdrop	landscape	30	3	4.29184549356	130	mobile	900	hidden	fullscreen
rail	560	280	square	landscape	23.1	4	6.45161290323	87	mobile	900	hidden	fullscreen
rail	599	1198	portrait	portrait	31.2	3	3.17460317460	189	mobile	900	shown	fullscreen
rail	599	1198	backdrop	portrait	45.5	2	1.38888888889	431	mobile	900	shown	fullscreen
rail	599	1198	smallBackdrop	portrait	30	3	3.33333333333	180	mobile	900	shown	fullscreen
rail	599	1198	square	portrait	31.2	3	3.17460317460	189	mobile	900	shown	fullscreen
rail	599	299.5	portrait	landscape	23.1	4	6.45161290323	93	mobile	900	hidden	fullscreen
rail	599	299.5	backdrop	landscape	30	3	4.29184549356	140	mobile	900	hidden	fullscreen
rail	599	299.5	smallBackdrop	landscape	30	3	4.29184549356	140	mobile	900	hidden	fullscreen
rail	599	299.5	square	landscape	23.1	4	6.45161290323	93	mobile	900	hidden	fullscreen
rail	600	1200	portrait	portrait	31.2	3	3.17460317460	189	mobile	900	shown	fullscreen
rail	600	1200	backdrop	portrait	45.5	2	1.38888888889	432	mobile	900	shown	fullscreen
rail	600	1200	smallBackdrop	portrait	30	3	3.33333333333	180	mobile	900	shown	fullscreen
rail	600	1200	square	portrait	31.2	3	3.17460317460	189	mobile	900	shown	fullscreen
rail	600	300	portrait	landscape	23.1	4	6.45161290323	93	mobile	900	hidden	fullscreen
rail	600	300	backdrop	landscape	30	3	4.29184549356	140	mobile	900	hidden	fullscreen
rail	600	300	smallBackdrop	landscape	30	3	4.29184549356	140	mobile	900	hidden	fullscreen
rail	600	300	square	landscape	23.1	4	6.45161290323	93	mobile	900	hidden	fullscreen
rail	639	1278	portrait	portrait	31.2	3	3.17460317460	201	desktop	930	shown	fullscreen
rail	639	1278	backdrop	portrait	45.5	2	1.38888888889	460	desktop	930	shown	fullscreen
rail	639	1278	smallBackdrop	portrait	30	3	3.33333333333	192	desktop	930	shown	fullscreen
rail	639	1278	square	portrait	31.2	3	3.17460317460	201	desktop	930	shown	fullscreen
rail	639	319.5	portrait	landscape	23.1	4	6.45161290323	99	desktop	930	hidden	fullscreen
rail	639	319.5	backdrop	landscape	30	3	4.29184549356	149	desktop	930	hidden	fullscreen
rail	639	319.5	smallBackdrop	landscape	30	3	4.29184549356	149	desktop	930	hidden	fullscreen
rail	639	319.5	square	landscape	23.1	4	6.45161290323	99	desktop	930	hidden	fullscreen
rail	640	1280	portrait	portrait	31.2	3	3.17460317460	202	desktop	930	shown	fullscreen
rail	640	1280	backdrop	portrait	45.5	2	1.78571428571	358	desktop	930	shown	fullscreen
rail	640	1280	smallBackdrop	portrait	30	3	3.33333333333	192	desktop	930	shown	fullscreen
rail	640	1280	square	portrait	31.2	3	3.17460317460	202	desktop	930	shown	fullscreen
rail	640	320	portrait	landscape	23.1	4	6.45161290323	99	desktop	930	hidden	fullscreen
rail	640	320	backdrop	landscape	30	3	4.29184549356	149	desktop	930	hidden	fullscreen
rail	640	320	smallBackdrop	landscape	30	3	4.29184549356	149	desktop	930	hidden	fullscreen
rail	640	320	square	landscape	23.1	4	6.45161290323	99	desktop	930	hidden	fullscreen
rail	687	1374	portrait	portrait	31.2	3	3.17460317460	216	desktop	930	shown	fullscreen
rail	687	1374	backdrop	portrait	45.5	2	1.78571428571	385	desktop	930	shown	fullscreen
rail	687	1374	smallBackdrop	portrait	30	3	3.33333333333	206	desktop	930	shown	fullscreen
rail	687	1374	square	portrait	31.2	3	3.17460317460	216	desktop	930	shown	fullscreen
rail	687	343.5	portrait	landscape	23.1	4	6.45161290323	106	desktop	930	hidden	fullscreen
rail	687	343.5	backdrop	landscape	30	3	4.29184549356	160	desktop	930	hidden	fullscreen
rail	687	343.5	smallBackdrop	landscape	30	3	4.29184549356	160	desktop	930	hidden	fullscreen
rail	687	343.5	square	landscape	23.1	4	6.45161290323	106	desktop	930	hidden	fullscreen
rail	688	1376	portrait	portrait	31.2	3	3.17460317460	217	desktop	930	shown	fullscreen
rail	688	1376	backdrop	portrait	45.5	2	1.78571428571	385	desktop	930	shown	fullscreen
rail	688	1376	smallBackdrop	portrait	30	3	3.33333333333	206	desktop	930	shown	fullscreen
rail	688	1376	square	portrait	31.2	3	3.17460317460	217	desktop	930	shown	fullscreen
rail	688	344	portrait	landscape	23.1	4	6.45161290323	107	desktop	930	hidden	fullscreen
rail	688	344	backdrop	landscape	30	3	4.29184549356	160	desktop	930	hidden	fullscreen
rail	688	344	smallBackdrop	landscape	30	3	4.29184549356	160	desktop	930	hidden	fullscreen
rail	688	344	square	landscape	23.1	4	6.45161290323	107	desktop	930	hidden	fullscreen
rail	699	1398	portrait	portrait	31.2	3	3.17460317460	220	desktop	930	shown	fullscreen
rail	699	1398	backdrop	portrait	45.5	2	1.78571428571	391	desktop	930	shown	fullscreen
rail	699	1398	smallBackdrop	portrait	30	3	3.33333333333	210	desktop	930	shown	fullscreen
rail	699	1398	square	portrait	31.2	3	3.17460317460	220	desktop	930	shown	fullscreen
rail	699	349.5	portrait	landscape	23.1	4	6.45161290323	108	desktop	930	hidden	fullscreen
rail	699	349.5	backdrop	landscape	30	3	4.29184549356	163	desktop	930	hidden	fullscreen
rail	699	349.5	smallBackdrop	landscape	30	3	4.29184549356	163	desktop	930	hidden	fullscreen
rail	699	349.5	square	landscape	23.1	4	6.45161290323	108	desktop	930	hidden	fullscreen
rail	700	1400	portrait	portrait	23.1	4	3.17460317460	221	desktop	930	shown	fullscreen
rail	700	1400	backdrop	portrait	45.5	2	1.78571428571	392	desktop	930	shown	fullscreen
rail	700	1400	smallBackdrop	portrait	30	3	3.33333333333	210	desktop	930	shown	fullscreen
rail	700	1400	square	portrait	23.1	4	3.17460317460	221	desktop	930	shown	fullscreen
rail	700	350	portrait	landscape	23.1	4	6.45161290323	109	desktop	930	hidden	fullscreen
rail	700	350	backdrop	landscape	30	3	4.29184549356	163	desktop	930	hidden	fullscreen
rail	700	350	smallBackdrop	landscape	30	3	4.29184549356	163	desktop	930	hidden	fullscreen
rail	700	350	square	landscape	23.1	4	6.45161290323	109	desktop	930	hidden	fullscreen
rail	769	1538	portrait	portrait	23.1	4	4.34782608696	177	desktop	930	shown	fullscreen
rail	769	1538	backdrop	portrait	45.5	2	2.50000000000	308	desktop	930	shown	fullscreen
rail	769	1538	smallBackdrop	portrait	30	3	3.33333333333	231	desktop	930	shown	fullscreen
rail	769	1538	square	portrait	23.1	4	4.34782608696	177	desktop	930	shown	fullscreen
rail	769	384.5	portrait	landscape	23.1	4	6.45161290323	119	desktop	930	hidden	fullscreen
rail	769	384.5	backdrop	landscape	30	3	4.29184549356	179	desktop	930	hidden	fullscreen
rail	769	384.5	smallBackdrop	landscape	30	3	4.29184549356	179	desktop	930	hidden	fullscreen
rail	769	384.5	square	landscape	23.1	4	6.45161290323	119	desktop	930	hidden	fullscreen
rail	770	1540	portrait	portrait	23.1	4	4.34782608696	177	desktop	930	shown	fullscreen
rail	770	1540	backdrop	portrait	30	3	2.50000000000	308	desktop	930	shown	fullscreen
rail	770	1540	smallBackdrop	portrait	30	3	3.33333333333	231	desktop	930	shown	fullscreen
rail	770	1540	square	portrait	23.1	4	4.34782608696	177	desktop	930	shown	fullscreen
rail	770	385	portrait	landscape	23.1	4	6.45161290323	119	desktop	930	hidden	fullscreen
rail	770	385	backdrop	landscape	23.1	4	4.29184549356	179	desktop	930	hidden	fullscreen
rail	770	385	smallBackdrop	landscape	23.1	4	4.29184549356	179	desktop	930	hidden	fullscreen
rail	770	385	square	landscape	23.1	4	6.45161290323	119	desktop	930	hidden	fullscreen
rail	799	1598	portrait	portrait	23.1	4	4.34782608696	184	desktop	930	shown	fullscreen
rail	799	1598	backdrop	portrait	30	3	2.50000000000	320	desktop	930	shown	fullscreen
rail	799	1598	smallBackdrop	portrait	30	3	3.33333333333	240	desktop	930	shown	fullscreen
rail	799	1598	square	portrait	23.1	4	4.34782608696	184	desktop	930	shown	fullscreen
rail	799	399.5	portrait	landscape	23.1	4	6.45161290323	124	desktop	930	hidden	fullscreen
rail	799	399.5	backdrop	landscape	23.1	4	4.29184549356	186	desktop	930	hidden	fullscreen
rail	799	399.5	smallBackdrop	landscape	23.1	4	4.29184549356	186	desktop	930	hidden	fullscreen
rail	799	399.5	square	landscape	23.1	4	6.45161290323	124	desktop	930	hidden	fullscreen
rail	800	1600	portrait	portrait	18.5	5	4.34782608696	184	desktop	930	shown	fullscreen
rail	800	1600	backdrop	portrait	30	3	2.50000000000	320	desktop	930	shown	fullscreen
rail	800	1600	smallBackdrop	portrait	30	3	3.33333333333	240	desktop	930	shown	fullscreen
rail	800	1600	square	portrait	18.5	5	4.34782608696	184	desktop	930	shown	fullscreen
rail	800	400	portrait	landscape	18.5	5	6.45161290323	124	desktop	930	hidden	fullscreen
rail	800	400	backdrop	landscape	23.1	4	4.29184549356	186	desktop	930	hidden	fullscreen
rail	800	400	smallBackdrop	landscape	15.5	6	6.45161290323	124	desktop	930	hidden	fullscreen
rail	800	400	square	landscape	18.5	5	6.45161290323	124	desktop	930	hidden	fullscreen
rail	895	1790	portrait	portrait	18.5	5	4.34782608696	206	desktop	930	shown	fullscreen
rail	895	1790	backdrop	portrait	30	3	2.50000000000	358	desktop	930	shown	fullscreen
rail	895	1790	smallBackdrop	portrait	30	3	3.33333333333	269	desktop	930	shown	fullscreen
rail	895	1790	square	portrait	18.5	5	4.34782608696	206	desktop	930	shown	fullscreen
rail	895	447.5	portrait	landscape	18.5	5	6.45161290323	139	desktop	930	hidden	fullscreen
rail	895	447.5	backdrop	landscape	23.1	4	4.29184549356	209	desktop	930	hidden	fullscreen
rail	895	447.5	smallBackdrop	landscape	15.5	6	6.45161290323	139	desktop	930	hidden	fullscreen
rail	895	447.5	square	landscape	18.5	5	6.45161290323	139	desktop	930	hidden	fullscreen
rail	896	1792	portrait	portrait	18.5	5	4.34782608696	206	desktop	930	shown	fullscreen
rail	896	1792	backdrop	portrait	30	3	2.50000000000	358	desktop	930	shown	fullscreen
rail	896	1792	smallBackdrop	portrait	30	3	3.33333333333	269	desktop	930	shown	fullscreen
rail	896	1792	square	portrait	18.5	5	4.34782608696	206	desktop	930	shown	fullscreen
rail	896	448	portrait	landscape	18.5	5	6.45161290323	139	desktop	930	hidden	fullscreen
rail	896	448	backdrop	landscape	23.1	4	4.29184549356	209	desktop	930	hidden	fullscreen
rail	896	448	smallBackdrop	landscape	15.5	6	6.45161290323	139	desktop	930	hidden	fullscreen
rail	896	448	square	landscape	18.5	5	6.45161290323	139	desktop	930	hidden	fullscreen
rail	959	1918	portrait	portrait	18.5	5	4.34782608696	221	desktop	930	shown	fullscreen
rail	959	1918	backdrop	portrait	30	3	2.50000000000	384	desktop	930	shown	fullscreen
rail	959	1918	smallBackdrop	portrait	30	3	3.33333333333	288	desktop	930	shown	fullscreen
rail	959	1918	square	portrait	18.5	5	4.34782608696	221	desktop	930	shown	fullscreen
rail	959	479.5	portrait	landscape	18.5	5	6.45161290323	149	desktop	930	hidden	fullscreen
rail	959	479.5	backdrop	landscape	23.1	4	4.29184549356	223	desktop	930	hidden	fullscreen
rail	959	479.5	smallBackdrop	landscape	15.5	6	6.45161290323	149	desktop	930	hidden	fullscreen
rail	959	479.5	square	landscape	18.5	5	6.45161290323	149	desktop	930	hidden	fullscreen
rail	960	1920	portrait	portrait	18.5	5	4.34782608696	221	desktop	930	shown	fullscreen
rail	960	1920	backdrop	portrait	30	3	2.50000000000	384	desktop	930	shown	fullscreen
rail	960	1920	smallBackdrop	portrait	30	3	3.33333333333	288	desktop	930	shown	fullscreen
rail	960	1920	square	portrait	18.5	5	4.34782608696	221	desktop	930	shown	fullscreen
rail	960	480	portrait	landscape	18.5	5	6.45161290323	149	desktop	930	hidden	fullscreen
rail	960	480	backdrop	landscape	23.1	4	4.29184549356	224	desktop	930	hidden	fullscreen
rail	960	480	smallBackdrop	landscape	15.5	6	6.45161290323	149	desktop	930	hidden	fullscreen
rail	960	480	square	landscape	18.5	5	6.45161290323	149	desktop	930	hidden	fullscreen
rail	999	1998	portrait	portrait	18.5	5	4.34782608696	230	desktop	930	shown	fullscreen
rail	999	1998	backdrop	portrait	30	3	2.50000000000	400	desktop	930	shown	fullscreen
rail	999	1998	smallBackdrop	portrait	30	3	3.33333333333	300	desktop	930	shown	fullscreen
rail	999	1998	square	portrait	18.5	5	4.34782608696	230	desktop	930	shown	fullscreen
rail	999	499.5	portrait	landscape	18.5	5	6.45161290323	155	desktop	930	hidden	fullscreen
rail	999	499.5	backdrop	landscape	23.1	4	4.29184549356	233	desktop	930	hidden	fullscreen
rail	999	499.5	smallBackdrop	landscape	15.5	6	6.45161290323	155	desktop	930	hidden	fullscreen
rail	999	499.5	square	landscape	18.5	5	6.45161290323	155	desktop	930	hidden	fullscreen
rail	1000	2000	portrait	portrait	18.5	5	4.34782608696	230	desktop	930	shown	fullscreen
rail	1000	2000	backdrop	portrait	30	3	2.50000000000	400	desktop	930	shown	fullscreen
rail	1000	2000	smallBackdrop	portrait	30	3	3.33333333333	300	desktop	930	shown	fullscreen
rail	1000	2000	square	portrait	18.5	5	4.34782608696	230	desktop	930	shown	fullscreen
rail	1000	500	portrait	landscape	18.5	5	6.45161290323	155	desktop	930	hidden	fullscreen
rail	1000	500	backdrop	landscape	23.1	4	4.29184549356	233	desktop	930	hidden	fullscreen
rail	1000	500	smallBackdrop	landscape	15.5	6	6.45161290323	155	desktop	930	hidden	fullscreen
rail	1000	500	square	landscape	18.5	5	6.45161290323	155	desktop	930	hidden	fullscreen
rail	1007	2014	portrait	portrait	18.5	5	4.34782608696	232	desktop	930	shown	fullscreen
rail	1007	2014	backdrop	portrait	30	3	2.50000000000	403	desktop	930	shown	fullscreen
rail	1007	2014	smallBackdrop	portrait	30	3	3.33333333333	302	desktop	930	shown	fullscreen
rail	1007	2014	square	portrait	18.5	5	4.34782608696	232	desktop	930	shown	fullscreen
rail	1007	503.5	portrait	landscape	18.5	5	6.45161290323	156	desktop	930	shown	fullscreen
rail	1007	503.5	backdrop	landscape	23.1	4	4.29184549356	235	desktop	930	shown	fullscreen
rail	1007	503.5	smallBackdrop	landscape	15.5	6	6.45161290323	156	desktop	930	shown	fullscreen
rail	1007	503.5	square	landscape	18.5	5	6.45161290323	156	desktop	930	shown	fullscreen
rail	1008	2016	portrait	portrait	18.5	5	4.34782608696	232	desktop	930	shown	fullscreen
rail	1008	2016	backdrop	portrait	30	3	2.50000000000	403	desktop	930	shown	fullscreen
rail	1008	2016	smallBackdrop	portrait	30	3	3.33333333333	302	desktop	930	shown	fullscreen
rail	1008	2016	square	portrait	18.5	5	4.34782608696	232	desktop	930	shown	fullscreen
rail	1008	504	portrait	landscape	18.5	5	6.45161290323	156	desktop	930	shown	fullscreen
rail	1008	504	backdrop	landscape	23.1	4	4.29184549356	235	desktop	930	shown	fullscreen
rail	1008	504	smallBackdrop	landscape	15.5	6	6.45161290323	156	desktop	930	shown	fullscreen
rail	1008	504	square	landscape	18.5	5	6.45161290323	156	desktop	930	shown	fullscreen
rail	1023	2046	portrait	portrait	18.5	5	4.34782608696	235	desktop	930	shown	fullscreen
rail	1023	2046	backdrop	portrait	30	3	2.50000000000	409	desktop	930	shown	fullscreen
rail	1023	2046	smallBackdrop	portrait	30	3	3.33333333333	307	desktop	930	shown	fullscreen
rail	1023	2046	square	portrait	18.5	5	4.34782608696	235	desktop	930	shown	fullscreen
rail	1023	511.5	portrait	landscape	18.5	5	6.45161290323	159	desktop	930	shown	fullscreen
rail	1023	511.5	backdrop	landscape	23.1	4	4.29184549356	238	desktop	930	shown	fullscreen
rail	1023	511.5	smallBackdrop	landscape	15.5	6	6.45161290323	159	desktop	930	shown	fullscreen
rail	1023	511.5	square	landscape	18.5	5	6.45161290323	159	desktop	930	shown	fullscreen
rail	1024	2048	portrait	portrait	18.5	5	4.34782608696	236	desktop	930	shown	fullscreen
rail	1024	2048	backdrop	portrait	30	3	2.50000000000	410	desktop	930	shown	fullscreen
rail	1024	2048	smallBackdrop	portrait	30	3	3.33333333333	307	desktop	930	shown	fullscreen
rail	1024	2048	square	portrait	18.5	5	4.34782608696	236	desktop	930	shown	fullscreen
rail	1024	512	portrait	landscape	18.5	5	6.45161290323	159	desktop	930	shown	fullscreen
rail	1024	512	backdrop	landscape	23.1	4	4.29184549356	239	desktop	930	shown	fullscreen
rail	1024	512	smallBackdrop	landscape	15.5	6	6.45161290323	159	desktop	930	shown	fullscreen
rail	1024	512	square	landscape	18.5	5	6.45161290323	159	desktop	930	shown	fullscreen
rail	1055	2110	portrait	portrait	18.5	5	4.34782608696	243	desktop	930	shown	fullscreen
rail	1055	2110	backdrop	portrait	30	3	2.50000000000	422	desktop	930	shown	fullscreen
rail	1055	2110	smallBackdrop	portrait	30	3	3.33333333333	317	desktop	930	shown	fullscreen
rail	1055	2110	square	portrait	18.5	5	4.34782608696	243	desktop	930	shown	fullscreen
rail	1055	527.5	portrait	landscape	18.5	5	6.45161290323	164	desktop	930	shown	fullscreen
rail	1055	527.5	backdrop	landscape	23.1	4	4.29184549356	246	desktop	930	shown	fullscreen
rail	1055	527.5	smallBackdrop	landscape	15.5	6	6.45161290323	164	desktop	930	shown	fullscreen
rail	1055	527.5	square	landscape	18.5	5	6.45161290323	164	desktop	930	shown	fullscreen
rail	1056	2112	portrait	portrait	18.5	5	4.34782608696	243	desktop	930	shown	fullscreen
rail	1056	2112	backdrop	portrait	30	3	2.50000000000	422	desktop	930	shown	fullscreen
rail	1056	2112	smallBackdrop	portrait	30	3	3.33333333333	317	desktop	930	shown	fullscreen
rail	1056	2112	square	portrait	18.5	5	4.34782608696	243	desktop	930	shown	fullscreen
rail	1056	528	portrait	landscape	18.5	5	6.45161290323	164	desktop	930	shown	fullscreen
rail	1056	528	backdrop	landscape	23.1	4	4.29184549356	246	desktop	930	shown	fullscreen
rail	1056	528	smallBackdrop	landscape	15.5	6	6.45161290323	164	desktop	930	shown	fullscreen
rail	1056	528	square	landscape	18.5	5	6.45161290323	164	desktop	930	shown	fullscreen
rail	1099	2198	portrait	portrait	18.5	5	4.34782608696	253	desktop	930	shown	fullscreen
rail	1099	2198	backdrop	portrait	30	3	2.50000000000	440	desktop	930	shown	fullscreen
rail	1099	2198	smallBackdrop	portrait	30	3	3.33333333333	330	desktop	930	shown	fullscreen
rail	1099	2198	square	portrait	18.5	5	4.34782608696	253	desktop	930	shown	fullscreen
rail	1099	549.5	portrait	landscape	18.5	5	6.45161290323	170	desktop	930	shown	fullscreen
rail	1099	549.5	backdrop	landscape	23.1	4	4.29184549356	256	desktop	930	shown	fullscreen
rail	1099	549.5	smallBackdrop	landscape	15.5	6	6.45161290323	170	desktop	930	shown	fullscreen
rail	1099	549.5	square	landscape	18.5	5	6.45161290323	170	desktop	930	shown	fullscreen
rail	1100	2200	portrait	portrait	18.5	5	4.34782608696	253	desktop	930	shown	fullscreen
rail	1100	2200	backdrop	portrait	30	3	2.50000000000	440	desktop	930	shown	fullscreen
rail	1100	2200	smallBackdrop	portrait	30	3	3.33333333333	330	desktop	930	shown	fullscreen
rail	1100	2200	square	portrait	18.5	5	4.34782608696	253	desktop	930	shown	fullscreen
rail	1100	550	portrait	landscape	18.5	5	6.45161290323	171	desktop	930	shown	fullscreen
rail	1100	550	backdrop	landscape	23.1	4	4.29184549356	256	desktop	930	shown	fullscreen
rail	1100	550	smallBackdrop	landscape	15.5	6	6.45161290323	171	desktop	930	shown	fullscreen
rail	1100	550	square	landscape	18.5	5	6.45161290323	171	desktop	930	shown	fullscreen
rail	1119	2238	portrait	portrait	18.5	5	4.34782608696	257	desktop	930	shown	fullscreen
rail	1119	2238	backdrop	portrait	30	3	2.50000000000	448	desktop	930	shown	fullscreen
rail	1119	2238	smallBackdrop	portrait	30	3	3.33333333333	336	desktop	930	shown	fullscreen
rail	1119	2238	square	portrait	18.5	5	4.34782608696	257	desktop	930	shown	fullscreen
rail	1119	559.5	portrait	landscape	18.5	5	6.45161290323	173	desktop	930	shown	fullscreen
rail	1119	559.5	backdrop	landscape	23.1	4	4.29184549356	261	desktop	930	shown	fullscreen
rail	1119	559.5	smallBackdrop	landscape	15.5	6	6.45161290323	173	desktop	930	shown	fullscreen
rail	1119	559.5	square	landscape	18.5	5	6.45161290323	173	desktop	930	shown	fullscreen
rail	1120	2240	portrait	portrait	18.5	5	4.34782608696	258	desktop	930	shown	fullscreen
rail	1120	2240	backdrop	portrait	30	3	2.50000000000	448	desktop	930	shown	fullscreen
rail	1120	2240	smallBackdrop	portrait	30	3	3.33333333333	336	desktop	930	shown	fullscreen
rail	1120	2240	square	portrait	18.5	5	4.34782608696	258	desktop	930	shown	fullscreen
rail	1120	560	portrait	landscape	18.5	5	6.45161290323	174	desktop	930	shown	fullscreen
rail	1120	560	backdrop	landscape	23.1	4	4.29184549356	261	desktop	930	shown	fullscreen
rail	1120	560	smallBackdrop	landscape	15.5	6	6.45161290323	174	desktop	930	shown	fullscreen
rail	1120	560	square	landscape	18.5	5	6.45161290323	174	desktop	930	shown	fullscreen
rail	1199	2398	portrait	portrait	18.5	5	4.34782608696	276	desktop	930	shown	fullscreen
rail	1199	2398	backdrop	portrait	30	3	2.50000000000	480	desktop	930	shown	fullscreen
rail	1199	2398	smallBackdrop	portrait	30	3	3.33333333333	360	desktop	930	shown	fullscreen
rail	1199	2398	square	portrait	18.5	5	4.34782608696	276	desktop	930	shown	fullscreen
rail	1199	599.5	portrait	landscape	18.5	5	6.45161290323	186	desktop	930	shown	fullscreen
rail	1199	599.5	backdrop	landscape	23.1	4	4.29184549356	279	desktop	930	shown	fullscreen
rail	1199	599.5	smallBackdrop	landscape	15.5	6	6.45161290323	186	desktop	930	shown	fullscreen
rail	1199	599.5	square	landscape	18.5	5	6.45161290323	186	desktop	930	shown	fullscreen
rail	1200	2400	portrait	portrait	15.5	6	5.55555555556	216	desktop	930	shown	fullscreen
rail	1200	2400	backdrop	portrait	23.1	4	2.50000000000	480	desktop	930	shown	fullscreen
rail	1200	2400	smallBackdrop	portrait	23.1	4	3.33333333333	360	desktop	930	shown	fullscreen
rail	1200	2400	square	portrait	15.5	6	5.55555555556	216	desktop	930	shown	fullscreen
rail	1200	600	portrait	landscape	15.5	6	6.45161290323	186	desktop	930	shown	fullscreen
rail	1200	600	backdrop	landscape	23.1	4	4.29184549356	280	desktop	930	shown	fullscreen
rail	1200	600	smallBackdrop	landscape	23.1	4	6.45161290323	186	desktop	930	shown	fullscreen
rail	1200	600	square	landscape	15.5	6	6.45161290323	186	desktop	930	shown	fullscreen
rail	1279	2558	portrait	portrait	15.5	6	5.55555555556	230	desktop	930	shown	fullscreen
rail	1279	2558	backdrop	portrait	23.1	4	2.50000000000	512	desktop	930	shown	fullscreen
rail	1279	2558	smallBackdrop	portrait	23.1	4	3.33333333333	384	desktop	930	shown	fullscreen
rail	1279	2558	square	portrait	15.5	6	5.55555555556	230	desktop	930	shown	fullscreen
rail	1279	639.5	portrait	landscape	15.5	6	6.45161290323	198	desktop	930	shown	fullscreen
rail	1279	639.5	backdrop	landscape	23.1	4	4.29184549356	298	desktop	930	shown	fullscreen
rail	1279	639.5	smallBackdrop	landscape	23.1	4	6.45161290323	198	desktop	930	shown	fullscreen
rail	1279	639.5	square	landscape	15.5	6	6.45161290323	198	desktop	930	shown	fullscreen
rail	1280	2560	portrait	portrait	15.5	6	5.55555555556	230	desktop	930	shown	fullscreen
rail	1280	2560	backdrop	portrait	23.1	4	2.50000000000	512	desktop	930	shown	fullscreen
rail	1280	2560	smallBackdrop	portrait	23.1	4	3.33333333333	384	desktop	930	shown	fullscreen
rail	1280	2560	square	portrait	15.5	6	5.55555555556	230	desktop	930	shown	fullscreen
rail	1280	640	portrait	landscape	15.5	6	6.45161290323	198	desktop	930	shown	fullscreen
rail	1280	640	backdrop	landscape	23.1	4	4.29184549356	298	desktop	930	shown	fullscreen
rail	1280	640	smallBackdrop	landscape	23.1	4	6.45161290323	198	desktop	930	shown	fullscreen
rail	1280	640	square	landscape	15.5	6	6.45161290323	198	desktop	930	shown	fullscreen
rail	1399	2798	portrait	portrait	15.5	6	5.55555555556	252	desktop	930	shown	fixed
rail	1399	2798	backdrop	portrait	23.1	4	2.50000000000	560	desktop	930	shown	fixed
rail	1399	2798	smallBackdrop	portrait	23.1	4	3.33333333333	420	desktop	930	shown	fixed
rail	1399	2798	square	portrait	15.5	6	5.55555555556	252	desktop	930	shown	fixed
rail	1399	699.5	portrait	landscape	15.5	6	6.45161290323	217	desktop	930	shown	fullscreen
rail	1399	699.5	backdrop	landscape	23.1	4	4.29184549356	326	desktop	930	shown	fullscreen
rail	1399	699.5	smallBackdrop	landscape	23.1	4	6.45161290323	217	desktop	930	shown	fullscreen
rail	1399	699.5	square	landscape	15.5	6	6.45161290323	217	desktop	930	shown	fullscreen
rail	1400	2800	portrait	portrait	13.3	7	6.66666666667	210	desktop	930	shown	fixed
rail	1400	2800	backdrop	portrait	23.1	4	3.33333333333	420	desktop	930	shown	fixed
rail	1400	2800	smallBackdrop	portrait	23.1	4	3.33333333333	420	desktop	930	shown	fixed
rail	1400	2800	square	portrait	13.3	7	6.66666666667	210	desktop	930	shown	fixed
rail	1400	700	portrait	landscape	13.3	7	6.45161290323	217	desktop	930	shown	fullscreen
rail	1400	700	backdrop	landscape	23.1	4	4.29184549356	326	desktop	930	shown	fullscreen
rail	1400	700	smallBackdrop	landscape	23.1	4	6.45161290323	217	desktop	930	shown	fullscreen
rail	1400	700	square	landscape	13.3	7	6.45161290323	217	desktop	930	shown	fullscreen
rail	1599	3198	portrait	portrait	13.3	7	6.66666666667	240	desktop	930	shown	fixed
rail	1599	3198	backdrop	portrait	23.1	4	3.33333333333	480	desktop	930	shown	fixed
rail	1599	3198	smallBackdrop	portrait	23.1	4	3.33333333333	480	desktop	930	shown	fixed
rail	1599	3198	square	portrait	13.3	7	6.66666666667	240	desktop	930	shown	fixed
rail	1599	799.5	portrait	landscape	13.3	7	6.45161290323	248	desktop	930	shown	fixed
rail	1599	799.5	backdrop	landscape	23.1	4	4.29184549356	373	desktop	930	shown	fixed
rail	1599	799.5	smallBackdrop	landscape	23.1	4	6.45161290323	248	desktop	930	shown	fixed
rail	1599	799.5	square	landscape	13.3	7	6.45161290323	248	desktop	930	shown	fixed
rail	1600	3200	portrait	portrait	11.6	8	6.66666666667	240	desktop	930	shown	fixed
rail	1600	3200	backdrop	portrait	18.7	5	3.33333333333	480	desktop	930	shown	fixed
rail	1600	3200	smallBackdrop	portrait	18.7	5	3.33333333333	480	desktop	930	shown	fixed
rail	1600	3200	square	portrait	11.6	8	6.66666666667	240	desktop	930	shown	fixed
rail	1600	800	portrait	landscape	11.6	8	6.45161290323	248	desktop	930	shown	fixed
rail	1600	800	backdrop	landscape	18.7	5	4.29184549356	373	desktop	930	shown	fixed
rail	1600	800	smallBackdrop	landscape	18.7	5	6.45161290323	248	desktop	930	shown	fixed
rail	1600	800	square	landscape	11.6	8	6.45161290323	248	desktop	930	shown	fixed
rail	1799	3598	portrait	portrait	11.6	8	6.66666666667	270	desktop	930	shown	fixed
rail	1799	3598	backdrop	portrait	18.7	5	3.33333333333	540	desktop	930	shown	fixed
rail	1799	3598	smallBackdrop	portrait	18.7	5	3.33333333333	540	desktop	930	shown	fixed
rail	1799	3598	square	portrait	11.6	8	6.66666666667	270	desktop	930	shown	fixed
rail	1799	899.5	portrait	landscape	11.6	8	8.62068965517	209	desktop	930	shown	fixed
rail	1799	899.5	backdrop	landscape	18.7	5	5.40540540541	333	desktop	930	shown	fixed
rail	1799	899.5	smallBackdrop	landscape	18.7	5	6.45161290323	279	desktop	930	shown	fixed
rail	1799	899.5	square	landscape	11.6	8	8.62068965517	209	desktop	930	shown	fixed
rail	1800	3600	portrait	portrait	11.6	8	6.66666666667	270	desktop	930	shown	fixed
rail	1800	3600	backdrop	portrait	18.7	5	4.25531914894	423	desktop	930	shown	fixed
rail	1800	3600	smallBackdrop	portrait	18.7	5	3.33333333333	540	desktop	930	shown	fixed
rail	1800	3600	square	portrait	11.6	8	6.66666666667	270	desktop	930	shown	fixed
rail	1800	900	portrait	landscape	11.6	8	8.62068965517	209	desktop	930	shown	fixed
rail	1800	900	backdrop	landscape	18.7	5	5.40540540541	333	desktop	930	shown	fixed
rail	1800	900	smallBackdrop	landscape	18.7	5	6.45161290323	279	desktop	930	shown	fixed
rail	1800	900	square	landscape	11.6	8	8.62068965517	209	desktop	930	shown	fixed
rail	1919	3838	portrait	portrait	11.6	8	6.66666666667	288	desktop	930	shown	fixed
rail	1919	3838	backdrop	portrait	18.7	5	4.25531914894	451	desktop	930	shown	fixed
rail	1919	3838	smallBackdrop	portrait	18.7	5	3.33333333333	576	desktop	930	shown	fixed
rail	1919	3838	square	portrait	11.6	8	6.66666666667	288	desktop	930	shown	fixed
rail	1919	959.5	portrait	landscape	11.6	8	8.62068965517	223	desktop	930	shown	fixed
rail	1919	959.5	backdrop	landscape	18.7	5	5.40540540541	355	desktop	930	shown	fixed
rail	1919	959.5	smallBackdrop	landscape	18.7	5	6.45161290323	297	desktop	930	shown	fixed
rail	1919	959.5	square	landscape	11.6	8	8.62068965517	223	desktop	930	shown	fixed
rail	1920	3840	portrait	portrait	10.41	9	6.66666666667	288	desktop	930	shown	fixed
rail	1920	3840	backdrop	portrait	18.7	5	4.25531914894	451	desktop	930	shown	fixed
rail	1920	3840	smallBackdrop	portrait	18.7	5	3.33333333333	576	desktop	930	shown	fixed
rail	1920	3840	square	portrait	10.41	9	6.66666666667	288	desktop	930	shown	fixed
rail	1920	960	portrait	landscape	10.41	9	8.62068965517	223	desktop	930	shown	fixed
rail	1920	960	backdrop	landscape	18.7	5	5.40540540541	355	desktop	930	shown	fixed
rail	1920	960	smallBackdrop	landscape	18.7	5	6.45161290323	298	desktop	930	shown	fixed
rail	1920	960	square	landscape	10.41	9	8.62068965517	223	desktop	930	shown	fixed
rail	2099	4198	portrait	portrait	10.41	9	6.66666666667	315	desktop	930	shown	fixed
rail	2099	4198	backdrop	portrait	18.7	5	4.25531914894	493	desktop	930	shown	fixed
rail	2099	4198	smallBackdrop	portrait	18.7	5	3.33333333333	630	desktop	930	shown	fixed
rail	2099	4198	square	portrait	10.41	9	6.66666666667	315	desktop	930	shown	fixed
rail	2099	1049.5	portrait	landscape	10.41	9	8.62068965517	243	desktop	930	shown	fixed
rail	2099	1049.5	backdrop	landscape	18.7	5	5.40540540541	388	desktop	930	shown	fixed
rail	2099	1049.5	smallBackdrop	landscape	18.7	5	6.45161290323	325	desktop	930	shown	fixed
rail	2099	1049.5	square	landscape	10.41	9	8.62068965517	243	desktop	930	shown	fixed
rail	2100	4200	portrait	portrait	9.3	10	6.66666666667	315	desktop	930	shown	fixed
rail	2100	4200	backdrop	portrait	18.7	5	4.25531914894	494	desktop	930	shown	fixed
rail	2100	4200	smallBackdrop	portrait	18.7	5	3.33333333333	630	desktop	930	shown	fixed
rail	2100	4200	square	portrait	9.3	10	6.66666666667	315	desktop	930	shown	fixed
rail	2100	1050	portrait	landscape	9.3	10	8.62068965517	244	desktop	930	shown	fixed
rail	2100	1050	backdrop	landscape	18.7	5	5.40540540541	389	desktop	930	shown	fixed
rail	2100	1050	smallBackdrop	landscape	18.7	5	6.45161290323	326	desktop	930	shown	fixed
rail	2100	1050	square	landscape	9.3	10	8.62068965517	244	desktop	930	shown	fixed
rail	2499	4998	portrait	portrait	9.3	10	6.66666666667	375	desktop	930	shown	fixed
rail	2499	4998	backdrop	portrait	18.7	5	4.25531914894	587	desktop	930	shown	fixed
rail	2499	4998	smallBackdrop	portrait	18.7	5	3.33333333333	750	desktop	930	shown	fixed
rail	2499	4998	square	portrait	9.3	10	6.66666666667	375	desktop	930	shown	fixed
rail	2499	1249.5	portrait	landscape	9.3	10	8.62068965517	290	desktop	930	shown	fixed
rail	2499	1249.5	backdrop	landscape	18.7	5	5.40540540541	462	desktop	930	shown	fixed
rail	2499	1249.5	smallBackdrop	landscape	18.7	5	6.45161290323	387	desktop	930	shown	fixed
rail	2499	1249.5	square	landscape	9.3	10	8.62068965517	290	desktop	930	shown	fixed
rail	2500	5000	portrait	portrait	9.3	10	6.66666666667	375	desktop	930	shown	fixed
rail	2500	5000	backdrop	portrait	15.6	6	4.25531914894	588	desktop	930	shown	fixed
rail	2500	5000	smallBackdrop	portrait	15.6	6	3.33333333333	750	desktop	930	shown	fixed
rail	2500	5000	square	portrait	9.3	10	6.66666666667	375	desktop	930	shown	fixed
rail	2500	1250	portrait	landscape	9.3	10	8.62068965517	290	desktop	930	shown	fixed
rail	2500	1250	backdrop	landscape	15.6	6	5.40540540541	463	desktop	930	shown	fixed
rail	2500	1250	smallBackdrop	landscape	15.6	6	6.45161290323	388	desktop	930	shown	fixed
rail	2500	1250	square	landscape	9.3	10	8.62068965517	290	desktop	930	shown	fixed
height	1440	499	portrait	landscape	14.285714	7	7.00000000000	206	desktop	930	hidden	fullscreen
height	1440	499	backdrop	landscape	25	4	4.00000000000	360	desktop	930	hidden	fullscreen
height	1440	499	smallBackdrop	landscape	14.285714	7	7.00000000001	206	desktop	930	hidden	fullscreen
height	1440	499	square	landscape	14.285714	7	7.00000000000	206	desktop	930	hidden	fullscreen
height	1440	499	banner	landscape	33.333333	3	3.00000000030	480	desktop	930	hidden	fullscreen
height	1440	499	mixedPortrait	landscape	12.4	8	4.00000000000	360	desktop	930	hidden	fullscreen
height	1440	499	mixedSquare	landscape	18.6	5	4.00000000000	360	desktop	930	hidden	fullscreen
height	1440	499	mixedBackdrop	landscape	33.066667	3	4.00000000000	360	desktop	930	hidden	fullscreen
height	1440	500	portrait	landscape	14.285714	7	7.00000000000	206	desktop	930	hidden	fullscreen
height	1440	500	backdrop	landscape	25	4	4.00000000000	360	desktop	930	hidden	fullscreen
height	1440	500	smallBackdrop	landscape	14.285714	7	7.00000000001	206	desktop	930	hidden	fullscreen
height	1440	500	square	landscape	14.285714	7	7.00000000000	206	desktop	930	hidden	fullscreen
height	1440	500	banner	landscape	33.333333	3	3.00000000030	480	desktop	930	hidden	fullscreen
height	1440	500	mixedPortrait	landscape	12.4	8	4.00000000000	360	desktop	930	hidden	fullscreen
height	1440	500	mixedSquare	landscape	18.6	5	4.00000000000	360	desktop	930	hidden	fullscreen
height	1440	500	mixedBackdrop	landscape	33.066667	3	4.00000000000	360	desktop	930	hidden	fullscreen
height	1440	511	portrait	landscape	14.285714	7	7.00000000000	206	desktop	930	shown	fullscreen
height	1440	511	backdrop	landscape	25	4	4.00000000000	360	desktop	930	shown	fullscreen
height	1440	511	smallBackdrop	landscape	14.285714	7	7.00000000001	206	desktop	930	shown	fullscreen
height	1440	511	square	landscape	14.285714	7	7.00000000000	206	desktop	930	shown	fullscreen
height	1440	511	banner	landscape	33.333333	3	3.00000000030	480	desktop	930	shown	fullscreen
height	1440	511	mixedPortrait	landscape	12.4	8	4.00000000000	360	desktop	930	shown	fullscreen
height	1440	511	mixedSquare	landscape	18.6	5	4.00000000000	360	desktop	930	shown	fullscreen
height	1440	511	mixedBackdrop	landscape	33.066667	3	4.00000000000	360	desktop	930	shown	fullscreen
height	1440	512	portrait	landscape	14.285714	7	7.00000000000	206	desktop	930	shown	fullscreen
height	1440	512	backdrop	landscape	25	4	4.00000000000	360	desktop	930	shown	fullscreen
height	1440	512	smallBackdrop	landscape	14.285714	7	7.00000000001	206	desktop	930	shown	fullscreen
height	1440	512	square	landscape	14.285714	7	7.00000000000	206	desktop	930	shown	fullscreen
height	1440	512	banner	landscape	33.333333	3	3.00000000030	480	desktop	930	shown	fullscreen
height	1440	512	mixedPortrait	landscape	12.4	8	4.00000000000	360	desktop	930	shown	fullscreen
height	1440	512	mixedSquare	landscape	18.6	5	4.00000000000	360	desktop	930	shown	fullscreen
height	1440	512	mixedBackdrop	landscape	33.066667	3	4.00000000000	360	desktop	930	shown	fullscreen
height	1440	591	portrait	landscape	14.285714	7	7.00000000000	206	desktop	930	shown	fullscreen
height	1440	591	backdrop	landscape	25	4	4.00000000000	360	desktop	930	shown	fullscreen
height	1440	591	smallBackdrop	landscape	14.285714	7	7.00000000001	206	desktop	930	shown	fullscreen
height	1440	591	square	landscape	14.285714	7	7.00000000000	206	desktop	930	shown	fullscreen
height	1440	591	banner	landscape	33.333333	3	3.00000000030	480	desktop	930	shown	fullscreen
height	1440	591	mixedPortrait	landscape	12.4	8	4.00000000000	360	desktop	930	shown	fullscreen
height	1440	591	mixedSquare	landscape	18.6	5	4.00000000000	360	desktop	930	shown	fullscreen
height	1440	591	mixedBackdrop	landscape	33.066667	3	4.00000000000	360	desktop	930	shown	fullscreen
height	1440	592	portrait	landscape	14.285714	7	7.00000000000	206	desktop	930	shown	fullscreen
height	1440	592	backdrop	landscape	25	4	4.00000000000	360	desktop	930	shown	fullscreen
height	1440	592	smallBackdrop	landscape	14.285714	7	7.00000000001	206	desktop	930	shown	fullscreen
height	1440	592	square	landscape	14.285714	7	7.00000000000	206	desktop	930	shown	fullscreen
height	1440	592	banner	landscape	33.333333	3	3.00000000030	480	desktop	930	shown	fullscreen
height	1440	592	mixedPortrait	landscape	12.4	8	4.00000000000	360	desktop	930	shown	fullscreen
height	1440	592	mixedSquare	landscape	18.6	5	4.00000000000	360	desktop	930	shown	fullscreen
height	1440	592	mixedBackdrop	landscape	33.066667	3	4.00000000000	360	desktop	930	shown	fullscreen
height	1440	599	portrait	landscape	14.285714	7	7.00000000000	206	desktop	930	shown	fullscreen
height	1440	599	backdrop	landscape	25	4	4.00000000000	360	desktop	930	shown	fullscreen
height	1440	599	smallBackdrop	landscape	14.285714	7	7.00000000001	206	desktop	930	shown	fullscreen
height	1440	599	square	landscape	14.285714	7	7.00000000000	206	desktop	930	shown	fullscreen
height	1440	599	banner	landscape	33.333333	3	3.00000000030	480	desktop	930	shown	fullscreen
height	1440	599	mixedPortrait	landscape	12.4	8	4.00000000000	360	desktop	930	shown	fullscreen
height	1440	599	mixedSquare	landscape	18.6	5	4.00000000000	360	desktop	930	shown	fullscreen
height	1440	599	mixedBackdrop	landscape	33.066667	3	4.00000000000	360	desktop	930	shown	fullscreen
height	1440	600	portrait	landscape	14.285714	7	7.00000000000	206	desktop	930	shown	fullscreen
height	1440	600	backdrop	landscape	25	4	4.00000000000	360	desktop	930	shown	fullscreen
height	1440	600	smallBackdrop	landscape	14.285714	7	7.00000000001	206	desktop	930	shown	fullscreen
height	1440	600	square	landscape	14.285714	7	7.00000000000	206	desktop	930	shown	fullscreen
height	1440	600	banner	landscape	33.333333	3	3.00000000030	480	desktop	930	shown	fullscreen
height	1440	600	mixedPortrait	landscape	12.4	8	4.00000000000	360	desktop	930	shown	fullscreen
height	1440	600	mixedSquare	landscape	18.6	5	4.00000000000	360	desktop	930	shown	fullscreen
height	1440	600	mixedBackdrop	landscape	33.066667	3	4.00000000000	360	desktop	930	shown	fullscreen
height	1440	703	portrait	landscape	14.285714	7	7.00000000000	206	desktop	930	shown	fullscreen
height	1440	703	backdrop	landscape	25	4	4.00000000000	360	desktop	930	shown	fullscreen
height	1440	703	smallBackdrop	landscape	14.285714	7	7.00000000001	206	desktop	930	shown	fullscreen
height	1440	703	square	landscape	14.285714	7	7.00000000000	206	desktop	930	shown	fullscreen
height	1440	703	banner	landscape	33.333333	3	3.00000000030	480	desktop	930	shown	fullscreen
height	1440	703	mixedPortrait	landscape	12.4	8	4.00000000000	360	desktop	930	shown	fullscreen
height	1440	703	mixedSquare	landscape	18.6	5	4.00000000000	360	desktop	930	shown	fullscreen
height	1440	703	mixedBackdrop	landscape	33.066667	3	4.00000000000	360	desktop	930	shown	fullscreen
height	1440	704	portrait	landscape	14.285714	7	7.00000000000	206	desktop	930	shown	fullscreen
height	1440	704	backdrop	landscape	25	4	4.00000000000	360	desktop	930	shown	fullscreen
height	1440	704	smallBackdrop	landscape	14.285714	7	7.00000000001	206	desktop	930	shown	fullscreen
height	1440	704	square	landscape	14.285714	7	7.00000000000	206	desktop	930	shown	fullscreen
height	1440	704	banner	landscape	33.333333	3	3.00000000030	480	desktop	930	shown	fullscreen
height	1440	704	mixedPortrait	landscape	12.4	8	4.00000000000	360	desktop	930	shown	fullscreen
height	1440	704	mixedSquare	landscape	18.6	5	4.00000000000	360	desktop	930	shown	fullscreen
height	1440	704	mixedBackdrop	landscape	33.066667	3	4.00000000000	360	desktop	930	shown	fullscreen
height	1440	719	portrait	landscape	14.285714	7	7.00000000000	206	desktop	930	shown	fullscreen
height	1440	719	backdrop	landscape	25	4	4.00000000000	360	desktop	930	shown	fullscreen
height	1440	719	smallBackdrop	landscape	14.285714	7	7.00000000001	206	desktop	930	shown	fullscreen
height	1440	719	square	landscape	14.285714	7	7.00000000000	206	desktop	930	shown	fullscreen
height	1440	719	banner	landscape	33.333333	3	3.00000000030	480	desktop	930	shown	fullscreen
height	1440	719	mixedPortrait	landscape	12.4	8	4.00000000000	360	desktop	930	shown	fullscreen
height	1440	719	mixedSquare	landscape	18.6	5	4.00000000000	360	desktop	930	shown	fullscreen
height	1440	719	mixedBackdrop	landscape	33.066667	3	4.00000000000	360	desktop	930	shown	fullscreen
height	1440	720	portrait	landscape	14.285714	7	7.00000000000	206	desktop	930	shown	fullscreen
height	1440	720	backdrop	landscape	25	4	4.00000000000	360	desktop	930	shown	fullscreen
height	1440	720	smallBackdrop	landscape	14.285714	7	7.00000000001	206	desktop	930	shown	fullscreen
height	1440	720	square	landscape	14.285714	7	7.00000000000	206	desktop	930	shown	fullscreen
height	1440	720	banner	landscape	33.333333	3	3.00000000030	480	desktop	930	shown	fullscreen
height	1440	720	mixedPortrait	landscape	12.4	8	4.00000000000	360	desktop	930	shown	fullscreen
height	1440	720	mixedSquare	landscape	18.6	5	4.00000000000	360	desktop	930	shown	fullscreen
height	1440	720	mixedBackdrop	landscape	33.066667	3	4.00000000000	360	desktop	930	shown	fullscreen
height	1440	783	portrait	landscape	14.285714	7	7.00000000000	206	desktop	930	shown	fixed
height	1440	783	backdrop	landscape	25	4	4.00000000000	360	desktop	930	shown	fixed
height	1440	783	smallBackdrop	landscape	14.285714	7	7.00000000001	206	desktop	930	shown	fixed
height	1440	783	square	landscape	14.285714	7	7.00000000000	206	desktop	930	shown	fixed
height	1440	783	banner	landscape	33.333333	3	3.00000000030	480	desktop	930	shown	fixed
height	1440	783	mixedPortrait	landscape	12.4	8	4.00000000000	360	desktop	930	shown	fixed
height	1440	783	mixedSquare	landscape	18.6	5	4.00000000000	360	desktop	930	shown	fixed
height	1440	783	mixedBackdrop	landscape	33.066667	3	4.00000000000	360	desktop	930	shown	fixed
height	1440	784	portrait	landscape	14.285714	7	7.00000000000	206	desktop	930	shown	fixed
height	1440	784	backdrop	landscape	25	4	4.00000000000	360	desktop	930	shown	fixed
height	1440	784	smallBackdrop	landscape	14.285714	7	7.00000000001	206	desktop	930	shown	fixed
height	1440	784	square	landscape	14.285714	7	7.00000000000	206	desktop	930	shown	fixed
height	1440	784	banner	landscape	33.333333	3	3.00000000030	480	desktop	930	shown	fixed
height	1440	784	mixedPortrait	landscape	12.4	8	4.00000000000	360	desktop	930	shown	fixed
height	1440	784	mixedSquare	landscape	18.6	5	4.00000000000	360	desktop	930	shown	fixed
height	1440	784	mixedBackdrop	landscape	33.066667	3	4.00000000000	360	desktop	930	shown	fixed
height	1440	799	portrait	landscape	14.285714	7	7.00000000000	206	desktop	930	shown	fixed
height	1440	799	backdrop	landscape	25	4	4.00000000000	360	desktop	930	shown	fixed
height	1440	799	smallBackdrop	landscape	14.285714	7	7.00000000001	206	desktop	930	shown	fixed
height	1440	799	square	landscape	14.285714	7	7.00000000000	206	desktop	930	shown	fixed
height	1440	799	banner	landscape	33.333333	3	3.00000000030	480	desktop	930	shown	fixed
height	1440	799	mixedPortrait	landscape	12.4	8	4.00000000000	360	desktop	930	shown	fixed
height	1440	799	mixedSquare	landscape	18.6	5	4.00000000000	360	desktop	930	shown	fixed
height	1440	799	mixedBackdrop	landscape	33.066667	3	4.00000000000	360	desktop	930	shown	fixed
height	1440	800	portrait	landscape	14.285714	7	7.00000000000	206	desktop	930	shown	fixed
height	1440	800	backdrop	landscape	25	4	4.00000000000	360	desktop	930	shown	fixed
height	1440	800	smallBackdrop	landscape	14.285714	7	7.00000000001	206	desktop	930	shown	fixed
height	1440	800	square	landscape	14.285714	7	7.00000000000	206	desktop	930	shown	fixed
height	1440	800	banner	landscape	33.333333	3	3.00000000030	480	desktop	930	shown	fixed
height	1440	800	mixedPortrait	landscape	12.4	8	4.00000000000	360	desktop	930	shown	fixed
height	1440	800	mixedSquare	landscape	18.6	5	4.00000000000	360	desktop	930	shown	fixed
height	1440	800	mixedBackdrop	landscape	33.066667	3	4.00000000000	360	desktop	930	shown	fixed
