Noto Sans HK	400	/fonts/served/noto-sans-hk-0-400-normal.woff2	28EB2-28EB3	28ED9-28ED9	28EE7-28EE7	28FC5-28FC5	29079-29079	29088-29088	2908B-2908B	29093-29093	290AF-290B1	290C0-290C0	290E4-290E5	290EC-290ED	2910D-2910D	29110-29110	2913C-2913C	2914D-2914D	2915B-2915B	2915E-2915E	29170-29170	2919C-2919C	291A8-291A8	291D5-291D5	291EB-291EB	2941D-2941D	29420-29420	29433-29433	2943F-2943F	29448-29448	294D0-294D0	294D9-294DA	294E5-294E5	294E7-294E7	2959E-2959E	295B0-295B0	295B8-295B8	295D7-295D7	295E9-295E9	295F4-295F4	29720-29720	29732-29732	297D4-297D4	29810-29810	29857-29857	298A4-298A4	298D1-298D1	298EA-298EA	298F1-298F1	298FA-298FA	29903-29903	29905-29905	2992F-2992F	29945-29945	29947-29949	2995D-2995D	2996A-2996A	2999D-2999D	299C3-299C3	299C9-299C9	29A28-29A28	29A4D-29A4D	29B05-29B05	29B0E-29B0E	29BD5-29BD5	29C73-29C73	29CAD-29CAD	29D3E-29D3E	29D5A-29D5A	29D7C-29D7C	29D98-29D98	29D9B-29D9B	29DF6-29DF6	29E06-29E06	29E2D-29E2D	29E68-29E68	29EAC-29EAC	29EB0-29EB0	29EC3-29EC3	29EF8-29EF8	29F23-29F23	29F30-29F30	29FB7-29FB7	29FDE-29FDE	2A014-2A014	2A087-2A087	2A0B9-2A0B9	2A0E1-2A0E1	2A0ED-2A0ED	2A0F3-2A0F3	2A0F8-2A0F8	2A0FE-2A0FE	2A107-2A107	2A123-2A123	2A133-2A134	2A150-2A150	2A192-2A193	2A1AB-2A1AB	2A1B4-2A1B5	2A1DF-2A1DF	2A1F5-2A1F5	2A220-2A220	2A233-2A233	2A293-2A293	2A29F-2A29F	2A2B2-2A2B2	2A2B4-2A2B4	2A2B6-2A2B6	2A2BA-2A2BA	2A2BD-2A2BD	2A2DF-2A2DF	2A2FF-2A2FF	2A351-2A351	2A3A9-2A3A9	2A3ED-2A3ED	2A434-2A434	2A45B-2A45B	2A5C6-2A5C6	2A5CB-2A5CB	2A601-2A601	2A632-2A632	2A64A-2A64A	2A65B-2A65B	2A6A9-2A6A9	2ADFF-2ADFF	2F825-2F825	2F83B-2F83B	2F840-2F840	2F878-2F878	2F894-2F894	2F8A6-2F8A6	2F8CD-2F8CD	2F994-2F994	2F9B2-2F9B2	2F9BC-2F9BC	2F9D4-2F9D4	F0001-F0005	F0019-F0019	F009B-F009B	F0101-F0104	F012B-F012B	F01BA-F01BA	F01D6-F01D6	F0209-F0209	F0217-F0217	F0223-F0224	FC355-FC355	FE327-FE327	FE517-FE517	FEB97-FEB97	FFFB4-FFFB4
Noto Sans HK	400	/fonts/served/noto-sans-hk-1-400-normal.woff2	28189-28189	281AF-281AF	281BC-281BC	28207-28207	28218-28218	2821A-2821A	28256-28256	2827C-2827C	2829B-2829B	282CD-282CD	282E2-282E2	28306-28306	28318-28318	2832F-2832F	2833A-2833A	28365-28365	2836D-2836D	2837D-2837D	2838A-2838A	28412-28412	28468-28468	2846C-2846C	28473-28473	28482-28482	28501-28501	2853C-2853D	2856C-2856C	285E8-285E8	285F4-285F4	28600-28600	2860B-2860B	28625-28625	2863B-2863B	286AA-286AB	286B2-286B2	286BC-286BC	286D8-286D8	286E6-286E6	2870F-2870F	28713-28713	28804-28804	2882B-2882B	2890D-2890D	28933-28933	28948-28949	28956-28956	28964-28964	28968-28968	2896C-2896D	2897E-2897E	28989-28989	2898D-2898D	289A8-289A8	289AA-289AB	289B8-289B8	289BC-289BC	289C0-289C0	289DC-289DC	289DE-289DE	289E1-289E1	289E3-289E4	289E7-289E8	289F9-289FC	28A0F-28A0F	28A16-28A16	28A25-28A25	28A29-28A29	28A32-28A32	28A36-28A36	28A44-28A4B	28A59-28A5A	28A81-28A83	28A9A-28A9C	28AC0-28AC0	28AC6-28AC6	28ACB-28ACC	28ACE-28ACE	28ADE-28AE3	28AE5-28AE5	28AEA-28AEA	28AFC-28AFC	28B0C-28B0C	28B13-28B13	28B21-28B22	28B2B-28B2D	28B2F-28B2F	28B46-28B46	28B4C-28B4C	28B4E-28B4E	28B50-28B50	28B63-28B66	28B6C-28B6C	28B8F-28B8F	28B99-28B99	28B9C-28B9D	28BB9-28BB9	28BC2-28BC2	28BC5-28BC5	28BD4-28BD4	28BD7-28BD7	28BD9-28BDA	28BE7-28BEC	28BF5-28BF5	28BFF-28BFF	28C03-28C03	28C09-28C09	28C1C-28C1D	28C23-28C23	28C26-28C26	28C2B-28C2B	28C30-28C30	28C39-28C39	28C3B-28C3B	28CCA-28CCA	28CCD-28CCD	28CD2-28CD2	28D34-28D34	28D99-28D99	28DB9-28DB9	28E0F-28E0F	28E36-28E36	28E39-28E39	28E65-28E66	28E97-28E97	28EAC-28EAC
Noto Sans HK	400	/fonts/served/noto-sans-hk-2-400-normal.woff2	26DA0-26DA7	26DAE-26DAE	26DDC-26DDC	26DEA-26DEB	26DF0-26DF0	26E00-26E00	26E05-26E05	26E07-26E07	26E12-26E12	26E42-26E45	26E6E-26E6E	26E72-26E72	26E77-26E77	26E84-26E84	26E88-26E88	26E8B-26E8B	26E99-26E99	26ED0-26ED7	26F26-26F26	26F73-26F74	26F9F-26F9F	26FA1-26FA1	26FBE-26FBE	26FDE-26FDF	2700E-2700E	2704B-2704B	27052-27053	27088-27088	270AD-270AF	270CD-270CD	270D2-270D2	270F0-270F0	270F8-270F8	27109-27109	2710C-2710D	27126-27127	27164-27165	27175-27175	271CD-271CD	2721B-2721B	27267-27267	27280-27280	27285-27285	2728B-2728B	272B2-272B2	272B6-272B6	272E6-272E6	27352-27352	2739A-2739A	273FF-273FF	27422-27422	27450-27450	27484-27484	27486-27486	27574-27574	275A3-275A3	275E0-275E0	275E4-275E4	275FD-275FE	27607-27607	2760C-2760C	27632-27632	27639-27639	27655-27657	27694-27694	2770F-2770F	27735-27736	27741-27741	2775E-2775E	27784-27785	277CC-277CC	27858-27858	27870-27870	2789D-2789D	278B2-278B2	278C8-278C8	27924-27924	27967-27967	2797A-2797A	279A0-279A0	279DD-279DD	279FD-279FD	27A0A-27A0A	27A0E-27A0E	27A3E-27A3E	27A53-27A53	27A59-27A59	27A79-27A79	27A84-27A84	27ABD-27ABE	27AF4-27AF4	27B06-27B06	27B0B-27B0B	27B18-27B18	27B38-27B3A	27B48-27B48	27B65-27B65	27BEF-27BEF	27BF4-27BF4	27C12-27C12	27C6C-27C6C	27CB1-27CB1	27CC5-27CC5	27D2F-27D2F	27D53-27D54	27D66-27D66	27D73-27D73	27D84-27D84	27D8F-27D8F	27D98-27D98	27DBD-27DBD	27DDC-27DDC	27E4D-27E4D	27E4F-27E4F	27F2E-27F2E	27FF9-27FF9	28002-28002	28009-28009	2801E-2801E	28023-28024	28048-28048	28083-28083	28090-28090	280BD-280BE	280E8-280E9	280F4-280F4	2812E-2812E	2814F-2814F	2815D-2815D	2816F-2816F
Noto Sans HK	400	/fonts/served/noto-sans-hk-3-400-normal.woff2	25A9C-25A9C	25AAE-25AAF	25AE9-25AE9	25B74-25B74	25B89-25B89	25BB3-25BB4	25BC6-25BC6	25BE4-25BE4	25BE8-25BE8	25C01-25C01	25C06-25C06	25C21-25C21	25C4A-25C4A	25C65-25C65	25C91-25C91	25CA4-25CA4	25CC0-25CC1	25CFE-25CFE	25D20-25D20	25D30-25D30	25D43-25D43	25D99-25D99	25DB9-25DB9	25E0E-25E0E	25E49-25E49	25E81-25E83	25EA6-25EA6	25EBC-25EBC	25ED7-25ED8	25F1A-25F1A	25F4B-25F4B	25FE1-25FE2	26021-26021	26029-26029	26048-26048	26064-26064	26083-26083	26097-26097	260A4-260A5	26102-26102	26121-26121	26159-2615C	261AD-261AE	261B2-261B2	261DD-261DD	26258-26258	26261-26261	2626A-2626B	262D0-262D0	26335-26335	2634B-2634C	26351-26351	263BE-263BE	263F5-263F5	263F8-263F8	26402-26402	26410-26412	2644A-2644A	26469-26469	26484-26484	26488-26489	2648D-2648D	26498-26498	26512-26512	26572-26572	265A0-265A0	265AD-265AD	265BF-265BF	26612-26612	26626-26626	266AF-266AF	266B1-266B1	266B5-266B5	266DA-266DA	266E8-266E8	266FC-266FC	26716-26716	26741-26741	26799-26799	267B3-267B4	267CC-267CC	2681C-2681C	26846-26846	2685E-2685E	2686E-2686E	26888-26888	2688A-2688A	26893-26893	268C7-268C7	2690E-2690E	26911-26911	26926-26926	26939-26939	26951-26951	269A8-269A8	269B5-269B5	269F2-269F2	269FA-269FA	26A2D-26A2E	26A34-26A34	26A42-26A42	26A51-26A52	26B05-26B05	26B0A-26B0A	26B13-26B13	26B15-26B15	26B23-26B23	26B28-26B28	26B50-26B53	26B5B-26B5B	26B75-26B75	26B82-26B82	26B96-26B97	26B9D-26B9D	26BB3-26BB3	26BC0-26BC0	26BF7-26BF7	26C21-26C21	26C40-26C41	26C46-26C46	26C7E-26C82	26CA4-26CA4	26CB7-26CB8	26CBD-26CBD	26CC0-26CC0	26CC3-26CC3	26CD1-26CD1	26D22-26D2A	26D51-26D51	26D74-26D74
Noto Sans HK	400	/fonts/served/noto-sans-hk-4-400-normal.woff2	249BB-249BB	249C5-249C5	249D0-249D0	249DA-249DA	249DE-249DF	249E3-249E3	249E5-249E5	249EC-249ED	249F6-249F9	249FB-249FB	24A0E-24A0E	24A12-24A13	24A15-24A15	24A21-24A2A	24A3E-24A3E	24A42-24A42	24A45-24A45	24A4A-24A4A	24A4E-24A51	24A5D-24A5D	24A65-24A67	24A71-24A71	24A77-24A7A	24A8C-24A8C	24A93-24A96	24AA4-24AA7	24AB1-24AB3	24ABA-24ABC	24AC0-24AC0	24AC7-24AC7	24ACA-24ACA	24AD1-24AD1	24ADF-24ADF	24AE2-24AE2	24AE9-24AE9	24B0F-24B0F	24B6E-24B6E	24BF5-24BF5	24C09-24C09	24C9E-24C9F	24CC9-24CC9	24CD9-24CD9	24D06-24D06	24D13-24D13	24DB8-24DB8	24DEA-24DEB	24E3B-24E3B	24E50-24E50	24EA5-24EA5	24EA7-24EA7	24F0E-24F0E	24F5C-24F5C	24F82-24F82	24F86-24F86	24F97-24F97	24F9A-24F9A	24FA9-24FA9	24FB8-24FB8	24FC2-24FC2	2502C-2502C	25052-25052	2509D-2509D	2512B-2512B	25148-25148	2517D-2517E	251CD-251CD	251E3-251E3	251E6-251E7	25220-25221	25250-25250	25299-25299	252C7-252C7	252D8-252D8	2530E-2530E	25311-25311	25313-25313	25419-25419	25425-25425	2542F-25430	25446-25446	2546C-2546C	2546E-2546E	2549A-2549A	25531-25531	25535-25535	2553F-2553F	2555B-2555E	25562-25562	25565-25566	25581-25581	25584-25584	2558F-2558F	255B9-255B9	255D5-255D5	255DB-255DB	255E0-255E0	25605-25605	25635-25635	25651-25651	25683-25683	25695-25695	256E3-256E3	256F6-256F6	25706-25706	2571D-2571D	25725-25725	2573D-2573D	25772-25772	257C7-257C7	257DF-257E1	25857-25857	2585D-2585D	25872-25872	258C8-258C8	258DE-258DE	258E1-258E1	25903-25903	25946-25946	25956-25956	259AC-259AC	259CC-259CC	25A54-25A54	25A95-25A95
Noto Sans HK	400	/fonts/served/noto-sans-hk-5-400-normal.woff2	23F61-23F61	23F7F-23F82	23F8F-23F8F	23FB4-23FB4	23FB7-23FB7	23FC0-23FC0	23FC5-23FC5	23FEB-23FF0	24011-24011	24039-2403D	24057-24057	24085-24085	2408B-2408D	24091-24091	240C9-240C9	240E1-240E1	240EC-240EC	24104-24104	2410F-2410F	24119-24119	2413F-24140	24144-24144	2414E-2414E	24155-24157	2415C-2415C	2415F-2415F	24161-24161	24177-24177	2417A-2417A	241A3-241A5	241AC-241AC	241B5-241B5	241CD-241CD	241E2-241E2	241FC-241FC	2421B-2421B	2424B-2424B	24256-24256	24259-24259	24276-24278	24284-24284	24293-24293	24295-24295	242A5-242A5	242BF-242BF	242C1-242C1	242C9-242CA	242EE-242EE	242FA-242FA	2430D-2430D	2431A-2431A	24334-24334	24348-24348	24362-24365	2438C-2438C	24396-24396	2439C-2439C	243BD-243BD	243C1-243C1	243E9-243EA	243F2-243F2	243F8-243F8	24404-24404	24435-24436	2445A-2445B	24473-24473	24487-24488	244B9-244B9	244BC-244BC	244CE-244CE	244D3-244D3	244D6-244D6	24505-24505	24521-24521	24578-24578	245C8-245C8	24618-24618	2462A-2462A	24665-24665	24674-24674	24697-24697	246D4-246D4	24706-24706	24725-24725	2472F-2472F	2478F-2478F	247E0-247E0	24812-24812	24823-24823	24882-24882	248E9-248E9	248F0-248F3	248FB-248FB	248FF-24901	2490C-2490C	24916-24917	24919-24919	2492F-2492F	24933-24934	2493E-24943	24962-24963	24974-24976	2497B-2497B	2497F-2497F	24982-24982	24988-2498F	24994-24994	249A4-249A4	249A7-249A7	249A9-249A9	249AB-249AD	249B7-249BA
Noto Sans HK	400	/fonts/served/noto-sans-hk-6-400-normal.woff2	22E8B-22E8B	22EB3-22EB3	22EEF-22EEF	22F74-22F74	22FCC-22FCC	22FE3-22FE3	23033-23033	23044-23044	2304B-2304B	23066-23066	2307D-2307E	2308E-2308E	230B7-230B7	230BC-230BC	230DA-230DA	23103-23103	2313D-2313D	2317D-2317D	23182-23182	231A4-231A5	231B3-231B3	231C8-231C9	231EA-231EA	231F7-231F9	2320F-2320F	23225-23225	2322F-2322F	23231-23234	23256-23256	2325E-2325E	23262-23262	23281-23281	23289-2328A	232AB-232AD	232D2-232D2	232E0-232E1	23300-23300	2330A-2330A	2331F-2331F	233B4-233B4	233CC-233CC	233DE-233DE	233E6-233E6	233F4-233F5	233F9-233FA	233FE-233FE	23400-23400	2343F-2343F	23450-23450	2346F-2346F	23472-23472	234E5-234E5	23519-23519	23530-23530	23551-23551	2355A-2355A	23567-23567	23595-23595	23599-23599	2359C-2359C	235BB-235BB	235CD-235CF	235F3-235F3	23600-23600	23617-23617	2361A-2361A	2363C-2363C	23640-23640	23659-23659	2365F-2365F	23677-23677	2368E-2368E	2369E-2369E	236A6-236A6	236AD-236AD	236BA-236BA	236DF-236DF	236EE-236EE	23703-23703	23716-23716	23720-23720	2372D-2372D	2372F-2372F	2373F-2373F	23766-23766	23781-23781	237A2-237A2	237BC-237BC	237C2-237C2	237D5-237D7	2383A-2383A	239C2-239C2	23AA7-23AA7	23ADB-23ADB	23AEE-23AEE	23AFA-23AFA	23B1A-23B1A	23B5A-23B5A	23C63-23C63	23C99-23C9B	23CB5-23CB5	23CB7-23CB7	23CC7-23CC9	23CFC-23CFF	23D40-23D40	23D5B-23D5B	23D7E-23D7E	23D8F-23D8F	23DB6-23DBD	23DE3-23DE3	23DF8-23DF8	23E06-23E06	23E11-23E11	23E2C-23E31	23E39-23E39	23E88-23E8B	23EB9-23EB9	23EBF-23EBF	23ED7-23ED7	23EF7-23EFC	23F35-23F35	23F41-23F41	23F4A-23F4A
Noto Sans HK	400	/fonts/served/noto-sans-hk-7-400-normal.woff2	21927-21927	2193B-2193B	21944-21944	21958-21958	2196A-2196A	2197C-2197C	21980-21980	21983-21983	21988-21988	21996-21996	219DB-219DB	219F3-219F3	21A2D-21A2D	21A34-21A34	21A45-21A45	21A4B-21A4B	21A63-21A63	21B44-21B44	21BC1-21BC2	21C2A-21C2A	21C70-21C70	21CA2-21CA2	21CA5-21CA5	21CAC-21CAC	21D46-21D46	21D53-21D53	21D5E-21D5E	21D90-21D90	21DB6-21DB6	21DBA-21DBA	21DCA-21DCA	21DD1-21DD1	21DEB-21DEB	21DF9-21DF9	21E1C-21E1C	21E23-21E23	21E37-21E37	21E3D-21E3D	21E89-21E89	21EA4-21EA4	21EA8-21EA8	21EC8-21EC8	21ED5-21ED5	21F0F-21F0F	21F15-21F15	21F6A-21F6A	21F9E-21F9E	21FA1-21FA1	21FE8-21FE8	22045-22045	22049-22049	2207E-2207E	2209A-2209A	220C7-220C7	220FC-220FC	2212A-2212A	2215B-2215B	22173-22173	2217A-2217A	221A1-221A1	221C1-221C1	221C3-221C3	22208-22208	2227C-2227C	22321-22321	22325-22325	223BD-223BD	223D0-223D0	223D7-223D7	223FA-223FA	22465-22465	22471-22471	2248B-2248B	22491-22491	224B0-224B0	224BC-224BC	224C1-224C1	224C9-224C9	224CC-224CC	224ED-224ED	22513-22513	2251B-2251B	22530-22530	22554-22554	2258D-2258D	225AF-225AF	225BE-225BE	2261B-2261C	2262B-2262B	22668-22668	2267A-2267A	22696-22696	22698-22698	226F4-226F6	22712-22712	22714-22714	2271B-2271B	2271F-2271F	2272A-2272A	22775-22775	22781-22781	22796-22796	227B4-227B5	227CD-227CD	22803-22803	2285F-22860	22871-22871	228AD-228AD	228C1-228C1	228F7-228F7	22926-22926	22939-22939	2294F-2294F	22967-22967	2296B-2296B	22980-22980	22993-22993	22A66-22A66	22ACF-22ACF	22AD5-22AD5	22AE6-22AE6	22AE8-22AE8	22B0E-22B0E	22B22-22B22	22B3F-22B3F	22B43-22B43	22B6A-22B6A	22BCA-22BCA	22BCE-22BCE	22C26-22C27	22C38-22C38	22C4C-22C4C	22C51-22C51	22C55-22C55	22C62-22C62	22C88-22C88	22C9B-22C9B	22CA1-22CA1	22CA9-22CA9	22CB2-22CB2	22CB7-22CB7	22CC2-22CC2	22CC6-22CC6	22CC9-22CC9	22D07-22D08	22D12-22D12	22D44-22D44	22D4C-22D4C	22D67-22D67	22D8D-22D8D	22D95-22D95	22DA0-22DA0	22DA3-22DA4	22DB7-22DB7	22DEE-22DEE	22E0D-22E0D	22E36-22E36	22E42-22E42	22E78-22E78
Noto Sans HK	400	/fonts/served/noto-sans-hk-8-400-normal.woff2	21076-21078	2107B-2107B	21088-21088	21096-21096	2109D-2109D	210B4-210B4	210BF-210C1	210C7-210C9	210CF-210CF	210D3-210D3	210E4-210E4	210F4-210F6	2112F-2112F	2113B-2113B	2113D-2113D	21145-21145	21148-21148	2114F-2114F	21180-21180	21187-21187	211D9-211D9	2123C-2123C	2124F-2124F	2127C-2127C	212A8-212A9	212B0-212B0	212E3-212E3	212FE-212FE	21302-21305	21336-21336	2133A-2133A	21375-21376	2138E-2138E	21398-21398	2139C-2139C	213C5-213C6	213ED-213ED	213FE-213FE	21413-21413	21416-21416	21424-21424	2143F-2143F	21452-21452	21454-21455	2148A-2148A	21497-21497	214B6-214B6	214E8-214E8	214FD-214FD	21577-21577	21582-21582	21596-21596	2160A-2160A	21613-21613	21619-21619	2163E-2163E	21661-21661	21692-21692	216B8-216B8	216BA-216BA	216C0-216C2	216D3-216D3	216D5-216D5	216DF-216DF	216E6-216E8	216FA-216FC	216FE-216FE	2170D-2170D	21710-21710	21726-21726	2173A-2173C	21757-21757	2176C-21771	21773-21774	217AB-217AB	217B0-217B5	217C3-217C3	217C7-217C7	217D9-217DC	217DF-217DF	217EF-217EF	217F5-217F6	217F8-217FC	21820-21820	21828-2182A	2182D-2182D	21839-2183B	21840-21840	21845-21845	21852-21852	2185E-2185E	21861-21864	21877-21877	2187B-2187B	21883-21885	2189E-218A2	218BE-218BF	218D1-218D1	218D6-218D9	218FA-218FA	21903-21905	21910-21912	21915-21915	2191C-2191C	21922-21922
Noto Sans HK	400	/fonts/served/noto-sans-hk-9-400-normal.woff2	2048E-2048E	20491-20492	204A3-204A3	204D7-204D7	204FC-204FC	204FE-204FE	20547-20547	2058E-2058E	205A5-205A5	205B3-205B3	205C3-205C3	205CA-205CA	205D0-205D0	205D5-205D5	205DF-205E0	205EB-205EB	20611-20611	20615-20615	20619-2061A	20630-20630	20656-20656	20676-20676	2070E-2070E	20731-20731	20779-20779	2082C-2082C	20873-20873	208D5-208D5	20916-20916	20923-20923	20954-20954	20979-20979	209E7-209E7	20A11-20A11	20A50-20A50	20A6F-20A6F	20A8A-20A8A	20AB4-20AB4	20AC2-20AC2	20ACD-20ACD	20B0D-20B0D	20B8F-20B8F	20B9F-20B9F	20BA8-20BA9	20BBF-20BBF	20BC6-20BC6	20BCB-20BCB	20BE2-20BE2	20BEB-20BEB	20BFB-20BFB	20BFF-20BFF	20C0B-20C0B	20C0D-20C0D	20C20-20C20	20C34-20C34	20C3A-20C3B	20C41-20C43	20C53-20C53	20C65-20C65	20C77-20C78	20C7C-20C7C	20C8D-20C8D	20C96-20C96	20C9C-20C9C	20CB5-20CB5	20CB8-20CB8	20CCF-20CCF	20CD3-20CD6	20CDD-20CDD	20CED-20CED	20CFF-20CFF	20D15-20D15	20D28-20D28	20D31-20D32	20D46-20D49	20D4C-20D4E	20D6F-20D6F	20D71-20D71	20D74-20D74	20D7C-20D7C	20D7E-20D7F	20D96-20D96	20D9C-20D9C	20DA7-20DA7	20DB2-20DB2	20DC8-20DC8	20E04-20E04	20E09-20E0A	20E0D-20E11	20E16-20E16	20E1D-20E1D	20E4C-20E4C	20E6D-20E6D	20E73-20E73	20E75-20E7B	20E8C-20E8C	20E96-20E96	20E98-20E98	20E9D-20E9D	20EA2-20EA2	20EAA-20EAC	20EB6-20EB6	20ED7-20ED8	20EDD-20EDD	20EF8-20EFB	20F1D-20F1D	20F26-20F26	20F2D-20F2E	20F30-20F31	20F3B-20F3B	20F4C-20F4C	20F64-20F64	20F8D-20F8D	20F90-20F90	20FAD-20FAD	20FB4-20FB6	20FBC-20FBC	20FDF-20FDF	20FEA-20FED	21014-21014	2101D-2101E	2104F-2104F	2105C-2105C	2106F-2106F	21075-21075
Noto Sans HK	400	/fonts/served/noto-sans-hk-10-400-normal.woff2	1F6F5-1F6F5	1F6F8-1F6F8	1F910-1F930	1F932-1F935	1F937-1F939	1F940-1F944	1F947-1F94A	1F950-1F95F	1F962-1F967	1F969-1F96A	1F980-1F981	1F984-1F98D	1F990-1F992	1F994-1F996	1F9C0-1F9C0	1F9D0-1F9D0	1F9D2-1F9D2	1F9D4-1F9D4	1F9D6-1F9D6	1F9D8-1F9D8	1F9DA-1F9DA	1F9DC-1F9DD	1F9DF-1F9E2	1F9E5-1F9E6	20021-20021	20024-20024	2003E-2003E	20046-20046	2004E-2004E	20068-20068	20086-20087	2008A-2008A	20094-20094	200CA-200CD	200D1-200D1	200EE-200EE	2010C-2010C	2010E-2010E	20118-20118	201A4-201A4	201A9-201A9	201AB-201AB	201C1-201C1	201D4-201D4	201F2-201F2	20204-20204	2020C-2020C	20214-20214	20239-20239	2025B-2025B	20274-20275	20299-20299	2029E-2029E	202A0-202A0	202B7-202B7	202BF-202C0	202E5-202E5	2030A-2030A	20325-20325	20341-20341	20345-20347	2037E-20380	203A0-203A0	203A7-203A7	203B5-203B5	203C9-203C9	203CB-203CB	203F5-203F5	203FC-203FC	20413-20414	2041F-2041F	20465-20465	20487-20487
Noto Sans HK	400	/fonts/served/noto-sans-hk-15-400-normal.woff2	FF37-FF37	FF39-FF3A	FF3C-FF3C	FF3E-FF5B	FF5D-FF5D	FF61-FF65	FF67-FF68	FF6A-FF6A	FF6C-FF7E	FF80-FF86	FF89-FF94	FF97-FF9E	FFB9-FFB9	FFE0-FFE3	FFE9-FFE9	FFEB-FFEB	FFED-FFED	FFFC-FFFC	1D7C7-1D7C7	1F004-1F004	1F0CF-1F0CF	1F141-1F142	1F150-1F150	1F154-1F154	1F158-1F158	1F15B-1F15B	1F15D-1F15E	1F162-1F163	1F170-1F171	1F174-1F174	1F177-1F178	1F17D-1F17F	1F192-1F195	1F197-1F19A	1F1E6-1F1F5	1F1F7-1F1FF	1F21A-1F21A	1F22F-1F22F	1F232-1F237	1F239-1F23A	1F250-1F251	1F300-1F300	1F302-1F304
Noto Sans HK	400	/fonts/served/noto-sans-hk-16-400-normal.woff2	F94F-F94F	F95A-F95A	F95D-F95E	F961-F963	F965-F970	F974-F974	F976-F97A	F97C-F97C	F97E-F97F	F981-F981	F983-F983	F988-F988	F98A-F98A	F98C-F98C	F98E-F98E	F996-F997	F999-F99A	F99C-F99C	F99F-F9A0	F9A3-F9A3	F9A8-F9A8	F9AD-F9AD	F9B2-F9B6	F9B9-F9BA	F9BD-F9BE	F9C1-F9C1	F9C4-F9C4	F9C7-F9C7	F9CA-F9CA	F9CD-F9CD	F9D0-F9D1	F9D3-F9D4	F9D7-F9D8	F9DC-F9DD	F9DF-F9E1	F9E4-F9E4	F9E8-F9EA	F9F4-F9F4	F9F6-F9F7	F9F9-F9FA	F9FC-FA01	FA03-FA04	FA06-FA06	FA08-FA0A	FA0C-FA0C	FA11-FA11	FA17-FA17	FA19-FA19	FA1B-FA1B	FA1D-FA1D	FA26-FA26	FA2C-FA2C	FB01-FB01	FDFC-FDFC	FE0E-FE0E	FE33-FE36	FE38-FE44	FE49-FE51	FE54-FE54	FE56-FE57	FE59-FE5C	FE5F-FE6A	FE8E-FE8E	FE92-FE93	FEAE-FEAE	FECB-FECC	FEE0-FEE0	FEEC-FEEC	FEF3-FEF3	FF04-FF04	FF07-FF07	FF26-FF2C	FF31-FF32	FF35-FF36
Noto Sans HK	400	/fonts/served/noto-sans-hk-17-400-normal.woff2	F0B2-F0B2	F0B7-F0B7	F0BE-F0BE	F0C9-F0C9	F0D8-F0D8	F0E0-F0E0	F0E6-F0E6	F0FC-F0FC	F104-F105	F16A-F16A	F16D-F16D	F18A-F18A	F1E0-F1E0	F232-F232	F308-F308	F400-F400	F442-F442	F4DF-F4DF	F610-F611	F6B1-F6B5	F6BA-F6BC	F6C7-F6C7	F6DD-F6DD	F6E2-F6E2	F6F3-F6F4	F6F8-F6F8	F6FA-F6FA	F6FC-F6FC	F6FE-F6FE	F700-F703	F705-F705	F707-F707	F709-F70B	F70D-F70F	F711-F711	F713-F713	F715-F717	F719-F71A	F71C-F721	F724-F725	F728-F728	F734-F735	F737-F738	F73A-F73A	F73E-F742	F745-F745	F748-F749	F74B-F74D	F74F-F751	F753-F756	F758-F75A	F75C-F75C	F75E-F75E	F760-F764	F768-F76A	F76C-F76C	F76F-F774	F776-F77A	F77C-F77C	F77E-F780	F785-F785	F787-F78C	F78E-F78E	F792-F796	F798-F798	F79C-F79C	F7F5-F7F5	F812-F812	F815-F815	F876-F876	F8F5-F8F5	F8F8-F8F8	F8FF-F8FF	F901-F902	F904-F904	F906-F907	F909-F90A	F90F-F90F	F914-F914	F918-F919	F91B-F91B	F91D-F91D	F91F-F91F	F923-F923	F925-F925	F92D-F92F	F934-F934	F937-F938	F93D-F93D	F93F-F93F	F941-F941	F949-F949	F94C-F94C	F94E-F94E
Noto Sans HK	400	/fonts/served/noto-sans-hk-25-400-normal.woff2	9F27-9F27	9F29-9F29	9F2C-9F2C	9F2F-9F2F	9F31-9F31	9F34-9F34	9F37-9F37	9F39-9F39	9F3D-9F3E	9F41-9F41	9F44-9F45	9F4C-9F50	9F53-9F54	9F57-9F57	9F59-9F5A	9F5C-9F5C	9F5F-9F60	9F62-9F63	9F66-9F67	9F69-9F6A	9F6C-9F6C	9F72-9F72	9F76-9F77	9F7F-9F7F	9F84-9F85	9F88-9F88	9F8E-9F8E	9F91-9F91	9F94-9F98	9F9A-9F9B	9F9F-9FA0	9FA2-9FA2	9FA4-9FB3	9FC7-9FCB	9FD0-9FD0	A1F4-A1F4	A4B0-A4B1	A4B3-A4B3	A9C1-A9C2	AA31-AA31	AB34-AB34	AC00-AC01	AC04-AC04	AC08-AC08	AC10-AC11	AC13-AC16	AC19-AC19	AC1C-AC1D	AC24-AC24	AC70-AC71	AC74-AC74	AC77-AC78	AC80-AC81	AC83-AC83	AC8C-AC8C	AC90-AC90	ACA0-ACA0	ACA8-ACA9	ACAC-ACAC	ACB0-ACB0	ACB8-ACB9	ACBC-ACBD	ACC1-ACC1	ACC4-ACC4	ACE0-ACE1	ACE4-ACE4	ACE8-ACE8	ACF0-ACF1	ACF3-ACF3	ACF5-ACF5	ACFC-ACFD	AD00-AD00	AD0C-AD0C	AD11-AD11	AD1C-AD1C	AD2B-AD2B	AD34-AD34	AD3A-AD3A	AD50-AD50	AD6C-AD6C	AD70-AD70	AD74-AD74	AD7F-AD7F	AD81-AD81	AD8C-AD8C	ADC0-ADC0	ADC8-ADC8	ADDC-ADDC	ADE0-ADE0	ADF8-ADF9	ADFC-ADFC	AE00-AE00	AE08-AE09	AE30-AE30	AE34-AE34	AE38-AE38	AE40-AE40	AE4A-AE4A	AE4C-AE4C	AE54-AE54	AE5D-AE5D	AE68-AE68	AEBC-AEBC	AED8-AED8	AEF4-AEF4	AF2C-AF2D	AF34-AF34	AF43-AF43	AFB8-AFB8
Noto Sans HK	400	/fonts/served/noto-sans-hk-26-400-normal.woff2	9D9A-9D9A	9DA1-9DA2	9DA5-9DA5	9DA9-9DA9	9DAB-9DAC	9DB1-9DB2	9DB5-9DB5	9DB9-9DBD	9DBF-9DC2	9DC4-9DC4	9DC7-9DC9	9DD3-9DD4	9DD6-9DD6	9DD9-9DDA	9DDE-9DDF	9DE2-9DE2	9DE5-9DE6	9DE8-9DE8	9DEF-9DF0	9DF2-9DF4	9DF8-9DF8	9DFA-9DFA	9DFC-9DFD	9DFF-9DFF	9E02-9E02	9E07-9E07	9E0A-9E0A	9E0C-9E0C	9E0E-9E0E	9E11-9E11	9E15-9E15	9E18-9E18	9E1A-9E1E	9E20-9E23	9E25-9E26	9E2D-9E2D	9E2F-9E2F	9E33-9E33	9E35-9E35	9E3D-9E3F	9E42-9E43	9E45-9E45	9E48-9E4A	9E4C-9E4C	9E4F-9E4F	9E51-9E51	9E55-9E55	9E64-9E64	9E66-9E66	9E6B-9E6B	9E6D-9E6E	9E70-9E70	9E73-9E73	9E75-9E75	9E78-9E78	9E7B-9E7B	9E80-9E85	9E87-9E88	9E8B-9E8C	9E90-9E91	9E93-9E93	9E95-9E96	9E98-9E98	9E9D-9E9E	9EA1-9EA2	9EA4-9EA4	9EA6-9EA6	9EA8-9EAD	9EAF-9EAF	9EB1-9EB1	9EB4-9EB4	9EB7-9EBA	9EBE-9EBF	9EC1-9EC1	9EC6-9EC7	9ECC-9ECD	9ED0-9ED0	9ED2-9ED2	9ED4-9ED4	9ED9-9EDA	9EDC-9EDD	9EDF-9EE0	9EE2-9EE2	9EE5-9EE5	9EE7-9EE7	9EEE-9EEE	9EF1-9EF1	9EF3-9EF4	9EF6-9EF9	9EFB-9EFF	9F02-9F02	9F07-9F09	9F10-9F10	9F14-9F15	9F17-9F17	9F19-9F19	9F22-9F22	9F26-9F26
Noto Sans HK	400	/fonts/served/noto-sans-hk-27-400-normal.woff2	9BEA-9BEA	9BED-9BEE	9BF0-9BF1	9BF4-9BF5	9BF7-9BF7	9BF9-9BF9	9BFD-9BFD	9BFF-9BFF	9C02-9C02	9C06-9C06	9C08-9C0A	9C0C-9C0D	9C10-9C10	9C12-9C13	9C15-9C15	9C1B-9C1C	9C1F-9C21	9C23-9C26	9C28-9C29	9C2D-9C2F	9C31-9C33	9C35-9C37	9C39-9C3B	9C3D-9C3E	9C40-9C40	9C42-9C42	9C45-9C49	9C4F-9C4F	9C52-9C54	9C56-9C56	9C58-9C5A	9C5D-9C5D	9C5F-9C60	9C63-9C63	9C67-9C68	9C72-9C72	9C75-9C75	9C78-9C78	9C7A-9C7C	9C7F-9C81	9C87-9C88	9C8D-9C8D	9C91-9C91	9C94-9C94	9C97-9C97	9C9B-9C9B	9CA4-9CA4	9CA8-9CA8	9CAB-9CAB	9CAD-9CAD	9CB1-9CB3	9CB6-9CB8	9CC4-9CC5	9CCC-9CCD	9CD5-9CD7	9CDD-9CDF	9CE7-9CE7	9CE9-9CE9	9CEE-9CF0	9CF2-9CF2	9CFC-9CFE	9D02-9D03	9D06-9D08	9D0C-9D0C	9D0E-9D0E	9D10-9D10	9D12-9D12	9D15-9D17	9D1D-9D1F	9D21-9D21	9D23-9D23	9D2B-9D2B	9D2F-9D30	9D34-9D34	9D37-9D37	9D39-9D39	9D3D-9D3D	9D42-9D42	9D44-9D44	9D49-9D49	9D4E-9D4E	9D50-9D50	9D52-9D53	9D59-9D59	9D5C-9D5C	9D5E-9D61	9D6A-9D6A	9D6D-9D70	9D77-9D77	9D7A-9D7A	9D7C-9D7C	9D7E-9D7E	9D83-9D83	9D87-9D87	9D89-9D89	9D8F-9D8F	9D91-9D93	9D96-9D96	9D98-9D98
Noto Sans HK	400	/fonts/served/noto-sans-hk-28-400-normal.woff2	9A6B-9A6B	9A6D-9A6D	9A6F-9A71	9A73-9A74	9A76-9A76	9A78-9A79	9A7B-9A7C	9A7E-9A7F	9A81-9A82	9A84-9A87	9A8A-9A8B	9A8F-9A91	9A97-9A97	9A9A-9A9A	9A9E-9A9E	9AA0-9AA1	9AA4-9AA5	9AAF-9AB2	9AB6-9AB7	9AB9-9ABA	9ABD-9ABE	9AC0-9AC5	9AC8-9AC8	9ACB-9ACC	9ACE-9ACF	9AD1-9AD1	9AD5-9AD7	9AD9-9AD9	9ADF-9AE3	9AEA-9AEB	9AED-9AED	9AEF-9AEF	9AF2-9AF2	9AF4-9AF4	9AF9-9AF9	9AFB-9AFB	9AFD-9AFD	9AFF-9AFF	9B02-9B04	9B08-9B09	9B0F-9B0F	9B13-9B14	9B18-9B18	9B1F-9B1F	9B22-9B23	9B28-9B2A	9B2C-9B30	9B32-9B32	9B34-9B34	9B39-9B39	9B3B-9B3B	9B40-9B40	9B43-9B43	9B46-9B49	9B4B-9B4E	9B50-9B51	9B55-9B55	9B58-9B58	9B5B-9B5B	9B5E-9B60	9B63-9B63	9B68-9B69	9B74-9B74	9B7D-9B7D	9B7F-9B81	9B83-9B84	9B87-9B88	9B8A-9B8B	9B8D-9B90	9B92-9B95	9B97-9B97	9B9D-9B9D	9B9F-9BA0	9BA2-9BA3	9BA8-9BA8	9BAB-9BAB	9BB0-9BB0	9BB8-9BB8	9BC0-9BC1	9BC3-9BC3	9BC6-9BC8	9BCF-9BCF	9BD3-9BD7	9BD9-9BD9	9BDB-9BDB	9BDD-9BDD	9BE1-9BE2	9BE4-9BE5	9BE7-9BE7	9BE9-9BE9
Noto Sans HK	400	/fonts/served/noto-sans-hk-29-400-normal.woff2	98EC-98EE	98F1-98F1	98F4-98F5	9901-9901	9908-9909	990C-990C	990E-990E	9911-9912	9914-9914	9916-9917	9919-9919	991B-991C	991E-991E	9920-9920	9927-9927	992B-992C	992E-992E	9931-9933	9937-9940	9942-9944	9948-994A	994C-994E	9951-9951	9954-9954	995C-995F	9961-9963	9965-9965	9968-9968	996A-996A	996D-9972	9975-9976	997A-997A	997C-997C	997F-9980	9984-9985	9988-9988	998B-998B	998D-998D	998F-998F	9992-9992	9994-9995	9997-9998	999B-999C	999E-999E	99A0-99A1	99A4-99A4	99AA-99AB	99AF-99AF	99B1-99B1	99B4-99B4	99B8-99B9	99BC-99BC	99C4-99C6	99CF-99CF	99D1-99D2	99D4-99D4	99D6-99D6	99D8-99DA	99DF-99E2	99E6-99E6	99E9-99E9	99EE-99EE	99F0-99F0	99F5-99F5	99F8-99F8	99FB-99FB	9A01-9A05	9A0C-9A0C	9A0F-9A13	9A16-9A16	9A1B-9A1C	9A1F-9A21	9A24-9A24	9A26-9A26	9A28-9A28	9A2B-9A2B	9A2D-9A2F	9A34-9A36	9A38-9A38	9A3B-9A3C	9A3E-9A3E	9A40-9A44	9A4A-9A4A	9A4C-9A4E	9A52-9A52	9A56-9A56	9A58-9A58	9A5C-9A5C	9A62-9A65	9A69-9A6A
Noto Sans HK	400	/fonts/served/noto-sans-hk-30-400-normal.woff2	9798-9798	979B-979B	979D-979F	97A3-97A3	97A5-97A6	97A8-97A8	97AB-97AC	97AE-97AE	97B1-97B2	97B4-97B4	97B6-97BA	97BD-97C3	97C6-97C6	97C8-97C9	97CD-97CD	97D2-97D2	97D6-97D6	97D8-97D9	97DC-97DE	97E0-97E1	97E6-97E7	97EC-97EE	97F0-97F2	97F5-97F5	97F9-97FA	97FE-97FE	9804-9804	9807-9807	980A-980A	980E-980F	9814-9816	981A-981A	981C-981C	981E-9821	9823-9823	9826-9826	9828-9828	982A-982C	982E-982E	9832-9835	9837-9837	9839-9839	983C-983D	9845-9845	9847-9849	984B-984B	984E-984E	9852-9857	9859-985A	9862-9863	9865-9866	9868-9868	986C-986C	9870-9871	9873-9874	9877-9877	987A-987F	9881-9882	9885-9885	9887-988A	988C-988D	9890-9890	9893-9893	9896-9897	989A-989A	989C-989E	98A0-98A0	98A4-98A4	98A6-98A7	98A9-98A9	98AE-98AF	98B2-98B4	98B6-98BD	98BF-98BF	98C3-98C3	98C7-98C8	98CA-98CA	98D2-98D3	98D8-98DA	98DC-98DC	98DE-98DE	98E0-98E1	98E3-98E3	98E5-98E9	98EB-98EB
Noto Sans HK	400	/fonts/served/noto-sans-hk-31-400-normal.woff2	9602-9602	9607-9609	960E-960E	9610-9611	9614-9614	9616-9616	9619-961A	961C-961D	961F-961F	9621-9621	9624-9624	9628-9628	962F-962F	9633-9636	9638-9638	963C-963C	9641-9643	9645-9645	9647-9648	964E-964F	9651-9651	9653-9656	9658-9658	965B-965F	9661-9661	9665-9665	9668-9669	966C-966C	9672-9672	9674-9674	967A-967B	9681-9685	9688-9689	968B-968B	968D-968D	9695-9698	969E-969E	96A0-96A5	96A9-96A9	96AC-96AC	96AE-96AE	96B0-96B0	96B2-96B4	96B6-96B7	96B9-96B9	96BC-96BE	96C3-96C3	96C9-96CB	96CE-96CF	96D1-96D2	96D8-96D8	96DD-96DD	96E9-96E9	96EB-96EB	96F0-96F1	96F3-96F4	96F9-96F9	96FE-96FF	9701-9703	9705-9705	9708-9708	970A-970A	970E-9711	9719-9719	971B-971B	971D-971D	971F-9721	9728-9728	972A-972A	972D-972D	9730-9731	9733-9734	9736-9736	973A-973A	973D-973E	9740-9741	9744-9744	9746-9747	9749-974A	9750-9751	9753-9753	9755-9755	9757-9759	975B-975B	975D-975D	975F-975F	9763-9763	9765-9766	9768-9768	976C-976D	9771-9771	9773-9773	9776-9776	977A-977A	977C-977C	9780-9780	9784-9789	978E-978F
Noto Sans HK	400	/fonts/served/noto-sans-hk-32-400-normal.woff2	949D-94A3	94A5-94A9	94AC-94AC	94AE-94B1	94B3-94B5	94BB-94BC	94BE-94C3	94C5-94C6	94C9-94C9	94CE-94D0	94DB-94DD	94E0-94E0	94E2-94E3	94E8-94E8	94EC-94EE	94F0-94F0	94F2-94F2	94F5-94F6	94F8-94F8	94FA-94FA	94FF-9502	9504-9506	9508-9508	950B-950C	950F-9510	9519-951B	951D-951D	951F-951F	9521-9526	952D-9530	9535-9535	953A-953B	9540-9542	9547-9547	9549-954A	954D-954D	9550-9551	9554-9556	955C-955C	956C-956D	956F-9570	9573-9573	9576-9576	9578-9578	9582-9582	9585-9586	9588-9588	958E-958F	9596-9597	9599-9599	959C-959C	959E-95A2	95A4-95A4	95A6-95A7	95AA-95AE	95B0-95B0	95B2-95B2	95B6-95B6	95B9-95BF	95C2-95C4	95C7-95C9	95CB-95CD	95D0-95D0	95D3-95D5	95D7-95D8	95DA-95DA	95DE-95DE	95E0-95E1	95E4-95E5	95EA-95EB	95EF-95F0	95F2-95F3	95F5-95F5	95F7-95FA	95FD-95FD	9600-9601
Noto Sans HK	400	/fonts/served/noto-sans-hk-33-400-normal.woff2	9370-9371	9373-9374	9376-9376	9378-937A	937C-937D	9381-9381	9384-9387	938C-938C	938F-9390	9394-9394	9397-9398	939A-939E	93A0-93A3	93A6-93A7	93A9-93AA	93AC-93AD	93AF-93B0	93B3-93BB	93BD-93C4	93C6-93C7	93CA-93CD	93D0-93D1	93D3-93D3	93D6-93D8	93DB-93DE	93E0-93E0	93E4-93E4	93E8-93E8	93EE-93EE	93F0-93F1	93F3-93F5	93F7-93F9	93FB-93FB	9401-9401	9403-9404	9407-9408	940F-9410	9413-9414	9417-9417	9419-941E	9420-942B	942D-942F	9432-9433	9436-9436	9438-9438	943A-943A	943D-9440	9442-9443	9445-9445	944A-944A	944C-944D	9454-9455	9458-9458	945A-945B	945E-945E	9460-9460	9462-9463	9465-9465	9467-9468	946A-946A	946C-946D	946F-946F	9471-9471	9474-9477	9479-9479	947B-947B	947E-9481	9485-9485	9488-948A	948E-948E	9492-9493	9497-9497	9499-9499	949B-949C
Noto Sans HK	400	/fonts/served/noto-sans-hk-34-400-normal.woff2	926B-926F	9271-9272	9274-9274	9276-9278	927A-927C	927E-927F	9281-9284	9286-9286	9288-928A	928D-928F	9291-9291	9295-9296	9299-929B	929D-929D	92A0-92AE	92B1-92B2	92B5-92B6	92BA-92BC	92BE-92BF	92C2-92C3	92C6-92CD	92CF-92D1	92D4-92D5	92D7-92D7	92D9-92D9	92DB-92DB	92DD-92DD	92DF-92DF	92E3-92E6	92E8-92E9	92EB-92EF	92F1-92F4	92F6-92F6	92F9-92F9	92FB-92FB	92FD-92FD	9300-9303	9306-9307	930B-930B	930F-930F	9312-9312	9315-9315	9319-931B	931D-931F	9321-9321	9323-9325	9327-932A	932C-932E	9330-9333	9335-9335	9338-9338	933C-933C	9340-9349	934F-9352	9354-9354	9356-935A	935C-9360	9362-936C	936E-936E
Noto Sans HK	400	/fonts/served/noto-sans-hk-35-400-normal.woff2	913A-913A	9143-9143	9146-9146	9148-914A	914E-9151	9154-9154	9156-9157	9159-915A	915C-915E	9161-9164	9167-9167	916B-916B	916E-916E	9170-9172	9174-9174	9176-9176	9179-917A	917C-917C	917F-917F	9181-9182	9184-9186	918C-918E	9190-9191	9196-9196	919A-919B	919E-919E	91A1-91A4	91A7-91A7	91A9-91AA	91AE-91B2	91B4-91B6	91B8-91B8	91BB-91BB	91BD-91BE	91C1-91C1	91C3-91C6	91C8-91CA	91D2-91D7	91D9-91D9	91DF-91DF	91E1-91E1	91E4-91E9	91EC-91ED	91F0-91F1	91F5-91FA	91FD-9201	9203-920A	920D-920E	9210-9211	9213-9213	9217-9219	921C-921C	9221-9221	9224-9225	9227-9228	922A-922B	922D-922E	9230-9231	9233-9233	9235-9239	923B-9241	9244-9244	9246-9246	9248-9249	924B-9251	9253-9253	9255-9255	9258-9258	925A-925A	925D-925F	9262-9262	9265-9267
Noto Sans HK	400	/fonts/served/noto-sans-hk-36-400-normal.woff2	8FA9-8FA9	8FAB-8FAB	8FAE-8FAE	8FB3-8FB3	8FB5-8FB8	8FBA-8FBD	8FBF-8FBF	8FC1-8FC2	8FC6-8FC6	8FC8-8FC8	8FCA-8FCA	8FCC-8FCD	8FCF-8FCF	8FD2-8FD3	8FD5-8FD5	8FDA-8FDA	8FDC-8FDD	8FDF-8FDF	8FE2-8FE5	8FE8-8FE9	8FED-8FEE	8FF3-8FF3	8FF5-8FF5	8FF8-8FF8	8FFA-8FFC	8FFE-8FFE	9002-9002	9004-9004	9008-9008	900A-900B	9011-9013	9016-9016	901E-901E	9021-9021	9024-9024	902D-902D	902F-9030	9033-9037	9039-903B	9041-9041	9044-9046	904C-904C	904F-9052	9056-9058	905B-905B	905D-905D	9061-9062	9064-9065	9068-9068	906C-906C	906F-906F	9074-9074	9079-9079	907D-907D	9083-9083	9085-9085	9087-9089	908B-908B	9090-9090	9093-9093	9095-9095	9097-9097	9099-9099	909B-909B	909D-909E	90A0-90A2	90AC-90AC	90AF-90B0	90B2-90B4	90B6-90B6	90B9-90B9	90BB-90BB	90BD-90BE	90C3-90C5	90C7-90C7	90D1-90D1	90D4-90D5	90D7-90D7	90DB-90DF	90E2-90E4	90EA-90EB	90EF-90EF	90F4-90F4	90F7-90F8	90FC-90FC	90FE-9100	9102-9102	9104-9104	9106-9106	9112-9112	9114-911A	911C-911C	911E-911E	9120-9120	9122-9123	9129-9129	912B-912B	912F-912F	9131-9132	9134-9134	9136-9136	9139-9139
Noto Sans HK	400	/fonts/served/noto-sans-hk-37-400-normal.woff2	8E39-8E3A	8E3C-8E3D	8E40-8E42	8E46-8E47	8E49-8E50	8E53-8E55	8E59-8E5B	8E60-8E60	8E62-8E63	8E67-8E69	8E6C-8E6D	8E6F-8E6F	8E71-8E71	8E74-8E77	8E7A-8E7C	8E7E-8E7E	8E80-8E80	8E82-8E82	8E84-8E85	8E87-8E87	8E89-8E8B	8E8F-8E95	8E99-8E9A	8E9D-8E9E	8EA1-8EA1	8EA3-8EA3	8EA5-8EA7	8EAA-8EAA	8EAC-8EAD	8EAF-8EB1	8EB6-8EB6	8EB9-8EB9	8EBC-8EBC	8EBE-8EBE	8EC3-8EC3	8EC6-8EC6	8ECB-8ECB	8ECE-8ECF	8ED1-8ED1	8ED4-8ED4	8ED7-8ED7	8EDA-8EDB	8EE2-8EE2	8EE4-8EE4	8EE8-8EE8	8EEB-8EEB	8EED-8EED	8EF2-8EF2	8EF9-8EFE	8F05-8F05	8F07-8F08	8F0A-8F0C	8F12-8F13	8F17-8F17	8F19-8F1A	8F1C-8F1C	8F1E-8F1F	8F25-8F26	8F2D-8F2D	8F30-8F30	8F33-8F33	8F36-8F36	8F3C-8F3C	8F3E-8F3E	8F40-8F42	8F45-8F47	8F4A-8F4A	8F4D-8F4D	8F54-8F55	8F5C-8F5D	8F61-8F62	8F64-8F64	8F67-8F69	8F6D-8F72	8F74-8F74	8F76-8F76	8F7B-8F7C	8F7F-8F7F	8F83-8F86	8F88-8F8A	8F8D-8F8D	8F90-8F90	8F93-8F93	8F95-8F97	8F99-8F99	8F9E-8FA0	8FA2-8FA2	8FA5-8FA5	8FA7-8FA7
Noto Sans HK	400	/fonts/served/noto-sans-hk-38-400-normal.woff2	8CC1-8CC2	8CC4-8CC5	8CCD-8CCD	8CCF-8CD2	8CD4-8CD6	8CD9-8CDB	8CE1-8CE1	8CE8-8CE9	8CEB-8CEB	8CF0-8CF0	8CF2-8CF2	8CF7-8CF8	8CFB-8CFB	8CFE-8CFE	8D03-8D04	8D07-8D07	8D0B-8D0D	8D10-8D14	8D17-8D18	8D1B-8D1F	8D21-8D27	8D29-8D2C	8D2E-8D32	8D34-8D35	8D37-8D38	8D3A-8D3C	8D3E-8D3F	8D41-8D43	8D48-8D48	8D4B-8D4C	8D4E-8D50	8D54-8D54	8D56-8D56	8D58-8D58	8D5A-8D5B	8D5F-8D60	8D62-8D63	8D66-8D69	8D6C-8D6E	8D73-8D73	8D75-8D76	8D7A-8D7B	8D7D-8D7D	8D82-8D82	8D84-8D84	8D8B-8D8B	8D90-8D91	8D94-8D94	8D96-8D96	8D9C-8D9C	8DA6-8DA6	8DA9-8DA9	8DAB-8DAB	8DAF-8DAF	8DB2-8DB2	8DB5-8DB5	8DB7-8DB7	8DBA-8DBA	8DBC-8DBC	8DBF-8DC0	8DC2-8DC3	8DC6-8DC6	8DCB-8DCB	8DCE-8DD0	8DD4-8DD4	8DD6-8DD7	8DDA-8DDB	8DE3-8DE4	8DE9-8DE9	8DEB-8DEC	8DF1-8DF1	8DF5-8DF7	8DFA-8DFD	8E01-8E01	8E05-8E05	8E08-8E0A	8E0E-8E0E	8E14-8E14	8E16-8E16	8E18-8E18	8E1D-8E21	8E23-8E23	8E26-8E28	8E2A-8E2B	8E2D-8E2E	8E30-8E31	8E35-8E35
Noto Sans HK	400	/fonts/served/noto-sans-hk-39-400-normal.woff2	8B26-8B26	8B28-8B28	8B2B-8B2B	8B2D-8B2E	8B33-8B33	8B3F-8B3F	8B41-8B41	8B43-8B43	8B46-8B46	8B4C-8B4F	8B53-8B54	8B56-8B56	8B59-8B59	8B5E-8B60	8B62-8B62	8B64-8B64	8B69-8B6D	8B72-8B72	8B7E-8B7E	8B81-8B81	8B83-8B83	8B89-8B89	8B8C-8B8C	8B8E-8B90	8B92-8B92	8B95-8B96	8B99-8B99	8B9B-8B9C	8B9E-8BA0	8BA3-8BA3	8BA5-8BA5	8BA7-8BA7	8BAA-8BAA	8BAD-8BAD	8BB2-8BB4	8BB6-8BB9	8BBC-8BBD	8BBF-8BC0	8BC3-8BC3	8BC5-8BC5	8BC8-8BCB	8BCF-8BCF	8BD1-8BD1	8BD7-8BDC	8BDE-8BE1	8BE3-8BE3	8BE5-8BE7	8BE9-8BE9	8BEB-8BEC	8BEF-8BEF	8BF1-8BF2	8BF5-8BF6	8BF8-8BF8	8BFA-8BFA	8BFD-8BFE	8C01-8C02	8C05-8C05	8C08-8C08	8C0A-8C11	8C13-8C15	8C18-8C1C	8C1F-8C1F	8C23-8C29	8C2C-8C2D	8C31-8C31	8C34-8C34	8C36-8C36	8C39-8C39	8C3F-8C3F	8C47-8C47	8C49-8C4C	8C4F-8C4F	8C51-8C51	8C55-8C55	8C62-8C62	8C68-8C68	8C73-8C73	8C78-8C78	8C7A-8C7C	8C82-8C82	8C85-8C85	8C89-8C8A	8C8D-8C8E	8C90-8C90	8C94-8C94	8C98-8C99	8C9B-8C9B	8C9F-8C9F	8CA3-8CA4	8CAD-8CB0	8CB2-8CB2	8CB9-8CBA	8CBD-8CBD
Noto Sans HK	400	/fonts/served/noto-sans-hk-40-400-normal.woff2	8983-8983	8987-898A	898C-898C	8991-8991	8994-8995	8997-8998	899A-899A	899C-899C	89A1-89A1	89A4-89A7	89A9-89A9	89AC-89AC	89AF-89AF	89B2-89B3	89B7-89B7	89BB-89BC	89BF-89BF	89C5-89C5	89C9-89CA	89D1-89D1	89D4-89D5	89DA-89DA	89DC-89DE	89E5-89E7	89ED-89ED	89F1-89F1	89F3-89F4	89F6-89F6	89FF-89FF	8A01-8A01	8A03-8A03	8A07-8A07	8A09-8A09	8A0C-8A0C	8A0F-8A12	8A16-8A16	8A1B-8A1C	8A22-8A22	8A25-8A25	8A27-8A27	8A29-8A29	8A2B-8A2B	8A33-8A33	8A36-8A36	8A38-8A38	8A3D-8A3E	8A41-8A41	8A45-8A46	8A48-8A49	8A4E-8A4E	8A51-8A52	8A54-8A54	8A56-8A58	8A5B-8A5B	8A5D-8A5D	8A61-8A61	8A63-8A63	8A67-8A67	8A6A-8A6C	8A70-8A70	8A74-8A76	8A7A-8A7C	8A7E-8A7E	8A82-8A82	8A84-8A86	8A89-8A89	8A8F-8A92	8A94-8A94	8A9A-8A9A	8A9C-8A9C	8AA1-8AA1	8AA3-8AA3	8AA5-8AA5	8AA7-8AA9	8AAD-8AAD	8AAF-8AAF	8AB1-8AB1	8AB4-8AB4	8AB6-8AB6	8ABE-8ABE	8AC2-8AC2	8AC4-8AC4	8AC6-8AC6	8AC9-8AC9	8ACC-8ACF	8AD1-8AD1	8ADA-8ADB	8ADD-8AE2	8AE4-8AE4	8AE6-8AE6	8AEA-8AEB	8AED-8AED	8AF1-8AF6	8AF9-8AFA	8AFC-8AFC	8B01-8B01	8B04-8B05	8B07-8B07	8B0B-8B0D	8B0F-8B10	8B13-8B14	8B16-8B16	8B1A-8B1A	8B1C-8B1C	8B1F-8B1F	8B21-8B22
Noto Sans HK	400	/fonts/served/noto-sans-hk-41-400-normal.woff2	8804-8806	880A-880B	880E-8811	8813-8813	8815-8816	8818-8818	881B-881B	8821-8821	8823-8823	8827-8827	882D-882D	8831-8832	8835-8835	8839-883A	883C-883C	8842-8842	8844-8846	884A-884A	884E-884F	8852-8852	8854-8856	8859-885A	885E-885E	8860-8860	8862-8862	8864-8865	8869-886A	886C-886E	8871-8872	8875-8875	8879-8879	887D-887F	8882-8882	8884-8885	8887-8888	888F-8890	8892-8893	8897-8898	889A-889E	88A0-88A0	88A2-88A2	88A4-88A4	88A8-88A8	88AA-88AA	88AD-88AE	88B1-88B1	88B4-88B5	88B7-88B8	88BC-88C0	88C4-88C4	88C6-88C7	88C9-88CC	88CE-88CE	88D2-88D2	88D6-88D6	88D8-88D8	88DB-88DB	88DF-88DF	88E4-88E4	88E6-88E6	88E8-88E9	88EC-88EC	88EF-88F1	88F3-88F5	88FC-88FC	88FE-8900	8902-8902	8906-8906	890A-890C	8912-8915	8918-891A	891F-891F	8921-8921	8923-8925	892A-892B	892D-892D	8930-8930	8933-8933	8935-8936	8938-8938	893D-893D	8941-8943	8946-8947	8949-8949	894C-894D	8954-8954	8956-8957	8959-8959	895C-895C	895E-8960	8964-8966	896C-896C	8971-8971	8974-8974	8977-8977	897B-897B	897E-897E	8980-8980	8982-8982
Noto Sans HK	400	/fonts/served/noto-sans-hk-42-400-normal.woff2	8696-8696	869A-869A	869C-869D	86A0-86A1	86A3-86A4	86A7-86AA	86AD-86AD	86AF-86B4	86B6-86B6	86B9-86BA	86C0-86C2	86C4-86C4	86C6-86C6	86C9-86CA	86CC-86CE	86D0-86D0	86D3-86D4	86DE-86DF	86E9-86E9	86ED-86F0	86F3-86F3	86F8-86FC	86FE-86FE	8703-8703	8706-870A	870D-870E	8711-8712	8715-8715	8717-8717	8719-871A	871E-871E	8721-8723	8725-8725	8728-8729	872E-872E	8731-8731	8734-8734	8737-8737	873A-873A	873E-8740	8742-8742	8747-8747	8749-8749	874B-874C	874E-874F	8753-8753	8757-8758	875D-875D	875F-875F	8761-8765	8768-8768	876A-876A	876C-8772	8777-8777	877A-877B	877D-877D	8781-8781	8784-8786	8788-8788	878B-878C	8793-8793	8797-8798	879F-879F	87A3-87A3	87A5-87A5	87A8-87A9	87AB-87AD	87AF-87AF	87B1-87B1	87B3-87B3	87B5-87B5	87B9-87B9	87BB-87BB	87BD-87C1	87C4-87C8	87CA-87CC	87CE-87CE	87D2-87D2	87D6-87D6	87DA-87DC	87E0-87E1	87E3-87E3	87E5-87E5	87E7-87E7	87EA-87EB	87EE-87EF	87F3-87F7	87FE-87FE	8802-8803
Noto Sans HK	400	/fonts/served/noto-sans-hk-43-400-normal.woff2	8511-8511	8515-8515	8517-8517	851D-851F	8524-8524	852B-852B	852F-852F	8532-8535	8537-8538	853A-853A	853C-853C	853E-853E	8541-8542	8545-8545	8548-8548	854B-854E	8552-8553	8555-8558	855A-855A	855E-855F	8561-8565	8568-8568	856A-856C	856F-8570	8573-8574	8577-857B	8580-8581	8585-8586	858A-858A	858C-858C	858F-8590	8593-8594	8597-8599	859C-859C	859F-859F	85A1-85A2	85A4-85A4	85A8-85A8	85AB-85AC	85AE-85AE	85B3-85B4	85B7-85B7	85B9-85BA	85BD-85BE	85C1-85C2	85CB-85CB	85CE-85CE	85D0-85D0	85D3-85D3	85D5-85D6	85DC-85DC	85E0-85E0	85E6-85E6	85E8-85E8	85EA-85EA	85ED-85EE	85F4-85F4	85F6-85F7	85F9-85FA	85FC-85FC	85FF-85FF	8602-8602	8604-8605	860D-860D	860F-8610	8613-8614	8616-8618	861A-861A	861E-861E	8621-8622	8627-862A	862F-862F	8634-8636	8638-8638	863A-863A	863C-863C	8640-8640	8642-8642	8645-8646	864C-864D	864F-864F	8651-8654	8657-8657	8659-865A	865C-865C	8662-8662	866B-866C	866F-8673	8677-8677	867A-867B	867D-867E	8680-8682	868B-868D	8692-8695
Noto Sans HK	400	/fonts/served/noto-sans-hk-44-400-normal.woff2	83BC-83C0	83C2-83C2	83C4-83C5	83C8-83C9	83CB-83CB	83CD-83CF	83D1-83D1	83D4-83D6	83D8-83D8	83DD-83DD	83DF-83DF	83E1-83E2	83E5-83E5	83EA-83EB	83ED-83ED	83F0-83F0	83F3-83F4	83F9-83F9	83FB-83FE	8405-8407	840B-840B	840F-840F	8411-8411	8413-8414	8416-8416	8418-8418	841B-841D	8420-8421	8423-8424	8426-8429	842B-842B	842D-842E	8432-8433	8435-8435	8437-8439	843B-843C	843E-843E	8445-8448	844A-844A	844E-844E	8451-8453	8455-8456	8458-845A	845C-845C	845F-845F	8462-8462	8464-8464	8466-8467	846D-846D	846F-8474	8476-8478	847A-847A	847F-8480	8484-8484	8488-8488	848B-848B	848D-848E	8492-8494	8496-8497	849D-849D	849F-849F	84A1-84A1	84A3-84A3	84A8-84A8	84AD-84AD	84AF-84AF	84B1-84B1	84B4-84B4	84B9-84BB	84BD-84C0	84C2-84C2	84C6-84C7	84CA-84CA	84CD-84D3	84D6-84D6	84DA-84DA	84DD-84DF	84E1-84E2	84E4-84E8	84EA-84EA	84EF-84F0	84F3-84F4	84F7-84F8	84FA-84FA	84FC-84FD	84FF-8500	8503-8506	850C-850C	8510-8510
Noto Sans HK	400	/fonts/served/noto-sans-hk-45-400-normal.woff2	828D-8291	8293-8294	8298-8298	829A-829C	829E-82A4	82A6-82AB	82AE-82AE	82B0-82B0	82B4-82B4	82B6-82B6	82BA-82BC	82BE-82BF	82C1-82C1	82C4-82C5	82C7-82C7	82CA-82CB	82CD-82CD	82CF-82D0	82D2-82D2	82D5-82D6	82D8-82D9	82DB-82DC	82DE-82E4	82E7-82E7	82EA-82EB	82EE-82F0	82F3-82F4	82F6-8301	8306-8308	830B-830E	8316-8316	8318-8318	831A-831B	831D-831E	8327-8327	832A-832A	832C-832D	832F-832F	8331-8331	8333-8334	8337-8337	833A-833D	833F-8340	8342-8342	8344-8347	834B-834C	834F-834F	8351-8351	8356-8358	835A-835A	835E-8364	8366-8368	836B-836B	836F-836F	8373-8373	8375-8375	8378-8378	837A-8380	8383-8383	8385-8386	8391-8392	8394-8395	8398-8399	839B-839C	83A0-83A0	83A2-83A2	83A4-83A4	83A7-83AA	83AC-83AC	83AF-83B5	83B7-83B7	83B9-83BA
Noto Sans HK	400	/fonts/served/noto-sans-hk-46-400-normal.woff2	8115-8115	8117-8118	811A-811B	811E-811E	8121-8127	8129-812A	812C-812C	812F-8134	8137-8138	813A-813A	813D-813D	8142-8142	8144-8144	8146-8146	8148-8148	814A-814A	814C-814D	8151-8151	8153-8153	8156-8156	8158-815A	8160-8160	8167-8167	8169-8169	816C-816D	816F-816F	8171-8171	8174-8174	817B-817E	8182-8182	8184-8184	8188-8188	818A-818A	8193-8195	8198-8198	819B-819B	819E-819E	81A3-81A3	81A5-81A7	81AA-81AB	81AF-81B0	81B5-81B6	81B8-81B8	81BA-81BB	81BE-81BF	81C1-81C1	81C3-81C3	81C6-81C6	81C8-81C8	81CA-81CA	81CC-81CD	81CF-81CF	81D1-81D3	81D6-81D7	81D9-81DA	81DD-81DE	81E0-81E2	81E4-81E4	81E7-81E7	81EC-81EC	81EF-81EF	81F6-81F6	81FC-81FC	81FE-81FE	8200-8202	8204-8206	820B-820B	820E-820E	8210-8210	8215-8215	8217-8218	821A-821B	821D-821D	8221-8222	8224-8224	8226-8226	8228-8229	822B-822B	822D-822D	822F-8234	8236-8238	823A-823A	823E-823E	8240-8240	8244-8245	8249-8249	824B-824B	824E-824F	8254-8254	8257-8257	825A-825A	825F-825F	8262-8262	8264-8265	8268-8268	826B-826B	826E-826E	8270-8270	8273-8273	8276-8276	8278-8279	827B-827B	827D-827D	827F-827F	8283-8284	8287-828A
Noto Sans HK	400	/fonts/served/noto-sans-hk-47-400-normal.woff2	7F9A-7F9A	7F9D-7F9D	7F9F-7F9F	7FA1-7FA3	7FA5-7FA5	7FA7-7FA7	7FAD-7FB2	7FB4-7FB4	7FB6-7FB6	7FB8-7FB8	7FBC-7FBC	7FBF-7FC0	7FC3-7FC3	7FCB-7FCC	7FCE-7FCF	7FD1-7FD1	7FD5-7FD5	7FD8-7FD8	7FDB-7FDB	7FDD-7FDF	7FE5-7FE7	7FE9-7FE9	7FEB-7FEC	7FEE-7FEE	7FF2-7FF3	7FFA-7FFA	7FFD-7FFE	8002-8002	8004-8004	8006-8006	8008-8008	800B-800B	800E-800E	8011-8012	8014-8014	8016-8016	8018-8019	801C-801D	8020-8020	8024-8026	8028-8028	802C-802C	802E-8031	8035-8035	8037-8039	803B-803C	8042-8043	804B-804C	8052-8052	805B-805B	8061-8063	8066-8066	8068-8068	806A-806A	806E-806E	8071-8071	8073-8076	8079-8079	807C-807C	807E-8080	8083-8084	808F-808F	8093-8093	8095-8095	8098-8098	809C-809C	809F-80A0	80A4-80A4	80A7-80A7	80AB-80AB	80AD-80AE	80B0-80B1	80B4-80B8	80BC-80C2	80C4-80C4	80C6-80C7	80CB-80CB	80CD-80CD	80CF-80CF	80D4-80D4	80D7-80D7	80D9-80D9	80DB-80DD	80E0-80E0	80E3-80E5	80E7-80E7	80E9-80E9	80EB-80ED	80EF-80F1	80F3-80F4	80F6-80F7	80FC-80FC	80FE-80FF	8101-8101	8103-8103	8107-8107	8109-8109	810C-810C	810E-8114
Noto Sans HK	400	/fonts/served/noto-sans-hk-48-400-normal.woff2	7E5B-7E5B	7E62-7E62	7E65-7E65	7E67-7E68	7E6C-7E70	7E76-7E76	7E78-7E78	7E7B-7E7B	7E7E-7E7F	7E81-7E82	7E86-7E88	7E8A-7E8A	7E8D-7E8E	7E92-7E94	7E98-7E9B	7E9E-7EA0	7EA3-7EA4	7EA8-7EA8	7EAA-7EAF	7EB1-7EB3	7EB5-7EBA	7EBD-7EBE	7EC0-7EC1	7EC3-7EC3	7EC5-7EC5	7EC7-7ECA	7ECD-7ECE	7ED1-7ED2	7ED4-7ED5	7ED7-7ED8	7EDA-7EDB	7EDD-7EDE	7EE2-7EE3	7EE5-7EE5	7EE7-7EE7	7EE9-7EEB	7EEE-7EF0	7EF3-7EF3	7EF5-7EF5	7EF7-7EF8	7EFD-7F01	7F03-7F03	7F05-7F09	7F0E-7F0E	7F10-7F10	7F13-7F15	7F18-7F1A	7F1C-7F1D	7F20-7F20	7F24-7F25	7F28-7F2A	7F2D-7F2E	7F30-7F30	7F34-7F34	7F36-7F37	7F3D-7F3D	7F40-7F45	7F47-7F4E	7F52-7F54	7F58-7F58	7F5A-7F5A	7F5D-7F5D	7F5F-7F63	7F65-7F65	7F68-7F68	7F6B-7F6B	7F71-7F71	7F78-7F78	7F7D-7F7E	7F81-7F83	7F86-7F87	7F8B-7F8D	7F8F-7F8F	7F91-7F91	7F93-7F95	7F97-7F97	7F99-7F99
Noto Sans HK	400	/fonts/served/noto-sans-hk-49-400-normal.woff2	7D07-7D0A	7D0F-7D0F	7D11-7D12	7D15-7D15	7D18-7D18	7D1C-7D1E	7D25-7D25	7D27-7D27	7D29-7D29	7D2C-7D2C	7D31-7D32	7D35-7D35	7D38-7D38	7D3A-7D3A	7D3C-7D3C	7D3E-7D41	7D43-7D43	7D45-7D46	7D4C-7D4F	7D53-7D54	7D56-7D56	7D5A-7D5D	7D5F-7D5F	7D63-7D63	7D67-7D67	7D6A-7D6A	7D6D-7D6D	7D70-7D70	7D73-7D73	7D75-7D75	7D79-7D7B	7D7D-7D7D	7D80-7D80	7D83-7D84	7D86-7D89	7D8B-7D8F	7D91-7D91	7D95-7D9A	7D9D-7D9E	7DA2-7DA4	7DA6-7DA6	7DA8-7DA8	7DAA-7DAA	7DAC-7DAC	7DAE-7DB0	7DB3-7DB3	7DB5-7DB5	7DB7-7DB7	7DB9-7DB9	7DBD-7DBD	7DC1-7DC1	7DC3-7DC7	7DCC-7DD1	7DD3-7DD4	7DD6-7DD9	7DDB-7DDC	7DE1-7DE2	7DE4-7DE6	7DF0-7DF3	7DF5-7DF6	7DFC-7DFE	7E01-7E02	7E04-7E04	7E07-7E0B	7E10-7E11	7E13-7E13	7E15-7E15	7E1D-7E20	7E22-7E22	7E25-7E27	7E29-7E29	7E2D-7E2D	7E2F-7E30	7E32-7E37	7E39-7E39	7E3B-7E3B	7E44-7E45	7E47-7E48	7E4A-7E4B	7E4D-7E4D	7E50-7E52	7E56-7E56	7E58-7E5A
Noto Sans HK	400	/fonts/served/noto-sans-hk-50-400-normal.woff2	7B91-7B93	7B95-7B96	7B98-7B98	7B9C-7B9D	7BA0-7BA0	7BA2-7BA3	7BA7-7BA7	7BA9-7BAC	7BAE-7BAE	7BB0-7BB0	7BB2-7BB2	7BB4-7BB4	7BB6-7BB6	7BB8-7BB9	7BC1-7BC1	7BC3-7BC3	7BC5-7BC6	7BCB-7BCC	7BCF-7BD0	7BD4-7BD4	7BD9-7BDB	7BDD-7BDD	7BE0-7BE1	7BE5-7BE6	7BEA-7BEA	7BEC-7BEE	7BF1-7BF3	7BF8-7BFA	7BFC-7C01	7C03-7C03	7C07-7C07	7C0A-7C0D	7C0F-7C0F	7C11-7C12	7C15-7C15	7C1B-7C1B	7C1E-7C20	7C23-7C23	7C25-7C26	7C2A-7C2B	7C35-7C35	7C37-7C39	7C40-7C42	7C44-7C44	7C48-7C49	7C50-7C51	7C53-7C54	7C56-7C57	7C59-7C5D	7C5F-7C5F	7C63-7C63	7C65-7C65	7C69-7C69	7C6C-7C6E	7C70-7C70	7C74-7C75	7C79-7C79	7C7C-7C7C	7C7E-7C7E	7C83-7C84	7C86-7C86	7C8B-7C8B	7C8D-7C8E	7C91-7C91	7C94-7C95	7C9B-7C9C	7C9F-7C9F	7CA2-7CA2	7CA4-7CA4	7CA6-7CA6	7CA8-7CAA	7CAC-7CAC	7CAE-7CAE	7CB1-7CB3	7CB8-7CB8	7CBA-7CBA	7CBC-7CBC	7CBF-7CC0	7CC2-7CC3	7CC5-7CC5	7CC7-7CC9	7CCC-7CCE	7CD3-7CD3	7CD7-7CD7	7CDA-7CDA	7CDC-7CDD	7CE0-7CE0	7CE2-7CE2	7CE6-7CE6	7CE8-7CE8	7CEA-7CEA	7CED-7CED	7CF2-7CF6	7CF8-7CFA	7CFC-7CFC	7D02-7D02	7D06-7D06
Noto Sans HK	400	/fonts/served/noto-sans-hk-51-400-normal.woff2	7A2C-7A2D	7A32-7A33	7A37-7A37	7A39-7A3A	7A3C-7A3C	7A3E-7A3E	7A42-7A43	7A45-7A45	7A49-7A49	7A4F-7A4F	7A56-7A56	7A5A-7A5A	7A5C-7A5C	7A60-7A61	7A63-7A63	7A65-7A65	7A68-7A68	7A6D-7A6E	7A70-7A72	7A77-7A79	7A7D-7A7D	7A80-7A80	7A83-7A83	7A85-7A86	7A88-7A88	7A8D-7A8D	7A90-7A91	7A93-7A96	7A98-7A98	7A9C-7A9D	7AA0-7AA0	7AA3-7AA3	7AA5-7AA6	7AA8-7AA8	7AAA-7AAA	7AAC-7AAC	7AB0-7AB0	7AB3-7AB3	7AB6-7AB6	7AB8-7AB8	7ABB-7ABC	7ABE-7ABF	7AC2-7AC3	7AC8-7AC9	7ACF-7ACF	7AD1-7AD3	7AD6-7AD6	7ADA-7ADE	7AE2-7AE2	7AE4-7AE4	7AE6-7AE7	7AE9-7AEB	7AF4-7AF4	7AF8-7AF8	7AFA-7AFE	7B01-7B06	7B09-7B0C	7B0E-7B10	7B14-7B14	7B18-7B18	7B1A-7B1A	7B1E-7B1F	7B22-7B25	7B27-7B27	7B29-7B2B	7B2D-7B2E	7B31-7B35	7B38-7B3C	7B42-7B43	7B45-7B45	7B47-7B48	7B4A-7B4A	7B4C-7B4C	7B4E-7B50	7B55-7B55	7B58-7B58	7B5B-7B5B	7B5D-7B5D	7B60-7B60	7B62-7B62	7B65-7B67	7B69-7B69	7B6C-7B6F	7B72-7B76	7B79-7B79	7B7B-7B7B	7B7E-7B7E	7B82-7B82	7B84-7B85	7B87-7B87	7B8B-7B8B	7B8D-7B90
Noto Sans HK	400	/fonts/served/noto-sans-hk-52-400-normal.woff2	78D2-78D5	78D7-78D8	78DE-78DE	78E3-78E4	78E6-78E7	78EA-78EA	78EC-78EC	78EE-78EE	78F0-78F5	78FA-78FB	78FD-7900	7904-7906	790A-790A	790C-790C	7910-7912	791C-791C	791E-791E	7920-7921	792A-792C	792E-792E	7931-7934	7936-7936	7938-7938	793B-793B	793D-793D	793F-793F	7941-7942	7945-7947	7949-7949	794C-794C	794E-794E	7953-7954	7957-795C	795F-795F	7961-7962	7964-7964	7967-7967	7969-7969	796B-796C	796F-796F	7971-7973	7977-7979	797B-797C	797E-797E	7980-7980	7982-7988	798A-798B	7991-7991	7993-7996	7998-799B	799D-799D	799F-79A2	79A4-79A5	79A8-79A9	79AF-79B0	79B3-79B3	79B5-79B5	79B8-79B8	79BA-79BA	79C3-79C4	79C6-79C6	79C8-79C8	79CA-79CA	79CC-79CC	79CF-79D0	79D4-79D6	79DC-79DE	79E2-79E3	79E7-79E7	79EA-79ED	79EF-79F1	79F4-79F4	79F6-79F8	79FD-79FD	7A02-7A03	7A06-7A06	7A08-7A0A	7A0C-7A0C	7A0E-7A0E	7A10-7A11	7A14-7A14	7A17-7A19	7A1C-7A1C	7A1E-7A1F	7A23-7A23	7A26-7A26	7A2A-7A2A
Noto Sans HK	400	/fonts/served/noto-sans-hk-53-400-normal.woff2	776C-776E	7771-7772	7777-7778	777A-777B	777D-777E	7780-7780	7785-7785	7787-7787	7789-7789	778B-778D	7791-7793	7798-7798	779C-779C	779F-77A0	77A2-77A2	77A5-77A5	77A9-77A9	77AF-77B1	77B4-77B4	77B6-77B7	77B9-77B9	77BC-77BF	77C3-77C3	77C5-77C5	77C7-77C7	77CB-77CD	77D3-77D3	77D6-77D7	77DC-77DE	77E3-77E3	77E6-77E7	77EB-77EC	77F0-77F0	77F2-77F2	77F4-77F4	77F6-77F6	77F8-77F8	77FA-77FC	77FE-7800	7803-7803	7805-7806	7808-7809	7810-7812	7815-7816	7818-7818	781A-781A	781C-7823	7825-7827	7829-7829	782C-7830	7833-7833	7835-7835	7837-7837	7839-783A	783C-783E	7840-7840	7842-7845	7847-7847	784A-7855	7858-7858	785A-785A	785C-785D	7864-7864	7866-7866	7868-7868	786A-786A	786F-786F	7874-7874	7876-7876	787A-787A	787C-787C	787F-787F	7886-7889	788D-788D	788F-788F	7893-7893	7895-7896	7898-7898	789A-789A	789E-789E	78A1-78A1	78A3-78A3	78A5-78A5	78AA-78AA	78AD-78AD	78AF-78AF	78B1-78B2	78B4-78B4	78B6-78B6	78B8-78B9	78BE-78BE	78C7-78C9	78CB-78CB	78CE-78CE	78D0-78D1
Noto Sans HK	400	/fonts/served/noto-sans-hk-54-400-normal.woff2	7601-7602	7607-760A	760C-760D	7610-7610	7615-7616	7618-7620	7622-7623	7625-7625	7627-7627	7629-7629	762B-762C	762E-762E	7630-7630	7632-7635	7638-7638	763A-763C	763E-763E	7640-7640	7643-7643	7646-7646	7648-7649	764D-764F	7651-7651	7654-7654	7658-7658	765C-765C	765F-765F	7663-7667	7669-7669	766B-766D	766F-7670	7673-7674	7676-7676	7678-767A	767F-7681	7683-7683	7688-7688	768A-768B	768E-768E	7690-7690	7695-7696	769A-769E	76A1-76A1	76A3-76A5	76AA-76AA	76B0-76B1	76B4-76B4	76B7-76B8	76C2-76C2	76C5-76C5	76C9-76C9	76CC-76CD	76CF-76D1	76D6-76D9	76E5-76E6	76E9-76E9	76EC-76EC	76F1-76F1	76F7-76F7	76F9-76FB	76FF-7700	7704-7705	7707-7708	770A-770A	770C-770C	770E-770F	7715-7715	7719-771B	771D-771E	7722-7722	7724-7726	7728-7728	772B-772B	772D-772D	772F-772F	7733-7736	7738-7738	773B-773B	773D-773D	7741-7741	7743-7744	7746-7746	774C-774C	774E-7752	7755-7755	7758-775A	775F-7760	7762-7762	7765-7766	7768-776A
Noto Sans HK	400	/fonts/served/noto-sans-hk-55-400-normal.woff2	74AA-74AB	74AE-74AE	74B1-74B2	74B4-74B5	74B8-74BA	74BF-74BF	74C5-74C6	74C8-74C8	74CC-74CD	74D0-74D0	74D2-74D4	74D6-74D6	74D8-74D8	74DA-74DA	74DE-74E0	74E2-74E2	74E4-74E4	74E7-74E9	74EE-74F2	74F4-74F4	74F8-74F9	74FB-74FB	74FF-7501	7503-7503	7505-7505	7507-7507	750C-750E	7511-7511	7513-7513	7515-7517	7519-7519	751E-751E	7521-7521	7525-7525	752A-752A	752C-752F	7534-7534	753E-753E	7542-7542	7545-7548	754A-754B	754D-754E	7551-7551	7553-7553	7555-7555	755A-755B	755D-755D	7560-7560	7563-7564	7566-7568	756C-756F	7572-7575	7577-757A	757C-757C	757E-757F	7583-7584	7587-7587	7589-7589	758B-758E	7590-7590	7592-7592	7594-7595	7597-7597	7599-759A	759D-759F	75A1-75A3	75A5-75A5	75A7-75A7	75AA-75AA	75AC-75AC	75AE-75B1	75B3-75B4	75B8-75B8	75BD-75BD	75C0-75C0	75C2-75C4	75C8-75CA	75CC-75CD	75D2-75D2	75D4-75D4	75D9-75D9	75DC-75DC	75DF-75DF	75E2-75E4	75E6-75E7	75E9-75EC	75F0-75F3	75F7-75F7	75F9-75FA	75FC-75FC	75FE-7600
Noto Sans HK	400	/fonts/served/noto-sans-hk-56-400-normal.woff2	73B9-73BA	73BC-73BC	73BF-73BF	73C2-73C2	73C4-73C6	73C9-73C9	73CB-73CC	73CE-73D2	73D5-73D7	73D9-73D9	73DB-73DE	73E1-73EB	73EF-73EF	73F3-73F3	73F5-73F7	73F9-73FD	7400-7402	7404-7405	7407-7408	740A-740D	740F-7412	7414-7417	7419-7425	7428-7429	742C-7432	7435-743A	743C-7443	7445-744A	744C-744C	7451-7454	7456-7457	7459-7459	745D-745D	7460-7462	7465-7465	7467-7468	746B-746E	7471-7477	7479-747A	747C-747F	7481-7482	7484-7486	7488-748A	748C-7490	7492-7492	7498-74A1	74A3-74A7	74A9-74A9
Noto Sans HK	400	/fonts/served/noto-sans-hk-57-400-normal.woff2	7265-7266	726A-726B	726E-7270	7273-7275	7277-7277	727A-727B	727E-727F	7281-7282	7284-7284	7287-7287	728A-728A	728D-728D	728F-728F	7292-7292	7294-7294	7296-7296	7298-7298	729B-729B	729F-72A2	72AD-72AE	72B0-72B5	72B8-72B9	72BC-72BD	72C1-72C1	72C3-72C3	72C5-72C6	72C8-72C8	72CC-72CE	72D2-72D2	72D4-72D4	72DB-72DB	72DD-72DD	72DF-72DF	72E1-72E2	72E8-72E8	72EC-72EE	72F1-72F1	72F3-72F4	72F7-72F7	72FA-72FB	72FD-72FD	7300-7302	7304-7304	7307-7307	730A-730B	730E-730E	7310-7310	7313-7313	7315-7317	7319-7319	731E-731F	7322-7322	7328-732E	7330-7331	7337-733C	733E-733E	7340-7341	7343-7343	7348-7348	734C-734D	734F-7350	7352-7352	7355-7355	7357-7357	7359-735A	7360-7363	7365-7365	7369-7371	7373-7374	7377-7377	737A-737A	737C-737C	737E-737E	7380-7380	7385-7386	738A-738A	738C-738C	738E-738F	7391-7395	7397-7398	739B-739C	739E-739E	73A0-73A2	73A5-73A8	73AA-73AA	73AD-73AE	73B3-73B8
Noto Sans HK	400	/fonts/served/noto-sans-hk-58-400-normal.woff2	70FE-70FF	7104-7106	7109-7109	710C-710C	7110-7110	7113-7116	7118-7118	711C-711E	7120-7120	7122-7122	7129-7129	712B-712C	712E-712F	7131-7131	7133-7135	713B-713C	713E-7140	7143-7143	7145-7147	714A-714B	714F-7153	7155-7157	715A-715A	7160-7160	7162-7162	7166-7166	7168-7168	716B-716C	7171-7171	7173-7178	717A-717E	7180-7181	7185-7185	7187-7188	718B-718C	718E-7192	7196-7198	719A-719C	71A0-71A0	71A2-71A4	71A8-71A8	71AD-71AD	71AF-71AF	71B2-71B5	71B7-71BA	71BE-71BE	71C1-71C1	71C4-71C4	71CA-71CB	71CE-71D1	71D4-71D4	71D7-71D8	71DA-71DA	71DC-71DD	71E0-71E1	71E7-71E7	71EB-71EC	71EE-71EE	71F4-71F6	71F9-71F9	71FC-71FC	71FE-7201	7203-7203	7207-7207	7209-7209	720C-720C	720E-720F	7213-7217	721A-721A	721D-721D	7222-7225	7228-7228	722B-722B	722E-722E	7230-7230	7237-7237	723B-723B	723F-7242	724B-724B	724D-724D	7250-7250	7252-7253	7255-7258	725C-725D	7263-7264
Noto Sans HK	400	/fonts/served/noto-sans-hk-59-400-normal.woff2	6FBC-6FBC	6FBE-6FBE	6FC2-6FC2	6FC6-6FCB	6FCE-6FCE	6FD1-6FD4	6FD8-6FDA	6FDE-6FDE	6FE0-6FE2	6FE8-6FE9	6FEC-6FEC	6FEE-6FEE	6FF0-6FF0	6FF3-6FF3	6FF5-6FF6	6FF8-6FF8	6FFA-6FFA	6FFC-6FFC	6FFF-7001	7003-7003	7005-7007	700B-700B	700D-700D	7015-7015	7018-7018	701B-701B	701E-701E	7020-7021	7023-7023	7026-7027	702C-702C	702F-7032	7034-7035	7037-703C	7040-7040	7042-7044	7046-7046	7049-7049	704B-704B	704D-704D	704F-7050	7052-7052	7054-7055	705C-7061	7064-7069	706C-706F	7073-7075	7077-707A	707E-7081	7085-7086	7089-7089	708B-708B	708F-7091	7094-7096	7098-7098	709C-709C	709F-70A1	70A3-70A7	70A9-70A9	70AC-70AC	70AF-70B2	70B4-70B5	70B7-70B7	70BB-70BE	70C0-70C4	70CA-70CC	70D0-70D0	70D2-70D2	70D4-70D6	70D9-70DD	70DF-70DF	70E6-70E9	70EB-70EC	70EF-70EF	70F1-70F1	70F4-70F5	70F7-70F7	70FA-70FA	70FD-70FD
Noto Sans HK	400	/fonts/served/noto-sans-hk-60-400-normal.woff2	6E88-6E89	6E8B-6E8B	6E8D-6E8F	6E93-6E93	6E98-6E9A	6E9F-6E9F	6EA1-6EA1	6EA4-6EA7	6EAE-6EAE	6EB1-6EB2	6EB4-6EB5	6EB7-6EB8	6EBB-6EBB	6EBD-6EBD	6EC1-6EC3	6EC7-6EC9	6ECD-6ED0	6ED3-6ED6	6ED8-6ED8	6EDA-6EDB	6EDD-6EDE	6EE2-6EE2	6EE4-6EE5	6EE8-6EE9	6EEB-6EEB	6EEE-6EEE	6EF3-6EF3	6EF8-6EFB	6F00-6F00	6F04-6F04	6F08-6F0E	6F11-6F13	6F15-6F17	6F19-6F1A	6F23-6F2A	6F2D-6F31	6F33-6F36	6F3A-6F3D	6F40-6F41	6F43-6F44	6F47-6F47	6F4D-6F4F	6F53-6F53	6F56-6F57	6F59-6F5A	6F5C-6F5C	6F5E-6F61	6F63-6F63	6F66-6F67	6F69-6F6C	6F6F-6F6F	6F72-6F7F	6F81-6F82	6F87-6F87	6F89-6F8D	6F90-6F90	6F92-6F92	6F94-6F97	6F9C-6F9D	6F9F-6FA0	6FA2-6FA3	6FA5-6FA8	6FAA-6FAB	6FAE-6FAF	6FB4-6FB6	6FB9-6FBB
Noto Sans HK	400	/fonts/served/noto-sans-hk-61-400-normal.woff2	6D64-6D65	6D67-6D67	6D6C-6D6D	6D6F-6D72	6D75-6D75	6D79-6D79	6D7C-6D7C	6D7F-6D7F	6D81-6D82	6D85-6D85	6D87-6D87	6D8E-6D8F	6D91-6D9B	6D9D-6D9D	6D9F-6D9F	6DA1-6DA1	6DA4-6DAC	6DB1-6DB1	6DB3-6DB4	6DB7-6DB9	6DBE-6DC0	6DC2-6DC2	6DC4-6DC5	6DC8-6DCA	6DCC-6DCD	6DCF-6DD0	6DD2-6DD3	6DD5-6DD6	6DD9-6DD9	6DDB-6DE0	6DE2-6DE6	6DE9-6DE9	6DEC-6DEC	6DEF-6DF0	6DF2-6DF2	6DF4-6DF4	6DF6-6DF6	6DF8-6DF8	6DFC-6DFE	6E00-6E00	6E02-6E04	6E07-6E0B	6E0D-6E10	6E13-6E15	6E17-6E1A	6E1D-6E1D	6E1F-6E1F	6E22-6E22	6E24-6E25	6E27-6E27	6E2A-6E2B	6E2D-6E2E	6E30-6E31	6E36-6E36	6E39-6E3A	6E3C-6E3D	6E40-6E41	6E44-6E45	6E47-6E47	6E49-6E49	6E4B-6E4B	6E4D-6E51	6E53-6E54	6E57-6E57	6E59-6E59	6E5C-6E5C	6E5E-6E61	6E63-6E66	6E69-6E6B	6E6E-6E6E	6E70-6E76	6E78-6E78	6E7C-6E7C	6E7F-6E80	6E83-6E83	6E85-6E86
Noto Sans HK	400	/fonts/served/noto-sans-hk-62-400-normal.woff2	6C3F-6C3F	6C43-6C43	6C46-6C46	6C49-6C4F	6C54-6C55	6C58-6C58	6C5A-6C5C	6C5E-6C5E	6C64-6C69	6C6B-6C6F	6C71-6C75	6C78-6C79	6C7C-6C7C	6C7E-6C7F	6C82-6C82	6C84-6C87	6C8C-6C8D	6C8F-6C8F	6C93-6C94	6C98-6C98	6C9A-6C9A	6C9D-6C9D	6C9F-6C9F	6CA2-6CA2	6CA5-6CA8	6CAA-6CAA	6CAC-6CB2	6CB4-6CB5	6CBA-6CBA	6CBC-6CBC	6CC2-6CC3	6CC5-6CC7	6CCB-6CCB	6CCE-6CCE	6CD0-6CD2	6CD4-6CD4	6CD6-6CD7	6CD9-6CDA	6CDC-6CE0	6CE7-6CE7	6CE9-6CEC	6CEE-6CEF	6CF1-6CF1	6CF7-6CF8	6CFB-6D02	6D04-6D07	6D09-6D0A	6D0C-6D0C	6D0E-6D12	6D18-6D1A	6D1F-6D1F	6D22-6D24	6D26-6D28	6D2B-6D2B	6D2D-6D31	6D33-6D3A	6D3C-6D3C	6D3F-6D3F	6D43-6D47	6D4A-6D4B	6D4E-6D4F	6D51-6D53	6D57-6D58	6D5A-6D5C	6D5E-6D63
Noto Sans HK	400	/fonts/served/noto-sans-hk-63-400-normal.woff2	6A9C-6AA1	6AA3-6AA5	6AA7-6AA8	6AAB-6AAB	6AAE-6AAE	6AB1-6AB2	6AB5-6AB5	6ABA-6ABA	6ABE-6ABE	6AC2-6AC2	6AC5-6AC6	6AC8-6ACA	6ACC-6ACC	6AD3-6AD4	6AD8-6AD8	6ADA-6ADB	6ADD-6ADF	6AE3-6AE3	6AE7-6AE8	6AEA-6AEC	6AF1-6AF1	6AF3-6AF3	6AF6-6AF6	6AF8-6AF8	6AFA-6AFA	6AFC-6AFC	6B05-6B05	6B09-6B09	6B0E-6B13	6B17-6B17	6B1D-6B1E	6B25-6B25	6B2C-6B2C	6B31-6B31	6B35-6B37	6B39-6B39	6B3B-6B3B	6B40-6B40	6B43-6B43	6B46-6B46	6B48-6B48	6B52-6B55	6B57-6B57	6B59-6B59	6B5B-6B5B	6B5F-6B60	6B68-6B69	6B6F-6B6F	6B74-6B74	6B7A-6B7A	6B7C-6B7C	6B7F-6B84	6B86-6B87	6B89-6B89	6B8B-6B8B	6B8D-6B8D	6B91-6B93	6B9B-6B9B	6B9E-6B9E	6BA1-6BA2	6BA4-6BA4	6BAA-6BAB	6BAD-6BAE	6BB2-6BB4	6BBB-6BBB	6BBD-6BBD	6BC1-6BC2	6BCC-6BCC	6BCE-6BCE	6BD0-6BD1	6BD5-6BD9	6BDC-6BDC	6BDE-6BDE	6BE1-6BE1	6BEA-6BEA	6BEC-6BEC	6BF3-6BF3	6BF9-6BFA	6BFD-6BFD	6BFF-6C00	6C02-6C02	6C05-6C06	6C0A-6C0A	6C0C-6C0D	6C10-6C10	6C13-6C13	6C16-6C16	6C18-6C1A	6C1C-6C1C	6C1F-6C1F	6C21-6C22	6C24-6C24	6C26-6C26	6C28-6C2A	6C2C-6C2C	6C2E-6C33	6C35-6C37	6C39-6C3A	6C3D-6C3E
Noto Sans HK	400	/fonts/served/noto-sans-hk-64-400-normal.woff2	6957-6957	6959-6959	695B-695F	6961-696C	696E-6970	6972-6974	6976-6976	6978-697A	697C-697C	6980-6980	6984-6986	6988-698A	698D-698E	6990-6991	6994-6994	6996-699B	699E-699F	69A2-69A7	69AB-69AB	69AD-69AD	69AF-69AF	69B1-69B3	69B6-69B7	69BB-69BC	69BF-69C1	69C3-69C5	69C7-69C7	69CA-69CA	69CC-69CC	69CE-69CE	69D0-69D1	69D4-69D6	69D8-69D9	69DB-69DB	69DF-69DF	69E1-69E1	69E4-69E4	69E8-69EA	69ED-69EE	69F1-69F4	69F6-69F6	69F8-69FB	69FF-6A00	6A03-6A03	6A05-6A05	6A0A-6A0C	6A17-6A18	6A1A-6A1C	6A28-6A2D	6A31-6A33	6A35-6A35	6A3B-6A3B	6A3E-6A40	6A43-6A43	6A45-6A45	6A47-6A48	6A4C-6A4C	6A50-6A50	6A52-6A53	6A55-6A57	6A5A-6A5B	6A5E-6A5E	6A62-6A63	6A65-6A66	6A6A-6A6A	6A71-6A71	6A74-6A74	6A79-6A7A	6A7C-6A7C	6A7E-6A82	6A84-6A84	6A87-6A87	6A89-6A8A	6A8D-6A92	6A97-6A97	6A99-6A99
Noto Sans HK	400	/fonts/served/noto-sans-hk-65-400-normal.woff2	67FE-67FE	6800-6805	6808-6809	680B-680B	680D-6812	6814-6814	6816-6816	6818-6818	681B-681E	6820-6820	6822-6822	6825-6825	6827-6829	682B-682B	682E-682F	6831-6834	6836-6836	683A-683B	683E-683E	6840-6841	6844-6845	6847-6847	6849-684A	684E-684E	6853-6853	6855-6856	685C-685D	685F-685F	6861-6863	6865-6869	686B-686B	686D-686D	686F-686F	6871-6872	6874-6875	6877-6877	6879-6879	687B-687C	687E-687E	6880-6880	6882-6884	6886-6886	6888-6888	688F-688F	6891-6892	6894-6894	6896-6896	6898-6898	689B-689C	689F-68A0	68A2-68A3	68A6-68A6	68A9-68A9	68B1-68B2	68B4-68B4	68B6-68B6	68B9-68B9	68BD-68BD	68C0-68C1	68C3-68C3	68C5-68C6	68C8-68C8	68CA-68CA	68D0-68D1	68D3-68D3	68D6-68D6	68E1-68E1	68E3-68E3	68E6-68E6	68E8-68EC	68EF-68F1	68F3-68F3	68F6-68F7	68F9-68FD	6900-6904	6906-6907	6909-6909	690B-690B	690F-6910	6917-691C	6925-6925	692A-692A	692C-692D	6932-6932	6934-6934	6936-6936	6939-6939	693C-6940	6942-6943	6946-6946	6949-6949	6952-6952	6954-6956
Noto Sans HK	400	/fonts/served/noto-sans-hk-66-400-normal.woff2	66B3-66B3	66B5-66B6	66B8-66BC	66BE-66BF	66C1-66C1	66C4-66C4	66C7-66C8	66CC-66CF	66D5-66D5	66D8-66DB	66DF-66DF	66E1-66E2	66E7-66E9	66EF-66EF	66F1-66F1	66F5-66F5	66F7-66F7	66FA-66FA	66FD-66FD	6702-6702	6705-6705	670A-670A	670C-670C	670E-6710	6713-6716	6718-6719	671E-671E	6720-6720	6722-6727	6729-6729	672E-672E	6733-6733	6736-6736	6738-6739	673F-6740	6742-6742	6744-6745	6747-6748	674B-674D	6753-6753	6755-6755	6759-6759	675D-675E	6760-6760	6762-6763	6767-676C	676E-676E	6772-6777	677A-677C	6782-6782	6786-6787	678A-678C	678E-678F	6791-6793	6796-6796	6798-6799	679F-67A5	67AA-67AE	67B0-67B5	67B7-67BC	67BF-67C3	67C5-67C6	67C8-67CA	67CE-67CE	67D2-67D2	67D6-67D9	67DB-67E0	67E2-67E2	67E4-67E4	67E9-67EA	67F0-67F0	67F2-67F2	67F6-67FB
Noto Sans HK	400	/fonts/served/noto-sans-hk-67-400-normal.woff2	6535-6535	6537-6538	653A-653A	653D-653D	6542-6543	6549-6549	654C-654E	6554-6555	655A-655B	655D-655D	655F-655F	6561-6561	6564-6565	6567-6567	656B-656B	656D-656E	6573-6573	6576-6576	6579-657B	6581-6581	6585-6586	6588-6589	658B-658B	658E-658E	6593-6593	6595-6595	659B-659B	659D-659D	659F-65A1	65A9-65A9	65AB-65AB	65AD-65AD	65B2-65B3	65B5-65B5	65BB-65BB	65BE-65BF	65C2-65C4	65C6-65C6	65CC-65CC	65CE-65CE	65D1-65D2	65D4-65D4	65D6-65D6	65DB-65DB	65E1-65E1	65E3-65E3	65E7-65E7	65EE-65F0	65F2-65F4	65F7-65F8	65FC-65FD	65FF-6600	6603-6605	6609-6609	660D-660D	6610-6611	6618-6619	661C-661E	6621-6624	6626-6626	6629-6629	662B-662B	6630-6630	6633-6636	6639-663D	6640-6641	6644-6645	6648-6648	664A-664D	6653-6657	6659-6659	665B-665B	665D-665E	6660-6667	6669-6669	666B-666C	6672-6673	6677-6679	667B-667E	6681-6685	668B-6690	6692-6692	6698-6698	669A-669A	669D-669D	669F-66A0	66A4-66A4	66A6-66A7	66AA-66AA	66AD-66AD	66B2-66B2
Noto Sans HK	400	/fonts/served/noto-sans-hk-68-400-normal.woff2	63F2-63F3	63F5-63F8	63FA-63FE	6400-6402	6405-6407	6409-640C	6410-6410	6414-6415	6418-6418	641B-641B	641F-6423	6425-6428	642A-642B	642F-6430	6432-6432	6434-6434	6437-6438	643A-643B	643D-6444	6446-6447	644A-644B	644E-644E	6450-6453	6456-6456	6459-645C	645E-645E	6460-6461	6463-6465	6468-6468	646C-646E	6470-6477	6479-6479	647B-647D	6480-6480	6482-6482	6485-6485	648B-648D	6491-6491	6493-6493	6496-649A	649D-649D	649F-64A0	64A2-64A3	64AC-64AC	64AF-64AF	64B1-64B1	64B3-64B4	64B6-64B9	64BB-64BB	64BE-64BE	64C0-64C0	64C3-64C4	64D0-64D0	64D2-64D3	64D5-64D5	64D7-64D8	64DD-64DD	64E1-64E5	64E7-64E7	64E9-64EA	64ED-64ED	64EF-64F0	64F3-64F3	64F8-64F8	64FB-64FC	64FF-64FF	6504-6506	6509-650A	6511-6512	6516-6516	6518-6519	651B-651B	651F-6523	6525-6526	6529-6529	652B-652B	652E-652E	6530-6530	6532-6532	6534-6534
Noto Sans HK	400	/fonts/served/noto-sans-hk-69-400-normal.woff2	628E-628E	6290-6290	6294-6294	629A-629E	62A0-62A0	62A2-62A2	62A6-62A6	62A8-62A8	62AF-62AF	62B3-62B3	62B6-62B6	62BA-62BB	62BE-62BF	62C1-62C5	62C8-62C8	62CA-62CA	62CF-62CF	62D1-62D1	62D5-62D5	62D7-62D7	62D9-62D9	62DD-62DD	62DF-62E3	62E5-62E8	62EE-62EE	62F4-62FB	62FD-62FD	6300-6300	6302-6302	6308-6308	630C-630E	6310-6310	6312-6313	6318-631B	631D-6321	6323-6325	632D-632E	6331-6332	6334-6339	633B-633C	633E-6340	6342-6346	634B-634C	634E-634E	6352-6352	6357-6357	635A-635A	635C-635F	6361-6361	6363-6365	6369-6369	636B-636D	636F-6370	6373-6373	6375-6376	6379-637B	637D-637D	637F-637F	6381-6381	6384-6384	6387-6387	638A-638B	638D-638E	6390-6390	6394-6397	639E-639F	63A3-63A4	63A6-63A6	63AC-63AF	63B1-63B4	63B7-63B7	63B9-63BB	63BD-63BE	63C1-63C1	63C3-63C4	63C8-63C8	63CD-63CE	63D1-63D1	63D6-63D6	63DC-63DC	63DE-63DE	63E0-63E0	63E2-63E4	63E6-63E6	63E9-63E9	63F0-63F0
Noto Sans HK	400	/fonts/served/noto-sans-hk-70-400-normal.woff2	612F-6130	6134-6134	6136-6136	613C-613F	6142-6142	6144-6144	6146-6147	6149-614A	614D-614D	6150-6153	6159-615A	615C-6160	6164-6165	6169-616D	616F-616F	6171-6175	6177-6177	617A-617A	617C-617D	617F-6181	6187-6187	618A-618E	6192-6195	6198-619C	619F-619F	61A1-61A1	61A7-61A8	61AA-61AF	61B7-61BA	61BF-61C0	61C3-61C3	61C6-61C6	61CA-61CD	61CF-61D0	61D2-61D3	61DA-61DA	61DE-61E0	61E2-61E3	61E6-61E6	61E8-61E8	61ED-61EE	61F5-61F5	61F9-61FA	61FD-61FE	6207-6207	6209-6209	620D-620E	6213-6215	6219-6219	621B-621B	621D-6223	6225-6227	6229-6229	622B-622C	622E-622F	6231-6231	6238-6239	623B-623B	623D-623E	6242-6243	6246-6246	6248-6249	624C-624C	6251-6251	6255-6255	6259-625A	625E-625E	6260-6262	6265-6269	626B-626C	6270-6273	6275-6275	627A-627D	6282-6283	6285-6286	6289-6289	628C-628C
Noto Sans HK	400	/fonts/served/noto-sans-hk-71-400-normal.woff2	5FE7-5FE7	5FEA-5FEA	5FEC-5FEE	5FF1-5FF1	5FF3-5FF3	5FF8-5FF8	5FFA-5FFC	5FFF-6000	6002-6002	6005-6005	600A-600A	600D-600D	600F-6010	6014-6014	6017-6017	6019-601C	601E-601E	6020-6020	6022-6023	6026-6026	6029-6029	602B-602C	602E-602F	6031-6031	6033-6035	6039-6039	603C-603C	6040-6043	6045-6045	6047-6047	604A-604C	604F-604F	6053-6053	6059-605B	605D-605D	6060-6060	6063-6063	6067-6067	606A-606B	606E-606E	6072-6078	607A-607A	607C-607C	607E-6081	6083-6083	6086-6086	608A-608A	608C-608C	608E-608E	6092-6093	6095-6097	609B-609B	609D-609E	60A2-60A2	60A4-60A4	60A6-60A7	60A9-60AA	60AC-60AD	60AF-60B1	60B3-60B5	60B8-60B8	60BB-60BB	60BD-60BE	60C0-60C0	60C6-60C7	60CA-60CB	60D3-60D5	60D7-60DB	60DD-60DE	60E2-60E3	60E6-60F0	60F2-60F2	60F4-60F4	60F6-60F6	60FA-60FB	60FD-60FD	60FF-6100	6103-6103	6106-6107	610A-610E	6110-6110	6112-6116	6119-6119	6120-6120	6122-6124	6128-612E
Noto Sans HK	400	/fonts/served/noto-sans-hk-72-400-normal.woff2	5E6C-5E6C	5E6E-5E6E	5E75-5E75	5E77-5E77	5E7A-5E7A	5E80-5E81	5E83-5E83	5E86-5E86	5E88-5E88	5E8B-5E8B	5E90-5E90	5E92-5E92	5E96-5E96	5E99-5E99	5E9B-5E9B	5E9D-5EA2	5EA4-5EA5	5EB3-5EB6	5EB9-5EB9	5EBD-5EBE	5EC3-5EC4	5EC6-5EC6	5ECB-5ECD	5ED0-5ED2	5ED4-5ED5	5ED8-5ED9	5EDB-5EDB	5EDD-5EDD	5EE1-5EE1	5EE8-5EE9	5EEC-5EEC	5EEF-5EF0	5EF4-5EF5	5EF8-5EF9	5EFB-5EFC	5EFE-5EFE	5F01-5F03	5F05-5F05	5F07-5F09	5F0B-5F0E	5F10-5F12	5F14-5F14	5F16-5F16	5F1B-5F1B	5F1D-5F1D	5F22-5F22	5F25-5F25	5F28-5F29	5F2D-5F2D	5F2F-5F30	5F36-5F36	5F38-5F39	5F3B-5F3C	5F3E-5F3E	5F40-5F42	5F45-5F46	5F4A-5F4A	5F4D-5F4D	5F50-5F52	5F54-5F54	5F56-5F58	5F5A-5F5E	5F61-5F61	5F63-5F63	5F66-5F67	5F6B-5F6B	5F72-5F74	5F76-5F76	5F78-5F78	5F7B-5F7B	5F7D-5F7D	5F82-5F84	5F87-5F87	5F89-5F8A	5F8D-5F8D	5F93-5F93	5F95-5F95	5F98-5F99	5F9B-5F9C	5FA0-5FA0	5FA4-5FA4	5FA6-5FA8	5FAB-5FAD	5FB1-5FB1	5FB3-5FB4	5FBA-5FBA	5FBC-5FBC	5FC2-5FC2	5FC4-5FC4	5FC6-5FC6	5FC9-5FC9	5FCB-5FCB	5FCE-5FD6	5FDB-5FDF	5FE1-5FE1	5FE4-5FE4
Noto Sans HK	400	/fonts/served/noto-sans-hk-73-400-normal.woff2	5CEE-5CEE	5CF1-5CF1	5CF4-5CF5	5CF8-5CF8	5CFC-5CFC	5CFE-5D00	5D06-5D06	5D08-5D08	5D0A-5D0D	5D15-5D15	5D18-5D18	5D1A-5D1A	5D1D-5D1D	5D1F-5D22	5D24-5D24	5D26-5D28	5D2C-5D2F	5D33-5D35	5D3D-5D3F	5D42-5D43	5D46-5D4B	5D4E-5D4E	5D52-5D53	5D56-5D59	5D5B-5D5C	5D65-5D65	5D68-5D69	5D6B-5D6C	5D6F-5D70	5D74-5D75	5D78-5D78	5D7B-5D7B	5D7E-5D7F	5D81-5D82	5D85-5D88	5D8B-5D8C	5D8E-5D8E	5D92-5D92	5D94-5D94	5D97-5D97	5D99-5D99	5D9D-5D9D	5DA0-5DA2	5DA4-5DA4	5DA7-5DA7	5DA9-5DAB	5DAE-5DAE	5DB2-5DB2	5DB4-5DB4	5DB6-5DB9	5DBD-5DBD	5DC1-5DC5	5DC9-5DC9	5DCB-5DCD	5DD2-5DD2	5DD6-5DD8	5DDB-5DDC	5DE0-5DE0	5DE3-5DE3	5DE9-5DE9	5DF0-5DF0	5DF3-5DF3	5DF5-5DF5	5DF9-5DF9	5DFB-5DFD	5E00-5E01	5E04-5E05	5E09-5E0B	5E11-5E12	5E14-5E14	5E18-5E1C	5E1F-5E22	5E27-5E28	5E2F-5E30	5E34-5E34	5E37-5E37	5E3A-5E3A	5E3C-5E3C	5E40-5E40	5E42-5E44	5E47-5E48	5E4C-5E4C	5E54-5E54	5E57-5E5B	5E5E-5E5F	5E61-5E62	5E64-5E64	5E6A-5E6A
Noto Sans HK	400	/fonts/served/noto-sans-hk-74-400-normal.woff2	5B6D-5B6E	5B70-5B76	5B7A-5B7D	5B7F-5B82	5B84-5B84	5B8D-5B8D	5B90-5B90	5B92-5B93	5B95-5B96	5B9F-5BA1	5BA6-5BA8	5BAA-5BAD	5BB7-5BB7	5BBD-5BBE	5BC0-5BC1	5BC3-5BC3	5BD0-5BD1	5BD4-5BD8	5BDB-5BDD	5BE4-5BE5	5BEF-5BEF	5BF3-5BF3	5BFB-5BFB	5BFE-5BFF	5C02-5C03	5C05-5C05	5C09-5C09	5C0C-5C0C	5C10-5C10	5C12-5C13	5C15-5C15	5C18-5C19	5C1B-5C20	5C22-5C23	5C25-5C25	5C27-5C28	5C2A-5C2B	5C34-5C34	5C38-5C38	5C3D-5C3D	5C42-5C42	5C44-5C44	5C47-5C47	5C49-5C4A	5C50-5C50	5C53-5C53	5C58-5C59	5C5B-5C5B	5C5D-5C5D	5C61-5C61	5C63-5C63	5C68-5C68	5C6D-5C6E	5C74-5C74	5C78-5C86	5C88-5C88	5C8A-5C8D	5C92-5C9C	5C9E-5C9E	5CA0-5CA0	5CA2-5CA3	5CA5-5CA7	5CAB-5CAD	5CB5-5CB5	5CB7-5CB7	5CBA-5CBB	5CC1-5CC2	5CC8-5CC8	5CCA-5CCB	5CCE-5CCE	5CD1-5CD2	5CD5-5CD6	5CD8-5CDA	5CDF-5CE1	5CE5-5CE6	5CE8-5CEA	5CED-5CED
Noto Sans HK	400	/fonts/served/noto-sans-hk-75-400-normal.woff2	5A33-5A34	5A38-5A38	5A3C-5A3D	5A3F-5A45	5A47-5A48	5A4A-5A4A	5A4C-5A4D	5A50-5A51	5A53-5A54	5A56-5A57	5A59-5A59	5A5D-5A5E	5A60-5A63	5A65-5A65	5A67-5A68	5A6A-5A6E	5A71-5A71	5A73-5A76	5A79-5A7C	5A7E-5A7E	5A81-5A84	5A86-5A86	5A88-5A88	5A8C-5A8C	5A90-5A91	5A93-5A93	5A96-5A97	5A99-5A99	5A9C-5A9C	5A9E-5AA1	5AA4-5AA4	5AA7-5AA7	5AAA-5AAC	5AAE-5AAF	5AB1-5AB1	5AB4-5AB5	5AB8-5AB8	5ABA-5ABC	5ABE-5ABF	5AC3-5AC4	5AC6-5ACB	5ACE-5ADC	5AE0-5AE1	5AE3-5AE6	5AE8-5AE8	5AEA-5AEB	5AEE-5AEE	5AF0-5AF0	5AF2-5AF2	5AF5-5AF5	5AFA-5AFA	5AFE-5AFF	5B01-5B01	5B05-5B05	5B08-5B08	5B0B-5B0B	5B0D-5B0D	5B11-5B11	5B15-5B17	5B19-5B19	5B1B-5B1B	5B1D-5B1D	5B1F-5B1F	5B21-5B23	5B28-5B28	5B2A-5B2D	5B32-5B32	5B34-5B34	5B36-5B38	5B3E-5B41	5B43-5B46	5B4A-5B4C	5B4F-5B4F	5B51-5B51	5B53-5B53	5B59-5B59	5B5B-5B5C	5B62-5B62	5B65-5B65	5B68-5B68	5B6C-5B6C
Noto Sans HK	400	/fonts/served/noto-sans-hk-76-400-normal.woff2	58BC-58BC	58C2-58C2	58C5-58C6	58CA-58CC	58CE-58CE	58D0-58D1	58D5-58D5	58D9-58DA	58DC-58DC	58DF-58E0	58E9-58E9	58EC-58EC	58EE-58EE	58F1-58F3	58F6-58F7	58FB-58FC	5900-5900	5902-5902	5905-5906	5909-590C	590E-590E	5910-5911	5914-5914	5919-5919	591B-591B	591D-591D	591F-591F	5923-5924	592C-592C	5932-5932	5938-593A	5940-5940	5942-5942	5944-5944	594B-594C	594E-594E	5950-5950	5953-5953	5956-5956	5958-5958	595A-595A	5961-5961	5966-5966	5968-5969	596C-596D	5975-5975	5977-5977	597B-597C	597E-597E	5980-5981	5986-598A	598F-598F	5994-5994	5997-5998	599A-599A	599F-59A3	59A6-59A7	59A9-59A9	59AB-59AC	59AF-59B2	59B6-59B8	59BA-59BA	59BE-59BF	59C1-59C1	59C3-59C4	59C7-59C9	59CD-59CE	59D2-59D2	59D6-59D9	59DD-59DE	59E0-59E0	59E3-59E5	59E9-59EB	59EE-59F3	59F5-59F9	59FC-59FD	5A00-5A00	5A02-5A02	5A04-5A07	5A09-5A09	5A0B-5A0D	5A11-5A13	5A16-5A17	5A1A-5A1A	5A1E-5A1E	5A20-5A21	5A23-5A24	5A27-5A27	5A29-5A2F	5A32-5A32
Noto Sans HK	400	/fonts/served/noto-sans-hk-77-400-normal.woff2	575B-5760	5763-5763	5767-5769	576B-576B	576D-576D	576F-5770	5772-5775	5777-5777	577A-5780	5784-5784	5788-5788	578A-578A	578C-578E	5790-5790	5792-5793	5795-5795	579A-579C	579F-57A1	57A4-57A4	57A6-57A7	57A9-57AB	57B3-57B5	57B8-57BB	57BE-57BE	57C2-57C2	57C4-57C8	57CC-57CC	57CF-57CF	57D2-57D2	57DC-57DE	57E1-57E2	57E5-57E7	57ED-57F0	57F3-57F6	57F8-57F8	57FB-57FE	5800-5801	5803-5804	5807-5807	5809-580B	580D-580E	5810-5812	5814-5815	5818-5819	581D-581E	5820-5820	5822-5823	5826-5826	582C-582D	5830-5830	583A-583A	583F-5841	5844-5844	5847-5848	584B-584B	584D-584D	584F-584F	5852-5852	5859-585A	585C-585C	585F-585F	5861-5861	5864-5864	5868-5869	586C-586D	5871-5873	5879-5879	587C-5881	5887-5889	588E-588E	5890-5892	5896-589A	589D-589D	58A1-58A1	58A3-58A3	58A6-58A7	58A9-58AA	58AC-58AC	58B0-58B1	58B5-58B6	58BB-58BB
Noto Sans HK	400	/fonts/served/noto-sans-hk-78-400-normal.woff2	5611-5613	5615-5616	5618-5618	561A-561A	561C-561C	561E-561E	5620-5621	5623-5625	5627-5627	562A-562A	562C-562E	5630-5631	5635-563A	5640-5640	5642-5643	5649-5649	564C-5650	5652-5652	5654-5654	5658-565D	5661-5661	5664-5666	5669-5669	566B-566B	566D-566D	566F-566F	5671-5672	5676-5676	567A-567C	5680-5680	5684-5686	5689-568C	568E-568F	5692-5693	5697-5699	569C-569C	569E-569E	56A1-56A7	56A9-56A9	56AB-56AD	56AF-56AF	56B1-56B1	56B3-56B3	56B5-56B6	56B8-56B9	56BF-56C1	56C3-56C3	56C5-56C5	56C7-56C8	56CB-56CC	56D1-56D4	56D6-56D9	56DD-56DD	56DF-56DF	56E1-56E5	56EA-56EC	56EE-56EF	56F1-56F4	56F7-56F7	56F9-56F9	56FB-56FB	56FF-5700	5703-5704	5706-5707	5709-570A	570C-570C	570F-570F	5711-5711	5715-5715	5717-5717	571C-571D	5723-5724	5727-5727	5729-572A	572C-572C	572E-572F	5732-5732	5734-5735	573B-573B	573D-573D	573F-573F	5741-5741	5743-5743	5746-5746	574B-574D	574F-574F	5752-5752	5754-5754	575A-575A
Noto Sans HK	400	/fonts/served/noto-sans-hk-79-400-normal.woff2	54BF-54BF	54C4-54C4	54CA-54CA	54CC-54CC	54CF-54D2	54D4-54D4	54D6-54D7	54DA-54DA	54DE-54DF	54E2-54E4	54E7-54E7	54EB-54EB	54EF-54EF	54F3-54F3	54FD-54FD	54FF-54FF	5501-5502	5504-5506	550A-550A	550C-550F	5511-5513	5516-5518	551A-551B	551E-551E	5520-5520	5523-5528	552A-552D	5530-5530	5532-5533	5535-5536	553B-553C	553E-553F	5541-5542	5544-5545	5547-5547	5549-5549	554B-554B	554D-554E	5550-5551	5553-5553	5555-5557	555C-555D	5562-5563	5567-5567	5569-5569	556B-556C	5570-5570	5573-5573	5575-5579	557B-557C	557F-557F	5581-5581	5583-5583	5586-5586	5588-5588	558B-558B	558F-5591	5599-5599	559F-559F	55A1-55A1	55A3-55A3	55A5-55A6	55A8-55A9	55AB-55AB	55AD-55AD	55B0-55B1	55B3-55B4	55B6-55B7	55B9-55B9	55BC-55BD	55C1-55C1	55C4-55C5	55C7-55C7	55C9-55C9	55CC-55CD	55D0-55D0	55D2-55D2	55D4-55D9	55DB-55DB	55DD-55DF	55E1-55E6	55E9-55EA	55EC-55EC	55EE-55EE	55F1-55F3	55F5-55F7	55F9-55FB	55FD-55FE	5600-5602	5608-5608	560C-560C	560F-560F
Noto Sans HK	400	/fonts/served/noto-sans-hk-80-400-normal.woff2	536E-536F	5372-5372	5374-5374	5379-537A	537C-537E	5382-5382	5385-5385	5389-5389	538B-538C	538E-538E	5392-5396	5399-5399	53A0-53A2	53A4-53A6	53A8-53AB	53AE-53AE	53B0-53B0	53B3-53B4	53B6-53B7	53B9-53B9	53BF-53BF	53C1-53C1	53C4-53C5	53CE-53D0	53D2-53D2	53D5-53D5	53D9-53DA	53DF-53E1	53E7-53E9	53F1-53F1	53F5-53F6	53F9-53F9	53FB-53FE	5400-5402	5405-5407	540F-540F	5412-5412	5414-5417	541A-541A	5420-5421	5423-5425	5428-5429	542C-542F	5431-5432	5434-5434	5437-5437	543D-543D	543F-543F	5441-5441	5444-5445	5447-5447	5449-5449	544B-544D	5450-5455	5457-5457	545B-545C	545F-5460	5463-5464	5469-5472	5474-5474	5476-5476	5478-5478	547B-547B	547E-547F	5482-5488	548A-548A	548D-5491	5493-5494	5498-549E	54A1-54A5	54AB-54AB	54AD-54AF	54B4-54B5	54B7-54B7	54B9-54B9	54BB-54BC	54BE-54BE
Noto Sans HK	400	/fonts/served/noto-sans-hk-81-400-normal.woff2	51D0-51D4	51D6-51D6	51D9-51D9	51DB-51DC	51DF-51DF	51E2-51E2	51E4-51E4	51E6-51E6	51E9-51EA	51ED-51ED	51EF-51EF	51F4-51F5	51FC-51FC	51FE-51FF	5201-5202	5204-5205	5208-5208	520B-520B	520D-520E	5213-5213	5215-5216	5218-5218	521A-521A	521F-5220	5223-5223	5226-5228	5232-5234	5239-5239	523C-523C	5241-5242	5244-5244	5249-5249	524C-524C	524F-524F	5251-5252	5255-5255	5257-5257	5259-5259	525C-525C	525E-525E	5260-5261	5263-5265	5268-5268	526E-526E	5270-5270	5273-5274	5277-5277	5279-5279	527D-527D	527F-527F	5281-5282	5284-5284	528A-528A	528C-528C	528F-5290	5292-5294	529A-529A	529D-529D	52A4-52A4	52A6-52A6	52AC-52AD	52B1-52B5	52B9-52B9	52BB-52BC	52BE-52C0	52C5-52C5	52CB-52CD	52D0-52D1	52D6-52D7	52DB-52DB	52E0-52E1	52E3-52E3	52E6-52E7	52EB-52EB	52ED-52EE	52F0-52F2	52F7-52F7	52F9-52FA	5300-5302	530A-530B	530D-530D	530F-5310	5315-5315	531A-531A	531C-531D	5324-5324	5327-5327	532C-532E	5331-5333	5338-5338	533B-533E	5342-5342	5344-5345	534B-534D	534F-5350	5358-5358	535D-535F	5362-5364	5367-5367	5369-5369	536B-536D
Noto Sans HK	400	/fonts/served/noto-sans-hk-82-400-normal.woff2	505D-5060	5063-5063	5066-5066	506A-506A	506C-506C	506F-5072	5078-5078	507A-507B	507F-5081	5088-5089	508B-508C	508E-508E	5090-5090	5092-5092	5095-5096	509A-509D	50A3-50A3	50A5-50A6	50A8-50A8	50AF-50AF	50B1-50B1	50B4-50B4	50BA-50BA	50BC-50BC	50C2-50C2	50C6-50CA	50CD-50CE	50D0-50D0	50D6-50D6	50D9-50D9	50DD-50DF	50E1-50E1	50E3-50E3	50E5-50E6	50E8-50EA	50EC-50F0	50F3-50F4	50FB-50FC	50FE-50FE	5101-5102	5105-5109	510B-510E	5110-5110	5113-5115	5117-5117	511A-511C	511E-511E	5120-5121	5125-5125	512B-512B	5131-5131	5134-5135	5138-513C	5140-5140	514E-514E	5150-5151	5155-5157	515A-515A	515F-5160	5162-5162	516A-516A	516E-516E	5172-5172	5174-5174	5179-5179	517B-517B	517D-517D	5182-5182	5186-5186	5188-5189	518B-518B	518F-518F	5191-5191	5193-5193	5195-5197	519A-519C	519E-519E	51A2-51A2	51A6-51A9	51AB-51AB	51AD-51AF	51B1-51B6	51B8-51B8	51BA-51C0	51C3-51C5	51C7-51C7	51C9-51CB	51CE-51CF
Noto Sans HK	400	/fonts/served/noto-sans-hk-83-400-normal.woff2	4F22-4F22	4F24-4F24	4F28-4F2B	4F2D-4F2D	4F31-4F32	4F35-4F35	4F37-4F37	4F39-4F39	4F3B-4F3B	4F3E-4F3E	4F41-4F43	4F45-4F45	4F47-4F47	4F49-4F49	4F4B-4F4C	4F52-4F52	4F57-4F58	4F5A-4F5A	4F5D-4F5F	4F61-4F61	4F63-4F64	4F67-4F67	4F6A-4F6A	4F6E-4F6F	4F72-4F72	4F74-4F74	4F76-4F7B	4F7D-4F7E	4F80-4F82	4F84-4F84	4F89-4F8A	4F8E-4F94	4F96-4F98	4F9A-4F9A	4F9E-4F9E	4FA0-4FA3	4FA5-4FA8	4FAA-4FAC	4FB0-4FB0	4FB2-4FB4	4FB7-4FBA	4FBD-4FBD	4FC0-4FC1	4FC5-4FC8	4FCB-4FCE	4FD1-4FD1	4FD3-4FD4	4FD8-4FDC	4FDF-4FDF	4FE2-4FE5	4FE8-4FEA	4FEC-4FED	4FF0-4FF0	4FF2-4FF6	4FF8-4FFA	4FFD-4FFD	5000-5000	5002-5003	5005-5005	5008-5008	500C-500C	500F-500F	5013-5015	501B-501C	501E-501E	5022-5025	5027-5028	502C-502E	5030-5032	5034-5034	5036-5036	503A-503B	503E-503E	5040-5041	5043-5043	5045-5046	5048-5048	504A-504E	5051-5053	5056-5056	5058-5058
Noto Sans HK	400	/fonts/served/noto-sans-hk-84-400-normal.woff2	4AD1-4AD1	4AE4-4AE4	4AFF-4AFF	4B10-4B10	4B19-4B19	4B20-4B20	4B2C-4B2C	4B37-4B37	4B6F-4B70	4B72-4B72	4B7B-4B7B	4B7E-4B7E	4B8E-4B8E	4B90-4B90	4B93-4B93	4B96-4B97	4B9D-4B9D	4BBD-4BBE	4BC0-4BC0	4C04-4C04	4C07-4C07	4C0E-4C0E	4C32-4C32	4C3B-4C3B	4C3E-4C3E	4C40-4C40	4C47-4C47	4C57-4C57	4C5B-4C5B	4C6D-4C6D	4C77-4C77	4C7B-4C7B	4C7D-4C7D	4C81-4C81	4C85-4C85	4CA4-4CA4	4CAE-4CAE	4CB0-4CB0	4CB7-4CB7	4CCD-4CCD	4CE1-4CE2	4CED-4CED	4D07-4D07	4D09-4D09	4D10-4D10	4D34-4D34	4D76-4D77	4D89-4D89	4D91-4D91	4D9C-4D9C	4E02-4E02	4E04-4E05	4E0C-4E0C	4E0F-4E10	4E15-4E15	4E17-4E17	4E1B-4E1B	4E21-4E22	4E25-4E25	4E27-4E27	4E2C-4E2C	4E2F-4E2F	4E31-4E31	4E34-4E34	4E36-4E37	4E3D-4E3D	4E3F-4E42	4E44-4E44	4E47-4E47	4E49-4E49	4E4C-4E4C	4E52-4E54	4E57-4E57	4E5A-4E5B	4E60-4E61	4E69-4E6A	4E6D-4E6D	4E78-4E78	4E80-4E81	4E85-4E85	4E87-4E87	4E89-4E8A	4E8D-4E8D	4E8F-4E8F	4E93-4E93	4E96-4E96	4E98-4E99	4E9C-4E9C	4E9F-4EA0	4EA2-4EA3	4EA5-4EA5	4EA9-4EA9	4EB0-4EB0	4EB2-4EB3	4EB5-4EB7	4EB9-4EB9	4EBB-4EBC	4EBF-4EBF	4EC2-4EC6	4EC8-4EC9	4ECF-4ECF	4ED1-4ED1	4ED3-4ED3	4EDC-4EE1	4EE7-4EEB	4EEE-4EEF	4EF1-4EF1	4EF3-4EF5	4EF8-4EF8	4EFA-4EFA	4EFC-4EFC	4F00-4F00	4F02-4F03	4F05-4F05	4F07-4F09	4F0B-4F0B	4F0E-4F0E	4F15-4F15	4F17-4F17	4F1D-4F1F
Noto Sans HK	400	/fonts/served/noto-sans-hk-85-400-normal.woff2	41DB-41DB	41ED-41ED	41EF-41EF	41F9-41F9	4211-4211	4223-4223	4240-4240	4260-4260	426A-426A	4276-4276	427A-427A	428C-428C	4294-4294	42A2-42A2	42B5-42B5	42B9-42B9	42BC-42BC	42F4-42F4	42FB-42FC	430A-430A	432B-432B	436E-436E	4397-4397	439A-439A	43BA-43BA	43C1-43C1	43C8-43C8	43D9-43D9	43DF-43DF	43ED-43ED	43F0-43F0	43F2-43F2	4401-4402	4413-4413	4425-4425	442D-442D	447A-447A	448F-448F	4491-4491	449F-44A0	44A2-44A2	44B0-44B0	44B7-44B7	44BD-44BD	44C0-44C0	44C3-44C3	44C5-44C5	44CE-44CE	44DD-44DF	44E1-44E1	44E4-44E4	44E9-44EC	44F4-44F4	4503-4504	4509-4509	450B-450B	4516-4516	451B-451B	451D-451D	4527-4527	452E-452E	4533-4533	4536-4536	453B-453B	453D-453D	453F-453F	4543-4543	4551-4552	4555-4555	4558-4558	455C-455C	4561-4562	456A-456A	456D-456D	4576-4578	4585-4585	45A6-45A6	45B3-45B3	45DA-45DA	45E9-45EA	4603-4603	4606-4606	460F-460F	4615-4615	4617-4617	465B-465B	467A-467A	4680-4680	46A1-46A1	46AE-46AE	46BB-46BB	46CF-46D0	46E5-46E5	46F5-46F5	46F7-46F7	4713-4713	4718-4718	4736-4736	4744-4744	474E-474F	477C-477C	4798-4798	47A6-47A6	47D5-47D5	47ED-47ED	47F4-47F4	4800-4800	480B-480B	4837-4837	485D-485D	4871-4871	489B-489B	48AD-48AE	48D0-48D0	48DD-48DD	48ED-48ED	48F3-48F3	48FA-48FA	4906-4906	4911-4911	491E-491E	4925-4925	492A-492A	492D-492D	492F-4930	4935-4935	493C-493E	4945-4945	4951-4951	4953-4953	4965-4965	496A-496A	4972-4972	4989-4989	49A1-49A1	49A7-49A7	49DF-49DF	49E5-49E5	49E7-49E7	4A0F-4A0F	4A1D-4A1D	4A24-4A24	4A35-4A35	4A3B-4A3B	4A96-4A96	4AA4-4AA4	4AB4-4AB4	4AB8-4AB8
Noto Sans HK	400	/fonts/served/noto-sans-hk-86-400-normal.woff2	3B95-3B96	3B99-3B99	3BA1-3BA1	3BBC-3BBC	3BBE-3BBE	3BC2-3BC2	3BC4-3BC4	3BD7-3BD7	3BDD-3BDD	3BEC-3BEC	3BF2-3BF4	3BFF-3BFF	3C0D-3C0D	3C11-3C11	3C15-3C15	3C18-3C18	3C54-3C54	3C8B-3C8B	3CA5-3CA5	3CCB-3CCB	3CCD-3CCD	3CD1-3CD1	3CD6-3CD6	3CDC-3CDC	3CEB-3CEB	3CEF-3CEF	3D12-3D13	3D1D-3D1D	3D32-3D32	3D3B-3D3B	3D46-3D46	3D4C-3D4C	3D4E-3D4E	3D51-3D51	3D5F-3D5F	3D62-3D62	3D68-3D6A	3D6F-3D6F	3D75-3D75	3D7D-3D7D	3D85-3D85	3D88-3D88	3D8A-3D8A	3D8F-3D8F	3D91-3D91	3DA5-3DA5	3DAD-3DAD	3DB4-3DB4	3DBF-3DBF	3DC6-3DC7	3DC9-3DC9	3DCC-3DCD	3DD3-3DD3	3DDB-3DDB	3DE7-3DE8	3DEB-3DEB	3DF3-3DF4	3DF7-3DF7	3DFC-3DFD	3E03-3E03	3E06-3E06	3E40-3E40	3E43-3E43	3E48-3E48	3E55-3E55	3E74-3E74	3EA8-3EAA	3EAD-3EAD	3EB1-3EB1	3EB8-3EB8	3EBF-3EBF	3EC2-3EC2	3EC7-3EC7	3ECA-3ECA	3ECC-3ECC	3ED0-3ED1	3ED6-3ED7	3EDA-3EDB	3EDE-3EDE	3EE1-3EE2	3EE7-3EE7	3EE9-3EE9	3EEB-3EEC	3EF0-3EF0	3EF3-3EF4	3EFA-3EFA	3EFC-3EFC	3EFF-3F00	3F04-3F04	3F06-3F08	3F0E-3F0E	3F21-3F21	3F53-3F53	3F58-3F59	3F63-3F63	3F7C-3F7C	3F93-3F93	3F97-3F97	3FC0-3FC0	3FC8-3FC8	3FD7-3FD7	3FDC-3FDC	3FE5-3FE5	3FED-3FED	3FF9-3FFA	4004-4004	4009-4009	401D-401D	4039-4039	4045-4045	4053-4053	4057-4057	4062-4062	4065-4065	406A-406A	406F-406F	4071-4071	40A8-40A8	40B4-40B4	40BB-40BB	40BF-40BF	40C8-40C8	40D8-40D8	40DF-40DF	40F8-40F8	40FA-40FA	4102-4104	4109-4109	410E-410E	411B-411B	4131-4132	4167-4167	416C-416C	416E-416E	417C-417C	417F-417F	4181-4181	4190-4190	41B2-41B2	41C4-41C4	41CA-41CA	41CF-41CF
Noto Sans HK	400	/fonts/served/noto-sans-hk-87-400-normal.woff2	3572-3572	3577-3578	3584-3584	3597-3598	35A1-35A1	35A5-35A5	35AD-35AD	35BF-35BF	35C1-35C1	35C5-35C5	35C7-35C7	35CA-35CA	35CE-35CE	35D2-35D2	35D6-35D6	35DB-35DB	35DD-35DD	35F1-35F3	35FB-35FB	35FE-35FE	3609-3609	3618-3618	361A-361A	3623-3623	3625-3625	362D-362D	3635-3635	3639-3639	363E-363E	3647-3649	364E-364E	365F-365F	3661-3661	367A-367A	3681-3681	369A-369A	36A5-36A5	36AA-36AA	36AC-36AC	36B0-36B1	36B5-36B5	36B9-36B9	36BC-36BC	36C1-36C1	36C3-36C5	36C7-36C8	36D3-36D4	36D6-36D6	36DD-36DD	36E1-36E2	36E5-36E6	36F5-36F5	3701-3701	3703-3703	3708-3708	370A-370A	370D-370D	371C-371C	3722-3723	3725-3725	372C-372D	3730-3730	3732-3733	373A-373A	3740-3740	3743-3743	3762-3762	376F-376F	3797-3797	37A0-37A0	37B9-37B9	37BE-37BE	37D6-37D6	37F2-37F2	37F8-37F8	37FB-37FB	380F-380F	3819-3819	3820-3820	382D-382D	3836-3836	3838-3838	3863-3863	3875-3875	38A0-38A0	38C3-38C3	38CC-38CC	38D1-38D1	38D4-38D4	38EC-38EC	38FA-38FA	3908-3908	3914-3914	3927-3927	3932-3932	393F-393F	394D-394D	3963-3963	3978-3978	3980-3980	3989-398A	3992-3992	3999-3999	399B-399B	39A1-39A1	39A4-39A4	39B8-39B8	39DC-39DC	39E2-39E2	39E5-39E5	39EC-39EC	39F8-39F8	39FB-39FB	39FE-39FE	3A01-3A03	3A06-3A06	3A17-3A18	3A29-3A2A	3A34-3A34	3A4B-3A4B	3A52-3A52	3A57-3A57	3A5C-3A5C	3A5E-3A5E	3A66-3A67	3A97-3A97	3AAB-3AAB	3ABD-3ABD	3ADE-3ADE	3AE0-3AE0	3AF0-3AF0	3AF2-3AF2	3AF5-3AF5	3AFB-3AFB	3B0E-3B0E	3B19-3B19	3B22-3B22	3B2B-3B2B	3B39-3B39	3B42-3B42	3B58-3B58	3B60-3B60	3B71-3B72	3B7B-3B7C	3B80-3B80
Noto Sans HK	400	/fonts/served/noto-sans-hk-88-400-normal.woff2	2F3F-2F3F	2F42-2F42	2F45-2F45	2F63-2F64	2F83-2F83	2F8F-2F8F	3003-3007	3012-3013	3016-3019	3020-3025	3030-3030	303D-303D	3041-3041	3043-3043	3045-3045	3047-3047	3049-3049	3052-3052	305C-305C	3062-3062	306D-306D	307A-307A	307C-307C	3080-3080	308E-308E	3090-3091	3099-309E	30A5-30A5	30C2-30C2	30C5-30C5	30EE-30EE	30F0-30F2	30F4-30F6	30FD-30FE	3105-3106	3108-3108	310A-310B	310D-3112	3115-3117	3119-3119	3131-3131	3134-3134	3137-3137	3139-3139	3141-3142	3145-3145	3147-3148	314B-314B	314D-314F	3153-3153	315C-315C	3160-3161	3163-3164	3181-3181	318D-318D	3192-3193	3196-3198	319D-319F	3220-3226	3231-3231	3268-3268	3281-3281	328B-328B	3291-3292	3295-3297	3299-3299	329D-329D	329F-329F	32A3-32A4	32D6-32D6	32E1-32E1	3314-3314	3322-3322	337F-337F	338E-338F	339C-339E	33A1-33A1	33C4-33C4	33D1-33D2	3435-3435	3440-3440	3449-344A	344C-344C	3464-3464	3473-3473	3479-347A	347D-347E	3493-3493	3496-3496	34A5-34A5	34AF-34AF	34BC-34BC	34C1-34C1	34C8-34C8	34DF-34DF	34E4-34E4	34E6-34E6	34FB-34FB	3506-3506	353E-353E	3551-3551	3553-3553	3559-3559	3561-3561	3569-3569	356D-356D	3570-3570
Noto Sans HK	400	/fonts/served/noto-sans-hk-89-400-normal.woff2	26FD-26FD	2701-2702	2704-2706	2708-2708	270A-2712	2714-2714	2716-2727	2729-273E	2740-274F	2752-275B	275D-275E	2761-2761	2763-2763	2765-2769	276E-276F	2771-2771	2776-277E	2780-2782	278A-278C	2794-2796	2798-2799	279C-27A6	27A8-27AB	27AD-27AD	27AF-27B0	27B2-27B3	27B7-27B9	27BC-27BD	27BF-27BF	27E9-27EB	27F5-27F6	2800-2800	28EC-28EC	2922-2922	2934-2935	29BF-29BF	2A2F-2A2F	2B05-2B07	2B1B-2B1B	2B50-2B50	2B55-2B55	2CF5-2CF5	2E1C-2E1D	2F00-2F00	2F08-2F08	2F12-2F12	2F24-2F24	2F29-2F29	2F2F-2F2F	2F3C-2F3C
Noto Sans HK	400	/fonts/served/noto-sans-hk-90-400-normal.woff2	25A1-25A1	25A3-25A4	25A6-25AC	25B0-25B0	25B4-25B4	25B7-25B9	25BB-25BB	25BD-25BD	25BF-25C2	25C7-25CA	25CC-25CD	25D0-25D9	25DC-25E6	25EA-25EB	25EF-25EF	25FB-25FE	2600-2604	2607-2607	2609-260B	260D-2615	2618-2618	261A-2623	262A-262A	262D-2630	2638-263E	2641-2642	2648-2656	2658-265C	265E-2660	2662-2664	2666-2669	266B-266F	267B-267B	2692-2696	2698-2698	269B-269C	26A0-26A1	26A3-26A5	26AA-26AC	26BD-26BE	26C4-26C5	26C8-26C8	26D1-26D1	26D3-26D4	26E4-26E4	26E9-26EA	26F0-26F5	26F9-26FA
Noto Sans HK	400	/fonts/served/noto-sans-hk-91-400-normal.woff2	2477-2481	2488-2491	24B6-24C5	24C7-24CA	24CC-24CC	24CE-24CE	24D0-24DF	24E1-24EA	24F5-24F5	24FF-24FF	2501-2501	2503-250D	250F-2511	2513-2515	2517-2518	251B-251D	2520-2520	2523-2524	2528-2528	252B-252C	252F-252F	2533-2534	2537-2537	253B-253C	2541-2541	2543-2545	254B-254B	2550-2570	2572-2572	2574-2574	2579-2579	2580-258A	258C-2595	2597-2597
Noto Sans HK	400	/fonts/served/noto-sans-hk-92-400-normal.woff2	208D-208E	20A1-20A1	20A4-20A4	20A6-20A6	20A8-20AB	20AD-20AE	20B1-20B3	20B5-20B5	20B8-20BA	20BD-20BD	20DD-20DD	20E3-20E3	2105-2105	2109-2109	2112-2113	2115-2117	2120-2121	2126-2126	212B-212B	2139-2139	2153-2153	2194-2197	2199-2199	219D-219E	21A0-21A0	21A9-21AA	21AC-21AC	21AF-21B1	21B3-21B5	21BA-21BB	21C4-21C4	21CA-21CA	21CC-21CC	21D0-21D0	21D2-21D4	21D8-21D8	21DD-21DD	21E2-21E9	2200-2200	2202-2202	2205-2208	220E-220F	2211-2212	2215-2215	2217-221A	221D-2220	2225-2225	2227-222B	222E-222E	2234-2237	223C-223D	2248-2248	2256-2256	2260-2261	2264-2265	226A-226B	226E-226F	2282-2283	2295-2296	2299-2299	22A5-22A5	22B0-22B1	22B9-22B9	22BF-22BF	22C5-22C6	22C8-22C8	22D0-22D1	22EE-22EE	2312-2313	2318-2318	231A-231B	2323-2323	2328-2328	239D-239D	23A0-23A0	23AF-23AF	23E4-23E4	23E9-23EA	23EC-23EC	23F0-23F3	23FA-23FA	2445-2445	2460-2471	2474-2476
Noto Sans HK	400	/fonts/served/noto-sans-hk-93-400-normal.woff2	1D0A-1D0B	1D0D-1D0D	1D0F-1D0F	1D17-1D18	1D1B-1D1C	1D20-1D22	1D25-1D25	1D2C-1D2C	1D2E-1D2E	1D30-1D31	1D33-1D3A	1D3C-1D3C	1D3E-1D42	1D52-1D52	1D55-1D55	1D5B-1D5B	1D5E-1D5E	1D9C-1D9C	1DA0-1DA0	1DC4-1DC5	1E3B-1E3B	1E43-1E43	1E45-1E45	1E47-1E47	1E63-1E63	1E6D-1E6D	1E73-1E73	1EA0-1EA0	1EA2-1EA2	1EA4-1EA9	1EAB-1EAF	1EB1-1EB1	1EB3-1EB3	1EB5-1EB5	1EB7-1EB7	1EB9-1EB9	1EBB-1EBB	1EBD-1EBE	1EC0-1EC3	1EC5-1EC6	1EC9-1EC9	1ECB-1ECD	1ECF-1ED1	1ED3-1ED5	1ED7-1EDD	1EDF-1EDF	1EE1-1EE1	1EE3-1EE7	1EE9-1EE9	1EEB-1EEB	1EED-1EED	1EEF-1EF1	1EF3-1EF3	1EF7-1EF7	1EF9-1EF9	1F62-1F62	1FA2-1FA2	2001-2006	2009-200A	200C-200D	200F-2012	2015-2016	201A-201A	201E-201E	2020-2021	2023-2025	2028-2028	202A-202D	202F-2030	2032-2033	2035-2035	2038-2038	203E-203F	2042-2044	2049-2049	204D-204E	2060-2061	2063-2063	2070-2070	2074-207B	207D-2083	208A-208A
Noto Sans HK	400	/fonts/served/noto-sans-hk-98-400-normal.woff2	1FB-1FF	219-219	221-221	225-226	228-22B	22E-22F	231-235	239-239	23B-23B	23E-23E	250-252	254-255	259-25E	261-263	268-26B	26D-26D	26F-277	279-27A	27D-281	283-283	28A-28C	28F-28F	292-292	294-296	298-29A	29C-29C	29F-29F	2A1-2A2	2A4-2A7	2A9-2AA	2AE-2B3	2B5-2B7	2B9-2BF	2C2-2C4	2C6-2C9	2CC-2CD	2D0-2D0	2D8-2D8	2DA-2DA	2DC-2DC	2E1-2E3	2E7-2E7	2EB-2EB	2EE-2EE	2F1-2FF	302-304	306-309	30C-30D	311-311	31B-31B	321-321	323-325	328-329	32B-32C	32E-32F	331-33A	33C-33F	348-348	353-353	358-359
Noto Sans HK	400	/fonts/served/noto-sans-hk-99-400-normal.woff2	A1-A2	A4-A4	A6-A8	AA-AA	AC-AC	AF-AF	B1-B1	B5-B6	B8-BA	BC-BE	C0-C8	CA-CC	CE-D5	D8-DF	F0-F0	F5-F5	F8-F8	FB-FB	FE-100	102-102	105-105	107-107	109-10B	10F-10F	112-112	115-115	117-117	119-119	11B-11B	11F-11F	121-121	123-124	127-127	129-129	12C-12D	130-13F	141-142	144-144	148-148	14B-14C	14F-153	159-15B	15E-160	163-166	169-16A	16D-171	173-17E	192-192	1A0-1A0	1A4-1A4	1AA-1AA	1AC-1AD	1AF-1AF	1B1-1B1	1B4-1BE	1D0-1D0	1D2-1D2	1D4-1D4	1DA-1DA	1DC-1DD	1E1-1E1	1E3-1E4	1E7-1E7	1E9-1E9	1EB-1EC	1F0-1F1	1F3-1F5	1F7-1F7	1F9-1FA
Noto Sans HK	400	/fonts/served/noto-sans-hk-100-400-normal.woff2	A3-A3	2CA-2CA	6CC-6CC	200E-200E	2223-2223	2640-2640	273F-273F	301C-301D	3107-3107	310C-310C	4E30-4E30	4E3E-4E3E	4E5E-4E5E	4E71-4E71	4F26-4F26	4F7C-4F7C	4F83-4F83	50DA-50DA	5243-5243	5267-5267	529E-529E	5321-5321	5352-5352	5477-5477	548B-548B	54A6-54A6	54B2-54B2	54C2-54C2	54C6-54C6	54CD-54CD	54EE-54EE	5543-5543	55D1-55D1	55D3-55D3	55F0-55F0	560D-560D	5629-5629	5660-5660	57AE-57AE	57E0-57E0	57E4-57E4	5904-5904	592D-592D	5965-5965	5A31-5A31	5A7F-5A7F	5B5A-5B5A	5BB8-5BB8	5C14-5C14	5C3B-5C3B	5C5C-5C5C	5C5E-5C5E	5D10-5D10	5E10-5E10	603B-603B	604D-604D	611C-611C	6137-6137	61C8-61C8	6292-6292	62C7-62C7	6371-6371	6382-6382	645F-645F	64AE-64AE	64C2-64C2	651E-651E	65F1-65F1	660A-660A	663E-663E	673D-673D	6784-6784	6789-6789	67FF-67FF	6813-6813	6854-6854	68D8-68D8	697D-697D	6A01-6A01	6A1E-6A1E	6BAF-6BAF	6C08-6C08	6C17-6C17	6C2B-6C2B	6C81-6C81	6CBD-6CBD	6DC6-6DC6	6DF9-6DF9	6ED9-6ED9	6EE1-6EE1	6F86-6F86	6FC1-6FC1	6FDB-6FDB	701F-701F	7076-7076	715C-715C	7194-7194	71FB-71FB	720D-720D	72B6-72B6	7396-7396	739F-739F	73AF-73AF	745B-745B	746F-746F	748B-748B	7647-7647	7699-7699	76BF-76BF	76CE-76CE	76DE-76DE	77AA-77AA	786B-786B	7881-7881	78CA-78CA	793C-793C	797A-797A	79B9-79B9	79BB-79BB	79BF-79BF	7A92-7A92	7AC7-7AC7	7AE3-7AE3	7B19-7B19	7B20-7B20	7B51-7B51	7B94-7B94	7CBD-7CBD	7CDE-7CDE	7CEF-7CEF	7DDE-7DDE	7F88-7F88	80DA-80DA	814B-814B	8235-8235	8258-8258	8282-8282	82B9-82B9	8401-8401	846B-846B	84C1-84C1	8518-8518	8611-8611	8778-8778	8783-8783	8814-8814	8A15-8A15	8AA6-8AA6	8B2C-8B2C	8BA8-8BA9	8BC6-8BC6	8BE2-8BE2	8C22-8C22	8D05-8D05	8DBE-8DBE	8E34-8E34	8E66-8E66	8EC0-8EC0	8F91-8F91	9005-9005	9082-9082	9091-9091	914B-914B	916F-916F	92C5-92C5	92F0-92F0	9318-9318	9382-9382	938A-938A	93E2-93E2	964B-964B	968F-968F	96C1-96C1	96CC-96CD	96DB-96DB	97A0-97A0	9803-9803	9876-9876	9879-9879	9886-9886	9955-9955	9986-9986	99F1-99F1	9A5B-9A5B	9ABC-9ABC	9B77-9B77	9C57-9C57	9C9C-9C9C	9D1B-9D1B	9D26-9D26	9D51-9D51	9EEF-9EEF	9F99-9F99	C2A4-C2A4	E253-E253	E313-E314	E5C7-E5C7	E5C9-E5C9	E8DB-E8DC	FF25-FF25	FF2D-FF2E	FF34-FF34	FFE5-FFE5	1F60A-1F60A	1F618-1F618	1F62D-1F62D
Noto Sans HK	400	/fonts/served/noto-sans-hk-101-400-normal.woff2	B4-B4	10D-10D	2D9-2D9	641-641	E20-E20	E29-E29	20AC-20AC	2266-2266	25BE-25BE	301E-301E	3058-3058	4E07-4E07	4E1D-4E1D	4E66-4E66	4ECE-4ECE	4F88-4F88	4FDE-4FDE	5016-5016	5180-5180	5199-5199	51AA-51AA	5306-5306	5386-5386	53D8-53D8	5413-5413	541D-541D	5436-5436	54CE-54CE	54E8-54E8	54FC-54FC	5571-5571	557E-557E	558E-558E	55A7-55A7	56A8-56A8	57A2-57A3	58B3-58B3	5960-5960	5992-5993	59A4-59A4	5A55-5A55	5AB2-5AB2	5AFB-5AFB	5B56-5B56	5BC5-5BC5	5BC7-5BC7	5BF0-5BF0	5CB1-5CB1	5CC7-5CC7	5D84-5D84	5DFF-5DFF	5E93-5E93	5ED3-5ED3	5F6A-5F6A	60BC-60BC	61C7-61C7	61FF-61FF	6218-6218	6254-6254	634D-634D	6467-6467	64F1-64F2	6582-6582	65FB-65FB	6615-6615	6687-6687	66AE-66AE	66E0-66E0	66E6-66E6	66F0-66F0	6781-6781	67F5-67F5	6837-6837	68A7-68A7	6A1F-6A1F	6B27-6B27	6B4E-6B4E	6B73-6B73	6B79-6B79	6BCB-6BCB	6C5D-6C5D	6CF5-6CF5	6DEE-6DEE	6EC4-6EC4	6ECC-6ECC	6F88-6F88	6FEF-6FEF	701D-701D	703E-703E	707C-707C	7099-7099	710A-710A	725F-725F	72D9-72D9	72E9-72E9	731D-731D	7325-7325	7463-7463	7480-7480	74A8-74A8	7523-7523	7526-7526	75E0-75E0	7613-7613	7656-7656	76D4-76D4	773A-773A	775C-775C	775E-775E	780C-780C	78E1-78E1	78F7-78F7	7960-7960	7A20-7A20	7AAF-7AAF	7B08-7B08	7B71-7B71	7BE4-7BE4	7CEC-7CEC	7CF0-7CF0	7D5E-7D5E	7D62-7D62	7DBE-7DBE	7E1B-7E1B	7EA2-7EA2	7EC4-7EC4	7EC6-7EC6	7EDC-7EDC	7EED-7EED	7EFC-7EFC	7F16-7F16	7F57-7F57	7FB9-7FB9	7FCA-7FCA	803D-803D	816E-816E	82A5-82A5	82B7-82B7	8317-8317	8338-8338	834A-834A	83D3-83D3	8469-8469	849E-849E	854A-854A	8559-8559	865E-865E	86E4-86E4	8700-8700	8759-8759	8760-8760	8782-8782	879E-879E	87D1-87D1	880D-880D	8836-8836	8944-8944	89C8-89C8	8AAC-8AAC	8B74-8B74	8BA2-8BA2	8BA4-8BA4	8BAE-8BAE	8BFB-8BFB	8C4E-8C4E	8CB3-8CB3	8CB6-8CB6	8D16-8D16	8D28-8D28	8E44-8E44	8F3B-8F3B	8F3F-8F3F	8FB9-8FB9	8FC4-8FC4	8FDE-8FDE	8FF9-8FF9	9076-9076	90AE-90AE	90B8-90B8	9257-9257	9310-9310	93DF-93DF	94FE-94FE	95A5-95A5	95A9-95A9	962E-962E	9690-9690	9704-9704	9713-9713	97F6-97F6	9824-9824	986B-986B	9884-9884	98E2-98E2	991A-991A	99A5-99A5	99DD-99DD	9AB8-9AB8	9B41-9B41	9BAD-9BAD	9DD7-9DD7	C774-C774	E5D4-E5D4	FE52-FE52	FE5D-FE5D	FF02-FF02	1F389-1F389	1F449-1F449	1F495-1F495
Noto Sans HK	400	/fonts/served/noto-sans-hk-102-400-normal.woff2	2CB-2CB	5D1-5D1	5D9-5D9	5E2-5E2	5E8-5E8	5EA-5EA	633-633	E32-E32	2252-2252	2267-2267	2573-2573	25B3-25B3	25C4-25C4	2713-2713	2715-2715	30E2-30E2	4E28-4E28	4E3C-4E3C	4E4D-4E4D	4E70-4E70	4F18-4F18	4FEF-4FEF	5018-5018	501A-501A	5026-5026	5137-5137	513F-513F	51A5-51A5	51F3-51F3	524B-524B	5254-5254	52D8-52D8	5308-5308	5384-5384	53CC-53CC	5443-5443	5466-5466	54A7-54A8	54BD-54BD	54C9-54C9	54CB-54CB	555E-555E	556A-556A	5580-5580	560E-560E	5614-5614	561F-561F	562F-562F	566C-566C	5679-5679	56BC-56BC	56CD-56CD	56E7-56E7	56ED-56ED	572D-572D	5742-5742	57D7-57D7	582F-582F	589F-589F	5B09-5B09	5BA5-5BA5	5C51-5C51	5C90-5C90	5CEF-5CEF	5D16-5D16	5DD4-5DD4	5E08-5E08	5E26-5E26	5F0A-5F0A	5F20-5F20	606C-606C	620F-620F	625B-625B	62A4-62A4	62CE-62CE	62D0-62D0	62F1-62F1	63A0-63A0	63C6-63C6	63F9-63F9	6413-6413	6417-6417	6483-6483	64F7-64F7	650F-650F	65A7-65A7	665F-665F	66D6-66D6	6746-6746	6756-6756	67D1-67D1	68D7-68D7	68E0-68E0	68F5-68F5	6977-6977	6995-6995	69A8-69A8	69B4-69B4	69D3-69D3	6A3D-6A3D	6ABB-6ABB	6BB7-6BB7	6BD3-6BD3	6C47-6C47	6CC4-6CC4	6CD3-6CD3	6DAE-6DAE	6E26-6E26	6E29-6E29	6E5B-6E5B	6EAF-6EAF	6EBA-6EBA	7028-7028	70B3-70B3	711A-711A	733F-733F	73C0-73C0	73EE-73EE	7444-7444	745A-745A	7487-7487	7540-7540	75A4-75A4	7729-7729	779E-779E	798E-798E	79BD-79BD	79CD-79CD	79E9-79E9	7A3D-7A3D	7A4C-7A4C	7A9F-7A9F	7AC4-7AC4	7AFF-7AFF	7B77-7B77	7C27-7C27	7CA7-7CA7	7CD9-7CD9	7D76-7D76	7E43-7E43	7E55-7E55	7EA6-7EA6	7ED9-7ED9	7FF1-7FF1	808B-808B	809B-809B	80FA-80FA	81A8-81A8	827A-827A	8309-8309	8328-8328	832B-832B	8396-8396	83E0-83E0	840E-840E	8425-8425	852D-852D	853B-853B	8588-8588	85E9-85E9	86B5-86B5	8718-8718	87EC-87EC	8910-8910	893B-893B	89C1-89C2	8B3E-8B3E	8BAF-8BAF	8BC1-8BC1	8BCD-8BCD	8BDD-8BDD	8C41-8C41	8C48-8C48	8D2D-8D2D	8D5E-8D5E	8FBE-8FBE	9015-9015	90A8-90A8	90B5-90B5	90E1-90E1	9169-9169	9183-9183	91D0-91D0	91DC-91DC	9293-9293	92F8-92F8	9472-9472	9598-9598	95ED-95ED	95FB-95FB	9605-9605	96C7-96C7	9739-9739	9742-9742	9761-9761	99AD-99AD	9AE6-9AE6	9B1A-9B1A	9B44-9B44	9BC9-9BC9	9D3F-9D3F	9E7C-9E7C	9E92-9E92	FE5E-FE5E	FF22-FF24	FF2F-FF30	FF33-FF33
Noto Sans HK	400	/fonts/served/noto-sans-hk-103-400-normal.woff2	60-60	F7-F7	161-161	2198-2198	2571-2571	258B-258B	25B6-25B6	2661-2661	3051-3051	3109-3109	4E11-4E11	4E1C-4E1C	4E24-4E24	4E2B-4E2B	4EF7-4EF7	4F36-4F36	4FD0-4FD0	5029-502A	5055-5055	508D-508D	50AD-50AD	50D5-50D5	50E7-50E7	50F1-50F1	50F5-50F5	51C8-51C8	51FB-51FB	5203-5203	524E-524E	5288-5288	5323-5323	53C2-53C2	5458-5458	54B1-54B1	54B3-54B3	54B8-54B8	5582-5582	55B2-55B2	55BA-55BA	55DA-55DA	55DC-55DC	5662-5662	5678-5678	56AE-56AE	56C2-56C2	57D5-57D5	5862-5862	58E4-58E4	58F0-58F0	5907-5907	590D-590D	5934-5934	5978-5978	5984-5984	5A25-5A25	5BE1-5BE1	5C06-5C06	5C62-5C62	5C91-5C91	5CFB-5CFB	5D01-5D01	5D11-5D11	5D1B-5D1B	5E87-5E87	5EB8-5EB8	5EFF-5EFF	5F27-5F27	5F3A-5F3A	5F53-5F53	5F64-5F64	6001-6001	6168-6168	61A9-61A9	6233-6233	62A5-62A5	62ED-62ED	638F-638F	6399-6399	63C0-63C0	646F-646F	6590-6590	6631-6631	664F-664F	6689-6689	66DC-66DC	672F-672F	67AF-67AF	67EC-67EC	6807-6807	6A44-6A44	6C14-6C14	6C40-6C40	6C70-6C70	6C76-6C76	6CB8-6CB8	6CE3-6CE3	6DF3-6DF3	6E20-6E20	6E43-6E43	6EBC-6EBC	6EEC-6EEC	6F2C-6F2C	6FB1-6FB1	7009-7009	7011-7011	701A-701A	7117-7117	7184-7184	71ED-71ED	72F9-72F9	7426-7426	74BD-74BD	74CF-74CF	752B-752B	7554-7554	75B9-75B9	7621-7621	7671-7672	7693-7693	76EF-76EF	7737-7737	77A7-77A7	77B3-77B3	77BB-77BB	77DA-77DA	77E2-77E2	77E9-77E9	77EF-77EF	7801-7801	7940-7940	797F-797F	79A7-79A7	79B1-79B1	7A6B-7A6B	7AC5-7AC5	7B1B-7B1B	7DAB-7DAB	7DB4-7DB4	7DB8-7DB8	7DCB-7DCB	7DDD-7DDD	7DE0-7DE0	7E9C-7E9C	7ED3-7ED3	7EF4-7EF4	803F-803F	8046-8046	8087-8087	8116-8116	8214-8214	821C-821C	82D4-82D4	8305-8305	831C-831C	8335-8335	8339-8339	8350-8350	8354-8354	8526-8526	860A-860A	86DB-86DB	8713-8713	873B-873B	8822-8822	88C5-88C5	8993-8993	8A1F-8A1F	8AB9-8AB9	8AD7-8AD7	8E72-8E72	8F44-8F44	8F4E-8F4E	8F9C-8F9C	8FD0-8FD0	8FD8-8FD8	8FE6-8FE6	9042-9042	907C-907C	91BA-91BA	9452-9452	9591-9591	95E2-95E2	9631-9631	9699-9699	96B8-96B8	9709-9709	978D-978D	9811-9811	9830-9830	98CE-98CE	9945-9945	99ED-99ED	9A8C-9A8C	9AD3-9AD3	9BAA-9BAA	9BE8-9BE8	9C77-9C77	9CF6-9CF6	9D72-9D72	9E1F-9E1F	9EC4-9EC4	FE31-FE31	FE55-FE55	FF03-FF03	FF20-FF20	FF3B-FF3B	FF3D-FF3D	1F3FB-1F3FB	1F44D-1F44D	1F60D-1F60D
Noto Sans HK	400	/fonts/served/noto-sans-hk-104-400-normal.woff2	10C-10C	E17-E17	E44-E44	2728-2728	3081-3081	4E13-4E13	4E19-4E19	4E1E-4E1E	4E5C-4E5C	4EA7-4EA7	4ED7-4ED7	4F20-4F20	4F8D-4F8D	4FFE-4FFE	5021-5021	515C-515C	51A4-51A4	51E0-51E0	521B-521B	522B-522B	532A-532A	534E-534E	5355-5355	537F-537F	5398-5398	539D-539D	541F-541F	543C-543C	544E-544E	5509-5509	5598-5598	5622-5622	5632-5632	563F-563F	5641-5641	566A-566A	5695-5695	569F-569F	56DA-56DA	573A-573A	574E-574E	5835-5835	584C-584C	5885-5885	58AE-58AE	5A1F-5A1F	5AC2-5AC2	5B24-5B24	5BB0-5BB0	5BDE-5BDE	5BFC-5BFC	5C39-5C39	5C4C-5C4C	5C60-5C60	5E76-5E76	5E7F-5E7F	5E9A-5E9A	5F13-5F13	5F6C-5F6C	6127-6127	61F2-61F2	6208-6208	620A-620A	620C-620C	6252-6252	62EF-62EF	6328-6328	633D-633D	6362-6362	63B0-63B0	63C9-63C9	640F-640F	64A9-64A9	6514-6514	652C-652C	655E-655E	6583-6583	658C-658C	6627-6627	66F3-66F3	6734-6734	6743-6743	676D-676D	67C4-67C4	67DA-67DA	68CD-68CD	68F2-68F2	690E-690E	6AB3-6AB3	6B16-6B16	6B38-6B38	6B3D-6B3D	6BC6-6BC6	6CA1-6CA1	6CAB-6CAB	6D8C-6D8C	6DEA-6DEA	6E32-6E32	6E3E-6E3E	6E58-6E58	6EEF-6EEF	6EF2-6EF2	6FE4-6FE4	708A-708A	7130-7130	7165-7165	7172-7172	71C9-71C9	7232-7232	7239-7239	7261-7261	7280-7280	72A7-72A7	72F8-72F8	73C8-73C8	7464-7464	753B-753B	754F-754F	755C-755C	75D8-75D8	76EA-76EA	776B-776B	7779-7779	777F-777F	7784-7784	778E-778E	77DB-77DB	77EE-77EE	79E4-79E4	7A46-7A46	7A57-7A57	7ABA-7ABA	7AED-7AED	7B4D-7B4D	7C7B-7C7B	7C7D-7C7D	7D13-7D13	7D33-7D33	7DBB-7DBB	7DEC-7DEC	7DF9-7DF9	7E46-7E46	7EA7-7EA7	7EDF-7EDF	8085-8085	8165-8165	81FB-81FB	82B8-82B8	82D3-82D3	8343-8343	839E-839E	83E9-83E9	840D-840D	851A-851A	853D-853D	8543-8543	859B-859B	85FB-85FB	87FB-87FB	888D-888D	8ADC-8ADC	8B0A-8B0A	8BB0-8BB0	8BBE-8BBE	8BC4-8BC4	8BF4-8BF4	8C5A-8C5A	8CC3-8CC3	8CE4-8CE4	8D44-8D44	8E81-8E81	8F66-8F66	8FDB-8FDB	900D-900D	9063-9063	914C-914C	9223-9223	9226-9226	923A-923A	925B-925B	9264-9264	929C-929C	92B9-92B9	9320-9320	934D-934D	935B-935B	9444-9444	957F-957F	96A7-96A7	9756-9756	97AD-97AD	97CC-97CC	9898-9898	98EA-98EA	9921-9921	9952-9952	9A55-9A55	9B0D-9B0D	9B91-9B91	9BCA-9BCA	9EBD-9EBD	9F4B-9F4B	E60F-E611	FF1C-FF1D	FF21-FF21	FF38-FF38	FF9F-FF9F	FFFD-FFFD	1F602-1F602
Noto Sans HK	400	/fonts/served/noto-sans-hk-105-400-normal.woff2	E22-E22	2103-2103	25A0-25A0	266A-266A	2699-2699	3014-3015	4E1A-4E1A	4E50-4E50	4F10-4F10	4F3D-4F3D	4F6C-4F6C	4F70-4F70	4FCF-4FCF	5006-5006	50D1-50D1	5170-5170	518C-518C	51F0-51F0	51F6-51F6	51F9-51F9	5219-5219	5256-5256	525D-525D	52C9-52C9	5349-5349	5351-5351	5356-5356	5375-5375	53DB-53DB	53EE-53EE	53F7-53F7	5492-5492	5497-5497	54FA-54FA	5538-5538	55BB-55BB	55E8-55E8	56B7-56B7	5757-5757	58BE-58BE	5937-5937	59DC-59DC	59E8-59E8	5A49-5A49	5A9A-5A9B	5AB3-5AB3	5B9B-5B9B	5B9E-5B9E	5BE8-5BE8	5C37-5C37	5C4E-5C4E	5D14-5D14	5D19-5D19	5D4C-5D4C	5D50-5D50	5DEB-5DEB	5E84-5E84	5E94-5E94	5EC2-5EC2	5F17-5F17	5F26-5F26	5F55-5F55	5F77-5F77	5F7F-5F7F	5FBD-5FBD	6052-6052	6064-6065	608D-608D	609A-609A	6101-6101	611A-611A	614C-614C	621A-621A	6237-6237	6284-6284	6296-6296	62E9-62E9	632A-632B	634F-634F	6488-6488	6500-6500	652A-652A	6556-6556	65E0-65E0	65EC-65EC	6643-6643	679A-679A	6850-6850	6893-6893	6897-6897	68B3-68B3	68D5-68D5	6930-6930	6960-6960	6A11-6A11	6A38-6A38	6A3A-6A3A	6B22-6B22	6B67-6B67	6B6A-6B6A	6C59-6C59	6C83-6C83	6CCC-6CCC	6DF5-6DF5	6EF7-6EF7	6F3E-6F3E	6F80-6F80	70ED-70ED	7164-7164	722A-722A	7260-7260	7272-7272	73B0-73B0	74CA-74CA	74E3-74E3	7538-7538	7586-7586	75B5-75B5	7624-7624	7661-7662	7838-7838	786E-786E	788C-788C	7950-7950	79A6-79A6	79AA-79AA	7A40-7A40	7A62-7A62	7BF7-7BF7	7C3E-7C3E	7C98-7C98	7CA5-7CA5	7D21-7D21	7D2E-7D2E	7DBA-7DBA	7E79-7E79	7ECF-7ECF	7F79-7F79	8086-8086	810A-810A	8139-8139	813E-813E	817A-817A	81B3-81B3	821F-821F	8247-8247	8259-8259	8271-8271	8431-8431	846C-846C	849C-849C	84B2-84B2	84C4-84C4	8513-8514	8549-8549	8755-8755	8877-8877	8881-8881	88F9-88F9	8A1D-8A1D	8A3C-8A3C	8A6D-8A6E	8A93-8A93	8AE7-8AE7	8AF7-8AF7	8B17-8B17	8B5A-8B5A	8BA1-8BA1	8BBA-8BBA	8CDC-8CDC	8DEA-8DEA	8F6C-8F6C	8F7D-8F7D	8FC7-8FC7	8FD9-8FD9	902E-902E	90CA-90CA	916A-916A	916C-916C	921E-921E	9245-9245	947C-947C	9594-9594	95A8-95A8	95EE-95EE	95F4-95F4	9706-9706	971E-971E	980C-980C	9891-9891	98B1-98B1	98FC-98FC	9903-9903	9957-9957	99AE-99AE	99FF-99FF	9DB4-9DB4	E602-E605	FF16-FF19
Noto Sans HK	400	/fonts/served/noto-sans-hk-106-400-normal.woff2	A5-A5	2190-2191	2193-2193	22C1-22C1	2302-2302	25CB-25CB	25CE-25CE	2709-2709	4E0E-4E0E	4E18-4E18	4E3A-4E3A	4E48-4E48	4E91-4E91	4EEC-4EEC	5112-5112	524A-524A	52A3-52A3	52AB-52AB	52C3-52C3	52F3-52F3	52FB-52FB	5320-5320	5339-5339	533F-533F	53E2-53E2	5435-5435	543E-543E	5480-5480	5495-5495	5564-5564	5572-5572	55C6-55C6	55EF-55EF	563B-563B	5653-5653	5657-5657	5764-5764	5824-5824	58D8-58D8	5955-5955	5983-5983	598D-598D	59A8-59A8	59DA-59DA	59E6-59E6	5A36-5A36	5BB5-5BB5	5BC2-5BC2	5BEE-5BEE	5BF9-5BF9	5CB3-5CB3	5D17-5D17	5DBC-5DBC	5E2E-5E2E	6070-6070	60DF-60DF	6190-6190	61A4-61A4	61BE-61BE	61FC-61FC	62AC-62AC	62BC-62BC	636E-636E	6398-6398	63A9-63A9	6435-6435	6487-6487	6495-6495	64AB-64AB	64BF-64BF	6577-6577	65AC-65AC	6602-6602	6652-6652	66F9-66F9	672D-672D	6761-6761	683D-683D	68AD-68AD	68B5-68B5	68DA-68DA	68E7-68E7	6A59-6A59	6A61-6A61	6AE5-6AE5	6B47-6B47	6BEF-6BEF	6C50-6C50	6C9B-6C9B	6E23-6E23	6E34-6E34	6E4A-6E4A	6E67-6E67	6EA2-6EA2	6EB6-6EB6	6F20-6F20	6FEB-6FEB	7149-7149	714C-714C	715E-715E	7199-7199	71AC-71AC	7231-7231	7262-7262	7409-7409	745F-745F	7469-7469	7504-7504	7535-7535	753A-753A	75F4-75F4	7682-7682	76BA-76BA	76F2-76F2	77FD-77FD	780D-780D	7832-7832	78C5-78C5	78EF-78EF	7901-7901	79BE-79BE	79C9-79C9	79E6-79E6	7A1A-7A1A	7A84-7A84	7ACA-7ACA	7CB5-7CB5	7CB9-7CB9	7CDF-7CDF	7CE7-7CE7	7D6E-7D6E	7DB1-7DB1	7DEF-7DEF	7E61-7E61	7E7D-7E7D	7E8F-7E8F	7F38-7F38	7F77-7F77	7FA8-7FA8	7FC5-7FC5	7FE1-7FE1	7FF9-7FF9	800D-800D	8015-8015	8054-8054	80A2-80A2	80AA-80AA	80BA-80BA	814E-814E	8180-8180	819D-819D	81C0-81C0	828B-828B	82AD-82AD	82AF-82AF	83F1-83F1	83F8-83F8	8403-8403	8475-8475	84BC-84BC	84C9-84C9	84EC-84EC	8523-8523	8569-8569	8591-8591	85B0-85B0	86D9-86D9	8774-8774	881F-881F	884D-884D	88D4-88D4	89C4-89C4	89C6-89C6	8A60-8A60	8A79-8A79	8B19-8B19	8BD5-8BD5	8BF7-8BF7	8C03-8C03	8C79-8C79	8CC8-8CC8	8D9F-8D9F	8E10-8E10	8E48-8E48	8EBA-8EBA	8FAF-8FAF	9009-9009	9017-9017	9175-9175	9187-9187	918B-918B	91D8-91D8	9214-9214	946B-946B	9470-9470	9640-9640	9675-9675	96EF-96EF	9716-9716	97CB-97CB	97E9-97E9	985B-985B	99B3-99B3	9B4F-9B4F	9D09-9D09	9E9F-9E9F	9EDB-9EDB	9F90-9F90	FF05-FF05	FF14-FF14	1F464-1F464
Noto Sans HK	400	/fonts/served/noto-sans-hk-107-400-normal.woff2	4E08-4E08	4E2A-4E2A	4E56-4E56	4E9A-4E9A	4EA8-4EA8	4EAD-4EAD	4EC7-4EC7	4F3A-4F3A	4F51-4F51	4F62-4F62	4FAF-4FAF	507D-507D	5098-5098	50AC-50AC	5147-5147	5173-5173	5187-5187	51F8-51F8	51FD-51FD	52A1-52A1	52A8-52A8	52F8-52F8	535C-535C	53ED-53ED	541E-541E	5475-5475	54A9-54A9	54C0-54C0	54C7-54C7	5589-5589	5605-5605	5690-5690	5733-5733	5782-5782	57C3-57C3	5858-5858	5893-5893	589C-589C	58E2-58E2	5974-5974	599E-599E	59A5-59A5	59EC-59EC	5B66-5B66	5B99-5B99	5B9D-5B9D	5C2C-5C2C	5C48-5C48	5C65-5C65	5CFD-5CFD	5D0E-5D0E	5DBA-5DBA	5DE2-5DE2	5E06-5E06	5E15-5E15	5EC1-5EC1	5ED6-5ED6	5F00-5F00	5F4C-5F4C	5F65-5F65	6055-6055	609F-609F	60B6-60B6	6241-6241	624E-624E	626F-626F	6291-6291	62CC-62CC	62D3-62D3	62D8-62D8	62DA-62DA	62FE-62FE	6349-6349	6367-6367	63EA-63EA	6454-6454	64A4-64A4	64B2-64B2	64BC-64BC	64C5-64C5	64CE-64CE	6558-6558	6572-6572	65A5-65A5	65E8-65E8	65ED-65ED	6606-6606	6614-6614	6670-6670	6688-6688	673A-673A	674F-674F	6770-6770	6795-6795	68CB-68CB	6912-6912	6953-6953	6AAC-6AAC	6AAF-6AAF	6AB8-6AB8	6B20-6B20	6B96-6B96	6BBF-6BBF	6BC5-6BC5	6C6A-6C6A	6CBE-6CBE	6D59-6D59	6D78-6D78	6DC7-6DC7	6DEB-6DEB	6E7E-6E7E	6E9C-6E9C	6F3F-6F3F	6F51-6F51	6F70-6F70	6F84-6F84	6FA1-6FA1	704C-704C	7051-7051	70AB-70AB	70AD-70AD	70F9-70F9	7119-7119	714E-714E	71D9-71D9	71E5-71E6	72C4-72C4	72D0-72D0	72E0-72E0	7334-7334	744B-744B	7455-7455	74F7-74F7	7529-7529	75AB-75AB	75B2-75B2	766E-766E	76C3-76C3	76FC-76FC	76FE-76FE	7891-7891	7948-7948	7A74-7A74	7B28-7B28	7C60-7C60	7C72-7C72	7CCA-7CCA	7EBF-7EBF	7F55-7F55	7FF0-7FF0	8154-8154	81C2-81C2	81D8-81D8	81E3-81E3	81E5-81E5	8292-8292	8299-8299	8302-8302	8304-8304	8332-8332	83C1-83C1	83C7-83C7	83CA-83CA	845B-845B	8490-8490	85AF-85AF	8650-8650	8667-8667	8ABC-8ABC	8B0E-8B0E	8B39-8B39	8BED-8BED	8C54-8C54	8C6B-8C6B	8C9E-8C9E	8CA7-8CA7	8CAA-8CAB	8CE6-8CE6	8CEC-8CED	8EB2-8EB2	8FB0-8FB0	901D-901D	908F-908F	9127-9127	91C0-91C0	9215-9215	92B3-92B3	932B-932B	93FD-93FD	95CA-95CA	964C-964C	96C0-96C0	970D-970D	9774-9774	97FB-97FB	9812-9812	9817-9817	9913-9913	9935-9935	99C1-99C1	9B31-9B31	9D5D-9D5D	9D6C-9D6C	9E79-9E79	FE0F-FE0F	FE30-FE30	FF0B-FF0B	FF10-FF10	FF15-FF15
Noto Sans HK	400	/fonts/served/noto-sans-hk-108-400-normal.woff2	B0-B0	926-926	928-928	939-939	93F-940	94D-94D	200B-200B	22EF-22EF	25BA-25BA	25C6-25C6	2665-2665	4E4F-4E4F	4E59-4E59	4F0D-4F0D	4F0F-4F0F	4F19-4F19	4F59-4F59	4FAE-4FAE	5075-5075	50B2-50B2	50B5-50B5	511F-511F	5141-5141	5146-5146	514C-514C	5185-5185	51DD-51DD	522E-522E	5319-5319	533A-533A	5378-5378	53AD-53AD	53C9-53C9	53D1-53D1	53D4-53D4	543B-543B	5442-5442	5446-5446	5481-5481	54E9-54E9	5507-5507	5565-5565	559A-559A	55AA-55AA	5606-5606	56CA-56CA	56FE-56FE	582A-582A	58FA-58FA	5915-5915	5949-5949	5962-5962	5996-5996	59FB-59FB	5A77-5A77	5B0C-5B0C	5B5F-5B5F	5BD3-5BD3	5BE2-5BE2	5BFA-5BFA	5C41-5C41	5CA9-5CA9	5D07-5D07	5EC8-5EC8	5ECA-5ECA	5F18-5F18	5F4E-5F4E	5F59-5F59	5F6D-5F6D	5F79-5F79	5FB9-5FB9	6028-6028	6062-6062	6068-6068	606D-606D	6094-6094	60F1-60F1	6108-6109	614E-614E	6170-6170	617E-617E	61B2-61B2	61F8-61F8	6247-6247	626D-626D	6276-6276	62AB-62AB	62CB-62CB	62F3-62F3	6368-6368	6380-6380	6492-6492	64B0-64B0	64E0-64E0	6570-6570	660F-660F	6649-6649	6691-6691	66A8-66A8	6749-6749	67F1-67F1	67F3-67F4	6842-6842	6851-6851	687F-687F	68DF-68DF	69FD-69FD	6A58-6A58	6C27-6C27	6C88-6C88	6CCA-6CCA	6CDB-6CDB	6D29-6D29	6D66-6D66	6DAF-6DAF	6F01-6F01	6F06-6F06	6F58-6F58	6F62-6F62	6F6D-6F6D	6FF1-6FF1	6FFE-6FFE	7058-7058	70AE-70AE	7235-7235	7267-7267	73CA-73CA	742A-742A	758F-758F	75BC-75BC	76C6-76C6	7740-7740	7955-7955	7A00-7A00	7A3B-7A3B	7B4B-7B4B	7BAD-7BAD	7BE9-7BE9	7C4C-7C4C	7CFE-7CFE	7DBF-7DBF	7E2B-7E2B	7E31-7E31	7E73-7E73	7F9E-7F9E	7FC1-7FC1	7FFC-7FFC	8096-8096	809D-809D	80DE-80DE	8108-8108	8155-8155	816B-816B	81DF-81DF	8277-8277	82BD-82BD	8352-8352	8393-8393	8404-8404	8525-8525	856D-856D	8587-8587	8606-8606	868A-868A	8776-8776	87BA-87BA	87F9-87F9	886B-886B	8870-8870	88D5-88D5	896A-896A	896F-896F	8A23-8A23	8A87-8A87	8AD2-8AD2	8B00-8B00	8B20-8B20	8CB8-8CB8	8CCA-8CCA	8CE0-8CE0	8D39-8D39	8D6B-8D6B	8D81-8D81	8DB4-8DB4	8E29-8E29	8EF8-8EF8	8F1B-8F1B	8F5F-8F5F	8FA8-8FA8	906E-906E	9077-9077	90AA-90AA	90B1-90B1	90C1-90C1	9165-9165	919C-919C	92C1-92C1	95D6-95D6	95E8-95E8	975A-975A	98C6-98C6	9ECF-9ECF	9F0E-9F0E	9F52-9F52	FEFF-FEFF	FF06-FF06	FF0A-FF0A	FF12-FF13
Noto Sans HK	400	/fonts/served/noto-sans-hk-109-400-normal.woff2	627-629	631-631	639-639	644-644	64A-64A	25CF-25CF	2606-2606	2764-2764	3008-3009	4E1F-4E1F	4E38-4E38	4E43-4E43	4ED5-4ED5	4EF0-4EF0	4EFF-4EFF	4FB6-4FB6	4FE0-4FE0	5085-5085	50A2-50A2	50BE-50BE	5118-5118	5211-5212	5272-5272	52FE-52FE	5366-5366	53B2-53B2	53EC-53EC	54AC-54AC	5587-5587	55B5-55B5	561B-561B	5751-5751	576A-576A	57CB-57CB	58EF-58EF	592F-592F	594F-594F	5951-5951	5954-5954	596E-596E	59D1-59D1	5AC1-5AC1	5ACC-5ACC	5B8B-5B8B	5C4D-5C4D	5C6F-5C6F	5CA1-5CA1	5D29-5D29	5DE1-5DE1	5DFE-5DFE	5E7D-5E7D	5EDF-5EDF	5EF7-5EF7	5F7C-5F7C	5F81-5F81	5FA1-5FA1	5FAA-5FAA	5FCC-5FCC	5FFD-5FFD	6021-6021	6046-6046	6155-6155	6212-6212	62B9-62B9	6316-6316	6350-6350	6478-6478	647A-647A	6490-6490	64E6-64E6	6524-6524	6591-6591	659C-659C	65A4-65A4	65E6-65E6	65F6-65F6	6607-6607	6674-6674	6765-6765	679D-679D	68A8-68A8	6B3A-6B3A	6C57-6C57	6C61-6C61	6C90-6C90	6CBF-6CBF	6D69-6D69	6DB5-6DB5	6DCB-6DCB	6DD1-6DD1	6E21-6E21	70D8-70D8	71C3-71C3	71D5-71D5	722C-722C	727D-727D	72AC-72AC	72FC-72FC	731C-731C	7336-7336	7344-7344	7384-7384	73AB-73AB	7433-7434	745C-745C	7470-7470	758A-758A	75D5-75D5	7652-7652	76C8-76C8	76E7-76E7	7709-7709	7720-7720	7747-7747	7763-7763	77AC-77AD	7802-7802	78A7-78A7	78A9-78A9	78B3-78B3	78C1-78C1	78DA-78DA	7926-7926	796D-796D	798D-798D	7AAE-7AAE	7B52-7B52	7C92-7C92	7D68-7D68	7D81-7D81	7E5E-7E5E	7E69-7E69	7F50-7F50	7F70-7F70	7F75-7F75	8058-8058	8070-8070	80C3-80C3	8105-8106	8179-8179	818F-818F	81A9-81A9	81ED-81ED	820C-820D	82D1-82D1	838E-838E	83CC-83CC	8461-8461	84B8-84B8	852C-852C	857E-857E	85E4-85E4	863F-863F	8679-8679	86C7-86C7	8702-8702	8896-8896	88C2-88C2	88F8-88F8	8AF8-8AF8	8B7D-8B7D	8CA2-8CA2	8CC0-8CC0	8D64-8D64	8D74-8D74	8D99-8D99	8E5F-8E5F	8E8D-8E8D	8ECC-8ECC	8ED2-8ED2	8FB1-8FB1	8FC5-8FC5	9022-9022	9038-9038	903E-903E	905C-905C	9072-9072	9081-9081	9189-9189	9234-9234	92D2-92D2	934A-934A	95A3-95A3	962A-962A	9646-9646	9676-9676	96D5-96D5	971C-971C	9838-9838	9875-9875	98C4-98C4	99DB-99DB	9A45-9A45	9A5F-9A5F	9A6C-9A6C	9AD2-9AD2	9CF4-9CF4	9D28-9D28	9DAF-9DAF	9DF9-9DF9	9E7D-9E7D	9F9C-9F9C	FF11-FF11	FF1E-FF1E
Noto Sans HK	400	/fonts/served/noto-sans-hk-110-400-normal.woff2	2500-2500	25BC-25BC	4E95-4E95	4F50-4F50	4F54-4F54	4F69-4F69	4FC4-4FC4	4FCA-4FCA	5009-5009	50BB-50BB	5154-5154	51CC-51CC	528D-528D	5291-5291	52D2-52D2	52E4-52E4	5353-5353	5360-5360	540A-540B	5410-5410	54F2-54F2	5510-5510	5514-5514	5537-5537	558A-558A	55AC-55AC	5617-5617	56FD-56FD	573E-573E	5766-5766	5783-5783	57D4-57D4	5806-5806	5821-5821	5857-5857	5875-5875	58F9-58F9	596A-596A	59AE-59AE	59C6-59C6	59CA-59CA	59FF-59FF	5A03-5A03	5AE9-5AE9	5B64-5B64	5BB4-5BB4	5C3F-5C3F	5E16-5E16	5E45-5E45	5E72-5E72	5EC9-5EC9	5F90-5F92	6012-6012	6016-6016	6084-6085	6089-6089	60A0-60A0	60A3-60A3	60B2-60B2	60D1-60D1	60F9-60F9	6148-6148	6158-6158	6191-6191	626E-626E	62D4-62D4	632F-632F	633A-633A	6355-6355	63AA-63AA	642C-642C	64A5-64A5	64CB-64CB	6566-6566	6575-6575	6597-6597	660C-660C	66B1-66B1	66EC-66EC	6731-6731	6735-6735	675C-675C	67EF-67EF	6846-6846	6876-6876	6881-6881	68AF-68B0	68C9-68C9	6905-6905	6B98-6B98	6BC0-6BC0	6BEB-6BEB	6C0F-6C0F	6C1B-6C1B	6C41-6C41	6CE5-6CE5	6CF3-6CF3	6D25-6D25	6D2A-6D2A	6D3D-6D3D	6D6E-6D6E	6DD8-6DD8	6DDA-6DDA	6DFA-6DFA	6E9D-6E9D	6EAA-6EAA	6EC5-6EC5	6ECB-6ECB	6EF4-6EF4	6F0F-6F0F	6F32-6F32	707D-707D	708E-708E	7092-7092	716E-716E	723A-723A	731B-731B	7345-7345	7375-7375	7378-7378	73B2-73B2	74E6-74E6	75BE-75BE	75DE-75DE	764C-764C	76DC-76DC	788E-788E	7897-7897	789F-789F	78B0-78B0	790E-790E	7965-7965	7A4E-7A4E	7AA9-7AA9	7C43-7C43	7D17-7D17	7DD2-7DD2	7E96-7E96	7F51-7F51	7F69-7F69	7F72-7F72	7FD4-7FD4	7FE0-7FE0	8017-8017	80A9-80A9	80D6-80D6	8102-8102	8150-8150	8178-8178	81BD-81BD	829D-829D	82AC-82AC	8303-8303	840C-840C	8482-8482	8499-8499	85A9-85AA	883B-883B	8861-8861	88C1-88C1	88CF-88CF	88D9-88D9	8A3A-8A3A	8A98-8A98	8AEE-8AEE	8C8C-8C8C	8CE2-8CE2	8D0F-8D0F	8DA8-8DA8	8DCC-8DCC	8E0F-8E0F	8E22-8E22	8F1D-8F1D	8F29-8F29	8FAD-8FAD	9003-9003	9006-9006	903C-903C	904D-904D	9059-9059	9075-9075	90CE-90CE	90ED-90ED	9130-9130	91AC-91AC	91E3-91E3	9285-9285	9298-9298	92EA-92EA	9326-9326	937E-937E	93C8-93C8	95C6-95C6	9677-9677	9727-9727	994B-994B	99A8-99A8	99D0-99D0	9A30-9A30	9A37-9A37	9B42-9B42	9B45-9B45	9D3B-9D3B	9E7F-9E7F	9EE8-9EE8	9F3B-9F3B	C5B4-C5B4
Noto Sans HK	400	/fonts/served/noto-sans-hk-111-400-normal.woff2	5E-5E	2502-2502	2605-2605	4E32-4E32	4E58-4E58	4EA1-4EA1	4EF2-4EF2	4F2F-4F30	4F75-4F75	4FD7-4FD7	4FF1-4FF1	501F-501F	5049-5049	5074-5074	5091-5091	5144-5144	517C-517C	51C6-51C6	51CD-51CD	5269-526A	52AA-52AA	52C1-52C1	52C7-52C7	52DF-52DF	5377-5377	541B-541B	5439-5439	5440-5440	5448-5448	54AA-54AA	54E6-54E6	54ED-54ED	5674-5674	5687-5687	585E-585E	588A-588A	58A8-58A8	58C1-58C1	5925-5925	5948-5948	5999-5999	59B3-59B3	5A1C-5A1C	5A46-5A46	5B54-5B54	5B5D-5B5D	5B6B-5B6B	5B8F-5B8F	5BD2-5BD2	5BE9-5BE9	5C0A-5C0A	5C16-5C16	5C46-5C46	5CF0-5CF0	5E25-5E25	5E3D-5E3D	5E79-5E79	5EE2-5EE2	5F04-5F04	5F31-5F31	5FCD-5FCD	5FE0-5FE0	60DC-60DC	6163-6163	616E-616E	6182-6182	61F6-61F6	622A-622A	6258-6258	6293-6293	62C6-62C6	62D2-62D2	6372-6372	63DA-63DA	63ED-63EE	6416-6416	6458-6458	649E-649E	64EC-64EC	64F4-64F4	651C-651C	65CB-65CB	65E2-65E2	65FA-65FA	6628-6628	6668-6668	66A2-66A2	66C9-66C9	66FC-66FC	6717-6717	67CF-67CF	67D4-67D4	6817-6817	6885-6885	69CD-69CD	6A6B-6A6B	6AFB-6AFB	6B32-6B32	6B49-6B49	6BBC-6BBC	6C89-6C89	6C96-6C96	6CC9-6CC9	6D1B-6D1B	6D1E-6D1E	6DFB-6DFB	6EFE-6EFE	6F38-6F38	6F5B-6F5B	6F64-6F64	6F8E-6F8E	6FA4-6FA4	7070-7070	70B8-70B8	70CF-70CF	70E4-70E4	7159-7159	7169-7169	7210-7210	721B-721B	7238-7238	737B-737B	73BB-73BB	746A-746A	7483-7483	74DC-74DC	74F6-74F6	7518-7518	756A-756A	75C7-75C7	775B-775B	78E8-78E8	7919-7919	7956-7956	795D-795D	7A0D-7A0D	7BC9-7BC9	7C97-7C97	7CD5-7CD5	7D10-7D10	7D1B-7D1B	7DE9-7DE9	7DFB-7DFB	7E3E-7E3E	7E6A-7E6A	7F6A-7F6A	7F8A-7F8A	7FBD-7FBD	8000-8000	8036-8036	809A-809A	80CE-80CE	80E1-80E1	80F8-80F8	8170-8170	819C-819C	8216-8216	8239-8239	8266-8266	827E-827E	82B3-82B3	8377-8377	83AB-83AB	85C9-85C9	865B-865B	8766-8766	87A2-87A2	87F2-87F2	8972-8972	8A17-8A17	8A50-8A50	8A95-8A95	8B02-8B02	8B6F-8B6F	8C6C-8C6C	8CA9-8CA9	8CFA-8CFA	8D95-8D95	8DE1-8DE1	8F14-8F14	8F9B-8F9B	8FA3-8FA3	8FEB-8FEB	8FF4-8FF4	9010-9010	901B-901B	905E-905E	9080-9080	912D-912D	9177-9177	91C7-91C7	9336-9336	9451-9451	947D-947D	963B-963B	966A-966A	9670-9670	9769-9769	9813-9813	98FD-98FD	99D5-99D5	9A19-9A19	9B27-9B27	9B6F-9B6F	9ECE-9ECE	9ED8-9ED8	9F13-9F13	9F20-9F20	AD6D-AD6D	D55C-D55C
Noto Sans HK	400	/fonts/served/noto-sans-hk-112-400-normal.woff2	201C-201D	203B-203B	2192-2192	25B2-25B2	300F-300F	4E01-4E01	4E39-4E39	4E73-4E73	4E88-4E88	4E8E-4E8E	4ED9-4ED9	4F0A-4F0A	4F38-4F38	4F5B-4F5B	4FC3-4FC3	500D-500D	504F-504F	5076-5077	5100-5100	5104-5104	5132-5132	5175-5175	5192-5192	51A0-51A0	51AC-51AC	51E1-51E1	51F1-51F1	5200-5200	5224-5224	5237-5238	523A-523A	526F-526F	5289-5289	52DE-52DE	52F5-52F5	5371-5371	539A-539A	53E5-53E5	540E-540E	547C-547C	552F-552F	5531-5531	5634-5634	56C9-56C9	56F0-56F0	574A-574A	5761-5761	57F7-57F7	57F9-57F9	5805-5805	5851-5851	5854-5854	586B-586B	58FD-58FD	592E-592E	5967-5967	59BB-59BB	59D3-59D3	5A18-5A18	5B30-5B30	5B55-5B55	5B87-5B87	5B97-5B97	5BE7-5BE7	5BEC-5BEC	5BF8-5BF8	5C24-5C24	5CB8-5CB8	5DF7-5DF7	5E1D-5E1D	5E2D-5E2D	5E7B-5E7B	5F1F-5F1F	5F70-5F70	5FD9-5FD9	61B6-61B6	6234-6234	62B5-62B5	62D6-62D6	62DC-62DC	62FC-62FC	6383-6383	63CF-63CF	63D2-63D2	63E1-63E1	640D-640D	64CD-64CD	64FA-64FA	64FE-64FE	654F-654F	6562-6562	656C-656C	65C1-65C1	65D7-65D7	6620-6620	6676-6676	6697-6697	66AB-66AB	66C6-66C6	66DD-66DD	66FF-66FF	671D-671D	672B-672B	677E-677E	67D0-67D0	67D3-67D3	68C4-68C4	690D-690D	694A-694A	695A-695A	6AC3-6AC3	6B04-6B04	6B23-6B23	6B78-6B78	6B8A-6B8A	6C60-6C60	6D74-6D74	6D89-6D89	6DB2-6DB2	6DBC-6DBC	6DE1-6DE1	6DF7-6DF7	6E38-6E38	6E6F-6E6F	6F02-6F02	6FC3-6FC3	6FD5-6FD5	70C8-70C8	7126-7126	718A-718A	723D-723D	7246-7246	72AF-72AF	73CD-73CD	760B-760B	7626-7626	7687-7687	79DF-79DF	7A05-7A05	7A3F-7A3F	7A69-7A69	7AF6-7AF6	7C3D-7C3D	7C3F-7C3F	7C4D-7C4D	7CD6-7CD6	7D0B-7D0B	7D2B-7D2B	7DE3-7DE3	7E2E-7E2E	8010-8010	808C-808C	80A5-80A5	80AF-80AF	812B-812B	817F-817F	819A-819A	82D7-82D7	8389-838A	83F2-83F2	840A-840A	8463-8463	8521-8521	8584-8584	860B-860B	864E-864E	871C-871C	878D-878D	885D-885D	8932-8932	89F8-89F8	8A69-8A69	8AFE-8AFE	8B5C-8B5C	8C37-8C37	8C46-8C46	8CBF-8CBF	8CD3-8CD3	8CF4-8CF4	8D08-8D08	8D0A-8D0A	8DDD-8DDD	8FEA-8FEA	9014-9014	9055-9055	907A-907A	9178-9178	92FC-92FC	934B-934B	9396-9396	93AE-93AE	9583-9583	9663-9663	96BB-96BB	9707-9707	9738-9738	9846-9846	9905-9905	9A0E-9A0E	9AA8-9AA8	9B25-9B25	9B3C-9B3C	9CE5-9CE5	9CF3-9CF3	9EA5-9EA5	9EB5-9EB5	9F4A-9F4A	9F61-9F61	FF0D-FF0D
Noto Sans HK	400	/fonts/served/noto-sans-hk-113-400-normal.woff2	3C-3C	D7-D7	300E-300E	4E4E-4E4E	4E82-4E82	4E92-4E92	4EC1-4EC1	4ECD-4ECD	4F48-4F48	4F53-4F53	4FB5-4FB5	5012-5012	502B-502B	522A-522A	52DD-52DD	52FF-52FF	532F-532F	53EB-53EB	53F3-53F3	5409-5409	5433-5433	5496-5496	54C8-54C8	554A-554A	5561-5561	5594-5594	559D-559D	56B4-56B4	56FA-56FA	5713-5713	5750-5750	57DF-57DF	584A-584A	58C7-58C7	58DE-58DE	593E-593E	5976-5976	59D0-59D0	59D4-59D4	5A66-5A66	5B85-5B85	5B88-5B88	5BA3-5BA3	5BAE-5BAE	5BBF-5BBF	5BDF-5BDF	5C01-5C01	5C04-5C04	5C3A-5C3A	5C3E-5C3E	5C4F-5C4F	5DDD-5DDE	5DE8-5DE8	5E63-5E63	5E7C-5E7C	5E8A-5E8A	5EDA-5EDA	5EF3-5EF3	5EF6-5EF6	5F48-5F48	6015-6015	6025-6025	602A-602A	6050-6050	6069-6069	60E1-60E1	6162-6162	6176-6176	61C2-61C2	6200-6200	6263-6263	6279-6279	6297-6297	62B1-62B1	62BD-62BD	62EC-62EC	6311-6311	6377-6377	6388-6389	638C-638C	63A2-63A2	63F4-63F4	641E-641E	6436-6436	64C1-64C1	6551-6551	6557-6557	6563-6563	6696-6696	66B4-66B4	66F2-66F2	6751-6751	675F-675F	676F-676F	6790-6790	6838-6838	684C-684C	68D2-68D2	6982-6982	699C-699C	69AE-69AE	69CB-69CB	6A39-6A39	6A4B-6A4B	6B66-6B66	6BD2-6BD2	6CB3-6CB3	6CE1-6CE1	6D3E-6D3E	6DE8-6DE8	6ED1-6ED1	6F22-6F22	6F54-6F54	6FC0-6FC0	6FDF-6FDF	719F-719F	71C8-71C8	7236-7236	7259-7259	72D7-72D7	7389-7389	73E0-73E0	745E-745E	751A-751A	7532-7533	7562-7562	7591-7591	75C5-75C5	75DB-75DB	7686-7686	76D2-76D2	76DB-76DB	76DF-76DF	76E3-76E3	7701-7701	7761-7761	786C-786C	7981-7981	79CB-79CB	79D2-79D2	79FB-79FB	7A81-7A81	7A97-7A97	7AEF-7AEF	7B26-7B26	7B80-7B80	7C64-7C64	7D0D-7D0D	7D14-7D14	7D2F-7D2F	7DCA-7DCA	7DF4-7DF4	7E54-7E54	7E6B-7E6B	7F3A-7F3A	8033-8033	804A-804A	805A-805A	81A0-81A0	81E8-81E8	8212-8212	821E-821E	82E6-82E6	8336-8336	8449-8449	84CB-84CB	84EE-84EE	85E5-85E5	8607-8607	888B-888B	8A13-8A13	8A5E-8A5E	8AA0-8AA0	8AA4-8AA4	8AB0-8AB0	8AB2-8AB2	8AC7-8AC7	8B66-8B66	8C6A-8C6A	8C93-8C93	8C9D-8C9D	8DE8-8DE8	8F2A-8F2A	8FB2-8FB2	906D-906D	907F-907F	90A6-90A6	9109-9109	9192-9192	91CB-91CB	91DD-91DD	964D-964D	9686-9686	968E-968E	9694-9694	969C-969C	96DE-96DE	96E8-96E8	96EA-96EA	96F7-96F7	975C-975C	9760-9760	978B-978B	9858-9858	9918-9918	9AEE-9AEE	9EBB-9EBB	FF0E-FF0F	FF5C-FF5C
Noto Sans HK	400	/fonts/served/noto-sans-hk-114-400-normal.woff2	B7-B7	2022-2022	2027-2027	3042-3042	3044-3044	3046-3046	3048-3048	304A-3050	3053-3057	3059-305B	305D-3061	3063-306C	306E-3079	307B-307B	307D-307F	3082-308D	308F-308F	3092-3093	30A1-30A4	30A6-30C1	30C3-30C4	30C6-30E1	30E3-30ED	30EF-30EF	30F3-30F3	30FB-30FC	4E7E-4E7E	4EA6-4EA6	4EAC-4EAC	4F34-4F34	50B7-50B7	51B0-51B0	523B-523B	5283-5283	5348-5348	5354-5354	54E5-54E5	5708-5708	590F-590F	592B-592B	599D-599D	59B9-59B9	5A01-5A01	5A5A-5A5A	5DE7-5DE7	5E78-5E78	5E9C-5E9C	5FB5-5FB5	6167-6167	61F7-61F7	627F-627F	63A1-63A1	64D4-64D4	65BD-65BD	68EE-68EE	6B4C-6B4C	6BBA-6BBA	6C5F-6C5F	6D0B-6D0B	6D6A-6D6A	6E1B-6E1B	6E56-6E56	6F6E-6F6E	71D2-71D2	722D-722D	72C2-72C2	751C-751C	7530-7530	7642-7642	76E1-76E1	79C0-79C0	7ADF-7ADF	7AF9-7AF9	7D9C-7D9C	7DA0-7DA0	7E23-7E23	7E41-7E41	8056-8056	8173-8173	822A-822A	8349-8349	83DC-83DC	8840-8840	885B-885B	8907-8907	8A34-8A34	8CB4-8CB4	8DD1-8DD1	8FD4-8FD4	8FF0-8FF0	93E1-93E1	984F-984F	98EF-98EF	9B54-9B54
Noto Sans HK	400	/fonts/served/noto-sans-hk-115-400-normal.woff2	23-25	3D-3D	2026-2026	4E03-4E03	4E45-4E45	4E5D-4E5D	4EAE-4EAE	4ED4-4ED4	4ED8-4ED8	4EE4-4EE4	4F01-4F01	4F3C-4F3C	4F8B-4F8B	4FC2-4FC2	5019-5019	505C-505C	50C5-50C5	5145-5145	51B7-51B7	5207-5207	521D-521D	525B-525B	5287-5287	52E2-52E2	535A-535A	537B-537B	5426-5426	542B-542B	5438-5438	5462-5462	54EA-54EA	555F-555F	5566-5566	5584-5584	5609-5609	570D-570D	571F-571F	5747-5747	5802-5802	58D3-58D3	591C-591C	5920-5920	5922-5922	5957-5957	5979-5979	5A92-5A92	5ABD-5ABD	5B63-5B63	5B69-5B69	5B83-5B83	5B9C-5B9C	5BB3-5BB3	5BC4-5BC4	5BF5-5BF5	5C3C-5C3C	5C40-5C40	5C4B-5C4B	5C64-5C64	5CF6-5CF6	5DE6-5DE6	5E0C-5E0C	5E55-5E55	5EAB-5EAB	5EAD-5EAD	5EE0-5EE0	5F85-5F85	5F8B-5F8B	5FA9-5FA9	5FD7-5FD8	5FF5-5FF5	600E-600E	6298-6298	62DB-62DB	62FF-62FF	639B-639B	63A7-63A7	642D-642D	6469-6469	64AD-64AD	651D-651D	653B-653B	65B7-65B7	65CF-65CF	665A-665A	666E-666E	66FE-66FE	6728-6728	674E-674E	67B6-67B6	6821-6821	6839-6839	6843-6843	6A94-6A94	6B50-6B50	6B62-6B62	6B72-6B72	6B7B-6B7B	6BCD-6BCD	6BDB-6BDB	6C38-6C38	6C7A-6C7A	6C7D-6C7D	6C99-6C99	6CB9-6CB9	6CE2-6CE2	6CF0-6CF0	6D17-6D17	6D32-6D32	6E2C-6E2C	6FB3-6FB3	7206-7206	723E-723E	725B-725B	734E-734E	7387-7387	73ED-73ED	7565-7565	7570-7570	76CA-76CA	76E4-76E4	773E-773E	77ED-77ED	77F3-77F3	7814-7814	7834-7834	7968-7968	79D8-79D8	7A76-7A76	7A7F-7A7F	7B11-7B11	7B46-7B46	7B54-7B54	7BC4-7BC4	7D19-7D19	7D20-7D20	7D22-7D22	7D42-7D42	7D55-7D55	7E7C-7E7C	7F85-7F85	7FFB-7FFB	8077-8077	8089-8089	80CC-80CC	81C9-81C9	81F4-81F4	81FA-81FA	820A-820A	822C-822C	826F-826F	85CD-85CD	86CB-86CB	88DC-88DC	8986-8986	8A0E-8A0E	8A2A-8A2A	8A73-8A73	8A8C-8A8C	8B1B-8B1B	8B9A-8B9A	8C50-8C50	8C61-8C61	8CA0-8CA0	8CDE-8CDE	8CFD-8CFD	8D8A-8D8A	8DF3-8DF3	8E64-8E64	8ECD-8ECD	8EDF-8EDF	8F38-8F38	8FF7-8FF7	9000-9000	9047-9047	9060-9060	90F5-90F5	9152-9152	91CE-91CE	9280-9280	9418-9418	9435-9435	9589-9589	9592-9592	9678-9678	967D-967D	968A-968A	96AA-96AA	96C5-96C5	96D6-96D6	96DC-96DC	96F6-96F6	9732-9732	9748-9748	9802-9802	9806-9806	9808-9808	9818-9818	983B-983B	984D-984D	9867-9867	98DB-98DB	98F2-98F2	98FE-98FE	9A5A-9A5A	9B06-9B06	9B5A-9B5A	9BAE-9BAE	9E97-9E97	FF1B-FF1B	FF5E-FF5E
Noto Sans HK	400	/fonts/served/noto-sans-hk-116-400-normal.woff2	26-26	40-40	4E14-4E14	4E9E-4E9E	4EC0-4EC0	4F11-4F11	4F4E-4F4F	4F73-4F73	4FEE-4FEE	503C-503C	5047-5047	514B-514B	516B-516B	516D-516D	5178-5178	520A-520A	5236-5236	5343-5343	5347-5347	534A-534A	5370-5370	53CD-53CD	53E4-53E4	53E6-53E6	53F2-53F2	5403-5403	5411-5411	5427-5427	5468-5468	5473-5473	547D-547D	552E-552E	55CE-55CE	5740-5740	57CE-57CE	5883-5883	589E-589E	5931-5931	5947-5947	59CB-59CB	5A1B-5A1B	5B58-5B58	5B98-5B98	5BA4-5BA4	5BC6-5BC6	5BCC-5BCC	5BEB-5BEB	5BF6-5BF6	5C45-5C45	5C6C-5C6C	5DEE-5DEE	5DF4-5DF4	5E03-5E03	5E33-5E33	5E6B-5E6B	5E7E-5E7E	5E8F-5E8F	5E95-5E95	5EA7-5EA7	5F15-5F15	5F62-5F62	5F69-5F69	5F80-5F80	5FAE-5FAE	5FB7-5FB7	601D-601D	60E0-60E0	614B-614B	6230-6230	6236-6236	623F-623F	628A-628A	6295-6295	62C9-62C9	6309-6309	63DB-63DB	64C7-64C7	64CA-64CA	64DA-64DA	652F-652F	6545-6545	6548-6548	65AF-65AF	65E9-65E9	6625-6625	666F-666F	667A-667A	670B-670B	671B-671B	6750-6750	677F-677F	6848-6848	6975-6975	6A13-6A13	6A21-6A21	6AA2-6AA2	6B65-6B65	6B77-6B77	6BB5-6BB5	6CC1-6CC1	6CE8-6CE8	6DF1-6DF1	6E90-6E90	6E96-6E96	6EAB-6EAB	6F14-6F14	6F2B-6F2B	700F-700F	706B-706B	724C-724C	72C0-72C0	7368-7368	7372-7372	74B0-74B0	756B-756B	76AE-76AE	773C-773C	78BA-78BA	78BC-78BC	798F-798F	79AE-79AE	7A4D-7A4D	7AE5-7AE5	7B56-7B56	7B97-7B97	7BB1-7BB1	7BC7-7BC7	7C73-7C73	7C89-7C89	7D00-7D00	7D30-7D30	7D39-7D39	7D72-7D72	7DAD-7DAD	7E8C-7E8C	7F6E-7F6E	7FA4-7FA4	7FA9-7FA9	7FD2-7FD2	8003-8003	807D-807D	80A1-80A1	80B2-80B2	8166-8166	8208-8209	82E5-82E5	843D-843D	85CF-85CF	85DD-85DD	862D-862D	8857-8857	8863-8863	88E1-88E1	89BA-89BA	89D2-89D2	8A31-8A31	8A62-8A62	8A66-8A66	8A72-8A72	8ABF-8ABF	8B1D-8B1D	8B58-8B58	8B70-8B70	8B80-8B80	8CA1-8CA1	8CA8-8CA8	8CAC-8CAC	8CBC-8CBC	8D70-8D70	8DA3-8DA3	8DB3-8DB3	8DDF-8DDF	8F03-8F03	8F15-8F15	8F2F-8F2F	8FA6-8FA6	8FCE-8FCE	8FFD-8FFD	900F-900F	9031-9031	9069-9069	908A-908A	91AB-91AB	91CC-91CC	92B7-92B7	9322-9322	932F-932F	9375-9375	9632-9632	963F-963F	9644-9644	9662-9662	9673-9673	96A8-96A8	96C4-96C4	96D9-96D9	96E2-96E3	96F2-96F2	9752-9752	97D3-97D3	97FF-97FF	9805-9805	9810-9810	986F-986F	990A-990A	9910-9910	9928-9928	9EC3-9EC3	9ED1-9ED1	9F8D-9F8D
Noto Sans HK	400	/fonts/served/noto-sans-hk-117-400-normal.woff2	3E-3E	5F-5F	7E-7E	3000-3000	300A-300B	3010-3011	4E16-4E16	4E26-4E26	4E94-4E94	4E9B-4E9B	4EA4-4EA4	4ECA-4ECB	4EFB-4EFB	4EFD-4EFD	4F46-4F46	4F55-4F55	4F9B-4F9B	4F9D-4F9D	4FBF-4FBF	505A-505A	5065-5065	5099-5099	50CF-50CF	50F9-50F9	512A-512A	5143-5143	5148-5148	514D-514D	5152-5152	5169-5169	5171-5171	5177-5177	518A-518A	5217-5217	5225-5225	5247-5247	5275-5275	529F-529F	52A9-52A9	5305-5305	5341-5341	5357-5357	5361-5361	5373-5373	53BB-53BB	53C3-53C3	53C8-53C8	53D6-53D7	53E3-53E3	53EA-53EA	53F8-53F8	5404-5404	559C-559C	5668-5668	56DB-56DB	56E0-56E0	5712-5712	5718-5718	578B-578B	57FA-57FA	58EB-58EB	592A-592A	5C0B-5C0B	5C0E-5C0E	5C11-5C11	5C1A-5C1A	5C55-5C55	5C71-5C71	5DF1-5DF1	5E2B-5E2B	5E36-5E36	5E97-5E97	5EB7-5EB7	5EE3-5EE3	5EFA-5EFA	5F35-5F35	5F37-5F37	5F88-5F88	5F9E-5F9E	5FC5-5FC5	606F-606F	60A8-60A8	6232-6232	624D-624D	6253-6253	627E-627E	6280-6280	62CD-62CD	6301-6301	6307-6307	6392-6392	6539-6539	653E-653F	6559-6559	6574-6574	65C5-65C5	6613-6613	66F8-66F8	672A-672A	6797-6797	67E5-67E5	6A19-6A19	6A23-6A23	6B61-6B61	6BCF-6BCF	6BD4-6BD4	6C11-6C11	6C42-6C42	6D41-6D41	6D77-6D77	6D88-6D88	6E05-6E05	6E2F-6E2F	6EFF-6EFF	7136-7136	7167-7167	71DF-71DF	738B-738B	73A9-73A9	7403-7403	7531-7531	7537-7537	754C-754C	7559-7559	767D-767E	76F4-76F4	793A-793A	795E-795E	79C1-79C1	79D1-79D1	7A2E-7A2E	7A31-7A31	7A7A-7A7A	7AE0-7AE0	7BA1-7BA1	7BC0-7BC0	7C21-7C21	7CFB-7CFB	7D04-7D05	7D1A-7D1A	7D44-7D44	7D66-7D66	7D71-7D71	7DE8-7DE8	7E3D-7E3D	8001-8001	800C-800C	805E-805E	8072-8072	81F3-81F3	82B1-82B1	82F1-82F1	83EF-83EF	842C-842C	8457-8457	85A6-85A6	8655-8655	8853-8853	88AB-88AB	88DD-88DD	88FD-88FD	897F-897F	898F-898F	89AA-89AA	89BD-89BD	89C0-89C0	89E3-89E3	8A02-8A02	8A3B-8A3B	8A55-8A55	8A8D-8A8D	8A9E-8A9E	8AD6-8AD6	8B49-8B49	8B77-8B77	8B8A-8B8A	8B93-8B93	8CB7-8CB7	8CE3-8CE3	8CEA-8CEA	8CFC-8CFC	8F09-8F09	8FD1-8FD1	9001-9001	901F-9020	9054-9054	90A3-90A3	914D-914D	91CF-91CF	9304-9304	95B1-95B1	9650-9650	9664-9664	969B-969B	96B1-96B1	96C6-96C6	9700-9700	975E-975E	97F3-97F3	98A8-98A8	98DF-98DF	9999-9999	99AC-99AC	9A57-9A57	9EBC-9EBC
Noto Sans HK	400	/fonts/served/noto-sans-hk-118-400-normal.woff2	D-D	2B-2B	7C-7C	A0-A0	A9-A9	300C-300D	4E09-4E09	4E3B-4E3B	4E4B-4E4B	4E5F-4E5F	4E86-4E86	4E8B-4E8C	4EAB-4EAB	4ED6-4ED6	4EE3-4EE3	4EF6-4EF6	4F1A-4F1A	4F4D-4F4D	4F60-4F60	4F7F-4F7F	4F86-4F86	4FDD-4FDD	4FE1-4FE1	5011-5011	50B3-50B3	5149-5149	5167-5167	5176-5176	518D-518D	5229-5229	524D-524D	529B-529B	52A0-52A0	52D9-52D9	5316-5317	5340-5340	539F-539F	53CA-53CB	5408-5408	540C-540D	544A-544A	548C-548C	54C1-54C1	54E1-54E1	5546-5546	554F-554F	55AE-55AE	56DE-56DE	5716-5716	5831-5831	5834-5834	5916-5916	5929-5929	5973-5973	597D-597D	5982-5982	5B57-5B57	5B78-5B78	5B89-5B89	5B8C-5B8C	5B9A-5B9A	5BA2-5BA2	5BB9-5BB9	5BE6-5BE6	5C07-5C08	5C0D-5C0D	5C31-5C31	5DE5-5DE5	5DF2-5DF2	5E02-5E02	5E38-5E38	5E73-5E74	5EA6-5EA6	5F0F-5F0F	5F71-5F71	5F8C-5F8C	5F97-5F97	5FEB-5FEB	6027-6027	60C5-60C5	60F3-60F3	610F-610F	611B-611B	611F-611F	61C9-61C9	6210-6210	6216-6216	6240-6240	624B-624B	63A5-63A5	63A8-63A8	63D0-63D0	641C-641C	6536-6536	6578-6578	6599-6599	65B9-65B9	660E-660E	661F-661F	662D-662D	66F4-66F4	670D-670D	671F-671F	6771-6771	679C-679C	682A-682A	683C-683C	689D-689D	696D-696D	6A02-6A02	6A5F-6A5F	6B0A-6B0A	6B21-6B21	6B3E-6B3E	6B64-6B64	6C23-6C23	6C34-6C34	6C92-6C92	6CBB-6CBB	6CD5-6CD5	6D3B-6D3B	7063-7063	7121-7121	71B1-71B1	7247-7248	7269-7269	7279-7279	73FE-73FE	7406-7406	7522-7522	7576-7576	767B-767B	76EE-76EE	76F8-76F8	770B-770B	771F-771F	77E5-77E5	793E-793E	7A0B-7A0B	7ACB-7ACB	7AD9-7AD9	7B2C-7B2C	7B49-7B49	7CBE-7CBE	7D50-7D50	7D61-7D61	7D93-7D93	7DDA-7DDA	7F8E-7F8E	8005-8005	806F-806F	80FD-80FD	81EA-81EA	8207-8207	8272-8272	865F-865F	8868-8868	8981-8981	898B-898B	8996-8996	8A00-8A00	8A08-8A08	8A0A-8A0A	8A18-8A18	8A2D-8A2D	8A71-8A71	8AAA-8AAA	8ACB-8ACB	8CBB-8CBB	8CC7-8CC7	8D77-8D77	8D85-8D85	8DEF-8DEF	8EAB-8EAB	8ECA-8ECA	8F49-8F49	9019-901A	9023-9023	9032-9032	904A-904B	904E-904E	9053-9053	9078-9078	9084-9084	90E8-90E8	90FD-90FD	91CD-91CD	91D1-91D1	9577-9577	9580-9580	9593-9593	9762-9762	982D-982D	984C-984C	985E-985E	9996-9996	9AD4-9AD4	9AD8-9AD8	9EDE-9EDE	FF01-FF01	FF08-FF09	FF1F-FF1F
Noto Sans HK	400	/fonts/served/noto-sans-hk-119-400-normal.woff2	20-22	27-2A	2C-3B	3F-3F	41-5D	61-7B	7D-7D	AB-AB	AE-AE	B2-B3	BB-BB	BF-BF	C9-C9	CD-CD	D6-D6	E0-EF	F1-F4	F6-F6	F9-FA	FC-FD	101-101	103-103	110-111	113-113	12B-12B	14D-14D	16B-16B	1A1-1A1	1B0-1B0	1CE-1CE	300-301	1EA1-1EA1	1EA3-1EA3	1EBF-1EBF	1EC7-1EC7	2013-2014	2039-203A	203C-203C	2122-2122	3001-3002	3113-3114	3118-3118	311A-3129	4E00-4E00	4E0A-4E0B	4E0D-4E0D	4E2D-4E2D	4EBA-4EBA	4EE5-4EE5	4F5C-4F5C	500B-500B	5165-5165	5168-5168	516C-516C	51FA-51FA	5206-5206	5230-5230	52D5-52D5	53EF-53F0	570B-570B	5728-5728	5730-5730	591A-591A	5927-5927	5B50-5B50	5BB6-5BB6	5C0F-5C0F	5FC3-5FC3	6211-6211	6587-6587	65B0-65B0	65BC-65BC	65E5-65E5	662F-662F	6642-6642	6700-6700	6703-6703	6708-6709	672C-672C	6B63-6B63	70B9-70BA	751F-751F	7528-7528	767C-767C	7684-7684	7DB2-7DB2	884C-884C	958B-958B	95DC-95DC	96FB-96FB	9801-9801	FF0C-FF0C	FF1A-FF1A
Noto Sans HK	700	/fonts/served/noto-sans-hk-0-700-normal.woff2	28EB2-28EB3	28ED9-28ED9	28EE7-28EE7	28FC5-28FC5	29079-29079	29088-29088	2908B-2908B	29093-29093	290AF-290B1	290C0-290C0	290E4-290E5	290EC-290ED	2910D-2910D	29110-29110	2913C-2913C	2914D-2914D	2915B-2915B	2915E-2915E	29170-29170	2919C-2919C	291A8-291A8	291D5-291D5	291EB-291EB	2941D-2941D	29420-29420	29433-29433	2943F-2943F	29448-29448	294D0-294D0	294D9-294DA	294E5-294E5	294E7-294E7	2959E-2959E	295B0-295B0	295B8-295B8	295D7-295D7	295E9-295E9	295F4-295F4	29720-29720	29732-29732	297D4-297D4	29810-29810	29857-29857	298A4-298A4	298D1-298D1	298EA-298EA	298F1-298F1	298FA-298FA	29903-29903	29905-29905	2992F-2992F	29945-29945	29947-29949	2995D-2995D	2996A-2996A	2999D-2999D	299C3-299C3	299C9-299C9	29A28-29A28	29A4D-29A4D	29B05-29B05	29B0E-29B0E	29BD5-29BD5	29C73-29C73	29CAD-29CAD	29D3E-29D3E	29D5A-29D5A	29D7C-29D7C	29D98-29D98	29D9B-29D9B	29DF6-29DF6	29E06-29E06	29E2D-29E2D	29E68-29E68	29EAC-29EAC	29EB0-29EB0	29EC3-29EC3	29EF8-29EF8	29F23-29F23	29F30-29F30	29FB7-29FB7	29FDE-29FDE	2A014-2A014	2A087-2A087	2A0B9-2A0B9	2A0E1-2A0E1	2A0ED-2A0ED	2A0F3-2A0F3	2A0F8-2A0F8	2A0FE-2A0FE	2A107-2A107	2A123-2A123	2A133-2A134	2A150-2A150	2A192-2A193	2A1AB-2A1AB	2A1B4-2A1B5	2A1DF-2A1DF	2A1F5-2A1F5	2A220-2A220	2A233-2A233	2A293-2A293	2A29F-2A29F	2A2B2-2A2B2	2A2B4-2A2B4	2A2B6-2A2B6	2A2BA-2A2BA	2A2BD-2A2BD	2A2DF-2A2DF	2A2FF-2A2FF	2A351-2A351	2A3A9-2A3A9	2A3ED-2A3ED	2A434-2A434	2A45B-2A45B	2A5C6-2A5C6	2A5CB-2A5CB	2A601-2A601	2A632-2A632	2A64A-2A64A	2A65B-2A65B	2A6A9-2A6A9	2ADFF-2ADFF	2F825-2F825	2F83B-2F83B	2F840-2F840	2F878-2F878	2F894-2F894	2F8A6-2F8A6	2F8CD-2F8CD	2F994-2F994	2F9B2-2F9B2	2F9BC-2F9BC	2F9D4-2F9D4	F0001-F0005	F0019-F0019	F009B-F009B	F0101-F0104	F012B-F012B	F01BA-F01BA	F01D6-F01D6	F0209-F0209	F0217-F0217	F0223-F0224	FC355-FC355	FE327-FE327	FE517-FE517	FEB97-FEB97	FFFB4-FFFB4
Noto Sans HK	700	/fonts/served/noto-sans-hk-1-700-normal.woff2	28189-28189	281AF-281AF	281BC-281BC	28207-28207	28218-28218	2821A-2821A	28256-28256	2827C-2827C	2829B-2829B	282CD-282CD	282E2-282E2	28306-28306	28318-28318	2832F-2832F	2833A-2833A	28365-28365	2836D-2836D	2837D-2837D	2838A-2838A	28412-28412	28468-28468	2846C-2846C	28473-28473	28482-28482	28501-28501	2853C-2853D	2856C-2856C	285E8-285E8	285F4-285F4	28600-28600	2860B-2860B	28625-28625	2863B-2863B	286AA-286AB	286B2-286B2	286BC-286BC	286D8-286D8	286E6-286E6	2870F-2870F	28713-28713	28804-28804	2882B-2882B	2890D-2890D	28933-28933	28948-28949	28956-28956	28964-28964	28968-28968	2896C-2896D	2897E-2897E	28989-28989	2898D-2898D	289A8-289A8	289AA-289AB	289B8-289B8	289BC-289BC	289C0-289C0	289DC-289DC	289DE-289DE	289E1-289E1	289E3-289E4	289E7-289E8	289F9-289FC	28A0F-28A0F	28A16-28A16	28A25-28A25	28A29-28A29	28A32-28A32	28A36-28A36	28A44-28A4B	28A59-28A5A	28A81-28A83	28A9A-28A9C	28AC0-28AC0	28AC6-28AC6	28ACB-28ACC	28ACE-28ACE	28ADE-28AE3	28AE5-28AE5	28AEA-28AEA	28AFC-28AFC	28B0C-28B0C	28B13-28B13	28B21-28B22	28B2B-28B2D	28B2F-28B2F	28B46-28B46	28B4C-28B4C	28B4E-28B4E	28B50-28B50	28B63-28B66	28B6C-28B6C	28B8F-28B8F	28B99-28B99	28B9C-28B9D	28BB9-28BB9	28BC2-28BC2	28BC5-28BC5	28BD4-28BD4	28BD7-28BD7	28BD9-28BDA	28BE7-28BEC	28BF5-28BF5	28BFF-28BFF	28C03-28C03	28C09-28C09	28C1C-28C1D	28C23-28C23	28C26-28C26	28C2B-28C2B	28C30-28C30	28C39-28C39	28C3B-28C3B	28CCA-28CCA	28CCD-28CCD	28CD2-28CD2	28D34-28D34	28D99-28D99	28DB9-28DB9	28E0F-28E0F	28E36-28E36	28E39-28E39	28E65-28E66	28E97-28E97	28EAC-28EAC
Noto Sans HK	700	/fonts/served/noto-sans-hk-2-700-normal.woff2	26DA0-26DA7	26DAE-26DAE	26DDC-26DDC	26DEA-26DEB	26DF0-26DF0	26E00-26E00	26E05-26E05	26E07-26E07	26E12-26E12	26E42-26E45	26E6E-26E6E	26E72-26E72	26E77-26E77	26E84-26E84	26E88-26E88	26E8B-26E8B	26E99-26E99	26ED0-26ED7	26F26-26F26	26F73-26F74	26F9F-26F9F	26FA1-26FA1	26FBE-26FBE	26FDE-26FDF	2700E-2700E	2704B-2704B	27052-27053	27088-27088	270AD-270AF	270CD-270CD	270D2-270D2	270F0-270F0	270F8-270F8	27109-27109	2710C-2710D	27126-27127	27164-27165	27175-27175	271CD-271CD	2721B-2721B	27267-27267	27280-27280	27285-27285	2728B-2728B	272B2-272B2	272B6-272B6	272E6-272E6	27352-27352	2739A-2739A	273FF-273FF	27422-27422	27450-27450	27484-27484	27486-27486	27574-27574	275A3-275A3	275E0-275E0	275E4-275E4	275FD-275FE	27607-27607	2760C-2760C	27632-27632	27639-27639	27655-27657	27694-27694	2770F-2770F	27735-27736	27741-27741	2775E-2775E	27784-27785	277CC-277CC	27858-27858	27870-27870	2789D-2789D	278B2-278B2	278C8-278C8	27924-27924	27967-27967	2797A-2797A	279A0-279A0	279DD-279DD	279FD-279FD	27A0A-27A0A	27A0E-27A0E	27A3E-27A3E	27A53-27A53	27A59-27A59	27A79-27A79	27A84-27A84	27ABD-27ABE	27AF4-27AF4	27B06-27B06	27B0B-27B0B	27B18-27B18	27B38-27B3A	27B48-27B48	27B65-27B65	27BEF-27BEF	27BF4-27BF4	27C12-27C12	27C6C-27C6C	27CB1-27CB1	27CC5-27CC5	27D2F-27D2F	27D53-27D54	27D66-27D66	27D73-27D73	27D84-27D84	27D8F-27D8F	27D98-27D98	27DBD-27DBD	27DDC-27DDC	27E4D-27E4D	27E4F-27E4F	27F2E-27F2E	27FF9-27FF9	28002-28002	28009-28009	2801E-2801E	28023-28024	28048-28048	28083-28083	28090-28090	280BD-280BE	280E8-280E9	280F4-280F4	2812E-2812E	2814F-2814F	2815D-2815D	2816F-2816F
Noto Sans HK	700	/fonts/served/noto-sans-hk-3-700-normal.woff2	25A9C-25A9C	25AAE-25AAF	25AE9-25AE9	25B74-25B74	25B89-25B89	25BB3-25BB4	25BC6-25BC6	25BE4-25BE4	25BE8-25BE8	25C01-25C01	25C06-25C06	25C21-25C21	25C4A-25C4A	25C65-25C65	25C91-25C91	25CA4-25CA4	25CC0-25CC1	25CFE-25CFE	25D20-25D20	25D30-25D30	25D43-25D43	25D99-25D99	25DB9-25DB9	25E0E-25E0E	25E49-25E49	25E81-25E83	25EA6-25EA6	25EBC-25EBC	25ED7-25ED8	25F1A-25F1A	25F4B-25F4B	25FE1-25FE2	26021-26021	26029-26029	26048-26048	26064-26064	26083-26083	26097-26097	260A4-260A5	26102-26102	26121-26121	26159-2615C	261AD-261AE	261B2-261B2	261DD-261DD	26258-26258	26261-26261	2626A-2626B	262D0-262D0	26335-26335	2634B-2634C	26351-26351	263BE-263BE	263F5-263F5	263F8-263F8	26402-26402	26410-26412	2644A-2644A	26469-26469	26484-26484	26488-26489	2648D-2648D	26498-26498	26512-26512	26572-26572	265A0-265A0	265AD-265AD	265BF-265BF	26612-26612	26626-26626	266AF-266AF	266B1-266B1	266B5-266B5	266DA-266DA	266E8-266E8	266FC-266FC	26716-26716	26741-26741	26799-26799	267B3-267B4	267CC-267CC	2681C-2681C	26846-26846	2685E-2685E	2686E-2686E	26888-26888	2688A-2688A	26893-26893	268C7-268C7	2690E-2690E	26911-26911	26926-26926	26939-26939	26951-26951	269A8-269A8	269B5-269B5	269F2-269F2	269FA-269FA	26A2D-26A2E	26A34-26A34	26A42-26A42	26A51-26A52	26B05-26B05	26B0A-26B0A	26B13-26B13	26B15-26B15	26B23-26B23	26B28-26B28	26B50-26B53	26B5B-26B5B	26B75-26B75	26B82-26B82	26B96-26B97	26B9D-26B9D	26BB3-26BB3	26BC0-26BC0	26BF7-26BF7	26C21-26C21	26C40-26C41	26C46-26C46	26C7E-26C82	26CA4-26CA4	26CB7-26CB8	26CBD-26CBD	26CC0-26CC0	26CC3-26CC3	26CD1-26CD1	26D22-26D2A	26D51-26D51	26D74-26D74
Noto Sans HK	700	/fonts/served/noto-sans-hk-4-700-normal.woff2	249BB-249BB	249C5-249C5	249D0-249D0	249DA-249DA	249DE-249DF	249E3-249E3	249E5-249E5	249EC-249ED	249F6-249F9	249FB-249FB	24A0E-24A0E	24A12-24A13	24A15-24A15	24A21-24A2A	24A3E-24A3E	24A42-24A42	24A45-24A45	24A4A-24A4A	24A4E-24A51	24A5D-24A5D	24A65-24A67	24A71-24A71	24A77-24A7A	24A8C-24A8C	24A93-24A96	24AA4-24AA7	24AB1-24AB3	24ABA-24ABC	24AC0-24AC0	24AC7-24AC7	24ACA-24ACA	24AD1-24AD1	24ADF-24ADF	24AE2-24AE2	24AE9-24AE9	24B0F-24B0F	24B6E-24B6E	24BF5-24BF5	24C09-24C09	24C9E-24C9F	24CC9-24CC9	24CD9-24CD9	24D06-24D06	24D13-24D13	24DB8-24DB8	24DEA-24DEB	24E3B-24E3B	24E50-24E50	24EA5-24EA5	24EA7-24EA7	24F0E-24F0E	24F5C-24F5C	24F82-24F82	24F86-24F86	24F97-24F97	24F9A-24F9A	24FA9-24FA9	24FB8-24FB8	24FC2-24FC2	2502C-2502C	25052-25052	2509D-2509D	2512B-2512B	25148-25148	2517D-2517E	251CD-251CD	251E3-251E3	251E6-251E7	25220-25221	25250-25250	25299-25299	252C7-252C7	252D8-252D8	2530E-2530E	25311-25311	25313-25313	25419-25419	25425-25425	2542F-25430	25446-25446	2546C-2546C	2546E-2546E	2549A-2549A	25531-25531	25535-25535	2553F-2553F	2555B-2555E	25562-25562	25565-25566	25581-25581	25584-25584	2558F-2558F	255B9-255B9	255D5-255D5	255DB-255DB	255E0-255E0	25605-25605	25635-25635	25651-25651	25683-25683	25695-25695	256E3-256E3	256F6-256F6	25706-25706	2571D-2571D	25725-25725	2573D-2573D	25772-25772	257C7-257C7	257DF-257E1	25857-25857	2585D-2585D	25872-25872	258C8-258C8	258DE-258DE	258E1-258E1	25903-25903	25946-25946	25956-25956	259AC-259AC	259CC-259CC	25A54-25A54	25A95-25A95
Noto Sans HK	700	/fonts/served/noto-sans-hk-5-700-normal.woff2	23F61-23F61	23F7F-23F82	23F8F-23F8F	23FB4-23FB4	23FB7-23FB7	23FC0-23FC0	23FC5-23FC5	23FEB-23FF0	24011-24011	24039-2403D	24057-24057	24085-24085	2408B-2408D	24091-24091	240C9-240C9	240E1-240E1	240EC-240EC	24104-24104	2410F-2410F	24119-24119	2413F-24140	24144-24144	2414E-2414E	24155-24157	2415C-2415C	2415F-2415F	24161-24161	24177-24177	2417A-2417A	241A3-241A5	241AC-241AC	241B5-241B5	241CD-241CD	241E2-241E2	241FC-241FC	2421B-2421B	2424B-2424B	24256-24256	24259-24259	24276-24278	24284-24284	24293-24293	24295-24295	242A5-242A5	242BF-242BF	242C1-242C1	242C9-242CA	242EE-242EE	242FA-242FA	2430D-2430D	2431A-2431A	24334-24334	24348-24348	24362-24365	2438C-2438C	24396-24396	2439C-2439C	243BD-243BD	243C1-243C1	243E9-243EA	243F2-243F2	243F8-243F8	24404-24404	24435-24436	2445A-2445B	24473-24473	24487-24488	244B9-244B9	244BC-244BC	244CE-244CE	244D3-244D3	244D6-244D6	24505-24505	24521-24521	24578-24578	245C8-245C8	24618-24618	2462A-2462A	24665-24665	24674-24674	24697-24697	246D4-246D4	24706-24706	24725-24725	2472F-2472F	2478F-2478F	247E0-247E0	24812-24812	24823-24823	24882-24882	248E9-248E9	248F0-248F3	248FB-248FB	248FF-24901	2490C-2490C	24916-24917	24919-24919	2492F-2492F	24933-24934	2493E-24943	24962-24963	24974-24976	2497B-2497B	2497F-2497F	24982-24982	24988-2498F	24994-24994	249A4-249A4	249A7-249A7	249A9-249A9	249AB-249AD	249B7-249BA
Noto Sans HK	700	/fonts/served/noto-sans-hk-6-700-normal.woff2	22E8B-22E8B	22EB3-22EB3	22EEF-22EEF	22F74-22F74	22FCC-22FCC	22FE3-22FE3	23033-23033	23044-23044	2304B-2304B	23066-23066	2307D-2307E	2308E-2308E	230B7-230B7	230BC-230BC	230DA-230DA	23103-23103	2313D-2313D	2317D-2317D	23182-23182	231A4-231A5	231B3-231B3	231C8-231C9	231EA-231EA	231F7-231F9	2320F-2320F	23225-23225	2322F-2322F	23231-23234	23256-23256	2325E-2325E	23262-23262	23281-23281	23289-2328A	232AB-232AD	232D2-232D2	232E0-232E1	23300-23300	2330A-2330A	2331F-2331F	233B4-233B4	233CC-233CC	233DE-233DE	233E6-233E6	233F4-233F5	233F9-233FA	233FE-233FE	23400-23400	2343F-2343F	23450-23450	2346F-2346F	23472-23472	234E5-234E5	23519-23519	23530-23530	23551-23551	2355A-2355A	23567-23567	23595-23595	23599-23599	2359C-2359C	235BB-235BB	235CD-235CF	235F3-235F3	23600-23600	23617-23617	2361A-2361A	2363C-2363C	23640-23640	23659-23659	2365F-2365F	23677-23677	2368E-2368E	2369E-2369E	236A6-236A6	236AD-236AD	236BA-236BA	236DF-236DF	236EE-236EE	23703-23703	23716-23716	23720-23720	2372D-2372D	2372F-2372F	2373F-2373F	23766-23766	23781-23781	237A2-237A2	237BC-237BC	237C2-237C2	237D5-237D7	2383A-2383A	239C2-239C2	23AA7-23AA7	23ADB-23ADB	23AEE-23AEE	23AFA-23AFA	23B1A-23B1A	23B5A-23B5A	23C63-23C63	23C99-23C9B	23CB5-23CB5	23CB7-23CB7	23CC7-23CC9	23CFC-23CFF	23D40-23D40	23D5B-23D5B	23D7E-23D7E	23D8F-23D8F	23DB6-23DBD	23DE3-23DE3	23DF8-23DF8	23E06-23E06	23E11-23E11	23E2C-23E31	23E39-23E39	23E88-23E8B	23EB9-23EB9	23EBF-23EBF	23ED7-23ED7	23EF7-23EFC	23F35-23F35	23F41-23F41	23F4A-23F4A
Noto Sans HK	700	/fonts/served/noto-sans-hk-7-700-normal.woff2	21927-21927	2193B-2193B	21944-21944	21958-21958	2196A-2196A	2197C-2197C	21980-21980	21983-21983	21988-21988	21996-21996	219DB-219DB	219F3-219F3	21A2D-21A2D	21A34-21A34	21A45-21A45	21A4B-21A4B	21A63-21A63	21B44-21B44	21BC1-21BC2	21C2A-21C2A	21C70-21C70	21CA2-21CA2	21CA5-21CA5	21CAC-21CAC	21D46-21D46	21D53-21D53	21D5E-21D5E	21D90-21D90	21DB6-21DB6	21DBA-21DBA	21DCA-21DCA	21DD1-21DD1	21DEB-21DEB	21DF9-21DF9	21E1C-21E1C	21E23-21E23	21E37-21E37	21E3D-21E3D	21E89-21E89	21EA4-21EA4	21EA8-21EA8	21EC8-21EC8	21ED5-21ED5	21F0F-21F0F	21F15-21F15	21F6A-21F6A	21F9E-21F9E	21FA1-21FA1	21FE8-21FE8	22045-22045	22049-22049	2207E-2207E	2209A-2209A	220C7-220C7	220FC-220FC	2212A-2212A	2215B-2215B	22173-22173	2217A-2217A	221A1-221A1	221C1-221C1	221C3-221C3	22208-22208	2227C-2227C	22321-22321	22325-22325	223BD-223BD	223D0-223D0	223D7-223D7	223FA-223FA	22465-22465	22471-22471	2248B-2248B	22491-22491	224B0-224B0	224BC-224BC	224C1-224C1	224C9-224C9	224CC-224CC	224ED-224ED	22513-22513	2251B-2251B	22530-22530	22554-22554	2258D-2258D	225AF-225AF	225BE-225BE	2261B-2261C	2262B-2262B	22668-22668	2267A-2267A	22696-22696	22698-22698	226F4-226F6	22712-22712	22714-22714	2271B-2271B	2271F-2271F	2272A-2272A	22775-22775	22781-22781	22796-22796	227B4-227B5	227CD-227CD	22803-22803	2285F-22860	22871-22871	228AD-228AD	228C1-228C1	228F7-228F7	22926-22926	22939-22939	2294F-2294F	22967-22967	2296B-2296B	22980-22980	22993-22993	22A66-22A66	22ACF-22ACF	22AD5-22AD5	22AE6-22AE6	22AE8-22AE8	22B0E-22B0E	22B22-22B22	22B3F-22B3F	22B43-22B43	22B6A-22B6A	22BCA-22BCA	22BCE-22BCE	22C26-22C27	22C38-22C38	22C4C-22C4C	22C51-22C51	22C55-22C55	22C62-22C62	22C88-22C88	22C9B-22C9B	22CA1-22CA1	22CA9-22CA9	22CB2-22CB2	22CB7-22CB7	22CC2-22CC2	22CC6-22CC6	22CC9-22CC9	22D07-22D08	22D12-22D12	22D44-22D44	22D4C-22D4C	22D67-22D67	22D8D-22D8D	22D95-22D95	22DA0-22DA0	22DA3-22DA4	22DB7-22DB7	22DEE-22DEE	22E0D-22E0D	22E36-22E36	22E42-22E42	22E78-22E78
Noto Sans HK	700	/fonts/served/noto-sans-hk-8-700-normal.woff2	21076-21078	2107B-2107B	21088-21088	21096-21096	2109D-2109D	210B4-210B4	210BF-210C1	210C7-210C9	210CF-210CF	210D3-210D3	210E4-210E4	210F4-210F6	2112F-2112F	2113B-2113B	2113D-2113D	21145-21145	21148-21148	2114F-2114F	21180-21180	21187-21187	211D9-211D9	2123C-2123C	2124F-2124F	2127C-2127C	212A8-212A9	212B0-212B0	212E3-212E3	212FE-212FE	21302-21305	21336-21336	2133A-2133A	21375-21376	2138E-2138E	21398-21398	2139C-2139C	213C5-213C6	213ED-213ED	213FE-213FE	21413-21413	21416-21416	21424-21424	2143F-2143F	21452-21452	21454-21455	2148A-2148A	21497-21497	214B6-214B6	214E8-214E8	214FD-214FD	21577-21577	21582-21582	21596-21596	2160A-2160A	21613-21613	21619-21619	2163E-2163E	21661-21661	21692-21692	216B8-216B8	216BA-216BA	216C0-216C2	216D3-216D3	216D5-216D5	216DF-216DF	216E6-216E8	216FA-216FC	216FE-216FE	2170D-2170D	21710-21710	21726-21726	2173A-2173C	21757-21757	2176C-21771	21773-21774	217AB-217AB	217B0-217B5	217C3-217C3	217C7-217C7	217D9-217DC	217DF-217DF	217EF-217EF	217F5-217F6	217F8-217FC	21820-21820	21828-2182A	2182D-2182D	21839-2183B	21840-21840	21845-21845	21852-21852	2185E-2185E	21861-21864	21877-21877	2187B-2187B	21883-21885	2189E-218A2	218BE-218BF	218D1-218D1	218D6-218D9	218FA-218FA	21903-21905	21910-21912	21915-21915	2191C-2191C	21922-21922
Noto Sans HK	700	/fonts/served/noto-sans-hk-9-700-normal.woff2	2048E-2048E	20491-20492	204A3-204A3	204D7-204D7	204FC-204FC	204FE-204FE	20547-20547	2058E-2058E	205A5-205A5	205B3-205B3	205C3-205C3	205CA-205CA	205D0-205D0	205D5-205D5	205DF-205E0	205EB-205EB	20611-20611	20615-20615	20619-2061A	20630-20630	20656-20656	20676-20676	2070E-2070E	20731-20731	20779-20779	2082C-2082C	20873-20873	208D5-208D5	20916-20916	20923-20923	20954-20954	20979-20979	209E7-209E7	20A11-20A11	20A50-20A50	20A6F-20A6F	20A8A-20A8A	20AB4-20AB4	20AC2-20AC2	20ACD-20ACD	20B0D-20B0D	20B8F-20B8F	20B9F-20B9F	20BA8-20BA9	20BBF-20BBF	20BC6-20BC6	20BCB-20BCB	20BE2-20BE2	20BEB-20BEB	20BFB-20BFB	20BFF-20BFF	20C0B-20C0B	20C0D-20C0D	20C20-20C20	20C34-20C34	20C3A-20C3B	20C41-20C43	20C53-20C53	20C65-20C65	20C77-20C78	20C7C-20C7C	20C8D-20C8D	20C96-20C96	20C9C-20C9C	20CB5-20CB5	20CB8-20CB8	20CCF-20CCF	20CD3-20CD6	20CDD-20CDD	20CED-20CED	20CFF-20CFF	20D15-20D15	20D28-20D28	20D31-20D32	20D46-20D49	20D4C-20D4E	20D6F-20D6F	20D71-20D71	20D74-20D74	20D7C-20D7C	20D7E-20D7F	20D96-20D96	20D9C-20D9C	20DA7-20DA7	20DB2-20DB2	20DC8-20DC8	20E04-20E04	20E09-20E0A	20E0D-20E11	20E16-20E16	20E1D-20E1D	20E4C-20E4C	20E6D-20E6D	20E73-20E73	20E75-20E7B	20E8C-20E8C	20E96-20E96	20E98-20E98	20E9D-20E9D	20EA2-20EA2	20EAA-20EAC	20EB6-20EB6	20ED7-20ED8	20EDD-20EDD	20EF8-20EFB	20F1D-20F1D	20F26-20F26	20F2D-20F2E	20F30-20F31	20F3B-20F3B	20F4C-20F4C	20F64-20F64	20F8D-20F8D	20F90-20F90	20FAD-20FAD	20FB4-20FB6	20FBC-20FBC	20FDF-20FDF	20FEA-20FED	21014-21014	2101D-2101E	2104F-2104F	2105C-2105C	2106F-2106F	21075-21075
Noto Sans HK	700	/fonts/served/noto-sans-hk-10-700-normal.woff2	1F6F5-1F6F5	1F6F8-1F6F8	1F910-1F930	1F932-1F935	1F937-1F939	1F940-1F944	1F947-1F94A	1F950-1F95F	1F962-1F967	1F969-1F96A	1F980-1F981	1F984-1F98D	1F990-1F992	1F994-1F996	1F9C0-1F9C0	1F9D0-1F9D0	1F9D2-1F9D2	1F9D4-1F9D4	1F9D6-1F9D6	1F9D8-1F9D8	1F9DA-1F9DA	1F9DC-1F9DD	1F9DF-1F9E2	1F9E5-1F9E6	20021-20021	20024-20024	2003E-2003E	20046-20046	2004E-2004E	20068-20068	20086-20087	2008A-2008A	20094-20094	200CA-200CD	200D1-200D1	200EE-200EE	2010C-2010C	2010E-2010E	20118-20118	201A4-201A4	201A9-201A9	201AB-201AB	201C1-201C1	201D4-201D4	201F2-201F2	20204-20204	2020C-2020C	20214-20214	20239-20239	2025B-2025B	20274-20275	20299-20299	2029E-2029E	202A0-202A0	202B7-202B7	202BF-202C0	202E5-202E5	2030A-2030A	20325-20325	20341-20341	20345-20347	2037E-20380	203A0-203A0	203A7-203A7	203B5-203B5	203C9-203C9	203CB-203CB	203F5-203F5	203FC-203FC	20413-20414	2041F-2041F	20465-20465	20487-20487
Noto Sans HK	700	/fonts/served/noto-sans-hk-15-700-normal.woff2	FF37-FF37	FF39-FF3A	FF3C-FF3C	FF3E-FF5B	FF5D-FF5D	FF61-FF65	FF67-FF68	FF6A-FF6A	FF6C-FF7E	FF80-FF86	FF89-FF94	FF97-FF9E	FFB9-FFB9	FFE0-FFE3	FFE9-FFE9	FFEB-FFEB	FFED-FFED	FFFC-FFFC	1D7C7-1D7C7	1F004-1F004	1F0CF-1F0CF	1F141-1F142	1F150-1F150	1F154-1F154	1F158-1F158	1F15B-1F15B	1F15D-1F15E	1F162-1F163	1F170-1F171	1F174-1F174	1F177-1F178	1F17D-1F17F	1F192-1F195	1F197-1F19A	1F1E6-1F1F5	1F1F7-1F1FF	1F21A-1F21A	1F22F-1F22F	1F232-1F237	1F239-1F23A	1F250-1F251	1F300-1F300	1F302-1F304
Noto Sans HK	700	/fonts/served/noto-sans-hk-16-700-normal.woff2	F94F-F94F	F95A-F95A	F95D-F95E	F961-F963	F965-F970	F974-F974	F976-F97A	F97C-F97C	F97E-F97F	F981-F981	F983-F983	F988-F988	F98A-F98A	F98C-F98C	F98E-F98E	F996-F997	F999-F99A	F99C-F99C	F99F-F9A0	F9A3-F9A3	F9A8-F9A8	F9AD-F9AD	F9B2-F9B6	F9B9-F9BA	F9BD-F9BE	F9C1-F9C1	F9C4-F9C4	F9C7-F9C7	F9CA-F9CA	F9CD-F9CD	F9D0-F9D1	F9D3-F9D4	F9D7-F9D8	F9DC-F9DD	F9DF-F9E1	F9E4-F9E4	F9E8-F9EA	F9F4-F9F4	F9F6-F9F7	F9F9-F9FA	F9FC-FA01	FA03-FA04	FA06-FA06	FA08-FA0A	FA0C-FA0C	FA11-FA11	FA17-FA17	FA19-FA19	FA1B-FA1B	FA1D-FA1D	FA26-FA26	FA2C-FA2C	FB01-FB01	FDFC-FDFC	FE0E-FE0E	FE33-FE36	FE38-FE44	FE49-FE51	FE54-FE54	FE56-FE57	FE59-FE5C	FE5F-FE6A	FE8E-FE8E	FE92-FE93	FEAE-FEAE	FECB-FECC	FEE0-FEE0	FEEC-FEEC	FEF3-FEF3	FF04-FF04	FF07-FF07	FF26-FF2C	FF31-FF32	FF35-FF36
Noto Sans HK	700	/fonts/served/noto-sans-hk-17-700-normal.woff2	F0B2-F0B2	F0B7-F0B7	F0BE-F0BE	F0C9-F0C9	F0D8-F0D8	F0E0-F0E0	F0E6-F0E6	F0FC-F0FC	F104-F105	F16A-F16A	F16D-F16D	F18A-F18A	F1E0-F1E0	F232-F232	F308-F308	F400-F400	F442-F442	F4DF-F4DF	F610-F611	F6B1-F6B5	F6BA-F6BC	F6C7-F6C7	F6DD-F6DD	F6E2-F6E2	F6F3-F6F4	F6F8-F6F8	F6FA-F6FA	F6FC-F6FC	F6FE-F6FE	F700-F703	F705-F705	F707-F707	F709-F70B	F70D-F70F	F711-F711	F713-F713	F715-F717	F719-F71A	F71C-F721	F724-F725	F728-F728	F734-F735	F737-F738	F73A-F73A	F73E-F742	F745-F745	F748-F749	F74B-F74D	F74F-F751	F753-F756	F758-F75A	F75C-F75C	F75E-F75E	F760-F764	F768-F76A	F76C-F76C	F76F-F774	F776-F77A	F77C-F77C	F77E-F780	F785-F785	F787-F78C	F78E-F78E	F792-F796	F798-F798	F79C-F79C	F7F5-F7F5	F812-F812	F815-F815	F876-F876	F8F5-F8F5	F8F8-F8F8	F8FF-F8FF	F901-F902	F904-F904	F906-F907	F909-F90A	F90F-F90F	F914-F914	F918-F919	F91B-F91B	F91D-F91D	F91F-F91F	F923-F923	F925-F925	F92D-F92F	F934-F934	F937-F938	F93D-F93D	F93F-F93F	F941-F941	F949-F949	F94C-F94C	F94E-F94E
Noto Sans HK	700	/fonts/served/noto-sans-hk-25-700-normal.woff2	9F27-9F27	9F29-9F29	9F2C-9F2C	9F2F-9F2F	9F31-9F31	9F34-9F34	9F37-9F37	9F39-9F39	9F3D-9F3E	9F41-9F41	9F44-9F45	9F4C-9F50	9F53-9F54	9F57-9F57	9F59-9F5A	9F5C-9F5C	9F5F-9F60	9F62-9F63	9F66-9F67	9F69-9F6A	9F6C-9F6C	9F72-9F72	9F76-9F77	9F7F-9F7F	9F84-9F85	9F88-9F88	9F8E-9F8E	9F91-9F91	9F94-9F98	9F9A-9F9B	9F9F-9FA0	9FA2-9FA2	9FA4-9FB3	9FC7-9FCB	9FD0-9FD0	A1F4-A1F4	A4B0-A4B1	A4B3-A4B3	A9C1-A9C2	AA31-AA31	AB34-AB34	AC00-AC01	AC04-AC04	AC08-AC08	AC10-AC11	AC13-AC16	AC19-AC19	AC1C-AC1D	AC24-AC24	AC70-AC71	AC74-AC74	AC77-AC78	AC80-AC81	AC83-AC83	AC8C-AC8C	AC90-AC90	ACA0-ACA0	ACA8-ACA9	ACAC-ACAC	ACB0-ACB0	ACB8-ACB9	ACBC-ACBD	ACC1-ACC1	ACC4-ACC4	ACE0-ACE1	ACE4-ACE4	ACE8-ACE8	ACF0-ACF1	ACF3-ACF3	ACF5-ACF5	ACFC-ACFD	AD00-AD00	AD0C-AD0C	AD11-AD11	AD1C-AD1C	AD2B-AD2B	AD34-AD34	AD3A-AD3A	AD50-AD50	AD6C-AD6C	AD70-AD70	AD74-AD74	AD7F-AD7F	AD81-AD81	AD8C-AD8C	ADC0-ADC0	ADC8-ADC8	ADDC-ADDC	ADE0-ADE0	ADF8-ADF9	ADFC-ADFC	AE00-AE00	AE08-AE09	AE30-AE30	AE34-AE34	AE38-AE38	AE40-AE40	AE4A-AE4A	AE4C-AE4C	AE54-AE54	AE5D-AE5D	AE68-AE68	AEBC-AEBC	AED8-AED8	AEF4-AEF4	AF2C-AF2D	AF34-AF34	AF43-AF43	AFB8-AFB8
Noto Sans HK	700	/fonts/served/noto-sans-hk-26-700-normal.woff2	9D9A-9D9A	9DA1-9DA2	9DA5-9DA5	9DA9-9DA9	9DAB-9DAC	9DB1-9DB2	9DB5-9DB5	9DB9-9DBD	9DBF-9DC2	9DC4-9DC4	9DC7-9DC9	9DD3-9DD4	9DD6-9DD6	9DD9-9DDA	9DDE-9DDF	9DE2-9DE2	9DE5-9DE6	9DE8-9DE8	9DEF-9DF0	9DF2-9DF4	9DF8-9DF8	9DFA-9DFA	9DFC-9DFD	9DFF-9DFF	9E02-9E02	9E07-9E07	9E0A-9E0A	9E0C-9E0C	9E0E-9E0E	9E11-9E11	9E15-9E15	9E18-9E18	9E1A-9E1E	9E20-9E23	9E25-9E26	9E2D-9E2D	9E2F-9E2F	9E33-9E33	9E35-9E35	9E3D-9E3F	9E42-9E43	9E45-9E45	9E48-9E4A	9E4C-9E4C	9E4F-9E4F	9E51-9E51	9E55-9E55	9E64-9E64	9E66-9E66	9E6B-9E6B	9E6D-9E6E	9E70-9E70	9E73-9E73	9E75-9E75	9E78-9E78	9E7B-9E7B	9E80-9E85	9E87-9E88	9E8B-9E8C	9E90-9E91	9E93-9E93	9E95-9E96	9E98-9E98	9E9D-9E9E	9EA1-9EA2	9EA4-9EA4	9EA6-9EA6	9EA8-9EAD	9EAF-9EAF	9EB1-9EB1	9EB4-9EB4	9EB7-9EBA	9EBE-9EBF	9EC1-9EC1	9EC6-9EC7	9ECC-9ECD	9ED0-9ED0	9ED2-9ED2	9ED4-9ED4	9ED9-9EDA	9EDC-9EDD	9EDF-9EE0	9EE2-9EE2	9EE5-9EE5	9EE7-9EE7	9EEE-9EEE	9EF1-9EF1	9EF3-9EF4	9EF6-9EF9	9EFB-9EFF	9F02-9F02	9F07-9F09	9F10-9F10	9F14-9F15	9F17-9F17	9F19-9F19	9F22-9F22	9F26-9F26
Noto Sans HK	700	/fonts/served/noto-sans-hk-27-700-normal.woff2	9BEA-9BEA	9BED-9BEE	9BF0-9BF1	9BF4-9BF5	9BF7-9BF7	9BF9-9BF9	9BFD-9BFD	9BFF-9BFF	9C02-9C02	9C06-9C06	9C08-9C0A	9C0C-9C0D	9C10-9C10	9C12-9C13	9C15-9C15	9C1B-9C1C	9C1F-9C21	9C23-9C26	9C28-9C29	9C2D-9C2F	9C31-9C33	9C35-9C37	9C39-9C3B	9C3D-9C3E	9C40-9C40	9C42-9C42	9C45-9C49	9C4F-9C4F	9C52-9C54	9C56-9C56	9C58-9C5A	9C5D-9C5D	9C5F-9C60	9C63-9C63	9C67-9C68	9C72-9C72	9C75-9C75	9C78-9C78	9C7A-9C7C	9C7F-9C81	9C87-9C88	9C8D-9C8D	9C91-9C91	9C94-9C94	9C97-9C97	9C9B-9C9B	9CA4-9CA4	9CA8-9CA8	9CAB-9CAB	9CAD-9CAD	9CB1-9CB3	9CB6-9CB8	9CC4-9CC5	9CCC-9CCD	9CD5-9CD7	9CDD-9CDF	9CE7-9CE7	9CE9-9CE9	9CEE-9CF0	9CF2-9CF2	9CFC-9CFE	9D02-9D03	9D06-9D08	9D0C-9D0C	9D0E-9D0E	9D10-9D10	9D12-9D12	9D15-9D17	9D1D-9D1F	9D21-9D21	9D23-9D23	9D2B-9D2B	9D2F-9D30	9D34-9D34	9D37-9D37	9D39-9D39	9D3D-9D3D	9D42-9D42	9D44-9D44	9D49-9D49	9D4E-9D4E	9D50-9D50	9D52-9D53	9D59-9D59	9D5C-9D5C	9D5E-9D61	9D6A-9D6A	9D6D-9D70	9D77-9D77	9D7A-9D7A	9D7C-9D7C	9D7E-9D7E	9D83-9D83	9D87-9D87	9D89-9D89	9D8F-9D8F	9D91-9D93	9D96-9D96	9D98-9D98
Noto Sans HK	700	/fonts/served/noto-sans-hk-28-700-normal.woff2	9A6B-9A6B	9A6D-9A6D	9A6F-9A71	9A73-9A74	9A76-9A76	9A78-9A79	9A7B-9A7C	9A7E-9A7F	9A81-9A82	9A84-9A87	9A8A-9A8B	9A8F-9A91	9A97-9A97	9A9A-9A9A	9A9E-9A9E	9AA0-9AA1	9AA4-9AA5	9AAF-9AB2	9AB6-9AB7	9AB9-9ABA	9ABD-9ABE	9AC0-9AC5	9AC8-9AC8	9ACB-9ACC	9ACE-9ACF	9AD1-9AD1	9AD5-9AD7	9AD9-9AD9	9ADF-9AE3	9AEA-9AEB	9AED-9AED	9AEF-9AEF	9AF2-9AF2	9AF4-9AF4	9AF9-9AF9	9AFB-9AFB	9AFD-9AFD	9AFF-9AFF	9B02-9B04	9B08-9B09	9B0F-9B0F	9B13-9B14	9B18-9B18	9B1F-9B1F	9B22-9B23	9B28-9B2A	9B2C-9B30	9B32-9B32	9B34-9B34	9B39-9B39	9B3B-9B3B	9B40-9B40	9B43-9B43	9B46-9B49	9B4B-9B4E	9B50-9B51	9B55-9B55	9B58-9B58	9B5B-9B5B	9B5E-9B60	9B63-9B63	9B68-9B69	9B74-9B74	9B7D-9B7D	9B7F-9B81	9B83-9B84	9B87-9B88	9B8A-9B8B	9B8D-9B90	9B92-9B95	9B97-9B97	9B9D-9B9D	9B9F-9BA0	9BA2-9BA3	9BA8-9BA8	9BAB-9BAB	9BB0-9BB0	9BB8-9BB8	9BC0-9BC1	9BC3-9BC3	9BC6-9BC8	9BCF-9BCF	9BD3-9BD7	9BD9-9BD9	9BDB-9BDB	9BDD-9BDD	9BE1-9BE2	9BE4-9BE5	9BE7-9BE7	9BE9-9BE9
Noto Sans HK	700	/fonts/served/noto-sans-hk-29-700-normal.woff2	98EC-98EE	98F1-98F1	98F4-98F5	9901-9901	9908-9909	990C-990C	990E-990E	9911-9912	9914-9914	9916-9917	9919-9919	991B-991C	991E-991E	9920-9920	9927-9927	992B-992C	992E-992E	9931-9933	9937-9940	9942-9944	9948-994A	994C-994E	9951-9951	9954-9954	995C-995F	9961-9963	9965-9965	9968-9968	996A-996A	996D-9972	9975-9976	997A-997A	997C-997C	997F-9980	9984-9985	9988-9988	998B-998B	998D-998D	998F-998F	9992-9992	9994-9995	9997-9998	999B-999C	999E-999E	99A0-99A1	99A4-99A4	99AA-99AB	99AF-99AF	99B1-99B1	99B4-99B4	99B8-99B9	99BC-99BC	99C4-99C6	99CF-99CF	99D1-99D2	99D4-99D4	99D6-99D6	99D8-99DA	99DF-99E2	99E6-99E6	99E9-99E9	99EE-99EE	99F0-99F0	99F5-99F5	99F8-99F8	99FB-99FB	9A01-9A05	9A0C-9A0C	9A0F-9A13	9A16-9A16	9A1B-9A1C	9A1F-9A21	9A24-9A24	9A26-9A26	9A28-9A28	9A2B-9A2B	9A2D-9A2F	9A34-9A36	9A38-9A38	9A3B-9A3C	9A3E-9A3E	9A40-9A44	9A4A-9A4A	9A4C-9A4E	9A52-9A52	9A56-9A56	9A58-9A58	9A5C-9A5C	9A62-9A65	9A69-9A6A
Noto Sans HK	700	/fonts/served/noto-sans-hk-30-700-normal.woff2	9798-9798	979B-979B	979D-979F	97A3-97A3	97A5-97A6	97A8-97A8	97AB-97AC	97AE-97AE	97B1-97B2	97B4-97B4	97B6-97BA	97BD-97C3	97C6-97C6	97C8-97C9	97CD-97CD	97D2-97D2	97D6-97D6	97D8-97D9	97DC-97DE	97E0-97E1	97E6-97E7	97EC-97EE	97F0-97F2	97F5-97F5	97F9-97FA	97FE-97FE	9804-9804	9807-9807	980A-980A	980E-980F	9814-9816	981A-981A	981C-981C	981E-9821	9823-9823	9826-9826	9828-9828	982A-982C	982E-982E	9832-9835	9837-9837	9839-9839	983C-983D	9845-9845	9847-9849	984B-984B	984E-984E	9852-9857	9859-985A	9862-9863	9865-9866	9868-9868	986C-986C	9870-9871	9873-9874	9877-9877	987A-987F	9881-9882	9885-9885	9887-988A	988C-988D	9890-9890	9893-9893	9896-9897	989A-989A	989C-989E	98A0-98A0	98A4-98A4	98A6-98A7	98A9-98A9	98AE-98AF	98B2-98B4	98B6-98BD	98BF-98BF	98C3-98C3	98C7-98C8	98CA-98CA	98D2-98D3	98D8-98DA	98DC-98DC	98DE-98DE	98E0-98E1	98E3-98E3	98E5-98E9	98EB-98EB
Noto Sans HK	700	/fonts/served/noto-sans-hk-31-700-normal.woff2	9602-9602	9607-9609	960E-960E	9610-9611	9614-9614	9616-9616	9619-961A	961C-961D	961F-961F	9621-9621	9624-9624	9628-9628	962F-962F	9633-9636	9638-9638	963C-963C	9641-9643	9645-9645	9647-9648	964E-964F	9651-9651	9653-9656	9658-9658	965B-965F	9661-9661	9665-9665	9668-9669	966C-966C	9672-9672	9674-9674	967A-967B	9681-9685	9688-9689	968B-968B	968D-968D	9695-9698	969E-969E	96A0-96A5	96A9-96A9	96AC-96AC	96AE-96AE	96B0-96B0	96B2-96B4	96B6-96B7	96B9-96B9	96BC-96BE	96C3-96C3	96C9-96CB	96CE-96CF	96D1-96D2	96D8-96D8	96DD-96DD	96E9-96E9	96EB-96EB	96F0-96F1	96F3-96F4	96F9-96F9	96FE-96FF	9701-9703	9705-9705	9708-9708	970A-970A	970E-9711	9719-9719	971B-971B	971D-971D	971F-9721	9728-9728	972A-972A	972D-972D	9730-9731	9733-9734	9736-9736	973A-973A	973D-973E	9740-9741	9744-9744	9746-9747	9749-974A	9750-9751	9753-9753	9755-9755	9757-9759	975B-975B	975D-975D	975F-975F	9763-9763	9765-9766	9768-9768	976C-976D	9771-9771	9773-9773	9776-9776	977A-977A	977C-977C	9780-9780	9784-9789	978E-978F
Noto Sans HK	700	/fonts/served/noto-sans-hk-32-700-normal.woff2	949D-94A3	94A5-94A9	94AC-94AC	94AE-94B1	94B3-94B5	94BB-94BC	94BE-94C3	94C5-94C6	94C9-94C9	94CE-94D0	94DB-94DD	94E0-94E0	94E2-94E3	94E8-94E8	94EC-94EE	94F0-94F0	94F2-94F2	94F5-94F6	94F8-94F8	94FA-94FA	94FF-9502	9504-9506	9508-9508	950B-950C	950F-9510	9519-951B	951D-951D	951F-951F	9521-9526	952D-9530	9535-9535	953A-953B	9540-9542	9547-9547	9549-954A	954D-954D	9550-9551	9554-9556	955C-955C	956C-956D	956F-9570	9573-9573	9576-9576	9578-9578	9582-9582	9585-9586	9588-9588	958E-958F	9596-9597	9599-9599	959C-959C	959E-95A2	95A4-95A4	95A6-95A7	95AA-95AE	95B0-95B0	95B2-95B2	95B6-95B6	95B9-95BF	95C2-95C4	95C7-95C9	95CB-95CD	95D0-95D0	95D3-95D5	95D7-95D8	95DA-95DA	95DE-95DE	95E0-95E1	95E4-95E5	95EA-95EB	95EF-95F0	95F2-95F3	95F5-95F5	95F7-95FA	95FD-95FD	9600-9601
Noto Sans HK	700	/fonts/served/noto-sans-hk-33-700-normal.woff2	9370-9371	9373-9374	9376-9376	9378-937A	937C-937D	9381-9381	9384-9387	938C-938C	938F-9390	9394-9394	9397-9398	939A-939E	93A0-93A3	93A6-93A7	93A9-93AA	93AC-93AD	93AF-93B0	93B3-93BB	93BD-93C4	93C6-93C7	93CA-93CD	93D0-93D1	93D3-93D3	93D6-93D8	93DB-93DE	93E0-93E0	93E4-93E4	93E8-93E8	93EE-93EE	93F0-93F1	93F3-93F5	93F7-93F9	93FB-93FB	9401-9401	9403-9404	9407-9408	940F-9410	9413-9414	9417-9417	9419-941E	9420-942B	942D-942F	9432-9433	9436-9436	9438-9438	943A-943A	943D-9440	9442-9443	9445-9445	944A-944A	944C-944D	9454-9455	9458-9458	945A-945B	945E-945E	9460-9460	9462-9463	9465-9465	9467-9468	946A-946A	946C-946D	946F-946F	9471-9471	9474-9477	9479-9479	947B-947B	947E-9481	9485-9485	9488-948A	948E-948E	9492-9493	9497-9497	9499-9499	949B-949C
Noto Sans HK	700	/fonts/served/noto-sans-hk-34-700-normal.woff2	926B-926F	9271-9272	9274-9274	9276-9278	927A-927C	927E-927F	9281-9284	9286-9286	9288-928A	928D-928F	9291-9291	9295-9296	9299-929B	929D-929D	92A0-92AE	92B1-92B2	92B5-92B6	92BA-92BC	92BE-92BF	92C2-92C3	92C6-92CD	92CF-92D1	92D4-92D5	92D7-92D7	92D9-92D9	92DB-92DB	92DD-92DD	92DF-92DF	92E3-92E6	92E8-92E9	92EB-92EF	92F1-92F4	92F6-92F6	92F9-92F9	92FB-92FB	92FD-92FD	9300-9303	9306-9307	930B-930B	930F-930F	9312-9312	9315-9315	9319-931B	931D-931F	9321-9321	9323-9325	9327-932A	932C-932E	9330-9333	9335-9335	9338-9338	933C-933C	9340-9349	934F-9352	9354-9354	9356-935A	935C-9360	9362-936C	936E-936E
Noto Sans HK	700	/fonts/served/noto-sans-hk-35-700-normal.woff2	913A-913A	9143-9143	9146-9146	9148-914A	914E-9151	9154-9154	9156-9157	9159-915A	915C-915E	9161-9164	9167-9167	916B-916B	916E-916E	9170-9172	9174-9174	9176-9176	9179-917A	917C-917C	917F-917F	9181-9182	9184-9186	918C-918E	9190-9191	9196-9196	919A-919B	919E-919E	91A1-91A4	91A7-91A7	91A9-91AA	91AE-91B2	91B4-91B6	91B8-91B8	91BB-91BB	91BD-91BE	91C1-91C1	91C3-91C6	91C8-91CA	91D2-91D7	91D9-91D9	91DF-91DF	91E1-91E1	91E4-91E9	91EC-91ED	91F0-91F1	91F5-91FA	91FD-9201	9203-920A	920D-920E	9210-9211	9213-9213	9217-9219	921C-921C	9221-9221	9224-9225	9227-9228	922A-922B	922D-922E	9230-9231	9233-9233	9235-9239	923B-9241	9244-9244	9246-9246	9248-9249	924B-9251	9253-9253	9255-9255	9258-9258	925A-925A	925D-925F	9262-9262	9265-9267
Noto Sans HK	700	/fonts/served/noto-sans-hk-36-700-normal.woff2	8FA9-8FA9	8FAB-8FAB	8FAE-8FAE	8FB3-8FB3	8FB5-8FB8	8FBA-8FBD	8FBF-8FBF	8FC1-8FC2	8FC6-8FC6	8FC8-8FC8	8FCA-8FCA	8FCC-8FCD	8FCF-8FCF	8FD2-8FD3	8FD5-8FD5	8FDA-8FDA	8FDC-8FDD	8FDF-8FDF	8FE2-8FE5	8FE8-8FE9	8FED-8FEE	8FF3-8FF3	8FF5-8FF5	8FF8-8FF8	8FFA-8FFC	8FFE-8FFE	9002-9002	9004-9004	9008-9008	900A-900B	9011-9013	9016-9016	901E-901E	9021-9021	9024-9024	902D-902D	902F-9030	9033-9037	9039-903B	9041-9041	9044-9046	904C-904C	904F-9052	9056-9058	905B-905B	905D-905D	9061-9062	9064-9065	9068-9068	906C-906C	906F-906F	9074-9074	9079-9079	907D-907D	9083-9083	9085-9085	9087-9089	908B-908B	9090-9090	9093-9093	9095-9095	9097-9097	9099-9099	909B-909B	909D-909E	90A0-90A2	90AC-90AC	90AF-90B0	90B2-90B4	90B6-90B6	90B9-90B9	90BB-90BB	90BD-90BE	90C3-90C5	90C7-90C7	90D1-90D1	90D4-90D5	90D7-90D7	90DB-90DF	90E2-90E4	90EA-90EB	90EF-90EF	90F4-90F4	90F7-90F8	90FC-90FC	90FE-9100	9102-9102	9104-9104	9106-9106	9112-9112	9114-911A	911C-911C	911E-911E	9120-9120	9122-9123	9129-9129	912B-912B	912F-912F	9131-9132	9134-9134	9136-9136	9139-9139
Noto Sans HK	700	/fonts/served/noto-sans-hk-37-700-normal.woff2	8E39-8E3A	8E3C-8E3D	8E40-8E42	8E46-8E47	8E49-8E50	8E53-8E55	8E59-8E5B	8E60-8E60	8E62-8E63	8E67-8E69	8E6C-8E6D	8E6F-8E6F	8E71-8E71	8E74-8E77	8E7A-8E7C	8E7E-8E7E	8E80-8E80	8E82-8E82	8E84-8E85	8E87-8E87	8E89-8E8B	8E8F-8E95	8E99-8E9A	8E9D-8E9E	8EA1-8EA1	8EA3-8EA3	8EA5-8EA7	8EAA-8EAA	8EAC-8EAD	8EAF-8EB1	8EB6-8EB6	8EB9-8EB9	8EBC-8EBC	8EBE-8EBE	8EC3-8EC3	8EC6-8EC6	8ECB-8ECB	8ECE-8ECF	8ED1-8ED1	8ED4-8ED4	8ED7-8ED7	8EDA-8EDB	8EE2-8EE2	8EE4-8EE4	8EE8-8EE8	8EEB-8EEB	8EED-8EED	8EF2-8EF2	8EF9-8EFE	8F05-8F05	8F07-8F08	8F0A-8F0C	8F12-8F13	8F17-8F17	8F19-8F1A	8F1C-8F1C	8F1E-8F1F	8F25-8F26	8F2D-8F2D	8F30-8F30	8F33-8F33	8F36-8F36	8F3C-8F3C	8F3E-8F3E	8F40-8F42	8F45-8F47	8F4A-8F4A	8F4D-8F4D	8F54-8F55	8F5C-8F5D	8F61-8F62	8F64-8F64	8F67-8F69	8F6D-8F72	8F74-8F74	8F76-8F76	8F7B-8F7C	8F7F-8F7F	8F83-8F86	8F88-8F8A	8F8D-8F8D	8F90-8F90	8F93-8F93	8F95-8F97	8F99-8F99	8F9E-8FA0	8FA2-8FA2	8FA5-8FA5	8FA7-8FA7
Noto Sans HK	700	/fonts/served/noto-sans-hk-38-700-normal.woff2	8CC1-8CC2	8CC4-8CC5	8CCD-8CCD	8CCF-8CD2	8CD4-8CD6	8CD9-8CDB	8CE1-8CE1	8CE8-8CE9	8CEB-8CEB	8CF0-8CF0	8CF2-8CF2	8CF7-8CF8	8CFB-8CFB	8CFE-8CFE	8D03-8D04	8D07-8D07	8D0B-8D0D	8D10-8D14	8D17-8D18	8D1B-8D1F	8D21-8D27	8D29-8D2C	8D2E-8D32	8D34-8D35	8D37-8D38	8D3A-8D3C	8D3E-8D3F	8D41-8D43	8D48-8D48	8D4B-8D4C	8D4E-8D50	8D54-8D54	8D56-8D56	8D58-8D58	8D5A-8D5B	8D5F-8D60	8D62-8D63	8D66-8D69	8D6C-8D6E	8D73-8D73	8D75-8D76	8D7A-8D7B	8D7D-8D7D	8D82-8D82	8D84-8D84	8D8B-8D8B	8D90-8D91	8D94-8D94	8D96-8D96	8D9C-8D9C	8DA6-8DA6	8DA9-8DA9	8DAB-8DAB	8DAF-8DAF	8DB2-8DB2	8DB5-8DB5	8DB7-8DB7	8DBA-8DBA	8DBC-8DBC	8DBF-8DC0	8DC2-8DC3	8DC6-8DC6	8DCB-8DCB	8DCE-8DD0	8DD4-8DD4	8DD6-8DD7	8DDA-8DDB	8DE3-8DE4	8DE9-8DE9	8DEB-8DEC	8DF1-8DF1	8DF5-8DF7	8DFA-8DFD	8E01-8E01	8E05-8E05	8E08-8E0A	8E0E-8E0E	8E14-8E14	8E16-8E16	8E18-8E18	8E1D-8E21	8E23-8E23	8E26-8E28	8E2A-8E2B	8E2D-8E2E	8E30-8E31	8E35-8E35
Noto Sans HK	700	/fonts/served/noto-sans-hk-39-700-normal.woff2	8B26-8B26	8B28-8B28	8B2B-8B2B	8B2D-8B2E	8B33-8B33	8B3F-8B3F	8B41-8B41	8B43-8B43	8B46-8B46	8B4C-8B4F	8B53-8B54	8B56-8B56	8B59-8B59	8B5E-8B60	8B62-8B62	8B64-8B64	8B69-8B6D	8B72-8B72	8B7E-8B7E	8B81-8B81	8B83-8B83	8B89-8B89	8B8C-8B8C	8B8E-8B90	8B92-8B92	8B95-8B96	8B99-8B99	8B9B-8B9C	8B9E-8BA0	8BA3-8BA3	8BA5-8BA5	8BA7-8BA7	8BAA-8BAA	8BAD-8BAD	8BB2-8BB4	8BB6-8BB9	8BBC-8BBD	8BBF-8BC0	8BC3-8BC3	8BC5-8BC5	8BC8-8BCB	8BCF-8BCF	8BD1-8BD1	8BD7-8BDC	8BDE-8BE1	8BE3-8BE3	8BE5-8BE7	8BE9-8BE9	8BEB-8BEC	8BEF-8BEF	8BF1-8BF2	8BF5-8BF6	8BF8-8BF8	8BFA-8BFA	8BFD-8BFE	8C01-8C02	8C05-8C05	8C08-8C08	8C0A-8C11	8C13-8C15	8C18-8C1C	8C1F-8C1F	8C23-8C29	8C2C-8C2D	8C31-8C31	8C34-8C34	8C36-8C36	8C39-8C39	8C3F-8C3F	8C47-8C47	8C49-8C4C	8C4F-8C4F	8C51-8C51	8C55-8C55	8C62-8C62	8C68-8C68	8C73-8C73	8C78-8C78	8C7A-8C7C	8C82-8C82	8C85-8C85	8C89-8C8A	8C8D-8C8E	8C90-8C90	8C94-8C94	8C98-8C99	8C9B-8C9B	8C9F-8C9F	8CA3-8CA4	8CAD-8CB0	8CB2-8CB2	8CB9-8CBA	8CBD-8CBD
Noto Sans HK	700	/fonts/served/noto-sans-hk-40-700-normal.woff2	8983-8983	8987-898A	898C-898C	8991-8991	8994-8995	8997-8998	899A-899A	899C-899C	89A1-89A1	89A4-89A7	89A9-89A9	89AC-89AC	89AF-89AF	89B2-89B3	89B7-89B7	89BB-89BC	89BF-89BF	89C5-89C5	89C9-89CA	89D1-89D1	89D4-89D5	89DA-89DA	89DC-89DE	89E5-89E7	89ED-89ED	89F1-89F1	89F3-89F4	89F6-89F6	89FF-89FF	8A01-8A01	8A03-8A03	8A07-8A07	8A09-8A09	8A0C-8A0C	8A0F-8A12	8A16-8A16	8A1B-8A1C	8A22-8A22	8A25-8A25	8A27-8A27	8A29-8A29	8A2B-8A2B	8A33-8A33	8A36-8A36	8A38-8A38	8A3D-8A3E	8A41-8A41	8A45-8A46	8A48-8A49	8A4E-8A4E	8A51-8A52	8A54-8A54	8A56-8A58	8A5B-8A5B	8A5D-8A5D	8A61-8A61	8A63-8A63	8A67-8A67	8A6A-8A6C	8A70-8A70	8A74-8A76	8A7A-8A7C	8A7E-8A7E	8A82-8A82	8A84-8A86	8A89-8A89	8A8F-8A92	8A94-8A94	8A9A-8A9A	8A9C-8A9C	8AA1-8AA1	8AA3-8AA3	8AA5-8AA5	8AA7-8AA9	8AAD-8AAD	8AAF-8AAF	8AB1-8AB1	8AB4-8AB4	8AB6-8AB6	8ABE-8ABE	8AC2-8AC2	8AC4-8AC4	8AC6-8AC6	8AC9-8AC9	8ACC-8ACF	8AD1-8AD1	8ADA-8ADB	8ADD-8AE2	8AE4-8AE4	8AE6-8AE6	8AEA-8AEB	8AED-8AED	8AF1-8AF6	8AF9-8AFA	8AFC-8AFC	8B01-8B01	8B04-8B05	8B07-8B07	8B0B-8B0D	8B0F-8B10	8B13-8B14	8B16-8B16	8B1A-8B1A	8B1C-8B1C	8B1F-8B1F	8B21-8B22
Noto Sans HK	700	/fonts/served/noto-sans-hk-41-700-normal.woff2	8804-8806	880A-880B	880E-8811	8813-8813	8815-8816	8818-8818	881B-881B	8821-8821	8823-8823	8827-8827	882D-882D	8831-8832	8835-8835	8839-883A	883C-883C	8842-8842	8844-8846	884A-884A	884E-884F	8852-8852	8854-8856	8859-885A	885E-885E	8860-8860	8862-8862	8864-8865	8869-886A	886C-886E	8871-8872	8875-8875	8879-8879	887D-887F	8882-8882	8884-8885	8887-8888	888F-8890	8892-8893	8897-8898	889A-889E	88A0-88A0	88A2-88A2	88A4-88A4	88A8-88A8	88AA-88AA	88AD-88AE	88B1-88B1	88B4-88B5	88B7-88B8	88BC-88C0	88C4-88C4	88C6-88C7	88C9-88CC	88CE-88CE	88D2-88D2	88D6-88D6	88D8-88D8	88DB-88DB	88DF-88DF	88E4-88E4	88E6-88E6	88E8-88E9	88EC-88EC	88EF-88F1	88F3-88F5	88FC-88FC	88FE-8900	8902-8902	8906-8906	890A-890C	8912-8915	8918-891A	891F-891F	8921-8921	8923-8925	892A-892B	892D-892D	8930-8930	8933-8933	8935-8936	8938-8938	893D-893D	8941-8943	8946-8947	8949-8949	894C-894D	8954-8954	8956-8957	8959-8959	895C-895C	895E-8960	8964-8966	896C-896C	8971-8971	8974-8974	8977-8977	897B-897B	897E-897E	8980-8980	8982-8982
Noto Sans HK	700	/fonts/served/noto-sans-hk-42-700-normal.woff2	8696-8696	869A-869A	869C-869D	86A0-86A1	86A3-86A4	86A7-86AA	86AD-86AD	86AF-86B4	86B6-86B6	86B9-86BA	86C0-86C2	86C4-86C4	86C6-86C6	86C9-86CA	86CC-86CE	86D0-86D0	86D3-86D4	86DE-86DF	86E9-86E9	86ED-86F0	86F3-86F3	86F8-86FC	86FE-86FE	8703-8703	8706-870A	870D-870E	8711-8712	8715-8715	8717-8717	8719-871A	871E-871E	8721-8723	8725-8725	8728-8729	872E-872E	8731-8731	8734-8734	8737-8737	873A-873A	873E-8740	8742-8742	8747-8747	8749-8749	874B-874C	874E-874F	8753-8753	8757-8758	875D-875D	875F-875F	8761-8765	8768-8768	876A-876A	876C-8772	8777-8777	877A-877B	877D-877D	8781-8781	8784-8786	8788-8788	878B-878C	8793-8793	8797-8798	879F-879F	87A3-87A3	87A5-87A5	87A8-87A9	87AB-87AD	87AF-87AF	87B1-87B1	87B3-87B3	87B5-87B5	87B9-87B9	87BB-87BB	87BD-87C1	87C4-87C8	87CA-87CC	87CE-87CE	87D2-87D2	87D6-87D6	87DA-87DC	87E0-87E1	87E3-87E3	87E5-87E5	87E7-87E7	87EA-87EB	87EE-87EF	87F3-87F7	87FE-87FE	8802-8803
Noto Sans HK	700	/fonts/served/noto-sans-hk-43-700-normal.woff2	8511-8511	8515-8515	8517-8517	851D-851F	8524-8524	852B-852B	852F-852F	8532-8535	8537-8538	853A-853A	853C-853C	853E-853E	8541-8542	8545-8545	8548-8548	854B-854E	8552-8553	8555-8558	855A-855A	855E-855F	8561-8565	8568-8568	856A-856C	856F-8570	8573-8574	8577-857B	8580-8581	8585-8586	858A-858A	858C-858C	858F-8590	8593-8594	8597-8599	859C-859C	859F-859F	85A1-85A2	85A4-85A4	85A8-85A8	85AB-85AC	85AE-85AE	85B3-85B4	85B7-85B7	85B9-85BA	85BD-85BE	85C1-85C2	85CB-85CB	85CE-85CE	85D0-85D0	85D3-85D3	85D5-85D6	85DC-85DC	85E0-85E0	85E6-85E6	85E8-85E8	85EA-85EA	85ED-85EE	85F4-85F4	85F6-85F7	85F9-85FA	85FC-85FC	85FF-85FF	8602-8602	8604-8605	860D-860D	860F-8610	8613-8614	8616-8618	861A-861A	861E-861E	8621-8622	8627-862A	862F-862F	8634-8636	8638-8638	863A-863A	863C-863C	8640-8640	8642-8642	8645-8646	864C-864D	864F-864F	8651-8654	8657-8657	8659-865A	865C-865C	8662-8662	866B-866C	866F-8673	8677-8677	867A-867B	867D-867E	8680-8682	868B-868D	8692-8695
Noto Sans HK	700	/fonts/served/noto-sans-hk-44-700-normal.woff2	83BC-83C0	83C2-83C2	83C4-83C5	83C8-83C9	83CB-83CB	83CD-83CF	83D1-83D1	83D4-83D6	83D8-83D8	83DD-83DD	83DF-83DF	83E1-83E2	83E5-83E5	83EA-83EB	83ED-83ED	83F0-83F0	83F3-83F4	83F9-83F9	83FB-83FE	8405-8407	840B-840B	840F-840F	8411-8411	8413-8414	8416-8416	8418-8418	841B-841D	8420-8421	8423-8424	8426-8429	842B-842B	842D-842E	8432-8433	8435-8435	8437-8439	843B-843C	843E-843E	8445-8448	844A-844A	844E-844E	8451-8453	8455-8456	8458-845A	845C-845C	845F-845F	8462-8462	8464-8464	8466-8467	846D-846D	846F-8474	8476-8478	847A-847A	847F-8480	8484-8484	8488-8488	848B-848B	848D-848E	8492-8494	8496-8497	849D-849D	849F-849F	84A1-84A1	84A3-84A3	84A8-84A8	84AD-84AD	84AF-84AF	84B1-84B1	84B4-84B4	84B9-84BB	84BD-84C0	84C2-84C2	84C6-84C7	84CA-84CA	84CD-84D3	84D6-84D6	84DA-84DA	84DD-84DF	84E1-84E2	84E4-84E8	84EA-84EA	84EF-84F0	84F3-84F4	84F7-84F8	84FA-84FA	84FC-84FD	84FF-8500	8503-8506	850C-850C	8510-8510
Noto Sans HK	700	/fonts/served/noto-sans-hk-45-700-normal.woff2	828D-8291	8293-8294	8298-8298	829A-829C	829E-82A4	82A6-82AB	82AE-82AE	82B0-82B0	82B4-82B4	82B6-82B6	82BA-82BC	82BE-82BF	82C1-82C1	82C4-82C5	82C7-82C7	82CA-82CB	82CD-82CD	82CF-82D0	82D2-82D2	82D5-82D6	82D8-82D9	82DB-82DC	82DE-82E4	82E7-82E7	82EA-82EB	82EE-82F0	82F3-82F4	82F6-8301	8306-8308	830B-830E	8316-8316	8318-8318	831A-831B	831D-831E	8327-8327	832A-832A	832C-832D	832F-832F	8331-8331	8333-8334	8337-8337	833A-833D	833F-8340	8342-8342	8344-8347	834B-834C	834F-834F	8351-8351	8356-8358	835A-835A	835E-8364	8366-8368	836B-836B	836F-836F	8373-8373	8375-8375	8378-8378	837A-8380	8383-8383	8385-8386	8391-8392	8394-8395	8398-8399	839B-839C	83A0-83A0	83A2-83A2	83A4-83A4	83A7-83AA	83AC-83AC	83AF-83B5	83B7-83B7	83B9-83BA
Noto Sans HK	700	/fonts/served/noto-sans-hk-46-700-normal.woff2	8115-8115	8117-8118	811A-811B	811E-811E	8121-8127	8129-812A	812C-812C	812F-8134	8137-8138	813A-813A	813D-813D	8142-8142	8144-8144	8146-8146	8148-8148	814A-814A	814C-814D	8151-8151	8153-8153	8156-8156	8158-815A	8160-8160	8167-8167	8169-8169	816C-816D	816F-816F	8171-8171	8174-8174	817B-817E	8182-8182	8184-8184	8188-8188	818A-818A	8193-8195	8198-8198	819B-819B	819E-819E	81A3-81A3	81A5-81A7	81AA-81AB	81AF-81B0	81B5-81B6	81B8-81B8	81BA-81BB	81BE-81BF	81C1-81C1	81C3-81C3	81C6-81C6	81C8-81C8	81CA-81CA	81CC-81CD	81CF-81CF	81D1-81D3	81D6-81D7	81D9-81DA	81DD-81DE	81E0-81E2	81E4-81E4	81E7-81E7	81EC-81EC	81EF-81EF	81F6-81F6	81FC-81FC	81FE-81FE	8200-8202	8204-8206	820B-820B	820E-820E	8210-8210	8215-8215	8217-8218	821A-821B	821D-821D	8221-8222	8224-8224	8226-8226	8228-8229	822B-822B	822D-822D	822F-8234	8236-8238	823A-823A	823E-823E	8240-8240	8244-8245	8249-8249	824B-824B	824E-824F	8254-8254	8257-8257	825A-825A	825F-825F	8262-8262	8264-8265	8268-8268	826B-826B	826E-826E	8270-8270	8273-8273	8276-8276	8278-8279	827B-827B	827D-827D	827F-827F	8283-8284	8287-828A
Noto Sans HK	700	/fonts/served/noto-sans-hk-47-700-normal.woff2	7F9A-7F9A	7F9D-7F9D	7F9F-7F9F	7FA1-7FA3	7FA5-7FA5	7FA7-7FA7	7FAD-7FB2	7FB4-7FB4	7FB6-7FB6	7FB8-7FB8	7FBC-7FBC	7FBF-7FC0	7FC3-7FC3	7FCB-7FCC	7FCE-7FCF	7FD1-7FD1	7FD5-7FD5	7FD8-7FD8	7FDB-7FDB	7FDD-7FDF	7FE5-7FE7	7FE9-7FE9	7FEB-7FEC	7FEE-7FEE	7FF2-7FF3	7FFA-7FFA	7FFD-7FFE	8002-8002	8004-8004	8006-8006	8008-8008	800B-800B	800E-800E	8011-8012	8014-8014	8016-8016	8018-8019	801C-801D	8020-8020	8024-8026	8028-8028	802C-802C	802E-8031	8035-8035	8037-8039	803B-803C	8042-8043	804B-804C	8052-8052	805B-805B	8061-8063	8066-8066	8068-8068	806A-806A	806E-806E	8071-8071	8073-8076	8079-8079	807C-807C	807E-8080	8083-8084	808F-808F	8093-8093	8095-8095	8098-8098	809C-809C	809F-80A0	80A4-80A4	80A7-80A7	80AB-80AB	80AD-80AE	80B0-80B1	80B4-80B8	80BC-80C2	80C4-80C4	80C6-80C7	80CB-80CB	80CD-80CD	80CF-80CF	80D4-80D4	80D7-80D7	80D9-80D9	80DB-80DD	80E0-80E0	80E3-80E5	80E7-80E7	80E9-80E9	80EB-80ED	80EF-80F1	80F3-80F4	80F6-80F7	80FC-80FC	80FE-80FF	8101-8101	8103-8103	8107-8107	8109-8109	810C-810C	810E-8114
Noto Sans HK	700	/fonts/served/noto-sans-hk-48-700-normal.woff2	7E5B-7E5B	7E62-7E62	7E65-7E65	7E67-7E68	7E6C-7E70	7E76-7E76	7E78-7E78	7E7B-7E7B	7E7E-7E7F	7E81-7E82	7E86-7E88	7E8A-7E8A	7E8D-7E8E	7E92-7E94	7E98-7E9B	7E9E-7EA0	7EA3-7EA4	7EA8-7EA8	7EAA-7EAF	7EB1-7EB3	7EB5-7EBA	7EBD-7EBE	7EC0-7EC1	7EC3-7EC3	7EC5-7EC5	7EC7-7ECA	7ECD-7ECE	7ED1-7ED2	7ED4-7ED5	7ED7-7ED8	7EDA-7EDB	7EDD-7EDE	7EE2-7EE3	7EE5-7EE5	7EE7-7EE7	7EE9-7EEB	7EEE-7EF0	7EF3-7EF3	7EF5-7EF5	7EF7-7EF8	7EFD-7F01	7F03-7F03	7F05-7F09	7F0E-7F0E	7F10-7F10	7F13-7F15	7F18-7F1A	7F1C-7F1D	7F20-7F20	7F24-7F25	7F28-7F2A	7F2D-7F2E	7F30-7F30	7F34-7F34	7F36-7F37	7F3D-7F3D	7F40-7F45	7F47-7F4E	7F52-7F54	7F58-7F58	7F5A-7F5A	7F5D-7F5D	7F5F-7F63	7F65-7F65	7F68-7F68	7F6B-7F6B	7F71-7F71	7F78-7F78	7F7D-7F7E	7F81-7F83	7F86-7F87	7F8B-7F8D	7F8F-7F8F	7F91-7F91	7F93-7F95	7F97-7F97	7F99-7F99
Noto Sans HK	700	/fonts/served/noto-sans-hk-49-700-normal.woff2	7D07-7D0A	7D0F-7D0F	7D11-7D12	7D15-7D15	7D18-7D18	7D1C-7D1E	7D25-7D25	7D27-7D27	7D29-7D29	7D2C-7D2C	7D31-7D32	7D35-7D35	7D38-7D38	7D3A-7D3A	7D3C-7D3C	7D3E-7D41	7D43-7D43	7D45-7D46	7D4C-7D4F	7D53-7D54	7D56-7D56	7D5A-7D5D	7D5F-7D5F	7D63-7D63	7D67-7D67	7D6A-7D6A	7D6D-7D6D	7D70-7D70	7D73-7D73	7D75-7D75	7D79-7D7B	7D7D-7D7D	7D80-7D80	7D83-7D84	7D86-7D89	7D8B-7D8F	7D91-7D91	7D95-7D9A	7D9D-7D9E	7DA2-7DA4	7DA6-7DA6	7DA8-7DA8	7DAA-7DAA	7DAC-7DAC	7DAE-7DB0	7DB3-7DB3	7DB5-7DB5	7DB7-7DB7	7DB9-7DB9	7DBD-7DBD	7DC1-7DC1	7DC3-7DC7	7DCC-7DD1	7DD3-7DD4	7DD6-7DD9	7DDB-7DDC	7DE1-7DE2	7DE4-7DE6	7DF0-7DF3	7DF5-7DF6	7DFC-7DFE	7E01-7E02	7E04-7E04	7E07-7E0B	7E10-7E11	7E13-7E13	7E15-7E15	7E1D-7E20	7E22-7E22	7E25-7E27	7E29-7E29	7E2D-7E2D	7E2F-7E30	7E32-7E37	7E39-7E39	7E3B-7E3B	7E44-7E45	7E47-7E48	7E4A-7E4B	7E4D-7E4D	7E50-7E52	7E56-7E56	7E58-7E5A
Noto Sans HK	700	/fonts/served/noto-sans-hk-50-700-normal.woff2	7B91-7B93	7B95-7B96	7B98-7B98	7B9C-7B9D	7BA0-7BA0	7BA2-7BA3	7BA7-7BA7	7BA9-7BAC	7BAE-7BAE	7BB0-7BB0	7BB2-7BB2	7BB4-7BB4	7BB6-7BB6	7BB8-7BB9	7BC1-7BC1	7BC3-7BC3	7BC5-7BC6	7BCB-7BCC	7BCF-7BD0	7BD4-7BD4	7BD9-7BDB	7BDD-7BDD	7BE0-7BE1	7BE5-7BE6	7BEA-7BEA	7BEC-7BEE	7BF1-7BF3	7BF8-7BFA	7BFC-7C01	7C03-7C03	7C07-7C07	7C0A-7C0D	7C0F-7C0F	7C11-7C12	7C15-7C15	7C1B-7C1B	7C1E-7C20	7C23-7C23	7C25-7C26	7C2A-7C2B	7C35-7C35	7C37-7C39	7C40-7C42	7C44-7C44	7C48-7C49	7C50-7C51	7C53-7C54	7C56-7C57	7C59-7C5D	7C5F-7C5F	7C63-7C63	7C65-7C65	7C69-7C69	7C6C-7C6E	7C70-7C70	7C74-7C75	7C79-7C79	7C7C-7C7C	7C7E-7C7E	7C83-7C84	7C86-7C86	7C8B-7C8B	7C8D-7C8E	7C91-7C91	7C94-7C95	7C9B-7C9C	7C9F-7C9F	7CA2-7CA2	7CA4-7CA4	7CA6-7CA6	7CA8-7CAA	7CAC-7CAC	7CAE-7CAE	7CB1-7CB3	7CB8-7CB8	7CBA-7CBA	7CBC-7CBC	7CBF-7CC0	7CC2-7CC3	7CC5-7CC5	7CC7-7CC9	7CCC-7CCE	7CD3-7CD3	7CD7-7CD7	7CDA-7CDA	7CDC-7CDD	7CE0-7CE0	7CE2-7CE2	7CE6-7CE6	7CE8-7CE8	7CEA-7CEA	7CED-7CED	7CF2-7CF6	7CF8-7CFA	7CFC-7CFC	7D02-7D02	7D06-7D06
Noto Sans HK	700	/fonts/served/noto-sans-hk-51-700-normal.woff2	7A2C-7A2D	7A32-7A33	7A37-7A37	7A39-7A3A	7A3C-7A3C	7A3E-7A3E	7A42-7A43	7A45-7A45	7A49-7A49	7A4F-7A4F	7A56-7A56	7A5A-7A5A	7A5C-7A5C	7A60-7A61	7A63-7A63	7A65-7A65	7A68-7A68	7A6D-7A6E	7A70-7A72	7A77-7A79	7A7D-7A7D	7A80-7A80	7A83-7A83	7A85-7A86	7A88-7A88	7A8D-7A8D	7A90-7A91	7A93-7A96	7A98-7A98	7A9C-7A9D	7AA0-7AA0	7AA3-7AA3	7AA5-7AA6	7AA8-7AA8	7AAA-7AAA	7AAC-7AAC	7AB0-7AB0	7AB3-7AB3	7AB6-7AB6	7AB8-7AB8	7ABB-7ABC	7ABE-7ABF	7AC2-7AC3	7AC8-7AC9	7ACF-7ACF	7AD1-7AD3	7AD6-7AD6	7ADA-7ADE	7AE2-7AE2	7AE4-7AE4	7AE6-7AE7	7AE9-7AEB	7AF4-7AF4	7AF8-7AF8	7AFA-7AFE	7B01-7B06	7B09-7B0C	7B0E-7B10	7B14-7B14	7B18-7B18	7B1A-7B1A	7B1E-7B1F	7B22-7B25	7B27-7B27	7B29-7B2B	7B2D-7B2E	7B31-7B35	7B38-7B3C	7B42-7B43	7B45-7B45	7B47-7B48	7B4A-7B4A	7B4C-7B4C	7B4E-7B50	7B55-7B55	7B58-7B58	7B5B-7B5B	7B5D-7B5D	7B60-7B60	7B62-7B62	7B65-7B67	7B69-7B69	7B6C-7B6F	7B72-7B76	7B79-7B79	7B7B-7B7B	7B7E-7B7E	7B82-7B82	7B84-7B85	7B87-7B87	7B8B-7B8B	7B8D-7B90
Noto Sans HK	700	/fonts/served/noto-sans-hk-52-700-normal.woff2	78D2-78D5	78D7-78D8	78DE-78DE	78E3-78E4	78E6-78E7	78EA-78EA	78EC-78EC	78EE-78EE	78F0-78F5	78FA-78FB	78FD-7900	7904-7906	790A-790A	790C-790C	7910-7912	791C-791C	791E-791E	7920-7921	792A-792C	792E-792E	7931-7934	7936-7936	7938-7938	793B-793B	793D-793D	793F-793F	7941-7942	7945-7947	7949-7949	794C-794C	794E-794E	7953-7954	7957-795C	795F-795F	7961-7962	7964-7964	7967-7967	7969-7969	796B-796C	796F-796F	7971-7973	7977-7979	797B-797C	797E-797E	7980-7980	7982-7988	798A-798B	7991-7991	7993-7996	7998-799B	799D-799D	799F-79A2	79A4-79A5	79A8-79A9	79AF-79B0	79B3-79B3	79B5-79B5	79B8-79B8	79BA-79BA	79C3-79C4	79C6-79C6	79C8-79C8	79CA-79CA	79CC-79CC	79CF-79D0	79D4-79D6	79DC-79DE	79E2-79E3	79E7-79E7	79EA-79ED	79EF-79F1	79F4-79F4	79F6-79F8	79FD-79FD	7A02-7A03	7A06-7A06	7A08-7A0A	7A0C-7A0C	7A0E-7A0E	7A10-7A11	7A14-7A14	7A17-7A19	7A1C-7A1C	7A1E-7A1F	7A23-7A23	7A26-7A26	7A2A-7A2A
Noto Sans HK	700	/fonts/served/noto-sans-hk-53-700-normal.woff2	776C-776E	7771-7772	7777-7778	777A-777B	777D-777E	7780-7780	7785-7785	7787-7787	7789-7789	778B-778D	7791-7793	7798-7798	779C-779C	779F-77A0	77A2-77A2	77A5-77A5	77A9-77A9	77AF-77B1	77B4-77B4	77B6-77B7	77B9-77B9	77BC-77BF	77C3-77C3	77C5-77C5	77C7-77C7	77CB-77CD	77D3-77D3	77D6-77D7	77DC-77DE	77E3-77E3	77E6-77E7	77EB-77EC	77F0-77F0	77F2-77F2	77F4-77F4	77F6-77F6	77F8-77F8	77FA-77FC	77FE-7800	7803-7803	7805-7806	7808-7809	7810-7812	7815-7816	7818-7818	781A-781A	781C-7823	7825-7827	7829-7829	782C-7830	7833-7833	7835-7835	7837-7837	7839-783A	783C-783E	7840-7840	7842-7845	7847-7847	784A-7855	7858-7858	785A-785A	785C-785D	7864-7864	7866-7866	7868-7868	786A-786A	786F-786F	7874-7874	7876-7876	787A-787A	787C-787C	787F-787F	7886-7889	788D-788D	788F-788F	7893-7893	7895-7896	7898-7898	789A-789A	789E-789E	78A1-78A1	78A3-78A3	78A5-78A5	78AA-78AA	78AD-78AD	78AF-78AF	78B1-78B2	78B4-78B4	78B6-78B6	78B8-78B9	78BE-78BE	78C7-78C9	78CB-78CB	78CE-78CE	78D0-78D1
Noto Sans HK	700	/fonts/served/noto-sans-hk-54-700-normal.woff2	7601-7602	7607-760A	760C-760D	7610-7610	7615-7616	7618-7620	7622-7623	7625-7625	7627-7627	7629-7629	762B-762C	762E-762E	7630-7630	7632-7635	7638-7638	763A-763C	763E-763E	7640-7640	7643-7643	7646-7646	7648-7649	764D-764F	7651-7651	7654-7654	7658-7658	765C-765C	765F-765F	7663-7667	7669-7669	766B-766D	766F-7670	7673-7674	7676-7676	7678-767A	767F-7681	7683-7683	7688-7688	768A-768B	768E-768E	7690-7690	7695-7696	769A-769E	76A1-76A1	76A3-76A5	76AA-76AA	76B0-76B1	76B4-76B4	76B7-76B8	76C2-76C2	76C5-76C5	76C9-76C9	76CC-76CD	76CF-76D1	76D6-76D9	76E5-76E6	76E9-76E9	76EC-76EC	76F1-76F1	76F7-76F7	76F9-76FB	76FF-7700	7704-7705	7707-7708	770A-770A	770C-770C	770E-770F	7715-7715	7719-771B	771D-771E	7722-7722	7724-7726	7728-7728	772B-772B	772D-772D	772F-772F	7733-7736	7738-7738	773B-773B	773D-773D	7741-7741	7743-7744	7746-7746	774C-774C	774E-7752	7755-7755	7758-775A	775F-7760	7762-7762	7765-7766	7768-776A
Noto Sans HK	700	/fonts/served/noto-sans-hk-55-700-normal.woff2	74AA-74AB	74AE-74AE	74B1-74B2	74B4-74B5	74B8-74BA	74BF-74BF	74C5-74C6	74C8-74C8	74CC-74CD	74D0-74D0	74D2-74D4	74D6-74D6	74D8-74D8	74DA-74DA	74DE-74E0	74E2-74E2	74E4-74E4	74E7-74E9	74EE-74F2	74F4-74F4	74F8-74F9	74FB-74FB	74FF-7501	7503-7503	7505-7505	7507-7507	750C-750E	7511-7511	7513-7513	7515-7517	7519-7519	751E-751E	7521-7521	7525-7525	752A-752A	752C-752F	7534-7534	753E-753E	7542-7542	7545-7548	754A-754B	754D-754E	7551-7551	7553-7553	7555-7555	755A-755B	755D-755D	7560-7560	7563-7564	7566-7568	756C-756F	7572-7575	7577-757A	757C-757C	757E-757F	7583-7584	7587-7587	7589-7589	758B-758E	7590-7590	7592-7592	7594-7595	7597-7597	7599-759A	759D-759F	75A1-75A3	75A5-75A5	75A7-75A7	75AA-75AA	75AC-75AC	75AE-75B1	75B3-75B4	75B8-75B8	75BD-75BD	75C0-75C0	75C2-75C4	75C8-75CA	75CC-75CD	75D2-75D2	75D4-75D4	75D9-75D9	75DC-75DC	75DF-75DF	75E2-75E4	75E6-75E7	75E9-75EC	75F0-75F3	75F7-75F7	75F9-75FA	75FC-75FC	75FE-7600
Noto Sans HK	700	/fonts/served/noto-sans-hk-56-700-normal.woff2	73B9-73BA	73BC-73BC	73BF-73BF	73C2-73C2	73C4-73C6	73C9-73C9	73CB-73CC	73CE-73D2	73D5-73D7	73D9-73D9	73DB-73DE	73E1-73EB	73EF-73EF	73F3-73F3	73F5-73F7	73F9-73FD	7400-7402	7404-7405	7407-7408	740A-740D	740F-7412	7414-7417	7419-7425	7428-7429	742C-7432	7435-743A	743C-7443	7445-744A	744C-744C	7451-7454	7456-7457	7459-7459	745D-745D	7460-7462	7465-7465	7467-7468	746B-746E	7471-7477	7479-747A	747C-747F	7481-7482	7484-7486	7488-748A	748C-7490	7492-7492	7498-74A1	74A3-74A7	74A9-74A9
Noto Sans HK	700	/fonts/served/noto-sans-hk-57-700-normal.woff2	7265-7266	726A-726B	726E-7270	7273-7275	7277-7277	727A-727B	727E-727F	7281-7282	7284-7284	7287-7287	728A-728A	728D-728D	728F-728F	7292-7292	7294-7294	7296-7296	7298-7298	729B-729B	729F-72A2	72AD-72AE	72B0-72B5	72B8-72B9	72BC-72BD	72C1-72C1	72C3-72C3	72C5-72C6	72C8-72C8	72CC-72CE	72D2-72D2	72D4-72D4	72DB-72DB	72DD-72DD	72DF-72DF	72E1-72E2	72E8-72E8	72EC-72EE	72F1-72F1	72F3-72F4	72F7-72F7	72FA-72FB	72FD-72FD	7300-7302	7304-7304	7307-7307	730A-730B	730E-730E	7310-7310	7313-7313	7315-7317	7319-7319	731E-731F	7322-7322	7328-732E	7330-7331	7337-733C	733E-733E	7340-7341	7343-7343	7348-7348	734C-734D	734F-7350	7352-7352	7355-7355	7357-7357	7359-735A	7360-7363	7365-7365	7369-7371	7373-7374	7377-7377	737A-737A	737C-737C	737E-737E	7380-7380	7385-7386	738A-738A	738C-738C	738E-738F	7391-7395	7397-7398	739B-739C	739E-739E	73A0-73A2	73A5-73A8	73AA-73AA	73AD-73AE	73B3-73B8
Noto Sans HK	700	/fonts/served/noto-sans-hk-58-700-normal.woff2	70FE-70FF	7104-7106	7109-7109	710C-710C	7110-7110	7113-7116	7118-7118	711C-711E	7120-7120	7122-7122	7129-7129	712B-712C	712E-712F	7131-7131	7133-7135	713B-713C	713E-7140	7143-7143	7145-7147	714A-714B	714F-7153	7155-7157	715A-715A	7160-7160	7162-7162	7166-7166	7168-7168	716B-716C	7171-7171	7173-7178	717A-717E	7180-7181	7185-7185	7187-7188	718B-718C	718E-7192	7196-7198	719A-719C	71A0-71A0	71A2-71A4	71A8-71A8	71AD-71AD	71AF-71AF	71B2-71B5	71B7-71BA	71BE-71BE	71C1-71C1	71C4-71C4	71CA-71CB	71CE-71D1	71D4-71D4	71D7-71D8	71DA-71DA	71DC-71DD	71E0-71E1	71E7-71E7	71EB-71EC	71EE-71EE	71F4-71F6	71F9-71F9	71FC-71FC	71FE-7201	7203-7203	7207-7207	7209-7209	720C-720C	720E-720F	7213-7217	721A-721A	721D-721D	7222-7225	7228-7228	722B-722B	722E-722E	7230-7230	7237-7237	723B-723B	723F-7242	724B-724B	724D-724D	7250-7250	7252-7253	7255-7258	725C-725D	7263-7264
Noto Sans HK	700	/fonts/served/noto-sans-hk-59-700-normal.woff2	6FBC-6FBC	6FBE-6FBE	6FC2-6FC2	6FC6-6FCB	6FCE-6FCE	6FD1-6FD4	6FD8-6FDA	6FDE-6FDE	6FE0-6FE2	6FE8-6FE9	6FEC-6FEC	6FEE-6FEE	6FF0-6FF0	6FF3-6FF3	6FF5-6FF6	6FF8-6FF8	6FFA-6FFA	6FFC-6FFC	6FFF-7001	7003-7003	7005-7007	700B-700B	700D-700D	7015-7015	7018-7018	701B-701B	701E-701E	7020-7021	7023-7023	7026-7027	702C-702C	702F-7032	7034-7035	7037-703C	7040-7040	7042-7044	7046-7046	7049-7049	704B-704B	704D-704D	704F-7050	7052-7052	7054-7055	705C-7061	7064-7069	706C-706F	7073-7075	7077-707A	707E-7081	7085-7086	7089-7089	708B-708B	708F-7091	7094-7096	7098-7098	709C-709C	709F-70A1	70A3-70A7	70A9-70A9	70AC-70AC	70AF-70B2	70B4-70B5	70B7-70B7	70BB-70BE	70C0-70C4	70CA-70CC	70D0-70D0	70D2-70D2	70D4-70D6	70D9-70DD	70DF-70DF	70E6-70E9	70EB-70EC	70EF-70EF	70F1-70F1	70F4-70F5	70F7-70F7	70FA-70FA	70FD-70FD
Noto Sans HK	700	/fonts/served/noto-sans-hk-60-700-normal.woff2	6E88-6E89	6E8B-6E8B	6E8D-6E8F	6E93-6E93	6E98-6E9A	6E9F-6E9F	6EA1-6EA1	6EA4-6EA7	6EAE-6EAE	6EB1-6EB2	6EB4-6EB5	6EB7-6EB8	6EBB-6EBB	6EBD-6EBD	6EC1-6EC3	6EC7-6EC9	6ECD-6ED0	6ED3-6ED6	6ED8-6ED8	6EDA-6EDB	6EDD-6EDE	6EE2-6EE2	6EE4-6EE5	6EE8-6EE9	6EEB-6EEB	6EEE-6EEE	6EF3-6EF3	6EF8-6EFB	6F00-6F00	6F04-6F04	6F08-6F0E	6F11-6F13	6F15-6F17	6F19-6F1A	6F23-6F2A	6F2D-6F31	6F33-6F36	6F3A-6F3D	6F40-6F41	6F43-6F44	6F47-6F47	6F4D-6F4F	6F53-6F53	6F56-6F57	6F59-6F5A	6F5C-6F5C	6F5E-6F61	6F63-6F63	6F66-6F67	6F69-6F6C	6F6F-6F6F	6F72-6F7F	6F81-6F82	6F87-6F87	6F89-6F8D	6F90-6F90	6F92-6F92	6F94-6F97	6F9C-6F9D	6F9F-6FA0	6FA2-6FA3	6FA5-6FA8	6FAA-6FAB	6FAE-6FAF	6FB4-6FB6	6FB9-6FBB
Noto Sans HK	700	/fonts/served/noto-sans-hk-61-700-normal.woff2	6D64-6D65	6D67-6D67	6D6C-6D6D	6D6F-6D72	6D75-6D75	6D79-6D79	6D7C-6D7C	6D7F-6D7F	6D81-6D82	6D85-6D85	6D87-6D87	6D8E-6D8F	6D91-6D9B	6D9D-6D9D	6D9F-6D9F	6DA1-6DA1	6DA4-6DAC	6DB1-6DB1	6DB3-6DB4	6DB7-6DB9	6DBE-6DC0	6DC2-6DC2	6DC4-6DC5	6DC8-6DCA	6DCC-6DCD	6DCF-6DD0	6DD2-6DD3	6DD5-6DD6	6DD9-6DD9	6DDB-6DE0	6DE2-6DE6	6DE9-6DE9	6DEC-6DEC	6DEF-6DF0	6DF2-6DF2	6DF4-6DF4	6DF6-6DF6	6DF8-6DF8	6DFC-6DFE	6E00-6E00	6E02-6E04	6E07-6E0B	6E0D-6E10	6E13-6E15	6E17-6E1A	6E1D-6E1D	6E1F-6E1F	6E22-6E22	6E24-6E25	6E27-6E27	6E2A-6E2B	6E2D-6E2E	6E30-6E31	6E36-6E36	6E39-6E3A	6E3C-6E3D	6E40-6E41	6E44-6E45	6E47-6E47	6E49-6E49	6E4B-6E4B	6E4D-6E51	6E53-6E54	6E57-6E57	6E59-6E59	6E5C-6E5C	6E5E-6E61	6E63-6E66	6E69-6E6B	6E6E-6E6E	6E70-6E76	6E78-6E78	6E7C-6E7C	6E7F-6E80	6E83-6E83	6E85-6E86
Noto Sans HK	700	/fonts/served/noto-sans-hk-62-700-normal.woff2	6C3F-6C3F	6C43-6C43	6C46-6C46	6C49-6C4F	6C54-6C55	6C58-6C58	6C5A-6C5C	6C5E-6C5E	6C64-6C69	6C6B-6C6F	6C71-6C75	6C78-6C79	6C7C-6C7C	6C7E-6C7F	6C82-6C82	6C84-6C87	6C8C-6C8D	6C8F-6C8F	6C93-6C94	6C98-6C98	6C9A-6C9A	6C9D-6C9D	6C9F-6C9F	6CA2-6CA2	6CA5-6CA8	6CAA-6CAA	6CAC-6CB2	6CB4-6CB5	6CBA-6CBA	6CBC-6CBC	6CC2-6CC3	6CC5-6CC7	6CCB-6CCB	6CCE-6CCE	6CD0-6CD2	6CD4-6CD4	6CD6-6CD7	6CD9-6CDA	6CDC-6CE0	6CE7-6CE7	6CE9-6CEC	6CEE-6CEF	6CF1-6CF1	6CF7-6CF8	6CFB-6D02	6D04-6D07	6D09-6D0A	6D0C-6D0C	6D0E-6D12	6D18-6D1A	6D1F-6D1F	6D22-6D24	6D26-6D28	6D2B-6D2B	6D2D-6D31	6D33-6D3A	6D3C-6D3C	6D3F-6D3F	6D43-6D47	6D4A-6D4B	6D4E-6D4F	6D51-6D53	6D57-6D58	6D5A-6D5C	6D5E-6D63
Noto Sans HK	700	/fonts/served/noto-sans-hk-63-700-normal.woff2	6A9C-6AA1	6AA3-6AA5	6AA7-6AA8	6AAB-6AAB	6AAE-6AAE	6AB1-6AB2	6AB5-6AB5	6ABA-6ABA	6ABE-6ABE	6AC2-6AC2	6AC5-6AC6	6AC8-6ACA	6ACC-6ACC	6AD3-6AD4	6AD8-6AD8	6ADA-6ADB	6ADD-6ADF	6AE3-6AE3	6AE7-6AE8	6AEA-6AEC	6AF1-6AF1	6AF3-6AF3	6AF6-6AF6	6AF8-6AF8	6AFA-6AFA	6AFC-6AFC	6B05-6B05	6B09-6B09	6B0E-6B13	6B17-6B17	6B1D-6B1E	6B25-6B25	6B2C-6B2C	6B31-6B31	6B35-6B37	6B39-6B39	6B3B-6B3B	6B40-6B40	6B43-6B43	6B46-6B46	6B48-6B48	6B52-6B55	6B57-6B57	6B59-6B59	6B5B-6B5B	6B5F-6B60	6B68-6B69	6B6F-6B6F	6B74-6B74	6B7A-6B7A	6B7C-6B7C	6B7F-6B84	6B86-6B87	6B89-6B89	6B8B-6B8B	6B8D-6B8D	6B91-6B93	6B9B-6B9B	6B9E-6B9E	6BA1-6BA2	6BA4-6BA4	6BAA-6BAB	6BAD-6BAE	6BB2-6BB4	6BBB-6BBB	6BBD-6BBD	6BC1-6BC2	6BCC-6BCC	6BCE-6BCE	6BD0-6BD1	6BD5-6BD9	6BDC-6BDC	6BDE-6BDE	6BE1-6BE1	6BEA-6BEA	6BEC-6BEC	6BF3-6BF3	6BF9-6BFA	6BFD-6BFD	6BFF-6C00	6C02-6C02	6C05-6C06	6C0A-6C0A	6C0C-6C0D	6C10-6C10	6C13-6C13	6C16-6C16	6C18-6C1A	6C1C-6C1C	6C1F-6C1F	6C21-6C22	6C24-6C24	6C26-6C26	6C28-6C2A	6C2C-6C2C	6C2E-6C33	6C35-6C37	6C39-6C3A	6C3D-6C3E
Noto Sans HK	700	/fonts/served/noto-sans-hk-64-700-normal.woff2	6957-6957	6959-6959	695B-695F	6961-696C	696E-6970	6972-6974	6976-6976	6978-697A	697C-697C	6980-6980	6984-6986	6988-698A	698D-698E	6990-6991	6994-6994	6996-699B	699E-699F	69A2-69A7	69AB-69AB	69AD-69AD	69AF-69AF	69B1-69B3	69B6-69B7	69BB-69BC	69BF-69C1	69C3-69C5	69C7-69C7	69CA-69CA	69CC-69CC	69CE-69CE	69D0-69D1	69D4-69D6	69D8-69D9	69DB-69DB	69DF-69DF	69E1-69E1	69E4-69E4	69E8-69EA	69ED-69EE	69F1-69F4	69F6-69F6	69F8-69FB	69FF-6A00	6A03-6A03	6A05-6A05	6A0A-6A0C	6A17-6A18	6A1A-6A1C	6A28-6A2D	6A31-6A33	6A35-6A35	6A3B-6A3B	6A3E-6A40	6A43-6A43	6A45-6A45	6A47-6A48	6A4C-6A4C	6A50-6A50	6A52-6A53	6A55-6A57	6A5A-6A5B	6A5E-6A5E	6A62-6A63	6A65-6A66	6A6A-6A6A	6A71-6A71	6A74-6A74	6A79-6A7A	6A7C-6A7C	6A7E-6A82	6A84-6A84	6A87-6A87	6A89-6A8A	6A8D-6A92	6A97-6A97	6A99-6A99
Noto Sans HK	700	/fonts/served/noto-sans-hk-65-700-normal.woff2	67FE-67FE	6800-6805	6808-6809	680B-680B	680D-6812	6814-6814	6816-6816	6818-6818	681B-681E	6820-6820	6822-6822	6825-6825	6827-6829	682B-682B	682E-682F	6831-6834	6836-6836	683A-683B	683E-683E	6840-6841	6844-6845	6847-6847	6849-684A	684E-684E	6853-6853	6855-6856	685C-685D	685F-685F	6861-6863	6865-6869	686B-686B	686D-686D	686F-686F	6871-6872	6874-6875	6877-6877	6879-6879	687B-687C	687E-687E	6880-6880	6882-6884	6886-6886	6888-6888	688F-688F	6891-6892	6894-6894	6896-6896	6898-6898	689B-689C	689F-68A0	68A2-68A3	68A6-68A6	68A9-68A9	68B1-68B2	68B4-68B4	68B6-68B6	68B9-68B9	68BD-68BD	68C0-68C1	68C3-68C3	68C5-68C6	68C8-68C8	68CA-68CA	68D0-68D1	68D3-68D3	68D6-68D6	68E1-68E1	68E3-68E3	68E6-68E6	68E8-68EC	68EF-68F1	68F3-68F3	68F6-68F7	68F9-68FD	6900-6904	6906-6907	6909-6909	690B-690B	690F-6910	6917-691C	6925-6925	692A-692A	692C-692D	6932-6932	6934-6934	6936-6936	6939-6939	693C-6940	6942-6943	6946-6946	6949-6949	6952-6952	6954-6956
Noto Sans HK	700	/fonts/served/noto-sans-hk-66-700-normal.woff2	66B3-66B3	66B5-66B6	66B8-66BC	66BE-66BF	66C1-66C1	66C4-66C4	66C7-66C8	66CC-66CF	66D5-66D5	66D8-66DB	66DF-66DF	66E1-66E2	66E7-66E9	66EF-66EF	66F1-66F1	66F5-66F5	66F7-66F7	66FA-66FA	66FD-66FD	6702-6702	6705-6705	670A-670A	670C-670C	670E-6710	6713-6716	6718-6719	671E-671E	6720-6720	6722-6727	6729-6729	672E-672E	6733-6733	6736-6736	6738-6739	673F-6740	6742-6742	6744-6745	6747-6748	674B-674D	6753-6753	6755-6755	6759-6759	675D-675E	6760-6760	6762-6763	6767-676C	676E-676E	6772-6777	677A-677C	6782-6782	6786-6787	678A-678C	678E-678F	6791-6793	6796-6796	6798-6799	679F-67A5	67AA-67AE	67B0-67B5	67B7-67BC	67BF-67C3	67C5-67C6	67C8-67CA	67CE-67CE	67D2-67D2	67D6-67D9	67DB-67E0	67E2-67E2	67E4-67E4	67E9-67EA	67F0-67F0	67F2-67F2	67F6-67FB
Noto Sans HK	700	/fonts/served/noto-sans-hk-67-700-normal.woff2	6535-6535	6537-6538	653A-653A	653D-653D	6542-6543	6549-6549	654C-654E	6554-6555	655A-655B	655D-655D	655F-655F	6561-6561	6564-6565	6567-6567	656B-656B	656D-656E	6573-6573	6576-6576	6579-657B	6581-6581	6585-6586	6588-6589	658B-658B	658E-658E	6593-6593	6595-6595	659B-659B	659D-659D	659F-65A1	65A9-65A9	65AB-65AB	65AD-65AD	65B2-65B3	65B5-65B5	65BB-65BB	65BE-65BF	65C2-65C4	65C6-65C6	65CC-65CC	65CE-65CE	65D1-65D2	65D4-65D4	65D6-65D6	65DB-65DB	65E1-65E1	65E3-65E3	65E7-65E7	65EE-65F0	65F2-65F4	65F7-65F8	65FC-65FD	65FF-6600	6603-6605	6609-6609	660D-660D	6610-6611	6618-6619	661C-661E	6621-6624	6626-6626	6629-6629	662B-662B	6630-6630	6633-6636	6639-663D	6640-6641	6644-6645	6648-6648	664A-664D	6653-6657	6659-6659	665B-665B	665D-665E	6660-6667	6669-6669	666B-666C	6672-6673	6677-6679	667B-667E	6681-6685	668B-6690	6692-6692	6698-6698	669A-669A	669D-669D	669F-66A0	66A4-66A4	66A6-66A7	66AA-66AA	66AD-66AD	66B2-66B2
Noto Sans HK	700	/fonts/served/noto-sans-hk-68-700-normal.woff2	63F2-63F3	63F5-63F8	63FA-63FE	6400-6402	6405-6407	6409-640C	6410-6410	6414-6415	6418-6418	641B-641B	641F-6423	6425-6428	642A-642B	642F-6430	6432-6432	6434-6434	6437-6438	643A-643B	643D-6444	6446-6447	644A-644B	644E-644E	6450-6453	6456-6456	6459-645C	645E-645E	6460-6461	6463-6465	6468-6468	646C-646E	6470-6477	6479-6479	647B-647D	6480-6480	6482-6482	6485-6485	648B-648D	6491-6491	6493-6493	6496-649A	649D-649D	649F-64A0	64A2-64A3	64AC-64AC	64AF-64AF	64B1-64B1	64B3-64B4	64B6-64B9	64BB-64BB	64BE-64BE	64C0-64C0	64C3-64C4	64D0-64D0	64D2-64D3	64D5-64D5	64D7-64D8	64DD-64DD	64E1-64E5	64E7-64E7	64E9-64EA	64ED-64ED	64EF-64F0	64F3-64F3	64F8-64F8	64FB-64FC	64FF-64FF	6504-6506	6509-650A	6511-6512	6516-6516	6518-6519	651B-651B	651F-6523	6525-6526	6529-6529	652B-652B	652E-652E	6530-6530	6532-6532	6534-6534
Noto Sans HK	700	/fonts/served/noto-sans-hk-69-700-normal.woff2	628E-628E	6290-6290	6294-6294	629A-629E	62A0-62A0	62A2-62A2	62A6-62A6	62A8-62A8	62AF-62AF	62B3-62B3	62B6-62B6	62BA-62BB	62BE-62BF	62C1-62C5	62C8-62C8	62CA-62CA	62CF-62CF	62D1-62D1	62D5-62D5	62D7-62D7	62D9-62D9	62DD-62DD	62DF-62E3	62E5-62E8	62EE-62EE	62F4-62FB	62FD-62FD	6300-6300	6302-6302	6308-6308	630C-630E	6310-6310	6312-6313	6318-631B	631D-6321	6323-6325	632D-632E	6331-6332	6334-6339	633B-633C	633E-6340	6342-6346	634B-634C	634E-634E	6352-6352	6357-6357	635A-635A	635C-635F	6361-6361	6363-6365	6369-6369	636B-636D	636F-6370	6373-6373	6375-6376	6379-637B	637D-637D	637F-637F	6381-6381	6384-6384	6387-6387	638A-638B	638D-638E	6390-6390	6394-6397	639E-639F	63A3-63A4	63A6-63A6	63AC-63AF	63B1-63B4	63B7-63B7	63B9-63BB	63BD-63BE	63C1-63C1	63C3-63C4	63C8-63C8	63CD-63CE	63D1-63D1	63D6-63D6	63DC-63DC	63DE-63DE	63E0-63E0	63E2-63E4	63E6-63E6	63E9-63E9	63F0-63F0
Noto Sans HK	700	/fonts/served/noto-sans-hk-70-700-normal.woff2	612F-6130	6134-6134	6136-6136	613C-613F	6142-6142	6144-6144	6146-6147	6149-614A	614D-614D	6150-6153	6159-615A	615C-6160	6164-6165	6169-616D	616F-616F	6171-6175	6177-6177	617A-617A	617C-617D	617F-6181	6187-6187	618A-618E	6192-6195	6198-619C	619F-619F	61A1-61A1	61A7-61A8	61AA-61AF	61B7-61BA	61BF-61C0	61C3-61C3	61C6-61C6	61CA-61CD	61CF-61D0	61D2-61D3	61DA-61DA	61DE-61E0	61E2-61E3	61E6-61E6	61E8-61E8	61ED-61EE	61F5-61F5	61F9-61FA	61FD-61FE	6207-6207	6209-6209	620D-620E	6213-6215	6219-6219	621B-621B	621D-6223	6225-6227	6229-6229	622B-622C	622E-622F	6231-6231	6238-6239	623B-623B	623D-623E	6242-6243	6246-6246	6248-6249	624C-624C	6251-6251	6255-6255	6259-625A	625E-625E	6260-6262	6265-6269	626B-626C	6270-6273	6275-6275	627A-627D	6282-6283	6285-6286	6289-6289	628C-628C
Noto Sans HK	700	/fonts/served/noto-sans-hk-71-700-normal.woff2	5FE7-5FE7	5FEA-5FEA	5FEC-5FEE	5FF1-5FF1	5FF3-5FF3	5FF8-5FF8	5FFA-5FFC	5FFF-6000	6002-6002	6005-6005	600A-600A	600D-600D	600F-6010	6014-6014	6017-6017	6019-601C	601E-601E	6020-6020	6022-6023	6026-6026	6029-6029	602B-602C	602E-602F	6031-6031	6033-6035	6039-6039	603C-603C	6040-6043	6045-6045	6047-6047	604A-604C	604F-604F	6053-6053	6059-605B	605D-605D	6060-6060	6063-6063	6067-6067	606A-606B	606E-606E	6072-6078	607A-607A	607C-607C	607E-6081	6083-6083	6086-6086	608A-608A	608C-608C	608E-608E	6092-6093	6095-6097	609B-609B	609D-609E	60A2-60A2	60A4-60A4	60A6-60A7	60A9-60AA	60AC-60AD	60AF-60B1	60B3-60B5	60B8-60B8	60BB-60BB	60BD-60BE	60C0-60C0	60C6-60C7	60CA-60CB	60D3-60D5	60D7-60DB	60DD-60DE	60E2-60E3	60E6-60F0	60F2-60F2	60F4-60F4	60F6-60F6	60FA-60FB	60FD-60FD	60FF-6100	6103-6103	6106-6107	610A-610E	6110-6110	6112-6116	6119-6119	6120-6120	6122-6124	6128-612E
Noto Sans HK	700	/fonts/served/noto-sans-hk-72-700-normal.woff2	5E6C-5E6C	5E6E-5E6E	5E75-5E75	5E77-5E77	5E7A-5E7A	5E80-5E81	5E83-5E83	5E86-5E86	5E88-5E88	5E8B-5E8B	5E90-5E90	5E92-5E92	5E96-5E96	5E99-5E99	5E9B-5E9B	5E9D-5EA2	5EA4-5EA5	5EB3-5EB6	5EB9-5EB9	5EBD-5EBE	5EC3-5EC4	5EC6-5EC6	5ECB-5ECD	5ED0-5ED2	5ED4-5ED5	5ED8-5ED9	5EDB-5EDB	5EDD-5EDD	5EE1-5EE1	5EE8-5EE9	5EEC-5EEC	5EEF-5EF0	5EF4-5EF5	5EF8-5EF9	5EFB-5EFC	5EFE-5EFE	5F01-5F03	5F05-5F05	5F07-5F09	5F0B-5F0E	5F10-5F12	5F14-5F14	5F16-5F16	5F1B-5F1B	5F1D-5F1D	5F22-5F22	5F25-5F25	5F28-5F29	5F2D-5F2D	5F2F-5F30	5F36-5F36	5F38-5F39	5F3B-5F3C	5F3E-5F3E	5F40-5F42	5F45-5F46	5F4A-5F4A	5F4D-5F4D	5F50-5F52	5F54-5F54	5F56-5F58	5F5A-5F5E	5F61-5F61	5F63-5F63	5F66-5F67	5F6B-5F6B	5F72-5F74	5F76-5F76	5F78-5F78	5F7B-5F7B	5F7D-5F7D	5F82-5F84	5F87-5F87	5F89-5F8A	5F8D-5F8D	5F93-5F93	5F95-5F95	5F98-5F99	5F9B-5F9C	5FA0-5FA0	5FA4-5FA4	5FA6-5FA8	5FAB-5FAD	5FB1-5FB1	5FB3-5FB4	5FBA-5FBA	5FBC-5FBC	5FC2-5FC2	5FC4-5FC4	5FC6-5FC6	5FC9-5FC9	5FCB-5FCB	5FCE-5FD6	5FDB-5FDF	5FE1-5FE1	5FE4-5FE4
Noto Sans HK	700	/fonts/served/noto-sans-hk-73-700-normal.woff2	5CEE-5CEE	5CF1-5CF1	5CF4-5CF5	5CF8-5CF8	5CFC-5CFC	5CFE-5D00	5D06-5D06	5D08-5D08	5D0A-5D0D	5D15-5D15	5D18-5D18	5D1A-5D1A	5D1D-5D1D	5D1F-5D22	5D24-5D24	5D26-5D28	5D2C-5D2F	5D33-5D35	5D3D-5D3F	5D42-5D43	5D46-5D4B	5D4E-5D4E	5D52-5D53	5D56-5D59	5D5B-5D5C	5D65-5D65	5D68-5D69	5D6B-5D6C	5D6F-5D70	5D74-5D75	5D78-5D78	5D7B-5D7B	5D7E-5D7F	5D81-5D82	5D85-5D88	5D8B-5D8C	5D8E-5D8E	5D92-5D92	5D94-5D94	5D97-5D97	5D99-5D99	5D9D-5D9D	5DA0-5DA2	5DA4-5DA4	5DA7-5DA7	5DA9-5DAB	5DAE-5DAE	5DB2-5DB2	5DB4-5DB4	5DB6-5DB9	5DBD-5DBD	5DC1-5DC5	5DC9-5DC9	5DCB-5DCD	5DD2-5DD2	5DD6-5DD8	5DDB-5DDC	5DE0-5DE0	5DE3-5DE3	5DE9-5DE9	5DF0-5DF0	5DF3-5DF3	5DF5-5DF5	5DF9-5DF9	5DFB-5DFD	5E00-5E01	5E04-5E05	5E09-5E0B	5E11-5E12	5E14-5E14	5E18-5E1C	5E1F-5E22	5E27-5E28	5E2F-5E30	5E34-5E34	5E37-5E37	5E3A-5E3A	5E3C-5E3C	5E40-5E40	5E42-5E44	5E47-5E48	5E4C-5E4C	5E54-5E54	5E57-5E5B	5E5E-5E5F	5E61-5E62	5E64-5E64	5E6A-5E6A
Noto Sans HK	700	/fonts/served/noto-sans-hk-74-700-normal.woff2	5B6D-5B6E	5B70-5B76	5B7A-5B7D	5B7F-5B82	5B84-5B84	5B8D-5B8D	5B90-5B90	5B92-5B93	5B95-5B96	5B9F-5BA1	5BA6-5BA8	5BAA-5BAD	5BB7-5BB7	5BBD-5BBE	5BC0-5BC1	5BC3-5BC3	5BD0-5BD1	5BD4-5BD8	5BDB-5BDD	5BE4-5BE5	5BEF-5BEF	5BF3-5BF3	5BFB-5BFB	5BFE-5BFF	5C02-5C03	5C05-5C05	5C09-5C09	5C0C-5C0C	5C10-5C10	5C12-5C13	5C15-5C15	5C18-5C19	5C1B-5C20	5C22-5C23	5C25-5C25	5C27-5C28	5C2A-5C2B	5C34-5C34	5C38-5C38	5C3D-5C3D	5C42-5C42	5C44-5C44	5C47-5C47	5C49-5C4A	5C50-5C50	5C53-5C53	5C58-5C59	5C5B-5C5B	5C5D-5C5D	5C61-5C61	5C63-5C63	5C68-5C68	5C6D-5C6E	5C74-5C74	5C78-5C86	5C88-5C88	5C8A-5C8D	5C92-5C9C	5C9E-5C9E	5CA0-5CA0	5CA2-5CA3	5CA5-5CA7	5CAB-5CAD	5CB5-5CB5	5CB7-5CB7	5CBA-5CBB	5CC1-5CC2	5CC8-5CC8	5CCA-5CCB	5CCE-5CCE	5CD1-5CD2	5CD5-5CD6	5CD8-5CDA	5CDF-5CE1	5CE5-5CE6	5CE8-5CEA	5CED-5CED
Noto Sans HK	700	/fonts/served/noto-sans-hk-75-700-normal.woff2	5A33-5A34	5A38-5A38	5A3C-5A3D	5A3F-5A45	5A47-5A48	5A4A-5A4A	5A4C-5A4D	5A50-5A51	5A53-5A54	5A56-5A57	5A59-5A59	5A5D-5A5E	5A60-5A63	5A65-5A65	5A67-5A68	5A6A-5A6E	5A71-5A71	5A73-5A76	5A79-5A7C	5A7E-5A7E	5A81-5A84	5A86-5A86	5A88-5A88	5A8C-5A8C	5A90-5A91	5A93-5A93	5A96-5A97	5A99-5A99	5A9C-5A9C	5A9E-5AA1	5AA4-5AA4	5AA7-5AA7	5AAA-5AAC	5AAE-5AAF	5AB1-5AB1	5AB4-5AB5	5AB8-5AB8	5ABA-5ABC	5ABE-5ABF	5AC3-5AC4	5AC6-5ACB	5ACE-5ADC	5AE0-5AE1	5AE3-5AE6	5AE8-5AE8	5AEA-5AEB	5AEE-5AEE	5AF0-5AF0	5AF2-5AF2	5AF5-5AF5	5AFA-5AFA	5AFE-5AFF	5B01-5B01	5B05-5B05	5B08-5B08	5B0B-5B0B	5B0D-5B0D	5B11-5B11	5B15-5B17	5B19-5B19	5B1B-5B1B	5B1D-5B1D	5B1F-5B1F	5B21-5B23	5B28-5B28	5B2A-5B2D	5B32-5B32	5B34-5B34	5B36-5B38	5B3E-5B41	5B43-5B46	5B4A-5B4C	5B4F-5B4F	5B51-5B51	5B53-5B53	5B59-5B59	5B5B-5B5C	5B62-5B62	5B65-5B65	5B68-5B68	5B6C-5B6C
Noto Sans HK	700	/fonts/served/noto-sans-hk-76-700-normal.woff2	58BC-58BC	58C2-58C2	58C5-58C6	58CA-58CC	58CE-58CE	58D0-58D1	58D5-58D5	58D9-58DA	58DC-58DC	58DF-58E0	58E9-58E9	58EC-58EC	58EE-58EE	58F1-58F3	58F6-58F7	58FB-58FC	5900-5900	5902-5902	5905-5906	5909-590C	590E-590E	5910-5911	5914-5914	5919-5919	591B-591B	591D-591D	591F-591F	5923-5924	592C-592C	5932-5932	5938-593A	5940-5940	5942-5942	5944-5944	594B-594C	594E-594E	5950-5950	5953-5953	5956-5956	5958-5958	595A-595A	5961-5961	5966-5966	5968-5969	596C-596D	5975-5975	5977-5977	597B-597C	597E-597E	5980-5981	5986-598A	598F-598F	5994-5994	5997-5998	599A-599A	599F-59A3	59A6-59A7	59A9-59A9	59AB-59AC	59AF-59B2	59B6-59B8	59BA-59BA	59BE-59BF	59C1-59C1	59C3-59C4	59C7-59C9	59CD-59CE	59D2-59D2	59D6-59D9	59DD-59DE	59E0-59E0	59E3-59E5	59E9-59EB	59EE-59F3	59F5-59F9	59FC-59FD	5A00-5A00	5A02-5A02	5A04-5A07	5A09-5A09	5A0B-5A0D	5A11-5A13	5A16-5A17	5A1A-5A1A	5A1E-5A1E	5A20-5A21	5A23-5A24	5A27-5A27	5A29-5A2F	5A32-5A32
Noto Sans HK	700	/fonts/served/noto-sans-hk-77-700-normal.woff2	575B-5760	5763-5763	5767-5769	576B-576B	576D-576D	576F-5770	5772-5775	5777-5777	577A-5780	5784-5784	5788-5788	578A-578A	578C-578E	5790-5790	5792-5793	5795-5795	579A-579C	579F-57A1	57A4-57A4	57A6-57A7	57A9-57AB	57B3-57B5	57B8-57BB	57BE-57BE	57C2-57C2	57C4-57C8	57CC-57CC	57CF-57CF	57D2-57D2	57DC-57DE	57E1-57E2	57E5-57E7	57ED-57F0	57F3-57F6	57F8-57F8	57FB-57FE	5800-5801	5803-5804	5807-5807	5809-580B	580D-580E	5810-5812	5814-5815	5818-5819	581D-581E	5820-5820	5822-5823	5826-5826	582C-582D	5830-5830	583A-583A	583F-5841	5844-5844	5847-5848	584B-584B	584D-584D	584F-584F	5852-5852	5859-585A	585C-585C	585F-585F	5861-5861	5864-5864	5868-5869	586C-586D	5871-5873	5879-5879	587C-5881	5887-5889	588E-588E	5890-5892	5896-589A	589D-589D	58A1-58A1	58A3-58A3	58A6-58A7	58A9-58AA	58AC-58AC	58B0-58B1	58B5-58B6	58BB-58BB
Noto Sans HK	700	/fonts/served/noto-sans-hk-78-700-normal.woff2	5611-5613	5615-5616	5618-5618	561A-561A	561C-561C	561E-561E	5620-5621	5623-5625	5627-5627	562A-562A	562C-562E	5630-5631	5635-563A	5640-5640	5642-5643	5649-5649	564C-5650	5652-5652	5654-5654	5658-565D	5661-5661	5664-5666	5669-5669	566B-566B	566D-566D	566F-566F	5671-5672	5676-5676	567A-567C	5680-5680	5684-5686	5689-568C	568E-568F	5692-5693	5697-5699	569C-569C	569E-569E	56A1-56A7	56A9-56A9	56AB-56AD	56AF-56AF	56B1-56B1	56B3-56B3	56B5-56B6	56B8-56B9	56BF-56C1	56C3-56C3	56C5-56C5	56C7-56C8	56CB-56CC	56D1-56D4	56D6-56D9	56DD-56DD	56DF-56DF	56E1-56E5	56EA-56EC	56EE-56EF	56F1-56F4	56F7-56F7	56F9-56F9	56FB-56FB	56FF-5700	5703-5704	5706-5707	5709-570A	570C-570C	570F-570F	5711-5711	5715-5715	5717-5717	571C-571D	5723-5724	5727-5727	5729-572A	572C-572C	572E-572F	5732-5732	5734-5735	573B-573B	573D-573D	573F-573F	5741-5741	5743-5743	5746-5746	574B-574D	574F-574F	5752-5752	5754-5754	575A-575A
Noto Sans HK	700	/fonts/served/noto-sans-hk-79-700-normal.woff2	54BF-54BF	54C4-54C4	54CA-54CA	54CC-54CC	54CF-54D2	54D4-54D4	54D6-54D7	54DA-54DA	54DE-54DF	54E2-54E4	54E7-54E7	54EB-54EB	54EF-54EF	54F3-54F3	54FD-54FD	54FF-54FF	5501-5502	5504-5506	550A-550A	550C-550F	5511-5513	5516-5518	551A-551B	551E-551E	5520-5520	5523-5528	552A-552D	5530-5530	5532-5533	5535-5536	553B-553C	553E-553F	5541-5542	5544-5545	5547-5547	5549-5549	554B-554B	554D-554E	5550-5551	5553-5553	5555-5557	555C-555D	5562-5563	5567-5567	5569-5569	556B-556C	5570-5570	5573-5573	5575-5579	557B-557C	557F-557F	5581-5581	5583-5583	5586-5586	5588-5588	558B-558B	558F-5591	5599-5599	559F-559F	55A1-55A1	55A3-55A3	55A5-55A6	55A8-55A9	55AB-55AB	55AD-55AD	55B0-55B1	55B3-55B4	55B6-55B7	55B9-55B9	55BC-55BD	55C1-55C1	55C4-55C5	55C7-55C7	55C9-55C9	55CC-55CD	55D0-55D0	55D2-55D2	55D4-55D9	55DB-55DB	55DD-55DF	55E1-55E6	55E9-55EA	55EC-55EC	55EE-55EE	55F1-55F3	55F5-55F7	55F9-55FB	55FD-55FE	5600-5602	5608-5608	560C-560C	560F-560F
Noto Sans HK	700	/fonts/served/noto-sans-hk-80-700-normal.woff2	536E-536F	5372-5372	5374-5374	5379-537A	537C-537E	5382-5382	5385-5385	5389-5389	538B-538C	538E-538E	5392-5396	5399-5399	53A0-53A2	53A4-53A6	53A8-53AB	53AE-53AE	53B0-53B0	53B3-53B4	53B6-53B7	53B9-53B9	53BF-53BF	53C1-53C1	53C4-53C5	53CE-53D0	53D2-53D2	53D5-53D5	53D9-53DA	53DF-53E1	53E7-53E9	53F1-53F1	53F5-53F6	53F9-53F9	53FB-53FE	5400-5402	5405-5407	540F-540F	5412-5412	5414-5417	541A-541A	5420-5421	5423-5425	5428-5429	542C-542F	5431-5432	5434-5434	5437-5437	543D-543D	543F-543F	5441-5441	5444-5445	5447-5447	5449-5449	544B-544D	5450-5455	5457-5457	545B-545C	545F-5460	5463-5464	5469-5472	5474-5474	5476-5476	5478-5478	547B-547B	547E-547F	5482-5488	548A-548A	548D-5491	5493-5494	5498-549E	54A1-54A5	54AB-54AB	54AD-54AF	54B4-54B5	54B7-54B7	54B9-54B9	54BB-54BC	54BE-54BE
Noto Sans HK	700	/fonts/served/noto-sans-hk-81-700-normal.woff2	51D0-51D4	51D6-51D6	51D9-51D9	51DB-51DC	51DF-51DF	51E2-51E2	51E4-51E4	51E6-51E6	51E9-51EA	51ED-51ED	51EF-51EF	51F4-51F5	51FC-51FC	51FE-51FF	5201-5202	5204-5205	5208-5208	520B-520B	520D-520E	5213-5213	5215-5216	5218-5218	521A-521A	521F-5220	5223-5223	5226-5228	5232-5234	5239-5239	523C-523C	5241-5242	5244-5244	5249-5249	524C-524C	524F-524F	5251-5252	5255-5255	5257-5257	5259-5259	525C-525C	525E-525E	5260-5261	5263-5265	5268-5268	526E-526E	5270-5270	5273-5274	5277-5277	5279-5279	527D-527D	527F-527F	5281-5282	5284-5284	528A-528A	528C-528C	528F-5290	5292-5294	529A-529A	529D-529D	52A4-52A4	52A6-52A6	52AC-52AD	52B1-52B5	52B9-52B9	52BB-52BC	52BE-52C0	52C5-52C5	52CB-52CD	52D0-52D1	52D6-52D7	52DB-52DB	52E0-52E1	52E3-52E3	52E6-52E7	52EB-52EB	52ED-52EE	52F0-52F2	52F7-52F7	52F9-52FA	5300-5302	530A-530B	530D-530D	530F-5310	5315-5315	531A-531A	531C-531D	5324-5324	5327-5327	532C-532E	5331-5333	5338-5338	533B-533E	5342-5342	5344-5345	534B-534D	534F-5350	5358-5358	535D-535F	5362-5364	5367-5367	5369-5369	536B-536D
Noto Sans HK	700	/fonts/served/noto-sans-hk-82-700-normal.woff2	505D-5060	5063-5063	5066-5066	506A-506A	506C-506C	506F-5072	5078-5078	507A-507B	507F-5081	5088-5089	508B-508C	508E-508E	5090-5090	5092-5092	5095-5096	509A-509D	50A3-50A3	50A5-50A6	50A8-50A8	50AF-50AF	50B1-50B1	50B4-50B4	50BA-50BA	50BC-50BC	50C2-50C2	50C6-50CA	50CD-50CE	50D0-50D0	50D6-50D6	50D9-50D9	50DD-50DF	50E1-50E1	50E3-50E3	50E5-50E6	50E8-50EA	50EC-50F0	50F3-50F4	50FB-50FC	50FE-50FE	5101-5102	5105-5109	510B-510E	5110-5110	5113-5115	5117-5117	511A-511C	511E-511E	5120-5121	5125-5125	512B-512B	5131-5131	5134-5135	5138-513C	5140-5140	514E-514E	5150-5151	5155-5157	515A-515A	515F-5160	5162-5162	516A-516A	516E-516E	5172-5172	5174-5174	5179-5179	517B-517B	517D-517D	5182-5182	5186-5186	5188-5189	518B-518B	518F-518F	5191-5191	5193-5193	5195-5197	519A-519C	519E-519E	51A2-51A2	51A6-51A9	51AB-51AB	51AD-51AF	51B1-51B6	51B8-51B8	51BA-51C0	51C3-51C5	51C7-51C7	51C9-51CB	51CE-51CF
Noto Sans HK	700	/fonts/served/noto-sans-hk-83-700-normal.woff2	4F22-4F22	4F24-4F24	4F28-4F2B	4F2D-4F2D	4F31-4F32	4F35-4F35	4F37-4F37	4F39-4F39	4F3B-4F3B	4F3E-4F3E	4F41-4F43	4F45-4F45	4F47-4F47	4F49-4F49	4F4B-4F4C	4F52-4F52	4F57-4F58	4F5A-4F5A	4F5D-4F5F	4F61-4F61	4F63-4F64	4F67-4F67	4F6A-4F6A	4F6E-4F6F	4F72-4F72	4F74-4F74	4F76-4F7B	4F7D-4F7E	4F80-4F82	4F84-4F84	4F89-4F8A	4F8E-4F94	4F96-4F98	4F9A-4F9A	4F9E-4F9E	4FA0-4FA3	4FA5-4FA8	4FAA-4FAC	4FB0-4FB0	4FB2-4FB4	4FB7-4FBA	4FBD-4FBD	4FC0-4FC1	4FC5-4FC8	4FCB-4FCE	4FD1-4FD1	4FD3-4FD4	4FD8-4FDC	4FDF-4FDF	4FE2-4FE5	4FE8-4FEA	4FEC-4FED	4FF0-4FF0	4FF2-4FF6	4FF8-4FFA	4FFD-4FFD	5000-5000	5002-5003	5005-5005	5008-5008	500C-500C	500F-500F	5013-5015	501B-501C	501E-501E	5022-5025	5027-5028	502C-502E	5030-5032	5034-5034	5036-5036	503A-503B	503E-503E	5040-5041	5043-5043	5045-5046	5048-5048	504A-504E	5051-5053	5056-5056	5058-5058
Noto Sans HK	700	/fonts/served/noto-sans-hk-84-700-normal.woff2	4AD1-4AD1	4AE4-4AE4	4AFF-4AFF	4B10-4B10	4B19-4B19	4B20-4B20	4B2C-4B2C	4B37-4B37	4B6F-4B70	4B72-4B72	4B7B-4B7B	4B7E-4B7E	4B8E-4B8E	4B90-4B90	4B93-4B93	4B96-4B97	4B9D-4B9D	4BBD-4BBE	4BC0-4BC0	4C04-4C04	4C07-4C07	4C0E-4C0E	4C32-4C32	4C3B-4C3B	4C3E-4C3E	4C40-4C40	4C47-4C47	4C57-4C57	4C5B-4C5B	4C6D-4C6D	4C77-4C77	4C7B-4C7B	4C7D-4C7D	4C81-4C81	4C85-4C85	4CA4-4CA4	4CAE-4CAE	4CB0-4CB0	4CB7-4CB7	4CCD-4CCD	4CE1-4CE2	4CED-4CED	4D07-4D07	4D09-4D09	4D10-4D10	4D34-4D34	4D76-4D77	4D89-4D89	4D91-4D91	4D9C-4D9C	4E02-4E02	4E04-4E05	4E0C-4E0C	4E0F-4E10	4E15-4E15	4E17-4E17	4E1B-4E1B	4E21-4E22	4E25-4E25	4E27-4E27	4E2C-4E2C	4E2F-4E2F	4E31-4E31	4E34-4E34	4E36-4E37	4E3D-4E3D	4E3F-4E42	4E44-4E44	4E47-4E47	4E49-4E49	4E4C-4E4C	4E52-4E54	4E57-4E57	4E5A-4E5B	4E60-4E61	4E69-4E6A	4E6D-4E6D	4E78-4E78	4E80-4E81	4E85-4E85	4E87-4E87	4E89-4E8A	4E8D-4E8D	4E8F-4E8F	4E93-4E93	4E96-4E96	4E98-4E99	4E9C-4E9C	4E9F-4EA0	4EA2-4EA3	4EA5-4EA5	4EA9-4EA9	4EB0-4EB0	4EB2-4EB3	4EB5-4EB7	4EB9-4EB9	4EBB-4EBC	4EBF-4EBF	4EC2-4EC6	4EC8-4EC9	4ECF-4ECF	4ED1-4ED1	4ED3-4ED3	4EDC-4EE1	4EE7-4EEB	4EEE-4EEF	4EF1-4EF1	4EF3-4EF5	4EF8-4EF8	4EFA-4EFA	4EFC-4EFC	4F00-4F00	4F02-4F03	4F05-4F05	4F07-4F09	4F0B-4F0B	4F0E-4F0E	4F15-4F15	4F17-4F17	4F1D-4F1F
Noto Sans HK	700	/fonts/served/noto-sans-hk-85-700-normal.woff2	41DB-41DB	41ED-41ED	41EF-41EF	41F9-41F9	4211-4211	4223-4223	4240-4240	4260-4260	426A-426A	4276-4276	427A-427A	428C-428C	4294-4294	42A2-42A2	42B5-42B5	42B9-42B9	42BC-42BC	42F4-42F4	42FB-42FC	430A-430A	432B-432B	436E-436E	4397-4397	439A-439A	43BA-43BA	43C1-43C1	43C8-43C8	43D9-43D9	43DF-43DF	43ED-43ED	43F0-43F0	43F2-43F2	4401-4402	4413-4413	4425-4425	442D-442D	447A-447A	448F-448F	4491-4491	449F-44A0	44A2-44A2	44B0-44B0	44B7-44B7	44BD-44BD	44C0-44C0	44C3-44C3	44C5-44C5	44CE-44CE	44DD-44DF	44E1-44E1	44E4-44E4	44E9-44EC	44F4-44F4	4503-4504	4509-4509	450B-450B	4516-4516	451B-451B	451D-451D	4527-4527	452E-452E	4533-4533	4536-4536	453B-453B	453D-453D	453F-453F	4543-4543	4551-4552	4555-4555	4558-4558	455C-455C	4561-4562	456A-456A	456D-456D	4576-4578	4585-4585	45A6-45A6	45B3-45B3	45DA-45DA	45E9-45EA	4603-4603	4606-4606	460F-460F	4615-4615	4617-4617	465B-465B	467A-467A	4680-4680	46A1-46A1	46AE-46AE	46BB-46BB	46CF-46D0	46E5-46E5	46F5-46F5	46F7-46F7	4713-4713	4718-4718	4736-4736	4744-4744	474E-474F	477C-477C	4798-4798	47A6-47A6	47D5-47D5	47ED-47ED	47F4-47F4	4800-4800	480B-480B	4837-4837	485D-485D	4871-4871	489B-489B	48AD-48AE	48D0-48D0	48DD-48DD	48ED-48ED	48F3-48F3	48FA-48FA	4906-4906	4911-4911	491E-491E	4925-4925	492A-492A	492D-492D	492F-4930	4935-4935	493C-493E	4945-4945	4951-4951	4953-4953	4965-4965	496A-496A	4972-4972	4989-4989	49A1-49A1	49A7-49A7	49DF-49DF	49E5-49E5	49E7-49E7	4A0F-4A0F	4A1D-4A1D	4A24-4A24	4A35-4A35	4A3B-4A3B	4A96-4A96	4AA4-4AA4	4AB4-4AB4	4AB8-4AB8
Noto Sans HK	700	/fonts/served/noto-sans-hk-86-700-normal.woff2	3B95-3B96	3B99-3B99	3BA1-3BA1	3BBC-3BBC	3BBE-3BBE	3BC2-3BC2	3BC4-3BC4	3BD7-3BD7	3BDD-3BDD	3BEC-3BEC	3BF2-3BF4	3BFF-3BFF	3C0D-3C0D	3C11-3C11	3C15-3C15	3C18-3C18	3C54-3C54	3C8B-3C8B	3CA5-3CA5	3CCB-3CCB	3CCD-3CCD	3CD1-3CD1	3CD6-3CD6	3CDC-3CDC	3CEB-3CEB	3CEF-3CEF	3D12-3D13	3D1D-3D1D	3D32-3D32	3D3B-3D3B	3D46-3D46	3D4C-3D4C	3D4E-3D4E	3D51-3D51	3D5F-3D5F	3D62-3D62	3D68-3D6A	3D6F-3D6F	3D75-3D75	3D7D-3D7D	3D85-3D85	3D88-3D88	3D8A-3D8A	3D8F-3D8F	3D91-3D91	3DA5-3DA5	3DAD-3DAD	3DB4-3DB4	3DBF-3DBF	3DC6-3DC7	3DC9-3DC9	3DCC-3DCD	3DD3-3DD3	3DDB-3DDB	3DE7-3DE8	3DEB-3DEB	3DF3-3DF4	3DF7-3DF7	3DFC-3DFD	3E03-3E03	3E06-3E06	3E40-3E40	3E43-3E43	3E48-3E48	3E55-3E55	3E74-3E74	3EA8-3EAA	3EAD-3EAD	3EB1-3EB1	3EB8-3EB8	3EBF-3EBF	3EC2-3EC2	3EC7-3EC7	3ECA-3ECA	3ECC-3ECC	3ED0-3ED1	3ED6-3ED7	3EDA-3EDB	3EDE-3EDE	3EE1-3EE2	3EE7-3EE7	3EE9-3EE9	3EEB-3EEC	3EF0-3EF0	3EF3-3EF4	3EFA-3EFA	3EFC-3EFC	3EFF-3F00	3F04-3F04	3F06-3F08	3F0E-3F0E	3F21-3F21	3F53-3F53	3F58-3F59	3F63-3F63	3F7C-3F7C	3F93-3F93	3F97-3F97	3FC0-3FC0	3FC8-3FC8	3FD7-3FD7	3FDC-3FDC	3FE5-3FE5	3FED-3FED	3FF9-3FFA	4004-4004	4009-4009	401D-401D	4039-4039	4045-4045	4053-4053	4057-4057	4062-4062	4065-4065	406A-406A	406F-406F	4071-4071	40A8-40A8	40B4-40B4	40BB-40BB	40BF-40BF	40C8-40C8	40D8-40D8	40DF-40DF	40F8-40F8	40FA-40FA	4102-4104	4109-4109	410E-410E	411B-411B	4131-4132	4167-4167	416C-416C	416E-416E	417C-417C	417F-417F	4181-4181	4190-4190	41B2-41B2	41C4-41C4	41CA-41CA	41CF-41CF
Noto Sans HK	700	/fonts/served/noto-sans-hk-87-700-normal.woff2	3572-3572	3577-3578	3584-3584	3597-3598	35A1-35A1	35A5-35A5	35AD-35AD	35BF-35BF	35C1-35C1	35C5-35C5	35C7-35C7	35CA-35CA	35CE-35CE	35D2-35D2	35D6-35D6	35DB-35DB	35DD-35DD	35F1-35F3	35FB-35FB	35FE-35FE	3609-3609	3618-3618	361A-361A	3623-3623	3625-3625	362D-362D	3635-3635	3639-3639	363E-363E	3647-3649	364E-364E	365F-365F	3661-3661	367A-367A	3681-3681	369A-369A	36A5-36A5	36AA-36AA	36AC-36AC	36B0-36B1	36B5-36B5	36B9-36B9	36BC-36BC	36C1-36C1	36C3-36C5	36C7-36C8	36D3-36D4	36D6-36D6	36DD-36DD	36E1-36E2	36E5-36E6	36F5-36F5	3701-3701	3703-3703	3708-3708	370A-370A	370D-370D	371C-371C	3722-3723	3725-3725	372C-372D	3730-3730	3732-3733	373A-373A	3740-3740	3743-3743	3762-3762	376F-376F	3797-3797	37A0-37A0	37B9-37B9	37BE-37BE	37D6-37D6	37F2-37F2	37F8-37F8	37FB-37FB	380F-380F	3819-3819	3820-3820	382D-382D	3836-3836	3838-3838	3863-3863	3875-3875	38A0-38A0	38C3-38C3	38CC-38CC	38D1-38D1	38D4-38D4	38EC-38EC	38FA-38FA	3908-3908	3914-3914	3927-3927	3932-3932	393F-393F	394D-394D	3963-3963	3978-3978	3980-3980	3989-398A	3992-3992	3999-3999	399B-399B	39A1-39A1	39A4-39A4	39B8-39B8	39DC-39DC	39E2-39E2	39E5-39E5	39EC-39EC	39F8-39F8	39FB-39FB	39FE-39FE	3A01-3A03	3A06-3A06	3A17-3A18	3A29-3A2A	3A34-3A34	3A4B-3A4B	3A52-3A52	3A57-3A57	3A5C-3A5C	3A5E-3A5E	3A66-3A67	3A97-3A97	3AAB-3AAB	3ABD-3ABD	3ADE-3ADE	3AE0-3AE0	3AF0-3AF0	3AF2-3AF2	3AF5-3AF5	3AFB-3AFB	3B0E-3B0E	3B19-3B19	3B22-3B22	3B2B-3B2B	3B39-3B39	3B42-3B42	3B58-3B58	3B60-3B60	3B71-3B72	3B7B-3B7C	3B80-3B80
Noto Sans HK	700	/fonts/served/noto-sans-hk-88-700-normal.woff2	2F3F-2F3F	2F42-2F42	2F45-2F45	2F63-2F64	2F83-2F83	2F8F-2F8F	3003-3007	3012-3013	3016-3019	3020-3025	3030-3030	303D-303D	3041-3041	3043-3043	3045-3045	3047-3047	3049-3049	3052-3052	305C-305C	3062-3062	306D-306D	307A-307A	307C-307C	3080-3080	308E-308E	3090-3091	3099-309E	30A5-30A5	30C2-30C2	30C5-30C5	30EE-30EE	30F0-30F2	30F4-30F6	30FD-30FE	3105-3106	3108-3108	310A-310B	310D-3112	3115-3117	3119-3119	3131-3131	3134-3134	3137-3137	3139-3139	3141-3142	3145-3145	3147-3148	314B-314B	314D-314F	3153-3153	315C-315C	3160-3161	3163-3164	3181-3181	318D-318D	3192-3193	3196-3198	319D-319F	3220-3226	3231-3231	3268-3268	3281-3281	328B-328B	3291-3292	3295-3297	3299-3299	329D-329D	329F-329F	32A3-32A4	32D6-32D6	32E1-32E1	3314-3314	3322-3322	337F-337F	338E-338F	339C-339E	33A1-33A1	33C4-33C4	33D1-33D2	3435-3435	3440-3440	3449-344A	344C-344C	3464-3464	3473-3473	3479-347A	347D-347E	3493-3493	3496-3496	34A5-34A5	34AF-34AF	34BC-34BC	34C1-34C1	34C8-34C8	34DF-34DF	34E4-34E4	34E6-34E6	34FB-34FB	3506-3506	353E-353E	3551-3551	3553-3553	3559-3559	3561-3561	3569-3569	356D-356D	3570-3570
Noto Sans HK	700	/fonts/served/noto-sans-hk-89-700-normal.woff2	26FD-26FD	2701-2702	2704-2706	2708-2708	270A-2712	2714-2714	2716-2727	2729-273E	2740-274F	2752-275B	275D-275E	2761-2761	2763-2763	2765-2769	276E-276F	2771-2771	2776-277E	2780-2782	278A-278C	2794-2796	2798-2799	279C-27A6	27A8-27AB	27AD-27AD	27AF-27B0	27B2-27B3	27B7-27B9	27BC-27BD	27BF-27BF	27E9-27EB	27F5-27F6	2800-2800	28EC-28EC	2922-2922	2934-2935	29BF-29BF	2A2F-2A2F	2B05-2B07	2B1B-2B1B	2B50-2B50	2B55-2B55	2CF5-2CF5	2E1C-2E1D	2F00-2F00	2F08-2F08	2F12-2F12	2F24-2F24	2F29-2F29	2F2F-2F2F	2F3C-2F3C
Noto Sans HK	700	/fonts/served/noto-sans-hk-90-700-normal.woff2	25A1-25A1	25A3-25A4	25A6-25AC	25B0-25B0	25B4-25B4	25B7-25B9	25BB-25BB	25BD-25BD	25BF-25C2	25C7-25CA	25CC-25CD	25D0-25D9	25DC-25E6	25EA-25EB	25EF-25EF	25FB-25FE	2600-2604	2607-2607	2609-260B	260D-2615	2618-2618	261A-2623	262A-262A	262D-2630	2638-263E	2641-2642	2648-2656	2658-265C	265E-2660	2662-2664	2666-2669	266B-266F	267B-267B	2692-2696	2698-2698	269B-269C	26A0-26A1	26A3-26A5	26AA-26AC	26BD-26BE	26C4-26C5	26C8-26C8	26D1-26D1	26D3-26D4	26E4-26E4	26E9-26EA	26F0-26F5	26F9-26FA
Noto Sans HK	700	/fonts/served/noto-sans-hk-91-700-normal.woff2	2477-2481	2488-2491	24B6-24C5	24C7-24CA	24CC-24CC	24CE-24CE	24D0-24DF	24E1-24EA	24F5-24F5	24FF-24FF	2501-2501	2503-250D	250F-2511	2513-2515	2517-2518	251B-251D	2520-2520	2523-2524	2528-2528	252B-252C	252F-252F	2533-2534	2537-2537	253B-253C	2541-2541	2543-2545	254B-254B	2550-2570	2572-2572	2574-2574	2579-2579	2580-258A	258C-2595	2597-2597
Noto Sans HK	700	/fonts/served/noto-sans-hk-92-700-normal.woff2	208D-208E	20A1-20A1	20A4-20A4	20A6-20A6	20A8-20AB	20AD-20AE	20B1-20B3	20B5-20B5	20B8-20BA	20BD-20BD	20DD-20DD	20E3-20E3	2105-2105	2109-2109	2112-2113	2115-2117	2120-2121	2126-2126	212B-212B	2139-2139	2153-2153	2194-2197	2199-2199	219D-219E	21A0-21A0	21A9-21AA	21AC-21AC	21AF-21B1	21B3-21B5	21BA-21BB	21C4-21C4	21CA-21CA	21CC-21CC	21D0-21D0	21D2-21D4	21D8-21D8	21DD-21DD	21E2-21E9	2200-2200	2202-2202	2205-2208	220E-220F	2211-2212	2215-2215	2217-221A	221D-2220	2225-2225	2227-222B	222E-222E	2234-2237	223C-223D	2248-2248	2256-2256	2260-2261	2264-2265	226A-226B	226E-226F	2282-2283	2295-2296	2299-2299	22A5-22A5	22B0-22B1	22B9-22B9	22BF-22BF	22C5-22C6	22C8-22C8	22D0-22D1	22EE-22EE	2312-2313	2318-2318	231A-231B	2323-2323	2328-2328	239D-239D	23A0-23A0	23AF-23AF	23E4-23E4	23E9-23EA	23EC-23EC	23F0-23F3	23FA-23FA	2445-2445	2460-2471	2474-2476
Noto Sans HK	700	/fonts/served/noto-sans-hk-93-700-normal.woff2	1D0A-1D0B	1D0D-1D0D	1D0F-1D0F	1D17-1D18	1D1B-1D1C	1D20-1D22	1D25-1D25	1D2C-1D2C	1D2E-1D2E	1D30-1D31	1D33-1D3A	1D3C-1D3C	1D3E-1D42	1D52-1D52	1D55-1D55	1D5B-1D5B	1D5E-1D5E	1D9C-1D9C	1DA0-1DA0	1DC4-1DC5	1E3B-1E3B	1E43-1E43	1E45-1E45	1E47-1E47	1E63-1E63	1E6D-1E6D	1E73-1E73	1EA0-1EA0	1EA2-1EA2	1EA4-1EA9	1EAB-1EAF	1EB1-1EB1	1EB3-1EB3	1EB5-1EB5	1EB7-1EB7	1EB9-1EB9	1EBB-1EBB	1EBD-1EBE	1EC0-1EC3	1EC5-1EC6	1EC9-1EC9	1ECB-1ECD	1ECF-1ED1	1ED3-1ED5	1ED7-1EDD	1EDF-1EDF	1EE1-1EE1	1EE3-1EE7	1EE9-1EE9	1EEB-1EEB	1EED-1EED	1EEF-1EF1	1EF3-1EF3	1EF7-1EF7	1EF9-1EF9	1F62-1F62	1FA2-1FA2	2001-2006	2009-200A	200C-200D	200F-2012	2015-2016	201A-201A	201E-201E	2020-2021	2023-2025	2028-2028	202A-202D	202F-2030	2032-2033	2035-2035	2038-2038	203E-203F	2042-2044	2049-2049	204D-204E	2060-2061	2063-2063	2070-2070	2074-207B	207D-2083	208A-208A
Noto Sans HK	700	/fonts/served/noto-sans-hk-98-700-normal.woff2	1FB-1FF	219-219	221-221	225-226	228-22B	22E-22F	231-235	239-239	23B-23B	23E-23E	250-252	254-255	259-25E	261-263	268-26B	26D-26D	26F-277	279-27A	27D-281	283-283	28A-28C	28F-28F	292-292	294-296	298-29A	29C-29C	29F-29F	2A1-2A2	2A4-2A7	2A9-2AA	2AE-2B3	2B5-2B7	2B9-2BF	2C2-2C4	2C6-2C9	2CC-2CD	2D0-2D0	2D8-2D8	2DA-2DA	2DC-2DC	2E1-2E3	2E7-2E7	2EB-2EB	2EE-2EE	2F1-2FF	302-304	306-309	30C-30D	311-311	31B-31B	321-321	323-325	328-329	32B-32C	32E-32F	331-33A	33C-33F	348-348	353-353	358-359
Noto Sans HK	700	/fonts/served/noto-sans-hk-99-700-normal.woff2	A1-A2	A4-A4	A6-A8	AA-AA	AC-AC	AF-AF	B1-B1	B5-B6	B8-BA	BC-BE	C0-C8	CA-CC	CE-D5	D8-DF	F0-F0	F5-F5	F8-F8	FB-FB	FE-100	102-102	105-105	107-107	109-10B	10F-10F	112-112	115-115	117-117	119-119	11B-11B	11F-11F	121-121	123-124	127-127	129-129	12C-12D	130-13F	141-142	144-144	148-148	14B-14C	14F-153	159-15B	15E-160	163-166	169-16A	16D-171	173-17E	192-192	1A0-1A0	1A4-1A4	1AA-1AA	1AC-1AD	1AF-1AF	1B1-1B1	1B4-1BE	1D0-1D0	1D2-1D2	1D4-1D4	1DA-1DA	1DC-1DD	1E1-1E1	1E3-1E4	1E7-1E7	1E9-1E9	1EB-1EC	1F0-1F1	1F3-1F5	1F7-1F7	1F9-1FA
Noto Sans HK	700	/fonts/served/noto-sans-hk-100-700-normal.woff2	A3-A3	2CA-2CA	6CC-6CC	200E-200E	2223-2223	2640-2640	273F-273F	301C-301D	3107-3107	310C-310C	4E30-4E30	4E3E-4E3E	4E5E-4E5E	4E71-4E71	4F26-4F26	4F7C-4F7C	4F83-4F83	50DA-50DA	5243-5243	5267-5267	529E-529E	5321-5321	5352-5352	5477-5477	548B-548B	54A6-54A6	54B2-54B2	54C2-54C2	54C6-54C6	54CD-54CD	54EE-54EE	5543-5543	55D1-55D1	55D3-55D3	55F0-55F0	560D-560D	5629-5629	5660-5660	57AE-57AE	57E0-57E0	57E4-57E4	5904-5904	592D-592D	5965-5965	5A31-5A31	5A7F-5A7F	5B5A-5B5A	5BB8-5BB8	5C14-5C14	5C3B-5C3B	5C5C-5C5C	5C5E-5C5E	5D10-5D10	5E10-5E10	603B-603B	604D-604D	611C-611C	6137-6137	61C8-61C8	6292-6292	62C7-62C7	6371-6371	6382-6382	645F-645F	64AE-64AE	64C2-64C2	651E-651E	65F1-65F1	660A-660A	663E-663E	673D-673D	6784-6784	6789-6789	67FF-67FF	6813-6813	6854-6854	68D8-68D8	697D-697D	6A01-6A01	6A1E-6A1E	6BAF-6BAF	6C08-6C08	6C17-6C17	6C2B-6C2B	6C81-6C81	6CBD-6CBD	6DC6-6DC6	6DF9-6DF9	6ED9-6ED9	6EE1-6EE1	6F86-6F86	6FC1-6FC1	6FDB-6FDB	701F-701F	7076-7076	715C-715C	7194-7194	71FB-71FB	720D-720D	72B6-72B6	7396-7396	739F-739F	73AF-73AF	745B-745B	746F-746F	748B-748B	7647-7647	7699-7699	76BF-76BF	76CE-76CE	76DE-76DE	77AA-77AA	786B-786B	7881-7881	78CA-78CA	793C-793C	797A-797A	79B9-79B9	79BB-79BB	79BF-79BF	7A92-7A92	7AC7-7AC7	7AE3-7AE3	7B19-7B19	7B20-7B20	7B51-7B51	7B94-7B94	7CBD-7CBD	7CDE-7CDE	7CEF-7CEF	7DDE-7DDE	7F88-7F88	80DA-80DA	814B-814B	8235-8235	8258-8258	8282-8282	82B9-82B9	8401-8401	846B-846B	84C1-84C1	8518-8518	8611-8611	8778-8778	8783-8783	8814-8814	8A15-8A15	8AA6-8AA6	8B2C-8B2C	8BA8-8BA9	8BC6-8BC6	8BE2-8BE2	8C22-8C22	8D05-8D05	8DBE-8DBE	8E34-8E34	8E66-8E66	8EC0-8EC0	8F91-8F91	9005-9005	9082-9082	9091-9091	914B-914B	916F-916F	92C5-92C5	92F0-92F0	9318-9318	9382-9382	938A-938A	93E2-93E2	964B-964B	968F-968F	96C1-96C1	96CC-96CD	96DB-96DB	97A0-97A0	9803-9803	9876-9876	9879-9879	9886-9886	9955-9955	9986-9986	99F1-99F1	9A5B-9A5B	9ABC-9ABC	9B77-9B77	9C57-9C57	9C9C-9C9C	9D1B-9D1B	9D26-9D26	9D51-9D51	9EEF-9EEF	9F99-9F99	C2A4-C2A4	E253-E253	E313-E314	E5C7-E5C7	E5C9-E5C9	E8DB-E8DC	FF25-FF25	FF2D-FF2E	FF34-FF34	FFE5-FFE5	1F60A-1F60A	1F618-1F618	1F62D-1F62D
Noto Sans HK	700	/fonts/served/noto-sans-hk-101-700-normal.woff2	B4-B4	10D-10D	2D9-2D9	641-641	E20-E20	E29-E29	20AC-20AC	2266-2266	25BE-25BE	301E-301E	3058-3058	4E07-4E07	4E1D-4E1D	4E66-4E66	4ECE-4ECE	4F88-4F88	4FDE-4FDE	5016-5016	5180-5180	5199-5199	51AA-51AA	5306-5306	5386-5386	53D8-53D8	5413-5413	541D-541D	5436-5436	54CE-54CE	54E8-54E8	54FC-54FC	5571-5571	557E-557E	558E-558E	55A7-55A7	56A8-56A8	57A2-57A3	58B3-58B3	5960-5960	5992-5993	59A4-59A4	5A55-5A55	5AB2-5AB2	5AFB-5AFB	5B56-5B56	5BC5-5BC5	5BC7-5BC7	5BF0-5BF0	5CB1-5CB1	5CC7-5CC7	5D84-5D84	5DFF-5DFF	5E93-5E93	5ED3-5ED3	5F6A-5F6A	60BC-60BC	61C7-61C7	61FF-61FF	6218-6218	6254-6254	634D-634D	6467-6467	64F1-64F2	6582-6582	65FB-65FB	6615-6615	6687-6687	66AE-66AE	66E0-66E0	66E6-66E6	66F0-66F0	6781-6781	67F5-67F5	6837-6837	68A7-68A7	6A1F-6A1F	6B27-6B27	6B4E-6B4E	6B73-6B73	6B79-6B79	6BCB-6BCB	6C5D-6C5D	6CF5-6CF5	6DEE-6DEE	6EC4-6EC4	6ECC-6ECC	6F88-6F88	6FEF-6FEF	701D-701D	703E-703E	707C-707C	7099-7099	710A-710A	725F-725F	72D9-72D9	72E9-72E9	731D-731D	7325-7325	7463-7463	7480-7480	74A8-74A8	7523-7523	7526-7526	75E0-75E0	7613-7613	7656-7656	76D4-76D4	773A-773A	775C-775C	775E-775E	780C-780C	78E1-78E1	78F7-78F7	7960-7960	7A20-7A20	7AAF-7AAF	7B08-7B08	7B71-7B71	7BE4-7BE4	7CEC-7CEC	7CF0-7CF0	7D5E-7D5E	7D62-7D62	7DBE-7DBE	7E1B-7E1B	7EA2-7EA2	7EC4-7EC4	7EC6-7EC6	7EDC-7EDC	7EED-7EED	7EFC-7EFC	7F16-7F16	7F57-7F57	7FB9-7FB9	7FCA-7FCA	803D-803D	816E-816E	82A5-82A5	82B7-82B7	8317-8317	8338-8338	834A-834A	83D3-83D3	8469-8469	849E-849E	854A-854A	8559-8559	865E-865E	86E4-86E4	8700-8700	8759-8759	8760-8760	8782-8782	879E-879E	87D1-87D1	880D-880D	8836-8836	8944-8944	89C8-89C8	8AAC-8AAC	8B74-8B74	8BA2-8BA2	8BA4-8BA4	8BAE-8BAE	8BFB-8BFB	8C4E-8C4E	8CB3-8CB3	8CB6-8CB6	8D16-8D16	8D28-8D28	8E44-8E44	8F3B-8F3B	8F3F-8F3F	8FB9-8FB9	8FC4-8FC4	8FDE-8FDE	8FF9-8FF9	9076-9076	90AE-90AE	90B8-90B8	9257-9257	9310-9310	93DF-93DF	94FE-94FE	95A5-95A5	95A9-95A9	962E-962E	9690-9690	9704-9704	9713-9713	97F6-97F6	9824-9824	986B-986B	9884-9884	98E2-98E2	991A-991A	99A5-99A5	99DD-99DD	9AB8-9AB8	9B41-9B41	9BAD-9BAD	9DD7-9DD7	C774-C774	E5D4-E5D4	FE52-FE52	FE5D-FE5D	FF02-FF02	1F389-1F389	1F449-1F449	1F495-1F495
Noto Sans HK	700	/fonts/served/noto-sans-hk-102-700-normal.woff2	2CB-2CB	5D1-5D1	5D9-5D9	5E2-5E2	5E8-5E8	5EA-5EA	633-633	E32-E32	2252-2252	2267-2267	2573-2573	25B3-25B3	25C4-25C4	2713-2713	2715-2715	30E2-30E2	4E28-4E28	4E3C-4E3C	4E4D-4E4D	4E70-4E70	4F18-4F18	4FEF-4FEF	5018-5018	501A-501A	5026-5026	5137-5137	513F-513F	51A5-51A5	51F3-51F3	524B-524B	5254-5254	52D8-52D8	5308-5308	5384-5384	53CC-53CC	5443-5443	5466-5466	54A7-54A8	54BD-54BD	54C9-54C9	54CB-54CB	555E-555E	556A-556A	5580-5580	560E-560E	5614-5614	561F-561F	562F-562F	566C-566C	5679-5679	56BC-56BC	56CD-56CD	56E7-56E7	56ED-56ED	572D-572D	5742-5742	57D7-57D7	582F-582F	589F-589F	5B09-5B09	5BA5-5BA5	5C51-5C51	5C90-5C90	5CEF-5CEF	5D16-5D16	5DD4-5DD4	5E08-5E08	5E26-5E26	5F0A-5F0A	5F20-5F20	606C-606C	620F-620F	625B-625B	62A4-62A4	62CE-62CE	62D0-62D0	62F1-62F1	63A0-63A0	63C6-63C6	63F9-63F9	6413-6413	6417-6417	6483-6483	64F7-64F7	650F-650F	65A7-65A7	665F-665F	66D6-66D6	6746-6746	6756-6756	67D1-67D1	68D7-68D7	68E0-68E0	68F5-68F5	6977-6977	6995-6995	69A8-69A8	69B4-69B4	69D3-69D3	6A3D-6A3D	6ABB-6ABB	6BB7-6BB7	6BD3-6BD3	6C47-6C47	6CC4-6CC4	6CD3-6CD3	6DAE-6DAE	6E26-6E26	6E29-6E29	6E5B-6E5B	6EAF-6EAF	6EBA-6EBA	7028-7028	70B3-70B3	711A-711A	733F-733F	73C0-73C0	73EE-73EE	7444-7444	745A-745A	7487-7487	7540-7540	75A4-75A4	7729-7729	779E-779E	798E-798E	79BD-79BD	79CD-79CD	79E9-79E9	7A3D-7A3D	7A4C-7A4C	7A9F-7A9F	7AC4-7AC4	7AFF-7AFF	7B77-7B77	7C27-7C27	7CA7-7CA7	7CD9-7CD9	7D76-7D76	7E43-7E43	7E55-7E55	7EA6-7EA6	7ED9-7ED9	7FF1-7FF1	808B-808B	809B-809B	80FA-80FA	81A8-81A8	827A-827A	8309-8309	8328-8328	832B-832B	8396-8396	83E0-83E0	840E-840E	8425-8425	852D-852D	853B-853B	8588-8588	85E9-85E9	86B5-86B5	8718-8718	87EC-87EC	8910-8910	893B-893B	89C1-89C2	8B3E-8B3E	8BAF-8BAF	8BC1-8BC1	8BCD-8BCD	8BDD-8BDD	8C41-8C41	8C48-8C48	8D2D-8D2D	8D5E-8D5E	8FBE-8FBE	9015-9015	90A8-90A8	90B5-90B5	90E1-90E1	9169-9169	9183-9183	91D0-91D0	91DC-91DC	9293-9293	92F8-92F8	9472-9472	9598-9598	95ED-95ED	95FB-95FB	9605-9605	96C7-96C7	9739-9739	9742-9742	9761-9761	99AD-99AD	9AE6-9AE6	9B1A-9B1A	9B44-9B44	9BC9-9BC9	9D3F-9D3F	9E7C-9E7C	9E92-9E92	FE5E-FE5E	FF22-FF24	FF2F-FF30	FF33-FF33
Noto Sans HK	700	/fonts/served/noto-sans-hk-103-700-normal.woff2	60-60	F7-F7	161-161	2198-2198	2571-2571	258B-258B	25B6-25B6	2661-2661	3051-3051	3109-3109	4E11-4E11	4E1C-4E1C	4E24-4E24	4E2B-4E2B	4EF7-4EF7	4F36-4F36	4FD0-4FD0	5029-502A	5055-5055	508D-508D	50AD-50AD	50D5-50D5	50E7-50E7	50F1-50F1	50F5-50F5	51C8-51C8	51FB-51FB	5203-5203	524E-524E	5288-5288	5323-5323	53C2-53C2	5458-5458	54B1-54B1	54B3-54B3	54B8-54B8	5582-5582	55B2-55B2	55BA-55BA	55DA-55DA	55DC-55DC	5662-5662	5678-5678	56AE-56AE	56C2-56C2	57D5-57D5	5862-5862	58E4-58E4	58F0-58F0	5907-5907	590D-590D	5934-5934	5978-5978	5984-5984	5A25-5A25	5BE1-5BE1	5C06-5C06	5C62-5C62	5C91-5C91	5CFB-5CFB	5D01-5D01	5D11-5D11	5D1B-5D1B	5E87-5E87	5EB8-5EB8	5EFF-5EFF	5F27-5F27	5F3A-5F3A	5F53-5F53	5F64-5F64	6001-6001	6168-6168	61A9-61A9	6233-6233	62A5-62A5	62ED-62ED	638F-638F	6399-6399	63C0-63C0	646F-646F	6590-6590	6631-6631	664F-664F	6689-6689	66DC-66DC	672F-672F	67AF-67AF	67EC-67EC	6807-6807	6A44-6A44	6C14-6C14	6C40-6C40	6C70-6C70	6C76-6C76	6CB8-6CB8	6CE3-6CE3	6DF3-6DF3	6E20-6E20	6E43-6E43	6EBC-6EBC	6EEC-6EEC	6F2C-6F2C	6FB1-6FB1	7009-7009	7011-7011	701A-701A	7117-7117	7184-7184	71ED-71ED	72F9-72F9	7426-7426	74BD-74BD	74CF-74CF	752B-752B	7554-7554	75B9-75B9	7621-7621	7671-7672	7693-7693	76EF-76EF	7737-7737	77A7-77A7	77B3-77B3	77BB-77BB	77DA-77DA	77E2-77E2	77E9-77E9	77EF-77EF	7801-7801	7940-7940	797F-797F	79A7-79A7	79B1-79B1	7A6B-7A6B	7AC5-7AC5	7B1B-7B1B	7DAB-7DAB	7DB4-7DB4	7DB8-7DB8	7DCB-7DCB	7DDD-7DDD	7DE0-7DE0	7E9C-7E9C	7ED3-7ED3	7EF4-7EF4	803F-803F	8046-8046	8087-8087	8116-8116	8214-8214	821C-821C	82D4-82D4	8305-8305	831C-831C	8335-8335	8339-8339	8350-8350	8354-8354	8526-8526	860A-860A	86DB-86DB	8713-8713	873B-873B	8822-8822	88C5-88C5	8993-8993	8A1F-8A1F	8AB9-8AB9	8AD7-8AD7	8E72-8E72	8F44-8F44	8F4E-8F4E	8F9C-8F9C	8FD0-8FD0	8FD8-8FD8	8FE6-8FE6	9042-9042	907C-907C	91BA-91BA	9452-9452	9591-9591	95E2-95E2	9631-9631	9699-9699	96B8-96B8	9709-9709	978D-978D	9811-9811	9830-9830	98CE-98CE	9945-9945	99ED-99ED	9A8C-9A8C	9AD3-9AD3	9BAA-9BAA	9BE8-9BE8	9C77-9C77	9CF6-9CF6	9D72-9D72	9E1F-9E1F	9EC4-9EC4	FE31-FE31	FE55-FE55	FF03-FF03	FF20-FF20	FF3B-FF3B	FF3D-FF3D	1F3FB-1F3FB	1F44D-1F44D	1F60D-1F60D
Noto Sans HK	700	/fonts/served/noto-sans-hk-104-700-normal.woff2	10C-10C	E17-E17	E44-E44	2728-2728	3081-3081	4E13-4E13	4E19-4E19	4E1E-4E1E	4E5C-4E5C	4EA7-4EA7	4ED7-4ED7	4F20-4F20	4F8D-4F8D	4FFE-4FFE	5021-5021	515C-515C	51A4-51A4	51E0-51E0	521B-521B	522B-522B	532A-532A	534E-534E	5355-5355	537F-537F	5398-5398	539D-539D	541F-541F	543C-543C	544E-544E	5509-5509	5598-5598	5622-5622	5632-5632	563F-563F	5641-5641	566A-566A	5695-5695	569F-569F	56DA-56DA	573A-573A	574E-574E	5835-5835	584C-584C	5885-5885	58AE-58AE	5A1F-5A1F	5AC2-5AC2	5B24-5B24	5BB0-5BB0	5BDE-5BDE	5BFC-5BFC	5C39-5C39	5C4C-5C4C	5C60-5C60	5E76-5E76	5E7F-5E7F	5E9A-5E9A	5F13-5F13	5F6C-5F6C	6127-6127	61F2-61F2	6208-6208	620A-620A	620C-620C	6252-6252	62EF-62EF	6328-6328	633D-633D	6362-6362	63B0-63B0	63C9-63C9	640F-640F	64A9-64A9	6514-6514	652C-652C	655E-655E	6583-6583	658C-658C	6627-6627	66F3-66F3	6734-6734	6743-6743	676D-676D	67C4-67C4	67DA-67DA	68CD-68CD	68F2-68F2	690E-690E	6AB3-6AB3	6B16-6B16	6B38-6B38	6B3D-6B3D	6BC6-6BC6	6CA1-6CA1	6CAB-6CAB	6D8C-6D8C	6DEA-6DEA	6E32-6E32	6E3E-6E3E	6E58-6E58	6EEF-6EEF	6EF2-6EF2	6FE4-6FE4	708A-708A	7130-7130	7165-7165	7172-7172	71C9-71C9	7232-7232	7239-7239	7261-7261	7280-7280	72A7-72A7	72F8-72F8	73C8-73C8	7464-7464	753B-753B	754F-754F	755C-755C	75D8-75D8	76EA-76EA	776B-776B	7779-7779	777F-777F	7784-7784	778E-778E	77DB-77DB	77EE-77EE	79E4-79E4	7A46-7A46	7A57-7A57	7ABA-7ABA	7AED-7AED	7B4D-7B4D	7C7B-7C7B	7C7D-7C7D	7D13-7D13	7D33-7D33	7DBB-7DBB	7DEC-7DEC	7DF9-7DF9	7E46-7E46	7EA7-7EA7	7EDF-7EDF	8085-8085	8165-8165	81FB-81FB	82B8-82B8	82D3-82D3	8343-8343	839E-839E	83E9-83E9	840D-840D	851A-851A	853D-853D	8543-8543	859B-859B	85FB-85FB	87FB-87FB	888D-888D	8ADC-8ADC	8B0A-8B0A	8BB0-8BB0	8BBE-8BBE	8BC4-8BC4	8BF4-8BF4	8C5A-8C5A	8CC3-8CC3	8CE4-8CE4	8D44-8D44	8E81-8E81	8F66-8F66	8FDB-8FDB	900D-900D	9063-9063	914C-914C	9223-9223	9226-9226	923A-923A	925B-925B	9264-9264	929C-929C	92B9-92B9	9320-9320	934D-934D	935B-935B	9444-9444	957F-957F	96A7-96A7	9756-9756	97AD-97AD	97CC-97CC	9898-9898	98EA-98EA	9921-9921	9952-9952	9A55-9A55	9B0D-9B0D	9B91-9B91	9BCA-9BCA	9EBD-9EBD	9F4B-9F4B	E60F-E611	FF1C-FF1D	FF21-FF21	FF38-FF38	FF9F-FF9F	FFFD-FFFD	1F602-1F602
Noto Sans HK	700	/fonts/served/noto-sans-hk-105-700-normal.woff2	E22-E22	2103-2103	25A0-25A0	266A-266A	2699-2699	3014-3015	4E1A-4E1A	4E50-4E50	4F10-4F10	4F3D-4F3D	4F6C-4F6C	4F70-4F70	4FCF-4FCF	5006-5006	50D1-50D1	5170-5170	518C-518C	51F0-51F0	51F6-51F6	51F9-51F9	5219-5219	5256-5256	525D-525D	52C9-52C9	5349-5349	5351-5351	5356-5356	5375-5375	53DB-53DB	53EE-53EE	53F7-53F7	5492-5492	5497-5497	54FA-54FA	5538-5538	55BB-55BB	55E8-55E8	56B7-56B7	5757-5757	58BE-58BE	5937-5937	59DC-59DC	59E8-59E8	5A49-5A49	5A9A-5A9B	5AB3-5AB3	5B9B-5B9B	5B9E-5B9E	5BE8-5BE8	5C37-5C37	5C4E-5C4E	5D14-5D14	5D19-5D19	5D4C-5D4C	5D50-5D50	5DEB-5DEB	5E84-5E84	5E94-5E94	5EC2-5EC2	5F17-5F17	5F26-5F26	5F55-5F55	5F77-5F77	5F7F-5F7F	5FBD-5FBD	6052-6052	6064-6065	608D-608D	609A-609A	6101-6101	611A-611A	614C-614C	621A-621A	6237-6237	6284-6284	6296-6296	62E9-62E9	632A-632B	634F-634F	6488-6488	6500-6500	652A-652A	6556-6556	65E0-65E0	65EC-65EC	6643-6643	679A-679A	6850-6850	6893-6893	6897-6897	68B3-68B3	68D5-68D5	6930-6930	6960-6960	6A11-6A11	6A38-6A38	6A3A-6A3A	6B22-6B22	6B67-6B67	6B6A-6B6A	6C59-6C59	6C83-6C83	6CCC-6CCC	6DF5-6DF5	6EF7-6EF7	6F3E-6F3E	6F80-6F80	70ED-70ED	7164-7164	722A-722A	7260-7260	7272-7272	73B0-73B0	74CA-74CA	74E3-74E3	7538-7538	7586-7586	75B5-75B5	7624-7624	7661-7662	7838-7838	786E-786E	788C-788C	7950-7950	79A6-79A6	79AA-79AA	7A40-7A40	7A62-7A62	7BF7-7BF7	7C3E-7C3E	7C98-7C98	7CA5-7CA5	7D21-7D21	7D2E-7D2E	7DBA-7DBA	7E79-7E79	7ECF-7ECF	7F79-7F79	8086-8086	810A-810A	8139-8139	813E-813E	817A-817A	81B3-81B3	821F-821F	8247-8247	8259-8259	8271-8271	8431-8431	846C-846C	849C-849C	84B2-84B2	84C4-84C4	8513-8514	8549-8549	8755-8755	8877-8877	8881-8881	88F9-88F9	8A1D-8A1D	8A3C-8A3C	8A6D-8A6E	8A93-8A93	8AE7-8AE7	8AF7-8AF7	8B17-8B17	8B5A-8B5A	8BA1-8BA1	8BBA-8BBA	8CDC-8CDC	8DEA-8DEA	8F6C-8F6C	8F7D-8F7D	8FC7-8FC7	8FD9-8FD9	902E-902E	90CA-90CA	916A-916A	916C-916C	921E-921E	9245-9245	947C-947C	9594-9594	95A8-95A8	95EE-95EE	95F4-95F4	9706-9706	971E-971E	980C-980C	9891-9891	98B1-98B1	98FC-98FC	9903-9903	9957-9957	99AE-99AE	99FF-99FF	9DB4-9DB4	E602-E605	FF16-FF19
Noto Sans HK	700	/fonts/served/noto-sans-hk-106-700-normal.woff2	A5-A5	2190-2191	2193-2193	22C1-22C1	2302-2302	25CB-25CB	25CE-25CE	2709-2709	4E0E-4E0E	4E18-4E18	4E3A-4E3A	4E48-4E48	4E91-4E91	4EEC-4EEC	5112-5112	524A-524A	52A3-52A3	52AB-52AB	52C3-52C3	52F3-52F3	52FB-52FB	5320-5320	5339-5339	533F-533F	53E2-53E2	5435-5435	543E-543E	5480-5480	5495-5495	5564-5564	5572-5572	55C6-55C6	55EF-55EF	563B-563B	5653-5653	5657-5657	5764-5764	5824-5824	58D8-58D8	5955-5955	5983-5983	598D-598D	59A8-59A8	59DA-59DA	59E6-59E6	5A36-5A36	5BB5-5BB5	5BC2-5BC2	5BEE-5BEE	5BF9-5BF9	5CB3-5CB3	5D17-5D17	5DBC-5DBC	5E2E-5E2E	6070-6070	60DF-60DF	6190-6190	61A4-61A4	61BE-61BE	61FC-61FC	62AC-62AC	62BC-62BC	636E-636E	6398-6398	63A9-63A9	6435-6435	6487-6487	6495-6495	64AB-64AB	64BF-64BF	6577-6577	65AC-65AC	6602-6602	6652-6652	66F9-66F9	672D-672D	6761-6761	683D-683D	68AD-68AD	68B5-68B5	68DA-68DA	68E7-68E7	6A59-6A59	6A61-6A61	6AE5-6AE5	6B47-6B47	6BEF-6BEF	6C50-6C50	6C9B-6C9B	6E23-6E23	6E34-6E34	6E4A-6E4A	6E67-6E67	6EA2-6EA2	6EB6-6EB6	6F20-6F20	6FEB-6FEB	7149-7149	714C-714C	715E-715E	7199-7199	71AC-71AC	7231-7231	7262-7262	7409-7409	745F-745F	7469-7469	7504-7504	7535-7535	753A-753A	75F4-75F4	7682-7682	76BA-76BA	76F2-76F2	77FD-77FD	780D-780D	7832-7832	78C5-78C5	78EF-78EF	7901-7901	79BE-79BE	79C9-79C9	79E6-79E6	7A1A-7A1A	7A84-7A84	7ACA-7ACA	7CB5-7CB5	7CB9-7CB9	7CDF-7CDF	7CE7-7CE7	7D6E-7D6E	7DB1-7DB1	7DEF-7DEF	7E61-7E61	7E7D-7E7D	7E8F-7E8F	7F38-7F38	7F77-7F77	7FA8-7FA8	7FC5-7FC5	7FE1-7FE1	7FF9-7FF9	800D-800D	8015-8015	8054-8054	80A2-80A2	80AA-80AA	80BA-80BA	814E-814E	8180-8180	819D-819D	81C0-81C0	828B-828B	82AD-82AD	82AF-82AF	83F1-83F1	83F8-83F8	8403-8403	8475-8475	84BC-84BC	84C9-84C9	84EC-84EC	8523-8523	8569-8569	8591-8591	85B0-85B0	86D9-86D9	8774-8774	881F-881F	884D-884D	88D4-88D4	89C4-89C4	89C6-89C6	8A60-8A60	8A79-8A79	8B19-8B19	8BD5-8BD5	8BF7-8BF7	8C03-8C03	8C79-8C79	8CC8-8CC8	8D9F-8D9F	8E10-8E10	8E48-8E48	8EBA-8EBA	8FAF-8FAF	9009-9009	9017-9017	9175-9175	9187-9187	918B-918B	91D8-91D8	9214-9214	946B-946B	9470-9470	9640-9640	9675-9675	96EF-96EF	9716-9716	97CB-97CB	97E9-97E9	985B-985B	99B3-99B3	9B4F-9B4F	9D09-9D09	9E9F-9E9F	9EDB-9EDB	9F90-9F90	FF05-FF05	FF14-FF14	1F464-1F464
Noto Sans HK	700	/fonts/served/noto-sans-hk-107-700-normal.woff2	4E08-4E08	4E2A-4E2A	4E56-4E56	4E9A-4E9A	4EA8-4EA8	4EAD-4EAD	4EC7-4EC7	4F3A-4F3A	4F51-4F51	4F62-4F62	4FAF-4FAF	507D-507D	5098-5098	50AC-50AC	5147-5147	5173-5173	5187-5187	51F8-51F8	51FD-51FD	52A1-52A1	52A8-52A8	52F8-52F8	535C-535C	53ED-53ED	541E-541E	5475-5475	54A9-54A9	54C0-54C0	54C7-54C7	5589-5589	5605-5605	5690-5690	5733-5733	5782-5782	57C3-57C3	5858-5858	5893-5893	589C-589C	58E2-58E2	5974-5974	599E-599E	59A5-59A5	59EC-59EC	5B66-5B66	5B99-5B99	5B9D-5B9D	5C2C-5C2C	5C48-5C48	5C65-5C65	5CFD-5CFD	5D0E-5D0E	5DBA-5DBA	5DE2-5DE2	5E06-5E06	5E15-5E15	5EC1-5EC1	5ED6-5ED6	5F00-5F00	5F4C-5F4C	5F65-5F65	6055-6055	609F-609F	60B6-60B6	6241-6241	624E-624E	626F-626F	6291-6291	62CC-62CC	62D3-62D3	62D8-62D8	62DA-62DA	62FE-62FE	6349-6349	6367-6367	63EA-63EA	6454-6454	64A4-64A4	64B2-64B2	64BC-64BC	64C5-64C5	64CE-64CE	6558-6558	6572-6572	65A5-65A5	65E8-65E8	65ED-65ED	6606-6606	6614-6614	6670-6670	6688-6688	673A-673A	674F-674F	6770-6770	6795-6795	68CB-68CB	6912-6912	6953-6953	6AAC-6AAC	6AAF-6AAF	6AB8-6AB8	6B20-6B20	6B96-6B96	6BBF-6BBF	6BC5-6BC5	6C6A-6C6A	6CBE-6CBE	6D59-6D59	6D78-6D78	6DC7-6DC7	6DEB-6DEB	6E7E-6E7E	6E9C-6E9C	6F3F-6F3F	6F51-6F51	6F70-6F70	6F84-6F84	6FA1-6FA1	704C-704C	7051-7051	70AB-70AB	70AD-70AD	70F9-70F9	7119-7119	714E-714E	71D9-71D9	71E5-71E6	72C4-72C4	72D0-72D0	72E0-72E0	7334-7334	744B-744B	7455-7455	74F7-74F7	7529-7529	75AB-75AB	75B2-75B2	766E-766E	76C3-76C3	76FC-76FC	76FE-76FE	7891-7891	7948-7948	7A74-7A74	7B28-7B28	7C60-7C60	7C72-7C72	7CCA-7CCA	7EBF-7EBF	7F55-7F55	7FF0-7FF0	8154-8154	81C2-81C2	81D8-81D8	81E3-81E3	81E5-81E5	8292-8292	8299-8299	8302-8302	8304-8304	8332-8332	83C1-83C1	83C7-83C7	83CA-83CA	845B-845B	8490-8490	85AF-85AF	8650-8650	8667-8667	8ABC-8ABC	8B0E-8B0E	8B39-8B39	8BED-8BED	8C54-8C54	8C6B-8C6B	8C9E-8C9E	8CA7-8CA7	8CAA-8CAB	8CE6-8CE6	8CEC-8CED	8EB2-8EB2	8FB0-8FB0	901D-901D	908F-908F	9127-9127	91C0-91C0	9215-9215	92B3-92B3	932B-932B	93FD-93FD	95CA-95CA	964C-964C	96C0-96C0	970D-970D	9774-9774	97FB-97FB	9812-9812	9817-9817	9913-9913	9935-9935	99C1-99C1	9B31-9B31	9D5D-9D5D	9D6C-9D6C	9E79-9E79	FE0F-FE0F	FE30-FE30	FF0B-FF0B	FF10-FF10	FF15-FF15
Noto Sans HK	700	/fonts/served/noto-sans-hk-108-700-normal.woff2	B0-B0	926-926	928-928	939-939	93F-940	94D-94D	200B-200B	22EF-22EF	25BA-25BA	25C6-25C6	2665-2665	4E4F-4E4F	4E59-4E59	4F0D-4F0D	4F0F-4F0F	4F19-4F19	4F59-4F59	4FAE-4FAE	5075-5075	50B2-50B2	50B5-50B5	511F-511F	5141-5141	5146-5146	514C-514C	5185-5185	51DD-51DD	522E-522E	5319-5319	533A-533A	5378-5378	53AD-53AD	53C9-53C9	53D1-53D1	53D4-53D4	543B-543B	5442-5442	5446-5446	5481-5481	54E9-54E9	5507-5507	5565-5565	559A-559A	55AA-55AA	5606-5606	56CA-56CA	56FE-56FE	582A-582A	58FA-58FA	5915-5915	5949-5949	5962-5962	5996-5996	59FB-59FB	5A77-5A77	5B0C-5B0C	5B5F-5B5F	5BD3-5BD3	5BE2-5BE2	5BFA-5BFA	5C41-5C41	5CA9-5CA9	5D07-5D07	5EC8-5EC8	5ECA-5ECA	5F18-5F18	5F4E-5F4E	5F59-5F59	5F6D-5F6D	5F79-5F79	5FB9-5FB9	6028-6028	6062-6062	6068-6068	606D-606D	6094-6094	60F1-60F1	6108-6109	614E-614E	6170-6170	617E-617E	61B2-61B2	61F8-61F8	6247-6247	626D-626D	6276-6276	62AB-62AB	62CB-62CB	62F3-62F3	6368-6368	6380-6380	6492-6492	64B0-64B0	64E0-64E0	6570-6570	660F-660F	6649-6649	6691-6691	66A8-66A8	6749-6749	67F1-67F1	67F3-67F4	6842-6842	6851-6851	687F-687F	68DF-68DF	69FD-69FD	6A58-6A58	6C27-6C27	6C88-6C88	6CCA-6CCA	6CDB-6CDB	6D29-6D29	6D66-6D66	6DAF-6DAF	6F01-6F01	6F06-6F06	6F58-6F58	6F62-6F62	6F6D-6F6D	6FF1-6FF1	6FFE-6FFE	7058-7058	70AE-70AE	7235-7235	7267-7267	73CA-73CA	742A-742A	758F-758F	75BC-75BC	76C6-76C6	7740-7740	7955-7955	7A00-7A00	7A3B-7A3B	7B4B-7B4B	7BAD-7BAD	7BE9-7BE9	7C4C-7C4C	7CFE-7CFE	7DBF-7DBF	7E2B-7E2B	7E31-7E31	7E73-7E73	7F9E-7F9E	7FC1-7FC1	7FFC-7FFC	8096-8096	809D-809D	80DE-80DE	8108-8108	8155-8155	816B-816B	81DF-81DF	8277-8277	82BD-82BD	8352-8352	8393-8393	8404-8404	8525-8525	856D-856D	8587-8587	8606-8606	868A-868A	8776-8776	87BA-87BA	87F9-87F9	886B-886B	8870-8870	88D5-88D5	896A-896A	896F-896F	8A23-8A23	8A87-8A87	8AD2-8AD2	8B00-8B00	8B20-8B20	8CB8-8CB8	8CCA-8CCA	8CE0-8CE0	8D39-8D39	8D6B-8D6B	8D81-8D81	8DB4-8DB4	8E29-8E29	8EF8-8EF8	8F1B-8F1B	8F5F-8F5F	8FA8-8FA8	906E-906E	9077-9077	90AA-90AA	90B1-90B1	90C1-90C1	9165-9165	919C-919C	92C1-92C1	95D6-95D6	95E8-95E8	975A-975A	98C6-98C6	9ECF-9ECF	9F0E-9F0E	9F52-9F52	FEFF-FEFF	FF06-FF06	FF0A-FF0A	FF12-FF13
Noto Sans HK	700	/fonts/served/noto-sans-hk-109-700-normal.woff2	627-629	631-631	639-639	644-644	64A-64A	25CF-25CF	2606-2606	2764-2764	3008-3009	4E1F-4E1F	4E38-4E38	4E43-4E43	4ED5-4ED5	4EF0-4EF0	4EFF-4EFF	4FB6-4FB6	4FE0-4FE0	5085-5085	50A2-50A2	50BE-50BE	5118-5118	5211-5212	5272-5272	52FE-52FE	5366-5366	53B2-53B2	53EC-53EC	54AC-54AC	5587-5587	55B5-55B5	561B-561B	5751-5751	576A-576A	57CB-57CB	58EF-58EF	592F-592F	594F-594F	5951-5951	5954-5954	596E-596E	59D1-59D1	5AC1-5AC1	5ACC-5ACC	5B8B-5B8B	5C4D-5C4D	5C6F-5C6F	5CA1-5CA1	5D29-5D29	5DE1-5DE1	5DFE-5DFE	5E7D-5E7D	5EDF-5EDF	5EF7-5EF7	5F7C-5F7C	5F81-5F81	5FA1-5FA1	5FAA-5FAA	5FCC-5FCC	5FFD-5FFD	6021-6021	6046-6046	6155-6155	6212-6212	62B9-62B9	6316-6316	6350-6350	6478-6478	647A-647A	6490-6490	64E6-64E6	6524-6524	6591-6591	659C-659C	65A4-65A4	65E6-65E6	65F6-65F6	6607-6607	6674-6674	6765-6765	679D-679D	68A8-68A8	6B3A-6B3A	6C57-6C57	6C61-6C61	6C90-6C90	6CBF-6CBF	6D69-6D69	6DB5-6DB5	6DCB-6DCB	6DD1-6DD1	6E21-6E21	70D8-70D8	71C3-71C3	71D5-71D5	722C-722C	727D-727D	72AC-72AC	72FC-72FC	731C-731C	7336-7336	7344-7344	7384-7384	73AB-73AB	7433-7434	745C-745C	7470-7470	758A-758A	75D5-75D5	7652-7652	76C8-76C8	76E7-76E7	7709-7709	7720-7720	7747-7747	7763-7763	77AC-77AD	7802-7802	78A7-78A7	78A9-78A9	78B3-78B3	78C1-78C1	78DA-78DA	7926-7926	796D-796D	798D-798D	7AAE-7AAE	7B52-7B52	7C92-7C92	7D68-7D68	7D81-7D81	7E5E-7E5E	7E69-7E69	7F50-7F50	7F70-7F70	7F75-7F75	8058-8058	8070-8070	80C3-80C3	8105-8106	8179-8179	818F-818F	81A9-81A9	81ED-81ED	820C-820D	82D1-82D1	838E-838E	83CC-83CC	8461-8461	84B8-84B8	852C-852C	857E-857E	85E4-85E4	863F-863F	8679-8679	86C7-86C7	8702-8702	8896-8896	88C2-88C2	88F8-88F8	8AF8-8AF8	8B7D-8B7D	8CA2-8CA2	8CC0-8CC0	8D64-8D64	8D74-8D74	8D99-8D99	8E5F-8E5F	8E8D-8E8D	8ECC-8ECC	8ED2-8ED2	8FB1-8FB1	8FC5-8FC5	9022-9022	9038-9038	903E-903E	905C-905C	9072-9072	9081-9081	9189-9189	9234-9234	92D2-92D2	934A-934A	95A3-95A3	962A-962A	9646-9646	9676-9676	96D5-96D5	971C-971C	9838-9838	9875-9875	98C4-98C4	99DB-99DB	9A45-9A45	9A5F-9A5F	9A6C-9A6C	9AD2-9AD2	9CF4-9CF4	9D28-9D28	9DAF-9DAF	9DF9-9DF9	9E7D-9E7D	9F9C-9F9C	FF11-FF11	FF1E-FF1E
Noto Sans HK	700	/fonts/served/noto-sans-hk-110-700-normal.woff2	2500-2500	25BC-25BC	4E95-4E95	4F50-4F50	4F54-4F54	4F69-4F69	4FC4-4FC4	4FCA-4FCA	5009-5009	50BB-50BB	5154-5154	51CC-51CC	528D-528D	5291-5291	52D2-52D2	52E4-52E4	5353-5353	5360-5360	540A-540B	5410-5410	54F2-54F2	5510-5510	5514-5514	5537-5537	558A-558A	55AC-55AC	5617-5617	56FD-56FD	573E-573E	5766-5766	5783-5783	57D4-57D4	5806-5806	5821-5821	5857-5857	5875-5875	58F9-58F9	596A-596A	59AE-59AE	59C6-59C6	59CA-59CA	59FF-59FF	5A03-5A03	5AE9-5AE9	5B64-5B64	5BB4-5BB4	5C3F-5C3F	5E16-5E16	5E45-5E45	5E72-5E72	5EC9-5EC9	5F90-5F92	6012-6012	6016-6016	6084-6085	6089-6089	60A0-60A0	60A3-60A3	60B2-60B2	60D1-60D1	60F9-60F9	6148-6148	6158-6158	6191-6191	626E-626E	62D4-62D4	632F-632F	633A-633A	6355-6355	63AA-63AA	642C-642C	64A5-64A5	64CB-64CB	6566-6566	6575-6575	6597-6597	660C-660C	66B1-66B1	66EC-66EC	6731-6731	6735-6735	675C-675C	67EF-67EF	6846-6846	6876-6876	6881-6881	68AF-68B0	68C9-68C9	6905-6905	6B98-6B98	6BC0-6BC0	6BEB-6BEB	6C0F-6C0F	6C1B-6C1B	6C41-6C41	6CE5-6CE5	6CF3-6CF3	6D25-6D25	6D2A-6D2A	6D3D-6D3D	6D6E-6D6E	6DD8-6DD8	6DDA-6DDA	6DFA-6DFA	6E9D-6E9D	6EAA-6EAA	6EC5-6EC5	6ECB-6ECB	6EF4-6EF4	6F0F-6F0F	6F32-6F32	707D-707D	708E-708E	7092-7092	716E-716E	723A-723A	731B-731B	7345-7345	7375-7375	7378-7378	73B2-73B2	74E6-74E6	75BE-75BE	75DE-75DE	764C-764C	76DC-76DC	788E-788E	7897-7897	789F-789F	78B0-78B0	790E-790E	7965-7965	7A4E-7A4E	7AA9-7AA9	7C43-7C43	7D17-7D17	7DD2-7DD2	7E96-7E96	7F51-7F51	7F69-7F69	7F72-7F72	7FD4-7FD4	7FE0-7FE0	8017-8017	80A9-80A9	80D6-80D6	8102-8102	8150-8150	8178-8178	81BD-81BD	829D-829D	82AC-82AC	8303-8303	840C-840C	8482-8482	8499-8499	85A9-85AA	883B-883B	8861-8861	88C1-88C1	88CF-88CF	88D9-88D9	8A3A-8A3A	8A98-8A98	8AEE-8AEE	8C8C-8C8C	8CE2-8CE2	8D0F-8D0F	8DA8-8DA8	8DCC-8DCC	8E0F-8E0F	8E22-8E22	8F1D-8F1D	8F29-8F29	8FAD-8FAD	9003-9003	9006-9006	903C-903C	904D-904D	9059-9059	9075-9075	90CE-90CE	90ED-90ED	9130-9130	91AC-91AC	91E3-91E3	9285-9285	9298-9298	92EA-92EA	9326-9326	937E-937E	93C8-93C8	95C6-95C6	9677-9677	9727-9727	994B-994B	99A8-99A8	99D0-99D0	9A30-9A30	9A37-9A37	9B42-9B42	9B45-9B45	9D3B-9D3B	9E7F-9E7F	9EE8-9EE8	9F3B-9F3B	C5B4-C5B4
Noto Sans HK	700	/fonts/served/noto-sans-hk-111-700-normal.woff2	5E-5E	2502-2502	2605-2605	4E32-4E32	4E58-4E58	4EA1-4EA1	4EF2-4EF2	4F2F-4F30	4F75-4F75	4FD7-4FD7	4FF1-4FF1	501F-501F	5049-5049	5074-5074	5091-5091	5144-5144	517C-517C	51C6-51C6	51CD-51CD	5269-526A	52AA-52AA	52C1-52C1	52C7-52C7	52DF-52DF	5377-5377	541B-541B	5439-5439	5440-5440	5448-5448	54AA-54AA	54E6-54E6	54ED-54ED	5674-5674	5687-5687	585E-585E	588A-588A	58A8-58A8	58C1-58C1	5925-5925	5948-5948	5999-5999	59B3-59B3	5A1C-5A1C	5A46-5A46	5B54-5B54	5B5D-5B5D	5B6B-5B6B	5B8F-5B8F	5BD2-5BD2	5BE9-5BE9	5C0A-5C0A	5C16-5C16	5C46-5C46	5CF0-5CF0	5E25-5E25	5E3D-5E3D	5E79-5E79	5EE2-5EE2	5F04-5F04	5F31-5F31	5FCD-5FCD	5FE0-5FE0	60DC-60DC	6163-6163	616E-616E	6182-6182	61F6-61F6	622A-622A	6258-6258	6293-6293	62C6-62C6	62D2-62D2	6372-6372	63DA-63DA	63ED-63EE	6416-6416	6458-6458	649E-649E	64EC-64EC	64F4-64F4	651C-651C	65CB-65CB	65E2-65E2	65FA-65FA	6628-6628	6668-6668	66A2-66A2	66C9-66C9	66FC-66FC	6717-6717	67CF-67CF	67D4-67D4	6817-6817	6885-6885	69CD-69CD	6A6B-6A6B	6AFB-6AFB	6B32-6B32	6B49-6B49	6BBC-6BBC	6C89-6C89	6C96-6C96	6CC9-6CC9	6D1B-6D1B	6D1E-6D1E	6DFB-6DFB	6EFE-6EFE	6F38-6F38	6F5B-6F5B	6F64-6F64	6F8E-6F8E	6FA4-6FA4	7070-7070	70B8-70B8	70CF-70CF	70E4-70E4	7159-7159	7169-7169	7210-7210	721B-721B	7238-7238	737B-737B	73BB-73BB	746A-746A	7483-7483	74DC-74DC	74F6-74F6	7518-7518	756A-756A	75C7-75C7	775B-775B	78E8-78E8	7919-7919	7956-7956	795D-795D	7A0D-7A0D	7BC9-7BC9	7C97-7C97	7CD5-7CD5	7D10-7D10	7D1B-7D1B	7DE9-7DE9	7DFB-7DFB	7E3E-7E3E	7E6A-7E6A	7F6A-7F6A	7F8A-7F8A	7FBD-7FBD	8000-8000	8036-8036	809A-809A	80CE-80CE	80E1-80E1	80F8-80F8	8170-8170	819C-819C	8216-8216	8239-8239	8266-8266	827E-827E	82B3-82B3	8377-8377	83AB-83AB	85C9-85C9	865B-865B	8766-8766	87A2-87A2	87F2-87F2	8972-8972	8A17-8A17	8A50-8A50	8A95-8A95	8B02-8B02	8B6F-8B6F	8C6C-8C6C	8CA9-8CA9	8CFA-8CFA	8D95-8D95	8DE1-8DE1	8F14-8F14	8F9B-8F9B	8FA3-8FA3	8FEB-8FEB	8FF4-8FF4	9010-9010	901B-901B	905E-905E	9080-9080	912D-912D	9177-9177	91C7-91C7	9336-9336	9451-9451	947D-947D	963B-963B	966A-966A	9670-9670	9769-9769	9813-9813	98FD-98FD	99D5-99D5	9A19-9A19	9B27-9B27	9B6F-9B6F	9ECE-9ECE	9ED8-9ED8	9F13-9F13	9F20-9F20	AD6D-AD6D	D55C-D55C
Noto Sans HK	700	/fonts/served/noto-sans-hk-112-700-normal.woff2	201C-201D	203B-203B	2192-2192	25B2-25B2	300F-300F	4E01-4E01	4E39-4E39	4E73-4E73	4E88-4E88	4E8E-4E8E	4ED9-4ED9	4F0A-4F0A	4F38-4F38	4F5B-4F5B	4FC3-4FC3	500D-500D	504F-504F	5076-5077	5100-5100	5104-5104	5132-5132	5175-5175	5192-5192	51A0-51A0	51AC-51AC	51E1-51E1	51F1-51F1	5200-5200	5224-5224	5237-5238	523A-523A	526F-526F	5289-5289	52DE-52DE	52F5-52F5	5371-5371	539A-539A	53E5-53E5	540E-540E	547C-547C	552F-552F	5531-5531	5634-5634	56C9-56C9	56F0-56F0	574A-574A	5761-5761	57F7-57F7	57F9-57F9	5805-5805	5851-5851	5854-5854	586B-586B	58FD-58FD	592E-592E	5967-5967	59BB-59BB	59D3-59D3	5A18-5A18	5B30-5B30	5B55-5B55	5B87-5B87	5B97-5B97	5BE7-5BE7	5BEC-5BEC	5BF8-5BF8	5C24-5C24	5CB8-5CB8	5DF7-5DF7	5E1D-5E1D	5E2D-5E2D	5E7B-5E7B	5F1F-5F1F	5F70-5F70	5FD9-5FD9	61B6-61B6	6234-6234	62B5-62B5	62D6-62D6	62DC-62DC	62FC-62FC	6383-6383	63CF-63CF	63D2-63D2	63E1-63E1	640D-640D	64CD-64CD	64FA-64FA	64FE-64FE	654F-654F	6562-6562	656C-656C	65C1-65C1	65D7-65D7	6620-6620	6676-6676	6697-6697	66AB-66AB	66C6-66C6	66DD-66DD	66FF-66FF	671D-671D	672B-672B	677E-677E	67D0-67D0	67D3-67D3	68C4-68C4	690D-690D	694A-694A	695A-695A	6AC3-6AC3	6B04-6B04	6B23-6B23	6B78-6B78	6B8A-6B8A	6C60-6C60	6D74-6D74	6D89-6D89	6DB2-6DB2	6DBC-6DBC	6DE1-6DE1	6DF7-6DF7	6E38-6E38	6E6F-6E6F	6F02-6F02	6FC3-6FC3	6FD5-6FD5	70C8-70C8	7126-7126	718A-718A	723D-723D	7246-7246	72AF-72AF	73CD-73CD	760B-760B	7626-7626	7687-7687	79DF-79DF	7A05-7A05	7A3F-7A3F	7A69-7A69	7AF6-7AF6	7C3D-7C3D	7C3F-7C3F	7C4D-7C4D	7CD6-7CD6	7D0B-7D0B	7D2B-7D2B	7DE3-7DE3	7E2E-7E2E	8010-8010	808C-808C	80A5-80A5	80AF-80AF	812B-812B	817F-817F	819A-819A	82D7-82D7	8389-838A	83F2-83F2	840A-840A	8463-8463	8521-8521	8584-8584	860B-860B	864E-864E	871C-871C	878D-878D	885D-885D	8932-8932	89F8-89F8	8A69-8A69	8AFE-8AFE	8B5C-8B5C	8C37-8C37	8C46-8C46	8CBF-8CBF	8CD3-8CD3	8CF4-8CF4	8D08-8D08	8D0A-8D0A	8DDD-8DDD	8FEA-8FEA	9014-9014	9055-9055	907A-907A	9178-9178	92FC-92FC	934B-934B	9396-9396	93AE-93AE	9583-9583	9663-9663	96BB-96BB	9707-9707	9738-9738	9846-9846	9905-9905	9A0E-9A0E	9AA8-9AA8	9B25-9B25	9B3C-9B3C	9CE5-9CE5	9CF3-9CF3	9EA5-9EA5	9EB5-9EB5	9F4A-9F4A	9F61-9F61	FF0D-FF0D
Noto Sans HK	700	/fonts/served/noto-sans-hk-113-700-normal.woff2	3C-3C	D7-D7	300E-300E	4E4E-4E4E	4E82-4E82	4E92-4E92	4EC1-4EC1	4ECD-4ECD	4F48-4F48	4F53-4F53	4FB5-4FB5	5012-5012	502B-502B	522A-522A	52DD-52DD	52FF-52FF	532F-532F	53EB-53EB	53F3-53F3	5409-5409	5433-5433	5496-5496	54C8-54C8	554A-554A	5561-5561	5594-5594	559D-559D	56B4-56B4	56FA-56FA	5713-5713	5750-5750	57DF-57DF	584A-584A	58C7-58C7	58DE-58DE	593E-593E	5976-5976	59D0-59D0	59D4-59D4	5A66-5A66	5B85-5B85	5B88-5B88	5BA3-5BA3	5BAE-5BAE	5BBF-5BBF	5BDF-5BDF	5C01-5C01	5C04-5C04	5C3A-5C3A	5C3E-5C3E	5C4F-5C4F	5DDD-5DDE	5DE8-5DE8	5E63-5E63	5E7C-5E7C	5E8A-5E8A	5EDA-5EDA	5EF3-5EF3	5EF6-5EF6	5F48-5F48	6015-6015	6025-6025	602A-602A	6050-6050	6069-6069	60E1-60E1	6162-6162	6176-6176	61C2-61C2	6200-6200	6263-6263	6279-6279	6297-6297	62B1-62B1	62BD-62BD	62EC-62EC	6311-6311	6377-6377	6388-6389	638C-638C	63A2-63A2	63F4-63F4	641E-641E	6436-6436	64C1-64C1	6551-6551	6557-6557	6563-6563	6696-6696	66B4-66B4	66F2-66F2	6751-6751	675F-675F	676F-676F	6790-6790	6838-6838	684C-684C	68D2-68D2	6982-6982	699C-699C	69AE-69AE	69CB-69CB	6A39-6A39	6A4B-6A4B	6B66-6B66	6BD2-6BD2	6CB3-6CB3	6CE1-6CE1	6D3E-6D3E	6DE8-6DE8	6ED1-6ED1	6F22-6F22	6F54-6F54	6FC0-6FC0	6FDF-6FDF	719F-719F	71C8-71C8	7236-7236	7259-7259	72D7-72D7	7389-7389	73E0-73E0	745E-745E	751A-751A	7532-7533	7562-7562	7591-7591	75C5-75C5	75DB-75DB	7686-7686	76D2-76D2	76DB-76DB	76DF-76DF	76E3-76E3	7701-7701	7761-7761	786C-786C	7981-7981	79CB-79CB	79D2-79D2	79FB-79FB	7A81-7A81	7A97-7A97	7AEF-7AEF	7B26-7B26	7B80-7B80	7C64-7C64	7D0D-7D0D	7D14-7D14	7D2F-7D2F	7DCA-7DCA	7DF4-7DF4	7E54-7E54	7E6B-7E6B	7F3A-7F3A	8033-8033	804A-804A	805A-805A	81A0-81A0	81E8-81E8	8212-8212	821E-821E	82E6-82E6	8336-8336	8449-8449	84CB-84CB	84EE-84EE	85E5-85E5	8607-8607	888B-888B	8A13-8A13	8A5E-8A5E	8AA0-8AA0	8AA4-8AA4	8AB0-8AB0	8AB2-8AB2	8AC7-8AC7	8B66-8B66	8C6A-8C6A	8C93-8C93	8C9D-8C9D	8DE8-8DE8	8F2A-8F2A	8FB2-8FB2	906D-906D	907F-907F	90A6-90A6	9109-9109	9192-9192	91CB-91CB	91DD-91DD	964D-964D	9686-9686	968E-968E	9694-9694	969C-969C	96DE-96DE	96E8-96E8	96EA-96EA	96F7-96F7	975C-975C	9760-9760	978B-978B	9858-9858	9918-9918	9AEE-9AEE	9EBB-9EBB	FF0E-FF0F	FF5C-FF5C
Noto Sans HK	700	/fonts/served/noto-sans-hk-114-700-normal.woff2	B7-B7	2022-2022	2027-2027	3042-3042	3044-3044	3046-3046	3048-3048	304A-3050	3053-3057	3059-305B	305D-3061	3063-306C	306E-3079	307B-307B	307D-307F	3082-308D	308F-308F	3092-3093	30A1-30A4	30A6-30C1	30C3-30C4	30C6-30E1	30E3-30ED	30EF-30EF	30F3-30F3	30FB-30FC	4E7E-4E7E	4EA6-4EA6	4EAC-4EAC	4F34-4F34	50B7-50B7	51B0-51B0	523B-523B	5283-5283	5348-5348	5354-5354	54E5-54E5	5708-5708	590F-590F	592B-592B	599D-599D	59B9-59B9	5A01-5A01	5A5A-5A5A	5DE7-5DE7	5E78-5E78	5E9C-5E9C	5FB5-5FB5	6167-6167	61F7-61F7	627F-627F	63A1-63A1	64D4-64D4	65BD-65BD	68EE-68EE	6B4C-6B4C	6BBA-6BBA	6C5F-6C5F	6D0B-6D0B	6D6A-6D6A	6E1B-6E1B	6E56-6E56	6F6E-6F6E	71D2-71D2	722D-722D	72C2-72C2	751C-751C	7530-7530	7642-7642	76E1-76E1	79C0-79C0	7ADF-7ADF	7AF9-7AF9	7D9C-7D9C	7DA0-7DA0	7E23-7E23	7E41-7E41	8056-8056	8173-8173	822A-822A	8349-8349	83DC-83DC	8840-8840	885B-885B	8907-8907	8A34-8A34	8CB4-8CB4	8DD1-8DD1	8FD4-8FD4	8FF0-8FF0	93E1-93E1	984F-984F	98EF-98EF	9B54-9B54
Noto Sans HK	700	/fonts/served/noto-sans-hk-115-700-normal.woff2	23-25	3D-3D	2026-2026	4E03-4E03	4E45-4E45	4E5D-4E5D	4EAE-4EAE	4ED4-4ED4	4ED8-4ED8	4EE4-4EE4	4F01-4F01	4F3C-4F3C	4F8B-4F8B	4FC2-4FC2	5019-5019	505C-505C	50C5-50C5	5145-5145	51B7-51B7	5207-5207	521D-521D	525B-525B	5287-5287	52E2-52E2	535A-535A	537B-537B	5426-5426	542B-542B	5438-5438	5462-5462	54EA-54EA	555F-555F	5566-5566	5584-5584	5609-5609	570D-570D	571F-571F	5747-5747	5802-5802	58D3-58D3	591C-591C	5920-5920	5922-5922	5957-5957	5979-5979	5A92-5A92	5ABD-5ABD	5B63-5B63	5B69-5B69	5B83-5B83	5B9C-5B9C	5BB3-5BB3	5BC4-5BC4	5BF5-5BF5	5C3C-5C3C	5C40-5C40	5C4B-5C4B	5C64-5C64	5CF6-5CF6	5DE6-5DE6	5E0C-5E0C	5E55-5E55	5EAB-5EAB	5EAD-5EAD	5EE0-5EE0	5F85-5F85	5F8B-5F8B	5FA9-5FA9	5FD7-5FD8	5FF5-5FF5	600E-600E	6298-6298	62DB-62DB	62FF-62FF	639B-639B	63A7-63A7	642D-642D	6469-6469	64AD-64AD	651D-651D	653B-653B	65B7-65B7	65CF-65CF	665A-665A	666E-666E	66FE-66FE	6728-6728	674E-674E	67B6-67B6	6821-6821	6839-6839	6843-6843	6A94-6A94	6B50-6B50	6B62-6B62	6B72-6B72	6B7B-6B7B	6BCD-6BCD	6BDB-6BDB	6C38-6C38	6C7A-6C7A	6C7D-6C7D	6C99-6C99	6CB9-6CB9	6CE2-6CE2	6CF0-6CF0	6D17-6D17	6D32-6D32	6E2C-6E2C	6FB3-6FB3	7206-7206	723E-723E	725B-725B	734E-734E	7387-7387	73ED-73ED	7565-7565	7570-7570	76CA-76CA	76E4-76E4	773E-773E	77ED-77ED	77F3-77F3	7814-7814	7834-7834	7968-7968	79D8-79D8	7A76-7A76	7A7F-7A7F	7B11-7B11	7B46-7B46	7B54-7B54	7BC4-7BC4	7D19-7D19	7D20-7D20	7D22-7D22	7D42-7D42	7D55-7D55	7E7C-7E7C	7F85-7F85	7FFB-7FFB	8077-8077	8089-8089	80CC-80CC	81C9-81C9	81F4-81F4	81FA-81FA	820A-820A	822C-822C	826F-826F	85CD-85CD	86CB-86CB	88DC-88DC	8986-8986	8A0E-8A0E	8A2A-8A2A	8A73-8A73	8A8C-8A8C	8B1B-8B1B	8B9A-8B9A	8C50-8C50	8C61-8C61	8CA0-8CA0	8CDE-8CDE	8CFD-8CFD	8D8A-8D8A	8DF3-8DF3	8E64-8E64	8ECD-8ECD	8EDF-8EDF	8F38-8F38	8FF7-8FF7	9000-9000	9047-9047	9060-9060	90F5-90F5	9152-9152	91CE-91CE	9280-9280	9418-9418	9435-9435	9589-9589	9592-9592	9678-9678	967D-967D	968A-968A	96AA-96AA	96C5-96C5	96D6-96D6	96DC-96DC	96F6-96F6	9732-9732	9748-9748	9802-9802	9806-9806	9808-9808	9818-9818	983B-983B	984D-984D	9867-9867	98DB-98DB	98F2-98F2	98FE-98FE	9A5A-9A5A	9B06-9B06	9B5A-9B5A	9BAE-9BAE	9E97-9E97	FF1B-FF1B	FF5E-FF5E
Noto Sans HK	700	/fonts/served/noto-sans-hk-116-700-normal.woff2	26-26	40-40	4E14-4E14	4E9E-4E9E	4EC0-4EC0	4F11-4F11	4F4E-4F4F	4F73-4F73	4FEE-4FEE	503C-503C	5047-5047	514B-514B	516B-516B	516D-516D	5178-5178	520A-520A	5236-5236	5343-5343	5347-5347	534A-534A	5370-5370	53CD-53CD	53E4-53E4	53E6-53E6	53F2-53F2	5403-5403	5411-5411	5427-5427	5468-5468	5473-5473	547D-547D	552E-552E	55CE-55CE	5740-5740	57CE-57CE	5883-5883	589E-589E	5931-5931	5947-5947	59CB-59CB	5A1B-5A1B	5B58-5B58	5B98-5B98	5BA4-5BA4	5BC6-5BC6	5BCC-5BCC	5BEB-5BEB	5BF6-5BF6	5C45-5C45	5C6C-5C6C	5DEE-5DEE	5DF4-5DF4	5E03-5E03	5E33-5E33	5E6B-5E6B	5E7E-5E7E	5E8F-5E8F	5E95-5E95	5EA7-5EA7	5F15-5F15	5F62-5F62	5F69-5F69	5F80-5F80	5FAE-5FAE	5FB7-5FB7	601D-601D	60E0-60E0	614B-614B	6230-6230	6236-6236	623F-623F	628A-628A	6295-6295	62C9-62C9	6309-6309	63DB-63DB	64C7-64C7	64CA-64CA	64DA-64DA	652F-652F	6545-6545	6548-6548	65AF-65AF	65E9-65E9	6625-6625	666F-666F	667A-667A	670B-670B	671B-671B	6750-6750	677F-677F	6848-6848	6975-6975	6A13-6A13	6A21-6A21	6AA2-6AA2	6B65-6B65	6B77-6B77	6BB5-6BB5	6CC1-6CC1	6CE8-6CE8	6DF1-6DF1	6E90-6E90	6E96-6E96	6EAB-6EAB	6F14-6F14	6F2B-6F2B	700F-700F	706B-706B	724C-724C	72C0-72C0	7368-7368	7372-7372	74B0-74B0	756B-756B	76AE-76AE	773C-773C	78BA-78BA	78BC-78BC	798F-798F	79AE-79AE	7A4D-7A4D	7AE5-7AE5	7B56-7B56	7B97-7B97	7BB1-7BB1	7BC7-7BC7	7C73-7C73	7C89-7C89	7D00-7D00	7D30-7D30	7D39-7D39	7D72-7D72	7DAD-7DAD	7E8C-7E8C	7F6E-7F6E	7FA4-7FA4	7FA9-7FA9	7FD2-7FD2	8003-8003	807D-807D	80A1-80A1	80B2-80B2	8166-8166	8208-8209	82E5-82E5	843D-843D	85CF-85CF	85DD-85DD	862D-862D	8857-8857	8863-8863	88E1-88E1	89BA-89BA	89D2-89D2	8A31-8A31	8A62-8A62	8A66-8A66	8A72-8A72	8ABF-8ABF	8B1D-8B1D	8B58-8B58	8B70-8B70	8B80-8B80	8CA1-8CA1	8CA8-8CA8	8CAC-8CAC	8CBC-8CBC	8D70-8D70	8DA3-8DA3	8DB3-8DB3	8DDF-8DDF	8F03-8F03	8F15-8F15	8F2F-8F2F	8FA6-8FA6	8FCE-8FCE	8FFD-8FFD	900F-900F	9031-9031	9069-9069	908A-908A	91AB-91AB	91CC-91CC	92B7-92B7	9322-9322	932F-932F	9375-9375	9632-9632	963F-963F	9644-9644	9662-9662	9673-9673	96A8-96A8	96C4-96C4	96D9-96D9	96E2-96E3	96F2-96F2	9752-9752	97D3-97D3	97FF-97FF	9805-9805	9810-9810	986F-986F	990A-990A	9910-9910	9928-9928	9EC3-9EC3	9ED1-9ED1	9F8D-9F8D
Noto Sans HK	700	/fonts/served/noto-sans-hk-117-700-normal.woff2	3E-3E	5F-5F	7E-7E	3000-3000	300A-300B	3010-3011	4E16-4E16	4E26-4E26	4E94-4E94	4E9B-4E9B	4EA4-4EA4	4ECA-4ECB	4EFB-4EFB	4EFD-4EFD	4F46-4F46	4F55-4F55	4F9B-4F9B	4F9D-4F9D	4FBF-4FBF	505A-505A	5065-5065	5099-5099	50CF-50CF	50F9-50F9	512A-512A	5143-5143	5148-5148	514D-514D	5152-5152	5169-5169	5171-5171	5177-5177	518A-518A	5217-5217	5225-5225	5247-5247	5275-5275	529F-529F	52A9-52A9	5305-5305	5341-5341	5357-5357	5361-5361	5373-5373	53BB-53BB	53C3-53C3	53C8-53C8	53D6-53D7	53E3-53E3	53EA-53EA	53F8-53F8	5404-5404	559C-559C	5668-5668	56DB-56DB	56E0-56E0	5712-5712	5718-5718	578B-578B	57FA-57FA	58EB-58EB	592A-592A	5C0B-5C0B	5C0E-5C0E	5C11-5C11	5C1A-5C1A	5C55-5C55	5C71-5C71	5DF1-5DF1	5E2B-5E2B	5E36-5E36	5E97-5E97	5EB7-5EB7	5EE3-5EE3	5EFA-5EFA	5F35-5F35	5F37-5F37	5F88-5F88	5F9E-5F9E	5FC5-5FC5	606F-606F	60A8-60A8	6232-6232	624D-624D	6253-6253	627E-627E	6280-6280	62CD-62CD	6301-6301	6307-6307	6392-6392	6539-6539	653E-653F	6559-6559	6574-6574	65C5-65C5	6613-6613	66F8-66F8	672A-672A	6797-6797	67E5-67E5	6A19-6A19	6A23-6A23	6B61-6B61	6BCF-6BCF	6BD4-6BD4	6C11-6C11	6C42-6C42	6D41-6D41	6D77-6D77	6D88-6D88	6E05-6E05	6E2F-6E2F	6EFF-6EFF	7136-7136	7167-7167	71DF-71DF	738B-738B	73A9-73A9	7403-7403	7531-7531	7537-7537	754C-754C	7559-7559	767D-767E	76F4-76F4	793A-793A	795E-795E	79C1-79C1	79D1-79D1	7A2E-7A2E	7A31-7A31	7A7A-7A7A	7AE0-7AE0	7BA1-7BA1	7BC0-7BC0	7C21-7C21	7CFB-7CFB	7D04-7D05	7D1A-7D1A	7D44-7D44	7D66-7D66	7D71-7D71	7DE8-7DE8	7E3D-7E3D	8001-8001	800C-800C	805E-805E	8072-8072	81F3-81F3	82B1-82B1	82F1-82F1	83EF-83EF	842C-842C	8457-8457	85A6-85A6	8655-8655	8853-8853	88AB-88AB	88DD-88DD	88FD-88FD	897F-897F	898F-898F	89AA-89AA	89BD-89BD	89C0-89C0	89E3-89E3	8A02-8A02	8A3B-8A3B	8A55-8A55	8A8D-8A8D	8A9E-8A9E	8AD6-8AD6	8B49-8B49	8B77-8B77	8B8A-8B8A	8B93-8B93	8CB7-8CB7	8CE3-8CE3	8CEA-8CEA	8CFC-8CFC	8F09-8F09	8FD1-8FD1	9001-9001	901F-9020	9054-9054	90A3-90A3	914D-914D	91CF-91CF	9304-9304	95B1-95B1	9650-9650	9664-9664	969B-969B	96B1-96B1	96C6-96C6	9700-9700	975E-975E	97F3-97F3	98A8-98A8	98DF-98DF	9999-9999	99AC-99AC	9A57-9A57	9EBC-9EBC
Noto Sans HK	700	/fonts/served/noto-sans-hk-118-700-normal.woff2	D-D	2B-2B	7C-7C	A0-A0	A9-A9	300C-300D	4E09-4E09	4E3B-4E3B	4E4B-4E4B	4E5F-4E5F	4E86-4E86	4E8B-4E8C	4EAB-4EAB	4ED6-4ED6	4EE3-4EE3	4EF6-4EF6	4F1A-4F1A	4F4D-4F4D	4F60-4F60	4F7F-4F7F	4F86-4F86	4FDD-4FDD	4FE1-4FE1	5011-5011	50B3-50B3	5149-5149	5167-5167	5176-5176	518D-518D	5229-5229	524D-524D	529B-529B	52A0-52A0	52D9-52D9	5316-5317	5340-5340	539F-539F	53CA-53CB	5408-5408	540C-540D	544A-544A	548C-548C	54C1-54C1	54E1-54E1	5546-5546	554F-554F	55AE-55AE	56DE-56DE	5716-5716	5831-5831	5834-5834	5916-5916	5929-5929	5973-5973	597D-597D	5982-5982	5B57-5B57	5B78-5B78	5B89-5B89	5B8C-5B8C	5B9A-5B9A	5BA2-5BA2	5BB9-5BB9	5BE6-5BE6	5C07-5C08	5C0D-5C0D	5C31-5C31	5DE5-5DE5	5DF2-5DF2	5E02-5E02	5E38-5E38	5E73-5E74	5EA6-5EA6	5F0F-5F0F	5F71-5F71	5F8C-5F8C	5F97-5F97	5FEB-5FEB	6027-6027	60C5-60C5	60F3-60F3	610F-610F	611B-611B	611F-611F	61C9-61C9	6210-6210	6216-6216	6240-6240	624B-624B	63A5-63A5	63A8-63A8	63D0-63D0	641C-641C	6536-6536	6578-6578	6599-6599	65B9-65B9	660E-660E	661F-661F	662D-662D	66F4-66F4	670D-670D	671F-671F	6771-6771	679C-679C	682A-682A	683C-683C	689D-689D	696D-696D	6A02-6A02	6A5F-6A5F	6B0A-6B0A	6B21-6B21	6B3E-6B3E	6B64-6B64	6C23-6C23	6C34-6C34	6C92-6C92	6CBB-6CBB	6CD5-6CD5	6D3B-6D3B	7063-7063	7121-7121	71B1-71B1	7247-7248	7269-7269	7279-7279	73FE-73FE	7406-7406	7522-7522	7576-7576	767B-767B	76EE-76EE	76F8-76F8	770B-770B	771F-771F	77E5-77E5	793E-793E	7A0B-7A0B	7ACB-7ACB	7AD9-7AD9	7B2C-7B2C	7B49-7B49	7CBE-7CBE	7D50-7D50	7D61-7D61	7D93-7D93	7DDA-7DDA	7F8E-7F8E	8005-8005	806F-806F	80FD-80FD	81EA-81EA	8207-8207	8272-8272	865F-865F	8868-8868	8981-8981	898B-898B	8996-8996	8A00-8A00	8A08-8A08	8A0A-8A0A	8A18-8A18	8A2D-8A2D	8A71-8A71	8AAA-8AAA	8ACB-8ACB	8CBB-8CBB	8CC7-8CC7	8D77-8D77	8D85-8D85	8DEF-8DEF	8EAB-8EAB	8ECA-8ECA	8F49-8F49	9019-901A	9023-9023	9032-9032	904A-904B	904E-904E	9053-9053	9078-9078	9084-9084	90E8-90E8	90FD-90FD	91CD-91CD	91D1-91D1	9577-9577	9580-9580	9593-9593	9762-9762	982D-982D	984C-984C	985E-985E	9996-9996	9AD4-9AD4	9AD8-9AD8	9EDE-9EDE	FF01-FF01	FF08-FF09	FF1F-FF1F
Noto Sans HK	700	/fonts/served/noto-sans-hk-119-700-normal.woff2	20-22	27-2A	2C-3B	3F-3F	41-5D	61-7B	7D-7D	AB-AB	AE-AE	B2-B3	BB-BB	BF-BF	C9-C9	CD-CD	D6-D6	E0-EF	F1-F4	F6-F6	F9-FA	FC-FD	101-101	103-103	110-111	113-113	12B-12B	14D-14D	16B-16B	1A1-1A1	1B0-1B0	1CE-1CE	300-301	1EA1-1EA1	1EA3-1EA3	1EBF-1EBF	1EC7-1EC7	2013-2014	2039-203A	203C-203C	2122-2122	3001-3002	3113-3114	3118-3118	311A-3129	4E00-4E00	4E0A-4E0B	4E0D-4E0D	4E2D-4E2D	4EBA-4EBA	4EE5-4EE5	4F5C-4F5C	500B-500B	5165-5165	5168-5168	516C-516C	51FA-51FA	5206-5206	5230-5230	52D5-52D5	53EF-53F0	570B-570B	5728-5728	5730-5730	591A-591A	5927-5927	5B50-5B50	5BB6-5BB6	5C0F-5C0F	5FC3-5FC3	6211-6211	6587-6587	65B0-65B0	65BC-65BC	65E5-65E5	662F-662F	6642-6642	6700-6700	6703-6703	6708-6709	672C-672C	6B63-6B63	70B9-70BA	751F-751F	7528-7528	767C-767C	7684-7684	7DB2-7DB2	884C-884C	958B-958B	95DC-95DC	96FB-96FB	9801-9801	FF0C-FF0C	FF1A-FF1A
Noto Sans JP	400	/fonts/served/noto-sans-jp-0-400-normal.woff2	25EE8-25EE8	25F23-25F23	25F5C-25F5C	25FD4-25FD4	25FE0-25FE0	25FFB-25FFB	2600C-2600C	26017-26017	26060-26060	260ED-260ED	26222-26222	2626A-2626A	26270-26270	26286-26286	2634C-2634C	26402-26402	2667E-2667E	266B0-266B0	2671D-2671D	268DD-268DD	268EA-268EA	26951-26951	2696F-2696F	26999-26999	269DD-269DD	26A1E-26A1E	26A58-26A58	26A8C-26A8C	26AB7-26AB7	26AFF-26AFF	26C29-26C29	26C73-26C73	26C9E-26C9E	26CDD-26CDD	26E40-26E40	26E65-26E65	26F94-26F94	26FF6-26FF8	270F4-270F4	2710D-2710D	27139-27139	273DA-273DB	273FE-273FE	27410-27410	27449-27449	27614-27615	27631-27631	27684-27684	27693-27693	2770E-2770E	27723-27723	27752-27752	278B2-278B2	27985-27985	279B4-279B4	27A84-27A84	27BB3-27BB3	27BBE-27BBE	27BC7-27BC7	27C3C-27C3C	27CB8-27CB8	27D73-27D73	27DA0-27DA0	27E10-27E10	27EAF-27EAF	27FB7-27FB7	2808A-2808A	280BB-280BB	28277-28277	28282-28282	282F3-282F3	283CD-283CD	2840C-2840C	28455-28455	284DC-284DC	2856B-2856B	285C8-285C9	286D7-286D7	286FA-286FA	28946-28946	28949-28949	2896B-2896B	28987-28988	289BA-289BB	28A1E-28A1E	28A29-28A29	28A43-28A43	28A71-28A71	28A99-28A99	28ACD-28ACD	28ADD-28ADD	28AE4-28AE4	28BC1-28BC1	28BEF-28BEF	28CDD-28CDD	28D10-28D10	28D71-28D71	28DFB-28DFB	28E0F-28E0F	28E17-28E17	28E1F-28E1F	28E36-28E36	28E89-28E89	28EEB-28EEB	28EF6-28EF6	28F32-28F32	28FF8-28FF8	292A0-292A0	292B1-292B1	29490-29490	295CF-295CF	2967F-2967F	296F0-296F0	29719-29719	29750-29750	29810-29810	298C6-298C6	29A72-29A72	29D4B-29D4B	29DDB-29DDB	29E15-29E15	29E3D-29E3D	29E49-29E49	29E8A-29E8A	29EC4-29EC4	29EDB-29EDB	29EE9-29EE9	29FCE-29FCE	29FD7-29FD7	2A01A-2A01A	2A02F-2A02F	2A082-2A082	2A0F9-2A0F9	2A190-2A190	2A2B2-2A2B2	2A38C-2A38C	2A437-2A437	2A5F1-2A5F1	2A602-2A602	2A61A-2A61A	2A6B2-2A6B2	2A9E6-2A9E6	2B746-2B746	2B751-2B751	2B753-2B753	2B75A-2B75A	2B75C-2B75C	2B765-2B765	2B776-2B777	2B77C-2B77C	2B782-2B782	2B789-2B789	2B78B-2B78B	2B78E-2B78E	2B794-2B794	2B7AC-2B7AC	2B7AF-2B7AF	2B7BD-2B7BD	2B7C9-2B7C9	2B7CF-2B7CF	2B7D2-2B7D2	2B7D8-2B7D8	2B7F0-2B7F0	2B80D-2B80D	2B817-2B817	2B81A-2B81A	2D544-2D544	2E278-2E278	2E569-2E569	2E6EA-2E6EA	2F804-2F804	2F80F-2F80F	2F815-2F815	2F818-2F818	2F81A-2F81A	2F822-2F822	2F828-2F828	2F82C-2F82C	2F833-2F833	2F83F-2F83F	2F846-2F846	2F852-2F852	2F862-2F862	2F86D-2F86D	2F873-2F873	2F877-2F877	2F884-2F884	2F899-2F89A	2F8A6-2F8A6	2F8AC-2F8AC	2F8B2-2F8B2	2F8B6-2F8B6	2F8D3-2F8D3	2F8DB-2F8DC	2F8E1-2F8E1	2F8E5-2F8E5	2F8EA-2F8EA	2F8ED-2F8ED	2F8FC-2F8FC	2F903-2F903	2F90B-2F90B	2F90F-2F90F	2F91A-2F91A	2F920-2F921	2F945-2F945	2F947-2F947	2F96C-2F96C	2F995-2F995	2F9D0-2F9D0	2F9DE-2F9DF	2F9F4-2F9F4
Noto Sans JP	400	/fonts/served/noto-sans-jp-1-400-normal.woff2	1F235-1F23B	1F240-1F248	1F250-1F251	2000B-2000B	20089-2008A	200A2-200A2	200A4-200A4	200B0-200B0	200F5-200F5	20158-20158	201A2-201A2	20213-20213	2032B-2032B	20371-20371	20381-20381	203F9-203F9	2044A-2044A	20509-20509	2053F-2053F	205B1-205B1	205D6-205D6	20611-20611	20628-20628	206EC-206EC	2074F-2074F	207C8-207C8	20807-20807	2083A-2083A	208B9-208B9	2090E-2090E	2097C-2097C	20984-20984	2099D-2099D	20A64-20A64	20AD3-20AD3	20B1D-20B1D	20B9F-20B9F	20BB7-20BB7	20D45-20D45	20D58-20D58	20DE1-20DE1	20E64-20E64	20E6D-20E6D	20E95-20E95	20F5F-20F5F	21201-21201	2123D-2123D	21255-21255	21274-21274	2127B-2127B	212D7-212D7	212E4-212E4	212FD-212FD	2131B-2131B	21336-21336	21344-21344	213C4-213C4	2146D-2146E	215D7-215D7	21647-21647	216B4-216B4	21706-21706	21742-21742	218BD-218BD	219C3-219C3	21A1A-21A1A	21C56-21C56	21D2D-21D2D	21D45-21D45	21D62-21D62	21D78-21D78	21D92-21D92	21D9C-21D9C	21DA1-21DA1	21DB7-21DB7	21DE0-21DE0	21E33-21E34	21F1E-21F1E	21F76-21F76	21FFA-21FFA	2217B-2217B	22218-22218	2231E-2231E	223AD-223AD	22609-22609	226F3-226F3	2285B-2285B	228AB-228AB	2298F-2298F	22AB8-22AB8	22B46-22B46	22B4F-22B50	22BA6-22BA6	22C1D-22C1D	22C24-22C24	22DE1-22DE1	22E42-22E42	22FEB-22FEB	231B6-231B6	231C3-231C4	231F5-231F5	23372-23372	233CC-233CC	233D0-233D0	233D2-233D3	233D5-233D5	233DA-233DA	233DF-233DF	233E4-233E4	233FE-233FE	2344A-2344B	23451-23451	23465-23465	234E4-234E4	2355A-2355A	23594-23594	235C4-235C4	23638-2363A	23647-23647	2370C-2370C	2371C-2371C	2373F-2373F	23763-23764	237E7-237E7	237F1-237F1	237FF-237FF	23824-23824	2383D-2383D	23A98-23A98	23C7F-23C7F	23CBE-23CBE	23CFE-23CFE	23D00-23D00	23D0E-23D0E	23D40-23D40	23DD3-23DD3	23DF9-23DFA	23F7E-23F7E	2404B-2404B	24096-24096	24103-24103	241C6-241C6	241FE-241FE	242EE-242EE	243BC-243BC	243D0-243D0	24629-24629	246A5-246A5	247F1-247F1	24896-24896	248E9-248E9	24A4D-24A4D	24B56-24B56	24B6F-24B6F	24C16-24C16	24D14-24D14	24E04-24E04	24E0E-24E0E	24E37-24E37	24E6A-24E6A	24E8B-24E8B	24FF2-24FF2	2504A-2504A	25055-25055	25122-25122	251A9-251A9	251CD-251CD	251E5-251E5	2521E-2521E	2524C-2524C	2542E-2542E	2548E-2548E	254D9-254D9	2550E-2550E	255A7-255A7	2567F-2567F	25771-25771	257A9-257A9	257B4-257B4	25874-25874	259C4-259C4	259CC-259CC	259D4-259D4	25AD7-25AD7	25AE3-25AE4	25AF1-25AF1	25BB2-25BB2	25C4B-25C4B	25C64-25C64	25DA1-25DA1	25E2E-25E2E	25E56-25E56	25E62-25E62	25E65-25E65	25EC2-25EC2	25ED8-25ED8
Noto Sans JP	400	/fonts/served/noto-sans-jp-2-400-normal.woff2	FFD7-FFD7	FFDA-FFDC	FFE0-FFE2	FFE4-FFE4	FFE6-FFE6	FFE8-FFEE	1F100-1F10C	1F110-1F16C	1F170-1F1AC	1F200-1F202	1F210-1F234
Noto Sans JP	400	/fonts/served/noto-sans-jp-3-400-normal.woff2	FA10-FA10	FA12-FA6D	FB00-FB04	FE10-FE19	FE30-FE42	FE44-FE52	FE54-FE66	FE68-FE6B	FF02-FF02	FF04-FF04	FF07-FF07	FF51-FF51	FF5B-FF5B	FF5D-FF5D	FF5F-FF60	FF66-FF66	FF69-FF69	FF87-FF87	FFA1-FFBE	FFC2-FFC7	FFCA-FFCF	FFD2-FFD6
Noto Sans JP	400	/fonts/served/noto-sans-jp-4-400-normal.woff2	F92D-F959	F95B-F9F2	F9F4-FA0B	FA0E-FA0F
Noto Sans JP	400	/fonts/served/noto-sans-jp-5-400-normal.woff2	9E8B-9E8C	9E8E-9E8F	9E91-9E92	9E95-9E96	9E98-9E98	9E9B-9E9B	9E9D-9E9E	9EA4-9EA5	9EA8-9EAA	9EAC-9EB0	9EB3-9EB5	9EB8-9EB8	9EBC-9EBF	9EC3-9EC3	9EC6-9EC6	9EC8-9EC8	9ECB-9ECD	9ECF-9ED1	9ED4-9ED5	9ED8-9ED8	9EDB-9EE0	9EE4-9EE5	9EE7-9EE8	9EEC-9EF2	9EF4-9EF9	9EFB-9EFF	9F02-9F03	9F07-9F09	9F0E-9F12	9F14-9F17	9F19-9F1B	9F1F-9F22	9F26-9F26	9F2A-9F2C	9F2F-9F2F	9F31-9F32	9F34-9F34	9F37-9F37	9F39-9F3A	9F3C-9F3F	9F41-9F41	9F43-9F47	9F4A-9F4A	9F4E-9F50	9F52-9F58	9F5A-9F5A	9F5D-9F61	9F63-9F63	9F66-9F6A	9F6C-9F73	9F75-9F77	9F7A-9F7A	9F7D-9F7D	9F7F-9F7F	9F8F-9F92	9F94-9F97	9F99-9F99	9F9C-9FA3	9FA5-9FA5	9FB4-9FB4	9FBC-9FC2	9FC4-9FC4	9FC6-9FC6	9FCC-9FCC	F900-F92C
Noto Sans JP	400	/fonts/served/noto-sans-jp-6-400-normal.woff2	9C3E-9C3E	9C41-9C41	9C43-9C4A	9C4E-9C50	9C52-9C54	9C56-9C56	9C58-9C58	9C5A-9C61	9C63-9C63	9C65-9C65	9C67-9C6B	9C6D-9C6E	9C70-9C70	9C72-9C72	9C75-9C78	9C7A-9C7C	9CE6-9CE7	9CEB-9CEC	9CF0-9CF0	9CF2-9CF2	9CF6-9CF7	9CF9-9CF9	9D02-9D03	9D06-9D09	9D0B-9D0B	9D0E-9D0E	9D11-9D12	9D15-9D15	9D17-9D18	9D1B-9D1F	9D23-9D23	9D26-9D26	9D2A-9D2C	9D2F-9D30	9D32-9D34	9D3A-9D3A	9D3C-9D3F	9D41-9D48	9D4A-9D4A	9D50-9D54	9D59-9D59	9D5D-9D65	9D69-9D6C	9D6F-9D70	9D72-9D73	9D76-9D77	9D7A-9D7C	9D7E-9D7E	9D83-9D84	9D86-9D87	9D89-9D8A	9D8D-9D8E	9D92-9D93	9D95-9D9A	9DA1-9DA1	9DA4-9DA4	9DA9-9DAC	9DAE-9DAE	9DB1-9DB2	9DB5-9DB5	9DB8-9DBD	9DBF-9DC4	9DC6-9DC7	9DC9-9DCA	9DCF-9DCF	9DD3-9DD7	9DD9-9DDA	9DDE-9DE0	9DE3-9DE3	9DE5-9DE7	9DE9-9DE9	9DEB-9DEB	9DED-9DF0	9DF3-9DF4	9DF8-9DF8	9DFD-9DFE	9E02-9E02	9E07-9E07	9E0A-9E0A	9E0D-9E0E	9E10-9E12	9E15-9E16	9E19-9E1F	9E75-9E75	9E79-9E7D	9E80-9E85	9E87-9E88
Noto Sans JP	400	/fonts/served/noto-sans-jp-7-400-normal.woff2	9AE5-9AE7	9AE9-9AE9	9AEB-9AEC	9AEE-9AEF	9AF1-9AF5	9AF7-9AF7	9AF9-9AFB	9AFD-9AFD	9AFF-9B06	9B08-9B09	9B0B-9B0E	9B10-9B10	9B12-9B12	9B16-9B16	9B18-9B1D	9B1F-9B20	9B22-9B23	9B25-9B2F	9B32-9B35	9B37-9B37	9B39-9B3B	9B3D-9B3D	9B43-9B44	9B48-9B48	9B4B-9B4F	9B51-9B51	9B55-9B58	9B5B-9B5B	9B5E-9B5E	9B61-9B61	9B63-9B63	9B65-9B66	9B68-9B68	9B6A-9B6F	9B72-9B79	9B7F-9B80	9B83-9B87	9B89-9B8B	9B8D-9B8D	9B8F-9B94	9B96-9B97	9B9A-9B9A	9B9D-9BA0	9BA6-9BA7	9BA9-9BAA	9BAC-9BAC	9BB0-9BB2	9BB4-9BB4	9BB7-9BB9	9BBB-9BBC	9BBE-9BC1	9BC6-9BC8	9BCA-9BCA	9BCE-9BD2	9BD4-9BD4	9BD7-9BD8	9BDD-9BDD	9BDF-9BDF	9BE1-9BE5	9BE7-9BE7	9BEA-9BEB	9BEE-9BF3	9BF5-9BF5	9BF7-9BFA	9BFD-9BFD	9BFF-9C00	9C02-9C02	9C04-9C04	9C06-9C06	9C08-9C0D	9C0F-9C16	9C18-9C1E	9C21-9C2A	9C2D-9C32	9C35-9C37	9C39-9C3A	9C3D-9C3D
Noto Sans JP	400	/fonts/served/noto-sans-jp-8-400-normal.woff2	98EB-98EB	98ED-98EE	98F0-98F1	98F3-98F3	98F6-98F6	9902-9902	9907-9909	9911-9912	9914-9918	991A-9922	9924-9924	9926-9927	992B-992C	992E-992E	9931-9935	9939-993E	9940-9942	9945-9949	994B-994E	9950-9952	9954-9955	9958-9959	995B-995C	995E-9960	9963-9963	9997-9998	999B-999B	999D-999F	99A3-99A3	99A5-99A6	99A8-99A8	99AD-99AE	99B0-99B2	99B5-99B5	99B9-99BA	99BC-99BD	99BF-99BF	99C1-99C1	99C3-99C3	99C8-99C9	99D1-99D1	99D3-99D5	99D8-99DF	99E1-99E2	99E7-99E7	99EA-99EE	99F0-99F2	99F4-99F5	99F8-99F9	99FB-99FE	9A01-9A05	9A08-9A08	9A0A-9A0C	9A0F-9A11	9A16-9A16	9A1A-9A1A	9A1E-9A1E	9A20-9A20	9A22-9A24	9A27-9A27	9A2B-9A2B	9A2D-9A2E	9A31-9A31	9A33-9A33	9A35-9A38	9A3E-9A3E	9A40-9A45	9A47-9A47	9A4A-9A4E	9A51-9A52	9A54-9A58	9A5B-9A5B	9A5D-9A5D	9A5F-9A5F	9A62-9A62	9A64-9A65	9A69-9A6C	9AAA-9AAA	9AAC-9AB0	9AB2-9AB2	9AB4-9AB7	9AB9-9AB9	9ABB-9AC1	9AC3-9AC3	9AC6-9AC6	9AC8-9AC8	9ACE-9AD3	9AD5-9AD7	9ADB-9ADC	9ADE-9AE0	9AE2-9AE4
Noto Sans JP	400	/fonts/served/noto-sans-jp-9-400-normal.woff2	971D-971D	9721-9724	9728-9728	972A-972A	9730-9731	9733-9733	9736-9736	9738-9739	973B-973B	973D-973E	9741-9744	9746-974A	974D-974F	9751-9751	9755-9755	9757-9758	975A-975C	9760-9761	9763-9764	9766-9768	976A-976B	976E-976E	9771-9771	9773-9773	9776-977D	977F-9781	9785-9786	9789-9789	978B-978B	978F-9790	9795-9797	9799-979A	979C-979C	979E-97A0	97A2-97A3	97A6-97A6	97A8-97A8	97AB-97AC	97AE-97AE	97B1-97B6	97B8-97BA	97BC-97BC	97BE-97BF	97C1-97C1	97C3-97CE	97D0-97D1	97D4-97D4	97D7-97D9	97DB-97DE	97E0-97E1	97E4-97E4	97E6-97E6	97ED-97EF	97F1-97F2	97F4-97F8	97FA-97FA	9804-9804	9807-9807	980A-980A	980C-980F	9814-9814	9816-9817	9819-981A	981C-981C	981E-981E	9820-9821	9823-9826	982B-982B	982E-9830	9832-9835	9837-9837	9839-9839	983D-983E	9844-9844	9846-9847	984A-984B	984F-984F	9851-9853	9856-9857	9859-985B	9862-9863	9865-9866	986A-986C	986F-9871	9873-9875	98AA-98AB	98AD-98AE	98B0-98B1	98B4-98B4	98B6-98B8	98BA-98BC	98BF-98BF	98C2-98C8	98CB-98CC	98CE-98CE	98DC-98DC	98DE-98DE	98E0-98E1	98E3-98E3	98E5-98E7	98E9-98EA
Noto Sans JP	400	/fonts/served/noto-sans-jp-10-400-normal.woff2	944A-944A	944C-944C	9452-9453	9455-9455	9459-945C	945E-9463	9468-9468	946A-946B	946D-9472	9475-9475	9477-9477	947C-947F	9481-9481	9483-9485	9578-9579	957E-957F	9582-9582	9584-9584	9586-9588	958A-958A	958C-958F	9592-9592	9594-9594	9596-9596	9598-9599	959D-95A1	95A4-95A4	95A6-95A9	95AB-95AD	95B1-95B1	95B4-95B4	95B6-95B6	95B9-95BF	95C3-95C3	95C6-95C6	95C8-95CD	95D0-95D6	95D9-95DA	95DC-95E2	95E4-95E6	95E8-95E8	961D-961E	9621-9622	9624-9626	9628-9628	962C-962C	962E-962F	9631-9631	9633-9634	9637-963A	963C-963D	9641-9642	964B-964C	964F-964F	9652-9652	9654-9654	9656-9658	965C-965F	9661-9661	9666-9666	966A-966A	966C-966C	966E-966E	9672-9672	9674-9674	9677-9677	967B-967C	967E-967F	9681-9684	9689-9689	968B-968B	968D-968D	9691-9691	9695-9698	969A-969A	969D-969D	969F-969F	96A4-96AA	96AE-96B4	96B6-96B6	96B8-96BB	96BD-96BD	96C1-96C1	96C9-96CB	96CD-96CE	96D2-96D2	96D5-96D6	96D8-96DA	96DC-96DF	96E9-96E9	96EF-96EF	96F1-96F1	96F9-96FA	9702-9706	9708-9709	970D-970F	9711-9711	9713-9714	9716-9716	9719-971B
Noto Sans JP	400	/fonts/served/noto-sans-jp-11-400-normal.woff2	92BC-92BD	92BF-92C3	92C5-92C8	92CB-92D0	92D2-92D3	92D5-92D5	92D7-92D9	92DC-92DD	92DF-92E1	92E3-92E5	92E7-92EA	92EC-92EC	92EE-92EE	92F0-92F0	92F2-92F2	92F7-92FB	92FF-9300	9302-9302	9304-9304	9308-9308	930D-930D	930F-9311	9314-9315	9318-931A	931C-931F	9321-9325	9327-932B	932E-932E	9333-9337	933A-933B	9344-9344	9347-934A	934D-934D	9350-9352	9354-9358	935A-935A	935C-935C	935E-935E	9360-9360	9364-9365	9367-9367	9369-936D	936F-9371	9373-9374	9376-9376	937A-937A	937D-9382	9388-9388	938A-938B	938D-938D	938F-938F	9392-9392	9394-9395	9397-9398	939A-939B	939E-939E	93A1-93A1	93A3-93A4	93A6-93A6	93A8-93A9	93AB-93AD	93B0-93B0	93B4-93B6	93B9-93BB	93C1-93C1	93C3-93CD	93D0-93D1	93D3-93D3	93D6-93D9	93DC-93DF	93E2-93E2	93E4-93E8	93F1-93F1	93F5-93F5	93F7-93FB	93FD-93FD	9401-9404	9407-9409	940D-9410	9413-9417	9419-941A	941F-941F	9421-9421	942B-942B	942E-942F	9431-9434	9436-9436	9438-9438	943A-943B	943D-943D	943F-943F	9441-9441	9443-9445	9448-9448
Noto Sans JP	400	/fonts/served/noto-sans-jp-12-400-normal.woff2	9143-9143	9146-914C	914F-914F	9153-9153	9156-915B	9161-9161	9163-9165	9167-9167	9169-9169	916D-916D	9172-9174	9179-917B	9181-9183	9185-9187	9189-918B	918E-918E	9191-9191	9193-9195	9197-9198	919E-919E	91A1-91A2	91A6-91A6	91A8-91A8	91AA-91B6	91BA-91BD	91BF-91C6	91C9-91C9	91CB-91CB	91D0-91D0	91D3-91D4	91D6-91D7	91D9-91DB	91DE-91DF	91E1-91E1	91E4-91E6	91E9-91EA	91EC-91F1	91F5-91F7	91F9-91F9	91FB-91FD	91FF-9201	9204-9207	9209-920A	920C-920C	920E-920E	9210-9218	921C-921E	9223-9226	9228-9229	922C-922C	922E-9230	9233-9233	9235-923A	923C-923C	923E-9240	9242-9243	9245-924B	924D-9251	9256-925A	925C-925E	9260-9261	9264-9269	926E-9270	9275-9279	927B-927F	9288-928A	928D-928E	9291-9293	9295-9297	9299-9299	929B-929C	929F-92A0	92A4-92A5	92A7-92A8	92AB-92AB	92AF-92AF	92B2-92B3	92B6-92BB
Noto Sans JP	400	/fonts/served/noto-sans-jp-13-400-normal.woff2	8F52-8F55	8F57-8F58	8F5C-8F5E	8F61-8F66	8F9C-8F9D	8F9F-8FA2	8FA4-8FA8	8FAD-8FAF	8FB4-8FB8	8FBE-8FBE	8FC0-8FC2	8FC6-8FC6	8FC8-8FC8	8FCA-8FCB	8FCD-8FCD	8FD0-8FD0	8FD2-8FD3	8FD5-8FD5	8FDA-8FDA	8FE0-8FE0	8FE2-8FE5	8FE8-8FEA	8FED-8FEF	8FF1-8FF1	8FF4-8FF6	8FF8-8FFB	8FFE-8FFE	9002-9002	9004-9005	9008-9008	900B-900E	9011-9011	9013-9013	9015-9016	9018-9018	901B-901B	901E-901E	9021-9021	9027-902A	902C-902D	902F-902F	9033-9037	9039-9039	903C-903C	903E-903F	9041-9041	9043-9044	9049-9049	904C-904C	904F-9052	9056-9056	9058-9058	905B-905E	9062-9062	9066-9068	906C-906C	906F-9070	9072-9072	9074-9074	9076-9076	9079-9079	9080-9083	9085-9085	9087-9088	908B-908C	908E-9090	9095-9095	9097-9099	909B-909B	90A0-90A2	90A5-90A5	90A8-90A8	90AF-90B6	90BD-90BE	90C3-90C5	90C7-90C9	90CC-90CC	90D2-90D2	90D5-90D5	90D7-90D9	90DB-90DF	90E2-90E2	90E4-90E5	90EB-90EB	90EF-90F0	90F2-90F2	90F4-90F4	90F6-90F6	90FE-9100	9102-9102	9104-9106	9108-9108	910D-910D	9110-9110	9112-9112	9114-911A	911C-911C	911E-911E	9120-9120	9122-9123	9125-9125	9127-9127	9129-9129	912D-9132	9134-9134	9136-9137	9139-913A	913C-913D
Noto Sans JP	400	/fonts/served/noto-sans-jp-14-400-normal.woff2	8DC0-8DC0	8DC2-8DC2	8DC5-8DC8	8DCA-8DCC	8DCE-8DCF	8DD1-8DD1	8DD4-8DD7	8DD9-8DDB	8DDF-8DDF	8DE3-8DE5	8DE7-8DE7	8DEA-8DEC	8DF0-8DF2	8DF4-8DF4	8DFC-8DFD	8DFF-8DFF	8E01-8E01	8E04-8E06	8E08-8E09	8E0B-8E0C	8E10-8E11	8E14-8E14	8E16-8E16	8E1D-8E23	8E26-8E27	8E30-8E31	8E33-8E39	8E3D-8E3D	8E40-8E42	8E44-8E44	8E47-8E50	8E54-8E55	8E59-8E59	8E5B-8E64	8E69-8E69	8E6C-8E6D	8E6F-8E72	8E75-8E77	8E79-8E7C	8E81-8E85	8E89-8E89	8E8B-8E8B	8E90-8E95	8E98-8E9B	8E9D-8E9E	8EA1-8EA2	8EA7-8EA7	8EA9-8EAA	8EAC-8EB1	8EB3-8EB3	8EB5-8EB6	8EBA-8EBB	8EBE-8EBE	8EC0-8EC1	8EC3-8EC8	8ECB-8ECB	8ECF-8ECF	8ED1-8ED1	8ED4-8ED4	8EDB-8EDC	8EE3-8EE3	8EE8-8EE8	8EEB-8EEB	8EED-8EEE	8EF0-8EF1	8EF7-8EF7	8EF9-8EFC	8EFE-8EFE	8F00-8F00	8F02-8F02	8F05-8F05	8F07-8F08	8F0A-8F0A	8F0F-8F10	8F12-8F13	8F15-8F19	8F1B-8F1C	8F1E-8F21	8F23-8F23	8F25-8F28	8F2B-8F2F	8F33-8F37	8F39-8F3B	8F3E-8F3E	8F40-8F43	8F45-8F47	8F49-8F4A	8F4C-8F4F	8F51-8F51
Noto Sans JP	400	/fonts/served/noto-sans-jp-15-400-normal.woff2	8B2D-8B2D	8B30-8B30	8B37-8B37	8B3C-8B3C	8B3E-8B3E	8B41-8B46	8B48-8B49	8B4C-8B4F	8B51-8B54	8B56-8B56	8B59-8B59	8B5B-8B5B	8B5E-8B5F	8B63-8B63	8B69-8B69	8B6B-8B6D	8B6F-8B6F	8B71-8B71	8B74-8B74	8B76-8B76	8B78-8B79	8B7C-8B81	8B84-8B85	8B8A-8B8F	8B92-8B96	8B99-8B9A	8B9C-8BA0	8C38-8C3A	8C3D-8C3F	8C41-8C41	8C45-8C45	8C47-8C49	8C4B-8C4C	8C4E-8C51	8C53-8C55	8C57-8C59	8C5B-8C5B	8C5D-8C5D	8C62-8C64	8C66-8C66	8C68-8C69	8C6B-8C6D	8C73-8C73	8C75-8C76	8C78-8C78	8C7A-8C7C	8C7E-8C7E	8C82-8C82	8C85-8C87	8C89-8C8B	8C8D-8C8E	8C90-8C90	8C92-8C94	8C98-8C99	8C9B-8C9C	8C9F-8C9F	8CA4-8CA4	8CAD-8CAE	8CB2-8CB3	8CB6-8CB6	8CB9-8CBA	8CBD-8CBD	8CC1-8CC2	8CC4-8CC6	8CC8-8CC9	8CCB-8CCB	8CCD-8CCF	8CD2-8CD2	8CD5-8CD6	8CD9-8CDA	8CDD-8CDD	8CE1-8CE1	8CE3-8CE4	8CE6-8CE6	8CE8-8CE8	8CEC-8CEC	8CEF-8CF2	8CF4-8CF5	8CF7-8CF8	8CFA-8CFB	8CFD-8CFF	8D01-8D01	8D03-8D04	8D07-8D07	8D09-8D0B	8D0D-8D10	8D12-8D14	8D16-8D17	8D1B-8D1D	8D65-8D65	8D67-8D67	8D69-8D69	8D6B-8D6E	8D71-8D71	8D73-8D73	8D76-8D76	8D7F-8D7F	8D81-8D82	8D84-8D84	8D88-8D88	8D8D-8D8D	8D90-8D91	8D95-8D95	8D99-8D99	8D9E-8DA0	8DA6-8DA6	8DA8-8DA8	8DAB-8DAC	8DAF-8DAF	8DB2-8DB2	8DB5-8DB5	8DB7-8DB7	8DB9-8DBC	8DBE-8DBE
Noto Sans JP	400	/fonts/served/noto-sans-jp-16-400-normal.woff2	8973-8975	8977-8977	897A-897E	8980-8980	8983-8983	8988-898A	898D-898D	8990-8990	8993-8995	8998-8998	899B-899C	899F-89A1	89A5-89A6	89A9-89A9	89AC-89AC	89AF-89B0	89B2-89B2	89B4-89B7	89BA-89BA	89BC-89BD	89BF-89C1	89D4-89D8	89DA-89DA	89DC-89DD	89E5-89E5	89E7-89E7	89E9-89E9	89EB-89EB	89ED-89ED	89F1-89F1	89F3-89F4	89F6-89F6	89F8-89F9	89FD-89FD	89FF-89FF	8A01-8A01	8A04-8A05	8A07-8A07	8A0C-8A0C	8A0F-8A12	8A14-8A16	8A1B-8A1B	8A1D-8A1E	8A20-8A22	8A24-8A26	8A2B-8A2C	8A2F-8A2F	8A35-8A37	8A3B-8A3B	8A3D-8A3E	8A40-8A41	8A43-8A43	8A45-8A49	8A4D-8A4E	8A51-8A54	8A56-8A58	8A5B-8A5D	8A61-8A62	8A65-8A65	8A67-8A67	8A6C-8A6D	8A75-8A77	8A79-8A7C	8A7E-8A80	8A82-8A86	8A8B-8A8B	8A8F-8A92	8A96-8A97	8A99-8A9A	8A9F-8A9F	8AA1-8AA1	8AA3-8AA3	8AA5-8AAA	8AAE-8AAF	8AB3-8AB3	8AB6-8AB7	8ABB-8ABC	8ABE-8ABE	8AC2-8AC4	8AC6-8AC6	8AC8-8ACA	8ACC-8ACD	8AD0-8AD1	8AD3-8AD5	8AD7-8AD7	8ADA-8AE2	8AE4-8AE4	8AE7-8AE7	8AEB-8AEC	8AEE-8AEE	8AF0-8AF1	8AF3-8AF7	8AFA-8AFA	8AFC-8AFC	8AFF-8AFF	8B01-8B02	8B04-8B07	8B0A-8B0D	8B0F-8B11	8B14-8B14	8B16-8B16	8B1A-8B1A	8B1C-8B1C	8B1E-8B20	8B26-8B26	8B28-8B28	8B2B-8B2C
Noto Sans JP	400	/fonts/served/noto-sans-jp-17-400-normal.woff2	87E2-87E6	87EA-87ED	87EF-87EF	87F1-87F1	87F3-87F3	87F5-87F8	87FA-87FB	87FE-87FF	8801-8801	8803-8803	8805-8807	8809-880B	880D-8816	8818-881C	881E-881F	8821-8822	8827-8828	882D-882E	8830-8832	8835-8836	8839-883C	8841-8845	8848-884B	884D-884E	8851-8852	8855-8856	8858-885A	885C-885C	885E-8860	8862-8862	8864-8864	8869-8869	886B-886B	886E-886F	8871-8872	8875-8875	8877-8877	8879-8879	887B-887B	887D-887E	8880-8882	8888-8888	888D-888D	8892-8892	8897-889C	889E-88A0	88A2-88A2	88A4-88A4	88A8-88A8	88AA-88AA	88AE-88AE	88B0-88B1	88B5-88B5	88B7-88B7	88BA-88BA	88BC-88C0	88C3-88C4	88C6-88C6	88CA-88CE	88D1-88D4	88D8-88D9	88DB-88DB	88DD-88E1	88E7-88E8	88EF-88F2	88F4-88F5	88F7-88F7	88F9-88F9	88FC-88FC	8901-8902	8904-8904	8906-8906	890A-890A	890C-890F	8913-8913	8915-8916	8918-891A	891C-891E	8920-8920	8925-8928	892A-892B	8930-8932	8935-893B	893E-893E	8940-8946	8949-8949	894C-894D	894F-894F	8952-8952	8956-8957	895A-895C	895E-895E	8960-8964	8966-8966	896A-896B	896D-8970
Noto Sans JP	400	/fonts/served/noto-sans-jp-18-400-normal.woff2	8655-8659	865B-865B	865D-8664	8667-8667	8669-8669	866C-866C	866F-866F	8671-8671	8675-8677	867A-867B	867D-867D	8687-8689	868B-868D	8691-8691	8693-8693	8695-8696	8698-8698	869A-869A	869C-869D	86A1-86A1	86A3-86A4	86A6-86AB	86AD-86AD	86AF-86B1	86B3-86B9	86BF-86C1	86C3-86C6	86C9-86C9	86CB-86CB	86CE-86CE	86D1-86D2	86D4-86D5	86D7-86D7	86DA-86DA	86DC-86DC	86DE-86E0	86E3-86E7	86E9-86E9	86EC-86ED	86EF-86EF	86F8-86FE	8700-8700	8703-870B	870D-8714	8719-871A	871E-871F	8721-8723	8725-8725	8728-8729	872E-872F	8731-8732	8734-8734	8737-8737	8739-8740	8743-8743	8745-8745	8749-8749	874B-874E	8751-8751	8753-8753	8755-8755	8757-8759	875D-875D	875F-8761	8763-8766	8768-8768	876A-876A	876E-876F	8771-8772	8774-8774	8778-8778	877B-877C	877F-877F	8782-8789	878B-878C	878E-878E	8790-8790	8793-8793	8795-8795	8797-8799	879E-87A0	87A2-87A3	87A7-87A7	87AB-87AF	87B1-87B1	87B3-87B3	87B5-87B5	87BB-87BB	87BD-87C1	87C4-87C4	87C6-87CB	87CE-87CE	87D0-87D0	87D2-87D2	87D5-87D6	87D9-87DA	87DC-87DC	87DF-87E0
Noto Sans JP	400	/fonts/served/noto-sans-jp-19-400-normal.woff2	84B4-84B4	84B9-84BB	84BD-84C2	84C6-84CA	84CC-84D1	84D3-84D3	84D6-84D6	84D9-84DA	84DC-84DC	84E7-84E7	84EA-84EA	84EC-84EC	84EF-84F2	84F4-84F4	84F7-84F7	84FA-84FD	84FF-8500	8502-8503	8506-8507	850C-850C	850E-850E	8510-8510	8514-8515	8517-8518	851A-851C	851E-851F	8521-8525	8527-8527	852A-852C	852F-852F	8532-8534	8536-8536	853E-8541	8543-8543	8546-8546	8548-8548	854A-854B	854F-8553	8555-855A	855C-8564	8569-856B	856D-856D	856F-856F	8577-8577	8579-857B	857D-8581	8585-8586	8588-858C	858F-8591	8593-8593	8597-8598	859B-859D	859F-85A0	85A2-85A2	85A4-85A5	85A7-85A8	85AD-85B0	85B4-85B4	85B6-85BA	85BC-85BF	85C1-85C2	85C7-85C7	85C9-85CB	85CE-85D0	85D5-85D5	85D8-85DA	85DC-85DC	85DF-85E1	85E5-85E6	85E8-85E8	85ED-85ED	85F3-85F4	85F6-85F7	85F9-85FA	85FC-85FC	85FE-8600	8602-8602	8604-8606	860A-860B	860D-860E	8610-8613	8616-861B	861E-861E	8621-8622	8624-8624	8627-8627	8629-8629	862F-8630	8636-8636	8638-863A	863C-863D	863F-8642	8646-8646	864D-864D	8652-8654
Noto Sans JP	400	/fonts/served/noto-sans-jp-20-400-normal.woff2	82E8-82E8	82EA-82EA	82ED-82ED	82EF-82EF	82F3-82F4	82F6-82F7	82F9-82F9	82FB-82FB	82FD-82FE	8300-8301	8303-8303	8306-8308	830A-830C	8316-8318	831B-831B	831D-831F	8321-8323	832B-8335	8337-8337	833A-833A	833C-833D	8340-8340	8342-8347	834A-834A	834D-8351	8353-8357	835A-835A	8362-8363	8370-8370	8373-8373	8375-8375	8378-8378	837C-837D	837F-8380	8382-8382	8384-8387	838A-838A	838D-838E	8392-8396	8398-83A0	83A2-83A2	83A6-83AD	83B1-83B1	83B5-83B5	83BD-83C1	83C7-83C7	83C9-83C9	83CE-83D1	83D4-83D4	83D6-83D6	83D8-83D8	83DD-83DD	83DF-83E1	83E5-83E5	83E8-83E8	83EA-83EB	83F0-83F0	83F2-83F2	83F4-83F4	83F6-83F9	83FB-83FD	8401-8401	8403-8404	8406-8407	840A-840B	840D-840D	840F-840F	8411-8411	8413-8413	8415-8415	8417-8417	8419-8419	8420-8420	8422-8422	842A-842A	842F-842F	8431-8431	8435-8435	8438-8439	843C-843C	8445-8448	844A-844A	844D-844F	8451-8452	8456-8456	8458-845A	845C-845C	845F-8462	8464-8467	8469-846B	846D-8470	8473-8474	8476-847A	847C-847D	8481-8482	8484-8485	848B-848B	8490-8490	8492-8493	8495-8495	8497-8497	849C-849C	849E-849F	84A1-84A1	84A6-84A6	84A8-84AA	84AD-84AD	84AF-84AF	84B1-84B1
Noto Sans JP	400	/fonts/served/noto-sans-jp-21-400-normal.woff2	814A-814A	814C-814C	8151-8153	8157-8157	815F-8161	8165-8169	816D-816F	8171-8171	8173-8174	8177-8177	8180-8186	8188-8188	818A-818B	818E-818E	8190-8190	8193-8193	8195-8196	8198-8198	819B-819B	819E-819E	81A0-81A0	81A2-81A2	81A4-81A4	81A9-81A9	81AE-81AE	81B0-81B0	81B2-81B2	81B4-81B5	81B8-81B8	81BA-81BB	81BD-81BE	81C0-81C3	81C5-81C6	81C8-81CB	81CD-81CF	81D1-81D1	81D5-81DB	81DD-81E1	81E4-81E5	81E7-81E7	81EB-81EC	81EF-81F2	81F5-81F6	81F8-81FB	81FD-8205	8209-820B	820D-820D	820F-820F	8212-8214	8216-8216	8219-821D	8221-8222	8228-8229	822B-822B	822E-822E	8232-8235	8237-8238	823A-823A	823C-823C	8240-8240	8243-8246	8249-8249	824B-824B	824E-824F	8251-8251	8256-825A	825C-825D	825F-8260	8262-8264	8267-8268	826A-826B	826D-826E	8271-8271	8274-8274	8277-8277	8279-8279	827B-827B	827D-8281	8283-8284	8287-8287	8289-828A	828D-828E	8291-8294	8296-8296	8298-829B	829F-82A1	82A3-82A4	82A7-82AC	82AE-82AE	82B0-82B0	82B2-82B2	82B4-82B4	82B7-82B7	82BA-82BC	82BE-82BF	82C5-82C6	82D0-82D0	82D2-82D3	82D5-82D5	82D9-82DA	82DC-82DC	82DE-82E4	82E7-82E7
Noto Sans JP	400	/fonts/served/noto-sans-jp-22-400-normal.woff2	7F77-7F79	7F7D-7F80	7F82-7F83	7F86-7F88	7F8B-7F8D	7F8F-7F91	7F94-7F94	7F96-7F97	7F9A-7F9A	7F9C-7F9D	7FA1-7FA3	7FA6-7FA6	7FAA-7FAA	7FAD-7FAF	7FB2-7FB2	7FB4-7FB4	7FB6-7FB6	7FB8-7FB9	7FBC-7FBC	7FBF-7FC0	7FC3-7FC3	7FC5-7FC6	7FC8-7FC8	7FCA-7FCA	7FCE-7FCF	7FD5-7FD5	7FDB-7FDB	7FDF-7FDF	7FE1-7FE1	7FE3-7FE3	7FE5-7FE6	7FE8-7FE9	7FEB-7FEC	7FEE-7FF0	7FF2-7FF3	7FF9-7FFA	7FFD-7FFF	8002-8002	8004-8004	8006-8008	800A-800F	8011-8014	8016-8016	8018-8019	801C-8021	8024-8024	8026-8026	8028-8028	802C-802C	802E-802E	8030-8030	8034-8035	8037-8037	8039-8040	8043-8044	8046-8046	804A-804A	8052-8052	8058-8058	805A-805A	805F-8060	8062-8062	8064-8064	8066-8066	8068-8068	806D-806D	806F-8073	8075-8076	8079-8079	807B-807B	807D-8081	8084-8088	808B-808B	808E-808E	8093-8093	8099-809A	809C-809C	809E-809E	80A4-80A4	80A6-80A7	80AB-80AD	80B1-80B1	80B8-80B9	80C4-80C5	80C8-80C8	80CA-80CA	80CD-80CD	80CF-80CF	80D2-80D2	80D4-80DB	80DD-80DD	80E0-80E0	80E4-80E6	80ED-80F3	80F5-80F7	80F9-80FC	80FE-80FE	8101-8101	8103-8103	8109-8109	810B-810B	810D-810D	8116-8118	811B-811C	811E-811E	8120-8120	8123-8124	8127-8127	8129-8129	812B-812C	812F-8130	8135-8135	8139-813A	813C-813E	8141-8141	8145-8147
Noto Sans JP	400	/fonts/served/noto-sans-jp-23-400-normal.woff2	7D57-7D57	7D59-7D5D	7D63-7D63	7D65-7D65	7D67-7D67	7D6A-7D6A	7D6E-7D6E	7D70-7D70	7D72-7D73	7D78-7D78	7D7A-7D7B	7D7D-7D7D	7D7F-7D7F	7D81-7D83	7D85-7D86	7D88-7D89	7D8B-7D8D	7D8F-7D8F	7D91-7D91	7D93-7D93	7D96-7D97	7D9B-7DA0	7DA2-7DA3	7DA6-7DA7	7DAA-7DAC	7DAE-7DB0	7DB3-7DB3	7DB5-7DB9	7DBD-7DBD	7DC0-7DC0	7DC2-7DC7	7DCC-7DCE	7DD0-7DD0	7DD5-7DD9	7DDC-7DDE	7DE1-7DE6	7DEA-7DED	7DF1-7DF2	7DF5-7DF6	7DF9-7DFA	7E00-7E00	7E05-7E05	7E08-7E0B	7E10-7E12	7E15-7E15	7E17-7E17	7E1C-7E1D	7E1F-7E23	7E27-7E28	7E2C-7E2D	7E2F-7E2F	7E31-7E33	7E35-7E37	7E39-7E3B	7E3D-7E3D	7E3F-7E3F	7E43-7E48	7E4E-7E4E	7E50-7E50	7E52-7E52	7E56-7E56	7E58-7E5A	7E5D-7E5F	7E61-7E62	7E65-7E67	7E69-7E6B	7E6D-7E6F	7E73-7E73	7E75-7E75	7E78-7E79	7E7B-7E7F	7E81-7E83	7E86-7E8A	7E8C-7E8E	7E90-7E96	7E98-7E98	7E9A-7E9F	7F38-7F38	7F3A-7F3F	7F43-7F45	7F47-7F47	7F4C-7F50	7F52-7F55	7F58-7F58	7F5B-7F5D	7F5F-7F5F	7F61-7F61	7F63-7F69	7F6B-7F6B	7F6D-7F6D	7F71-7F71
Noto Sans JP	400	/fonts/served/noto-sans-jp-24-400-normal.woff2	7BC8-7BC8	7BCA-7BCC	7BCF-7BCF	7BD4-7BD4	7BD6-7BD7	7BD9-7BDB	7BDD-7BDD	7BE5-7BE6	7BE8-7BEA	7BF0-7BF0	7BF2-7BFA	7BFC-7BFC	7BFE-7BFE	7C00-7C04	7C06-7C07	7C09-7C09	7C0B-7C0F	7C11-7C14	7C17-7C17	7C19-7C19	7C1B-7C1B	7C1E-7C20	7C23-7C23	7C25-7C28	7C2A-7C2C	7C2F-7C2F	7C31-7C31	7C33-7C34	7C36-7C3A	7C3D-7C3E	7C40-7C40	7C42-7C43	7C45-7C46	7C4A-7C4A	7C4C-7C4C	7C4F-7C5F	7C61-7C61	7C63-7C65	7C67-7C67	7C69-7C69	7C6C-7C70	7C72-7C72	7C75-7C75	7C79-7C79	7C7B-7C7E	7C81-7C83	7C86-7C87	7C8D-7C8D	7C8F-7C90	7C94-7C94	7C9E-7C9E	7CA0-7CA2	7CA4-7CA6	7CA8-7CA8	7CAB-7CAB	7CAD-7CAE	7CB0-7CB3	7CB6-7CB7	7CB9-7CBD	7CBF-7CC0	7CC2-7CC2	7CC4-7CC5	7CC7-7CCA	7CCD-7CCF	7CD2-7CD5	7CD7-7CDA	7CDC-7CDD	7CDF-7CE0	7CE2-7CE2	7CE6-7CE6	7CE9-7CE9	7CEB-7CEB	7CEF-7CEF	7CF2-7CF2	7CF4-7CF6	7CF9-7CFA	7CFE-7CFE	7D02-7D03	7D06-7D0A	7D0F-7D0F	7D11-7D13	7D15-7D16	7D1C-7D1E	7D23-7D23	7D26-7D26	7D2A-7D2A	7D2C-7D2E	7D31-7D32	7D35-7D35	7D3C-7D41	7D43-7D43	7D45-7D45	7D47-7D48	7D4B-7D4B	7D4D-7D4F	7D51-7D51	7D53-7D53	7D55-7D56
Noto Sans JP	400	/fonts/served/noto-sans-jp-25-400-normal.woff2	7A17-7A19	7A1B-7A1B	7A1E-7A21	7A27-7A27	7A2B-7A2B	7A2D-7A2D	7A2F-7A31	7A34-7A35	7A37-7A3B	7A3E-7A3E	7A43-7A49	7A4C-7A4C	7A4E-7A4E	7A50-7A50	7A55-7A57	7A59-7A59	7A5C-7A5D	7A5F-7A63	7A65-7A65	7A67-7A67	7A69-7A6A	7A6D-7A6D	7A70-7A70	7A75-7A75	7A78-7A79	7A7D-7A7E	7A80-7A80	7A82-7A82	7A84-7A86	7A88-7A88	7A8A-7A8B	7A90-7A91	7A94-7A98	7A9E-7A9E	7AA0-7AA0	7AA3-7AA3	7AA9-7AA9	7AAC-7AAC	7AB0-7AB0	7AB3-7AB3	7AB5-7AB6	7AB9-7ABF	7AC3-7AC3	7AC5-7ACA	7ACC-7ACF	7AD1-7AD3	7AD5-7AD5	7ADA-7ADB	7ADD-7ADD	7ADF-7ADF	7AE1-7AE2	7AE6-7AED	7AF0-7AF1	7AF4-7AF4	7AF8-7AF8	7AFA-7AFB	7AFD-7AFE	7B02-7B02	7B04-7B04	7B06-7B08	7B0A-7B0B	7B0F-7B0F	7B12-7B12	7B14-7B14	7B18-7B19	7B1E-7B1F	7B23-7B23	7B25-7B25	7B27-7B2B	7B2D-7B31	7B33-7B36	7B3B-7B3B	7B3D-7B3D	7B3F-7B41	7B45-7B45	7B47-7B47	7B4C-7B50	7B53-7B53	7B55-7B55	7B5D-7B5D	7B60-7B60	7B64-7B66	7B69-7B6A	7B6C-7B75	7B77-7B77	7B79-7B7A	7B7F-7B7F	7B84-7B84	7B86-7B86	7B89-7B89	7B8D-7B92	7B96-7B96	7B98-7BA0	7BA5-7BA5	7BAC-7BAD	7BAF-7BB0	7BB2-7BB2	7BB4-7BB6	7BBA-7BBD	7BC1-7BC2	7BC5-7BC6
Noto Sans JP	400	/fonts/served/noto-sans-jp-26-400-normal.woff2	7851-7852	785C-785C	785E-785E	7860-7861	7863-7864	7868-7868	786A-786A	786E-786F	7872-7872	7874-7874	787A-787A	787C-787C	787E-787E	7886-7887	788A-788A	788C-788F	7893-7895	7898-7898	789A-789A	789D-789F	78A1-78A1	78A3-78A4	78A8-78AA	78AC-78AD	78AF-78B3	78B5-78B5	78BB-78BF	78C5-78CC	78CE-78CE	78D1-78D6	78DA-78DB	78DF-78E1	78E4-78E4	78E6-78E7	78EA-78EA	78EC-78EC	78F2-78F4	78F6-78F7	78F9-78FB	78FD-7901	7906-7907	790C-790C	7910-7912	7919-791C	791E-7920	7925-792E	7930-7931	7934-7935	793B-793B	793D-793D	793F-793F	7941-7942	7944-7946	794A-794B	794F-794F	7951-7951	7954-7955	7957-7958	795A-795C	795F-7960	7962-7962	7967-7967	7969-7969	796B-796B	7972-7972	7977-7977	7979-797C	797E-7980	798A-798E	7991-7991	7993-7996	7998-7998	799B-799D	79A1-79A1	79A6-79AB	79AE-79B1	79B3-79B4	79B8-79BB	79BD-79BE	79C2-79C2	79C4-79C4	79C7-79CA	79CC-79CD	79CF-79CF	79D4-79D6	79DA-79DA	79DD-79E3	79E5-79E5	79E7-79E7	79EA-79ED	79F1-79F1	79F8-79F8	79FC-79FC	7A02-7A03	7A05-7A05	7A07-7A0A	7A0C-7A0D	7A11-7A11	7A15-7A15
Noto Sans JP	400	/fonts/served/noto-sans-jp-27-400-normal.woff2	768C-768E	7690-7690	7693-7693	7695-7696	7699-76A8	76AA-76AA	76AD-76AD	76AF-76B0	76B4-76B4	76B6-76BA	76BD-76BD	76C1-76C3	76C5-76C5	76C8-76C9	76CB-76CE	76D2-76D2	76D4-76D4	76D6-76D6	76D9-76D9	76DC-76DC	76DE-76DE	76E0-76E1	76E5-76E8	76EA-76EC	76F0-76F1	76F6-76F6	76F9-76F9	76FB-76FC	7700-7700	7704-7704	7706-7708	770A-770A	770E-770E	7712-7712	7714-7715	7717-7717	7719-771C	7722-7722	7724-7726	7728-7728	772D-772F	7734-7739	773D-773E	7742-7742	7745-7747	774A-774A	774D-774F	7752-7752	7756-7758	775A-775C	775E-7760	7762-7762	7764-7765	7767-7767	776A-776C	7770-7770	7772-7774	7779-777A	777C-7780	7784-7784	778B-778E	7794-7796	779A-779A	779E-77A0	77A2-77A2	77A4-77A5	77A7-77A7	77A9-77AA	77AE-77B1	77B5-77B7	77B9-77B9	77BB-77BF	77C3-77C3	77C7-77C7	77C9-77C9	77CD-77CD	77D1-77D2	77D5-77D5	77D7-77D7	77D9-77DA	77DC-77DC	77DE-77E0	77E3-77E4	77E6-77E7	77E9-77EA	77EC-77EC	77EE-77EE	77F0-77F1	77F4-77F4	77F8-77F8	77FB-77FC	7805-7806	7809-7809	780C-780E	7811-7812	7819-7819	781D-781D	7820-7823	7826-7827	782C-782E	7830-7830	7835-7835	7837-7837	783A-783A	783F-783F	7843-7845	7847-7848	784C-784C	784E-784F
Noto Sans JP	400	/fonts/served/noto-sans-jp-28-400-normal.woff2	7511-7513	7515-7517	751C-751C	751E-751E	7520-7522	7524-7524	7526-7527	7529-752C	752F-752F	7536-7536	7538-7539	753C-7540	7543-7544	7546-754B	754D-7550	7552-7552	7557-7557	755A-755B	755D-755F	7561-7562	7564-7564	7566-7567	7569-7569	756B-756D	756F-756F	7571-7572	7574-757E	7581-7582	7585-7587	7589-758C	758F-7590	7592-7595	7599-759A	759C-759D	75A2-75A5	75B0-75B1	75B3-75B5	75B7-75B8	75BA-75BA	75BD-75BD	75BF-75C4	75C6-75C6	75CA-75CA	75CC-75CF	75D3-75D4	75D7-75D8	75DC-75E1	75E3-75E4	75E7-75E7	75EC-75EC	75EE-75F3	75F9-75F9	75FC-75FC	75FE-7604	7607-760C	760F-760F	7612-7613	7615-7616	7618-7619	761B-7629	762D-762D	7630-7630	7632-7635	7638-763C	7640-7641	7643-764B	764E-764E	7655-7655	7658-7659	765C-765C	765F-765F	7661-7662	7664-7665	7667-766A	766C-7672	7674-7674	7676-7676	7678-7678	7680-7683	7685-7685	7688-7688	768B-768B
Noto Sans JP	400	/fonts/served/noto-sans-jp-29-400-normal.woff2	736C-736C	736E-7371	7375-7375	7377-737C	7380-7381	7383-7383	7385-7386	738A-738A	738E-738E	7390-7390	7393-7398	739C-739C	739E-73A0	73A2-73A2	73A5-73A6	73A8-73A8	73AA-73AB	73AD-73AD	73B3-73B3	73B5-73B5	73B7-73B7	73B9-73BD	73BF-73BF	73C5-73C6	73C9-73CC	73CE-73CF	73D2-73D3	73D6-73D6	73D9-73D9	73DD-73DE	73E1-73E1	73E3-73E7	73E9-73EA	73EE-73EE	73F1-73F1	73F4-73F5	73F7-73FB	73FD-73FD	73FF-7401	7404-7405	7407-7407	740A-740A	7411-7411	7413-7413	741A-741B	7421-7421	7424-7424	7426-7426	7428-7431	7433-7433	7439-743A	743F-7441	7443-7444	7446-7447	744B-744B	744D-744D	7451-7453	7455-7455	7457-7457	7459-745A	745C-745D	745F-745F	7462-7464	7466-746B	746D-7473	7476-7476	747E-747E	7480-7481	7485-7489	748B-748B	748F-7492	7497-749A	749C-749C	749E-74A3	74A5-74A6	74A8-74AB	74AE-74AF	74B1-74B2	74B5-74B5	74B9-74BB	74BD-74BD	74BF-74BF	74C8-74CA	74CC-74CC	74CF-74D0	74D3-74D4	74D6-74D6	74D8-74D8	74DA-74DB	74DE-74E0	74E3-74E4	74E7-74EB	74EE-74F2	74F4-74F4	74F7-74F8	74FA-74FC	74FF-74FF	7501-7501	7503-7506	750C-750E
Noto Sans JP	400	/fonts/served/noto-sans-jp-30-400-normal.woff2	7166-7166	7168-7168	716C-716C	7179-7179	7180-7180	7184-7185	7187-7188	718C-718C	718F-718F	7192-7192	7194-7196	7199-719B	71A0-71A0	71A2-71A2	71A8-71A8	71AC-71AC	71AE-71B0	71B2-71B3	71B9-71BA	71BE-71C1	71C4-71C4	71C9-71C9	71CB-71CC	71CE-71CE	71D0-71D0	71D2-71D4	71D6-71D7	71D9-71DA	71DC-71DC	71DF-71E0	71E6-71E7	71EC-71EE	71F4-71F5	71F8-71F9	71FC-71FC	71FE-7200	7207-7209	720D-720D	7210-7210	7213-7213	7215-7215	7217-7217	721A-721A	721D-721D	721F-721F	7224-7224	7228-7228	722B-722B	722D-722D	722F-7230	7232-7232	7234-7234	7238-7239	723B-723C	723E-7243	7245-7246	724B-724B	724E-7250	7252-7253	7255-7258	725A-725A	725C-725C	725E-725E	7260-7260	7263-7263	7268-7268	726B-726B	726E-726F	7271-7271	7274-7274	7277-7278	727B-727C	727E-7282	7284-7284	7287-7287	7289-7289	728D-728E	7292-7293	7296-7296	729B-729B	72A2-72A2	72A7-72A8	72AD-72AE	72B0-72B2	72B4-72B4	72B9-72B9	72BE-72BE	72C0-72C1	72C3-72C4	72C6-72C7	72C9-72C9	72CC-72CC	72CE-72CE	72D2-72D2	72D5-72D6	72D8-72D8	72DF-72E2	72E5-72E5	72F3-72F4	72F7-72F7	72F9-72FB	72FD-72FE	7302-7302	7304-7305	7307-7307	730A-730B	730D-730D	7312-7313	7316-7319	731C-731E	7322-7322	7324-7324	7327-7329	732C-732C	732F-732F	7331-7337	7339-733B	733D-733E	7343-7343	734D-7350	7352-7352	7356-7358	735D-7360	7366-736B
Noto Sans JP	400	/fonts/served/noto-sans-jp-31-400-normal.woff2	6F58-6F5B	6F5D-6F5E	6F60-6F62	6F66-6F66	6F68-6F68	6F6C-6F6D	6F6F-6F6F	6F74-6F74	6F78-6F78	6F7A-6F7A	6F7C-6F7E	6F80-6F80	6F82-6F83	6F86-6F88	6F8B-6F8E	6F90-6F94	6F96-6F98	6F9A-6F9A	6F9D-6F9D	6F9F-6FA1	6FA3-6FA3	6FA5-6FA8	6FAE-6FB1	6FB3-6FB3	6FB5-6FB7	6FB9-6FB9	6FBC-6FBC	6FBE-6FBE	6FC2-6FC2	6FC5-6FCA	6FD4-6FD5	6FD8-6FD8	6FDA-6FDB	6FDE-6FE0	6FE4-6FE4	6FE8-6FE9	6FEB-6FEC	6FEE-6FEE	6FF0-6FF0	6FF3-6FF3	6FF5-6FF6	6FF9-6FFA	6FFC-6FFE	7000-7001	7005-7007	7009-700B	700D-700D	700F-700F	7011-7011	7015-7015	7017-7018	701A-701B	701D-7020	7023-7023	7026-7026	7028-7028	702F-7030	7032-7032	7034-7034	7037-7037	7039-703A	703C-703C	703E-703E	7043-7044	7047-704C	704E-704E	7051-7051	7054-7055	705D-705E	7064-7065	7069-7069	706C-706C	706E-706E	7075-7076	707E-707E	7081-7081	7085-7086	7094-7098	709B-709B	709F-709F	70A4-70A4	70AB-70AC	70AE-70B1	70B3-70B4	70B7-70B7	70BB-70BB	70CA-70CB	70D1-70D1	70D3-70D6	70D8-70D9	70DC-70DD	70DF-70DF	70E4-70E4	70EC-70EC	70F1-70F1	70FA-70FA	70FD-70FD	7103-7108	710B-710C	710F-710F	7114-7114	7119-7119	711C-711C	711E-711E	7120-7120	712B-712B	712D-7131	7138-7138	7141-7141	7145-7147	7149-714B	7150-7153	7155-7157	715A-715A	715C-715C	715E-715E	7160-7160	7162-7162	7164-7165
Noto Sans JP	400	/fonts/served/noto-sans-jp-32-400-normal.woff2	6D7C-6D7C	6D80-6D82	6D85-6D85	6D87-6D87	6D89-6D8A	6D8C-6D8E	6D91-6D98	6D9C-6D9C	6DAA-6DAC	6DAE-6DAE	6DB4-6DB5	6DB7-6DB9	6DBD-6DBD	6DBF-6DBF	6DC2-6DC2	6DC4-6DC8	6DCA-6DCA	6DCC-6DCC	6DCE-6DD0	6DD2-6DD2	6DD5-6DD6	6DD8-6DDB	6DDD-6DE0	6DE2-6DE2	6DE4-6DE6	6DE8-6DEA	6DEC-6DEC	6DEE-6DF0	6DF2-6DF2	6DF4-6DF4	6DF6-6DF6	6DF8-6DFA	6DFC-6DFC	6E00-6E00	6E04-6E04	6E0A-6E0A	6E17-6E17	6E19-6E19	6E1D-6E20	6E22-6E25	6E27-6E27	6E2B-6E2B	6E2D-6E2E	6E32-6E32	6E34-6E34	6E36-6E36	6E38-6E3C	6E42-6E45	6E48-6E49	6E4B-6E4F	6E51-6E54	6E57-6E57	6E5B-6E5F	6E62-6E63	6E68-6E68	6E6B-6E6B	6E6E-6E6E	6E72-6E73	6E76-6E76	6E7B-6E7B	6E7D-6E7D	6E82-6E82	6E89-6E89	6E8C-6E8D	6E8F-6E8F	6E93-6E93	6E98-6E99	6E9F-6EA0	6EA5-6EA5	6EA7-6EA7	6EAA-6EAB	6EAD-6EAF	6EB1-6EB4	6EB7-6EB7	6EBB-6EBD	6EBF-6EC4	6EC7-6ECA	6ECC-6ECF	6ED3-6ED5	6ED9-6EDB	6EE6-6EE6	6EEB-6EEF	6EF7-6EF9	6EFB-6EFB	6EFD-6EFF	6F04-6F04	6F08-6F0A	6F0C-6F0D	6F10-6F11	6F13-6F13	6F15-6F16	6F18-6F18	6F1A-6F1B	6F25-6F26	6F29-6F2A	6F2D-6F2D	6F2F-6F33	6F35-6F36	6F38-6F38	6F3B-6F3C	6F3E-6F3F	6F41-6F41	6F45-6F45	6F4F-6F4F	6F51-6F53	6F57-6F57
Noto Sans JP	400	/fonts/served/noto-sans-jp-33-400-normal.woff2	6B85-6B85	6B89-6B89	6B8D-6B8D	6B95-6B95	6B97-6B98	6B9B-6B9B	6B9E-6BA0	6BA2-6BA4	6BA8-6BB3	6BB7-6BB9	6BBC-6BBE	6BC0-6BC0	6BC3-6BC4	6BC6-6BC9	6BCB-6BCC	6BCF-6BCF	6BD3-6BD3	6BD6-6BD8	6BDA-6BDA	6BDF-6BDF	6BE1-6BE1	6BE3-6BE3	6BE6-6BE7	6BEB-6BEC	6BEE-6BEE	6BF1-6BF1	6BF3-6BF3	6BF7-6BF7	6BF9-6BF9	6BFF-6BFF	6C02-6C02	6C04-6C05	6C08-6C0A	6C0D-6C0E	6C10-6C10	6C12-6C14	6C19-6C19	6C1B-6C1B	6C1F-6C1F	6C24-6C24	6C26-6C28	6C2C-6C2C	6C2E-6C2E	6C33-6C33	6C35-6C36	6C3A-6C3B	6C3E-6C40	6C4A-6C4B	6C4D-6C4D	6C4F-6C4F	6C52-6C52	6C54-6C55	6C59-6C59	6C5B-6C5E	6C62-6C62	6C67-6C68	6C6A-6C6B	6C6D-6C6D	6C6F-6C6F	6C73-6C74	6C76-6C76	6C78-6C79	6C7B-6C7B	6C7E-6C7E	6C81-6C87	6C89-6C89	6C8C-6C8D	6C90-6C90	6C92-6C95	6C97-6C98	6C9A-6C9C	6C9F-6C9F	6CAA-6CAE	6CB0-6CB2	6CB4-6CB4	6CBA-6CBA	6CBD-6CBE	6CC2-6CC2	6CC5-6CC6	6CCD-6CCD	6CCF-6CD4	6CD6-6CD7	6CD9-6CDD	6CE0-6CE0	6CE7-6CE7	6CE9-6CEF	6CF1-6CF2	6CF4-6CF4	6CFB-6CFB	6D00-6D01	6D04-6D04	6D07-6D07	6D0A-6D0A	6D0C-6D0C	6D0E-6D0F	6D11-6D11	6D13-6D13	6D19-6D1A	6D1F-6D1F	6D24-6D24	6D26-6D28	6D2B-6D2B	6D2E-6D2F	6D31-6D31	6D33-6D36	6D38-6D39	6D3C-6D3D	6D3F-6D3F	6D57-6D5B	6D5E-6D61	6D64-6D65	6D67-6D67	6D6C-6D6C	6D6F-6D70	6D79-6D79
Noto Sans JP	400	/fonts/served/noto-sans-jp-34-400-normal.woff2	69DD-69DE	69E2-69E3	69E5-69E5	69E7-69EB	69ED-69EF	69F1-69F6	69F9-69F9	69FE-6A01	6A03-6A03	6A05-6A05	6A0A-6A0A	6A0C-6A0C	6A0F-6A0F	6A11-6A15	6A17-6A17	6A1A-6A1B	6A1D-6A20	6A22-6A24	6A28-6A28	6A2E-6A2E	6A30-6A30	6A32-6A38	6A3B-6A3B	6A3E-6A3F	6A44-6A4A	6A4E-6A4E	6A50-6A52	6A54-6A56	6A5B-6A5B	6A61-6A62	6A64-6A64	6A66-6A67	6A6A-6A6B	6A71-6A73	6A78-6A78	6A7A-6A7A	6A7E-6A7F	6A81-6A81	6A83-6A84	6A86-6A87	6A89-6A89	6A8B-6A8B	6A8D-6A8D	6A90-6A91	6A94-6A94	6A97-6A97	6A9B-6A9B	6A9D-6AA3	6AA5-6AA5	6AAA-6AAC	6AAE-6AB1	6AB3-6AB4	6AB8-6AB8	6ABB-6ABB	6ABD-6ABF	6AC1-6AC3	6AC6-6AC6	6AC8-6AC9	6ACC-6ACC	6AD0-6AD1	6AD3-6AD6	6ADA-6ADF	6AE2-6AE2	6AE4-6AE4	6AE7-6AE8	6AEA-6AEA	6AEC-6AEC	6AF0-6AF3	6AF8-6AF8	6AFA-6AFA	6AFC-6AFD	6B02-6B03	6B06-6B07	6B09-6B0B	6B0F-6B12	6B16-6B17	6B1B-6B1B	6B1D-6B1F	6B23-6B24	6B28-6B28	6B2B-6B2C	6B2F-6B2F	6B35-6B39	6B3B-6B3B	6B3D-6B3D	6B3F-6B3F	6B43-6B43	6B46-6B47	6B49-6B4A	6B4D-6B4E	6B50-6B50	6B52-6B52	6B54-6B54	6B56-6B56	6B58-6B59	6B5B-6B5B	6B5D-6B5D	6B5F-6B61	6B65-6B65	6B67-6B67	6B6B-6B6C	6B6E-6B6E	6B70-6B70	6B72-6B72	6B75-6B75	6B77-6B7A	6B7D-6B84
Noto Sans JP	400	/fonts/served/noto-sans-jp-35-400-normal.woff2	6855-6855	6857-6859	685B-685B	685D-685D	685F-685F	6863-6863	6867-6867	686B-686B	686E-6872	6874-6875	6877-6877	6879-687C	687E-687F	6882-6884	6886-6886	6888-6888	688D-6890	6894-6894	6896-6896	6898-689C	689F-68A3	68A5-68A7	68A9-68AB	68AD-68AF	68B2-68B5	68B9-68BC	68C3-68C3	68C5-68C6	68C8-68CA	68CC-68CD	68CF-68D1	68D3-68D9	68DC-68DD	68E0-68E1	68E3-68E5	68E7-68E8	68EA-68ED	68EF-68F1	68F5-68F7	68F9-68F9	68FB-68FD	6900-6901	6903-6904	6906-690C	690F-6911	6913-6913	6916-6917	6919-691B	6921-6923	6925-6926	6928-6928	692A-692A	6930-6931	6933-6936	6938-6939	693B-693B	693D-693D	6942-6942	6945-6946	6949-6949	694E-694E	6954-6954	6957-6957	6959-6959	695B-695E	6961-6966	6968-696C	696E-6974	6977-697B	697E-6981	6986-6986	698D-698D	6991-6992	6994-6996	6998-6998	699C-699C	69A0-69A1	69A5-69A8	69AB-69AB	69AD-69AD	69AF-69B2	69B4-69B4	69B7-69B8	69BA-69BC	69BE-69C1	69C3-69C3	69C5-69C5	69C7-69C8	69CA-69CA	69CE-69D1	69D3-69D3	69D6-69D7	69D9-69D9
Noto Sans JP	400	/fonts/served/noto-sans-jp-36-400-normal.woff2	667E-6680	6683-6684	6688-6688	668B-668E	6690-6690	6692-6692	6698-669D	669F-66A0	66A2-66A2	66A4-66A4	66AD-66AD	66B1-66B3	66B5-66B5	66B8-66B9	66BB-66BC	66BE-66C4	66C6-66C6	66C8-66C9	66CC-66CC	66CE-66CF	66D4-66D4	66DA-66DB	66DD-66DD	66DF-66E0	66E6-66E6	66E8-66E9	66EB-66EC	66EE-66EE	66F5-66F5	66F7-66F7	66FA-66FC	6701-6701	6705-6705	6707-6707	670C-670C	670E-6710	6712-6716	6719-6719	671C-671C	671E-671E	6720-6720	6722-6722	6725-6726	672E-672E	6733-6733	6735-6738	673E-673F	6741-6741	6743-6743	6745-6748	674C-674D	6753-6755	6759-6759	675D-675E	6760-6760	6762-6764	6766-6766	676A-676A	676C-676C	676E-676E	6770-6770	6772-6774	6776-6777	677B-677C	6780-6781	6784-6785	6787-6787	6789-6789	678B-678C	678E-678F	6791-6793	6796-6796	6798-6799	679B-679B	67A1-67A1	67A4-67A4	67A6-67A6	67A9-67A9	67B0-67B5	67B7-67B9	67BB-67BE	67C0-67C3	67C5-67C6	67C8-67C9	67CE-67CE	67D2-67D2	67D7-67D9	67DB-67DE	67E1-67E2	67E4-67E4	67E6-67E7	67E9-67E9	67EC-67EC	67EE-67F0	67F2-67F2	67F6-67F7	67F9-67FA	67FC-67FC	67FE-67FE	6801-6802	6805-6805	6810-6810	6814-6814	6818-6819	681D-681D	681F-681F	6822-6822	6827-6829	682B-682D	682F-6834	683B-683B	683E-6840	6844-6846	6849-684A	684C-684E	6852-6854
Noto Sans JP	400	/fonts/served/noto-sans-jp-37-400-normal.woff2	64D2-64D2	64D4-64D5	64D7-64D8	64DA-64DA	64E0-64E1	64E3-64E5	64E7-64E7	64E9-64EA	64ED-64ED	64EF-64F2	64F4-64F7	64FA-64FB	64FD-6501	6504-6505	6508-650A	650F-650F	6513-6514	6516-6516	6518-6519	651B-651F	6522-6522	6524-6524	6526-6526	6529-652C	652E-652E	6531-6532	6534-6538	653A-653A	653C-653D	6543-6544	6547-6549	654D-654E	6550-6550	6552-6552	6554-6556	6558-6558	655D-6560	6567-6567	656B-656B	6572-6572	6578-6578	657A-657A	657D-657D	6581-6585	6588-6588	658A-658A	658C-658C	6592-6592	6595-6595	6598-6598	659B-659B	659D-659D	659F-65A1	65A3-65A6	65AB-65AB	65AE-65AE	65B2-65B5	65B7-65B8	65BE-65BF	65C1-65C4	65C6-65C6	65C8-65C9	65CC-65CC	65CE-65CE	65D0-65D0	65D2-65D2	65D4-65D4	65D6-65D6	65D8-65D9	65DB-65DB	65DF-65E1	65E3-65E3	65F0-65F2	65F4-65F5	65F9-65F9	65FB-65FC	65FE-6600	6603-6604	6608-660A	660D-660D	6611-6612	6615-6616	661C-661E	6621-6624	6626-6626	6629-662C	662E-662E	6630-6631	6633-6637	6639-663B	663F-6641	6644-6646	6648-664A	664C-664C	664E-664F	6651-6651	6657-6665	6667-6668	666A-666D	6670-6670	6673-6673	6675-6675	6677-6679	667B-667C
Noto Sans JP	400	/fonts/served/noto-sans-jp-38-400-normal.woff2	62CF-62CF	62D1-62D1	62D4-62D6	62DA-62DA	62DC-62DC	62EA-62EA	62EE-62EF	62F1-62F2	62F4-62F5	62FC-62FD	62FF-62FF	6302-6304	6308-630D	6310-6310	6313-6313	6316-6316	6318-6318	631B-631B	6327-6327	6329-632A	632D-632D	6332-6332	6335-6336	6339-633C	633E-633E	6341-6344	6346-6346	634A-634E	6350-6350	6352-6354	6358-6359	635B-635B	6365-6366	6369-6369	636B-636D	6371-6372	6374-6378	637A-637A	637C-637D	637F-6380	6382-6382	6384-6384	6387-6387	6389-638A	638E-6390	6394-6396	6399-639A	639E-639E	63A0-63A0	63A3-63A4	63A6-63A6	63A9-63A9	63AB-63AF	63B5-63B5	63BD-63BE	63C0-63C1	63C4-63C6	63C8-63C8	63CE-63CE	63D1-63D6	63DC-63DC	63E0-63E0	63E3-63E3	63E5-63E5	63E9-63ED	63F2-63F3	63F5-63F9	6406-6406	6409-640A	640F-6410	6412-6414	6416-6418	641E-641E	6420-6420	6422-6422	6424-6426	6428-642A	642F-6430	6434-6436	643D-643D	643F-643F	644B-644B	644E-644F	6451-6454	645A-645D	645F-6461	6463-6463	6467-6467	646D-646D	6473-6474	6476-6476	6478-6479	647B-647B	647D-647D	6485-6485	6487-6488	648F-6491	6493-6493	6495-6495	6498-649B	649D-649F	64A1-64A1	64A3-64A3	64A6-64A6	64A8-64A9	64AC-64AC	64B3-64B3	64BB-64BF	64C2-64C2	64C4-64C5	64C7-64C7	64C9-64CC	64CE-64CE	64D0-64D1
Noto Sans JP	400	/fonts/served/noto-sans-jp-39-400-normal.woff2	6117-6117	6119-6119	611C-611C	611E-611E	6120-6122	6127-6128	612A-612C	6130-6131	6134-6137	6139-613A	613C-613F	6141-6142	6144-6147	6149-614A	614D-614D	6153-6153	6158-615A	615D-6160	6164-6165	616B-616C	616F-616F	6171-6175	6177-6178	617B-6181	6183-6184	6187-6187	618A-618B	618D-618D	6192-6194	6196-619A	619C-619D	619F-61A0	61A5-61A5	61A8-61A8	61AA-61AE	61B8-61BA	61BC-61BC	61BE-61BE	61C0-61C3	61C6-61C6	61C8-61C8	61CA-61CF	61D5-61D5	61DC-61DF	61E1-61E3	61E5-61E9	61EC-61ED	61EF-61EF	61F4-61F7	61FA-61FA	61FC-6201	6203-6204	6207-620A	620D-620E	6213-6215	621B-621E	6220-6223	6227-6227	6229-622B	622E-622E	6230-6233	6236-6236	6239-6239	623D-623E	6241-6244	6246-6246	6248-6248	624C-624C	624E-624E	6250-6252	6254-6254	6256-6256	6258-6258	625A-625C	625E-625E	6260-6261	6263-6264	6268-6268	626D-626D	626F-626F	6273-6273	627A-627E	6282-6283	6285-6285	6289-6289	628D-6290	6292-6294	6296-6296	6299-6299	629B-629B	62A6-62A6	62A8-62A8	62AC-62AC	62B3-62B3	62B6-62B7	62BA-62BB	62BE-62BF	62C2-62C2	62C4-62C4	62C6-62C8	62CA-62CA	62CE-62CE
Noto Sans JP	400	/fonts/served/noto-sans-jp-40-400-normal.woff2	5F6C-5F6D	5F6F-5F6F	5F72-5F75	5F78-5F78	5F7A-5F7A	5F7D-5F7F	5F82-5F83	5F87-5F89	5F8D-5F8D	5F8F-5F8F	5F91-5F91	5F96-5F96	5F99-5F99	5F9C-5F9D	5FA0-5FA0	5FA2-5FA2	5FA4-5FA4	5FA7-5FA8	5FAB-5FAD	5FAF-5FB1	5FB5-5FB5	5FB7-5FB8	5FBC-5FBD	5FC4-5FC4	5FC7-5FC9	5FCB-5FCB	5FD0-5FD4	5FDD-5FDE	5FE1-5FE2	5FE4-5FE4	5FE8-5FEA	5FEC-5FF3	5FF6-5FF6	5FF8-5FF8	5FFA-5FFD	5FFF-5FFF	6007-6007	600A-600A	600D-6010	6013-6015	6017-601B	601F-601F	6021-6022	6024-6024	6026-6026	6029-6029	602B-602B	602D-602D	6031-6031	6033-6033	6035-6035	603A-603A	6040-6043	6046-604A	604C-604D	6051-6051	6054-6057	6059-605A	605D-605D	605F-6064	6067-6067	606A-606C	6070-6071	6077-6077	607E-607F	6081-6086	6088-608E	6091-6093	6095-6098	609A-609B	609D-609E	60A2-60A2	60A4-60A5	60A7-60A8	60B0-60B1	60B3-60B5	60B7-60B8	60BB-60BB	60BD-60BE	60C2-60C2	60C4-60C4	60C6-60CB	60CE-60CF	60D3-60D5	60D8-60D9	60DB-60DB	60DD-60DF	60E1-60E2	60E5-60E5	60EE-60EE	60F0-60F2	60F4-60F8	60FA-60FD	6100-6100	6102-6103	6106-6108	610A-610A	610C-610E	6110-6114	6116-6116
Noto Sans JP	400	/fonts/served/noto-sans-jp-41-400-normal.woff2	5D9B-5D9B	5D9D-5D9D	5D9F-5DA0	5DA2-5DA2	5DA4-5DA4	5DA7-5DA7	5DAB-5DAC	5DAE-5DAE	5DB0-5DB0	5DB2-5DB2	5DB4-5DB4	5DB7-5DB9	5DBC-5DBD	5DC3-5DC3	5DC7-5DC7	5DC9-5DC9	5DCB-5DCE	5DD0-5DD3	5DD6-5DD9	5DDB-5DDB	5DE0-5DE0	5DE2-5DE2	5DE4-5DE4	5DE9-5DE9	5DF2-5DF2	5DF5-5DF5	5DF8-5DF9	5DFD-5DFD	5DFF-5E00	5E07-5E07	5E0B-5E0B	5E0D-5E0D	5E11-5E12	5E14-5E15	5E18-5E1B	5E1F-5E20	5E25-5E25	5E28-5E28	5E2E-5E2E	5E32-5E32	5E35-5E37	5E3E-5E3E	5E40-5E40	5E43-5E44	5E47-5E47	5E49-5E49	5E4B-5E4B	5E4E-5E4E	5E50-5E51	5E54-5E54	5E56-5E58	5E5B-5E5C	5E5E-5E5F	5E62-5E62	5E64-5E64	5E68-5E68	5E6A-5E6E	5E70-5E70	5E75-5E77	5E7A-5E7A	5E7F-5E80	5E87-5E87	5E8B-5E8B	5E8E-5E8E	5E96-5E96	5E99-5E9A	5EA0-5EA0	5EA2-5EA2	5EA4-5EA5	5EA8-5EA8	5EAA-5EAA	5EAC-5EAC	5EB1-5EB1	5EB3-5EB3	5EB8-5EB9	5EBD-5EBF	5EC1-5EC2	5EC6-5EC6	5EC8-5EC8	5ECB-5ECC	5ECE-5ED6	5ED9-5EE2	5EE5-5EE5	5EE8-5EE9	5EEB-5EEC	5EF0-5EF1	5EF3-5EF4	5EF8-5EF9	5EFC-5F00	5F02-5F03	5F06-5F09	5F0B-5F0E	5F11-5F11	5F16-5F17	5F19-5F19	5F1B-5F1E	5F21-5F24	5F27-5F29	5F2B-5F30	5F34-5F34	5F36-5F36	5F38-5F38	5F3A-5F3D	5F3F-5F41	5F44-5F45	5F47-5F48	5F4A-5F4A	5F4C-5F4E	5F50-5F51	5F54-5F54	5F56-5F58	5F5B-5F5D	5F60-5F60	5F63-5F65	5F67-5F67	5F6A-5F6A
Noto Sans JP	400	/fonts/served/noto-sans-jp-42-400-normal.woff2	5BBC-5BBC	5BC0-5BC1	5BC3-5BC3	5BC7-5BC7	5BC9-5BC9	5BCD-5BD0	5BD3-5BD4	5BD6-5BDA	5BDE-5BDE	5BE0-5BE2	5BE4-5BE6	5BE8-5BE8	5BEB-5BEC	5BEF-5BF1	5BF3-5BF6	5BFD-5BFD	5C03-5C03	5C05-5C05	5C07-5C09	5C0C-5C0D	5C12-5C14	5C17-5C17	5C19-5C19	5C1E-5C20	5C22-5C24	5C26-5C26	5C28-5C2E	5C30-5C30	5C32-5C32	5C35-5C36	5C38-5C39	5C46-5C46	5C4D-5C50	5C53-5C53	5C59-5C5C	5C5F-5C63	5C67-5C69	5C6C-5C70	5C74-5C76	5C79-5C7D	5C87-5C88	5C8A-5C8A	5C8C-5C8C	5C8F-5C8F	5C91-5C92	5C94-5C94	5C9D-5C9D	5C9F-5CA0	5CA2-5CA3	5CA6-5CA8	5CAA-5CAB	5CAD-5CAD	5CB1-5CB2	5CB4-5CB7	5CBA-5CBC	5CBE-5CBE	5CC5-5CC5	5CC7-5CC7	5CC9-5CC9	5CCB-5CCB	5CD0-5CD0	5CD2-5CD2	5CD7-5CD7	5CD9-5CD9	5CDD-5CDD	5CE6-5CE6	5CE8-5CEA	5CED-5CEE	5CF1-5CF2	5CF4-5CF5	5CFA-5CFB	5CFD-5CFD	5D01-5D01	5D06-5D06	5D0B-5D0B	5D0D-5D0D	5D10-5D12	5D14-5D15	5D17-5D1B	5D1D-5D1D	5D1F-5D20	5D22-5D24	5D26-5D27	5D2B-5D2B	5D31-5D31	5D34-5D34	5D39-5D39	5D3D-5D3D	5D3F-5D3F	5D42-5D43	5D46-5D48	5D4A-5D4B	5D4E-5D4E	5D51-5D53	5D55-5D55	5D59-5D59	5D5C-5D5C	5D5F-5D62	5D64-5D64	5D69-5D6A	5D6C-5D6D	5D6F-5D70	5D73-5D73	5D76-5D76	5D79-5D7A	5D7E-5D7F	5D81-5D84	5D87-5D88	5D8A-5D8A	5D8C-5D8C	5D90-5D90	5D92-5D95	5D97-5D97	5D99-5D99
Noto Sans JP	400	/fonts/served/noto-sans-jp-43-400-normal.woff2	598B-598E	5992-5992	5995-5995	5997-5997	599B-599B	599D-599D	599F-599F	59A3-59A4	59A7-59A7	59AD-59B0	59B2-59B3	59B7-59B7	59BA-59BA	59BC-59BC	59BE-59BE	59C1-59C1	59C3-59C4	59C6-59C6	59C8-59C8	59CA-59CA	59CD-59CD	59D2-59D2	59D9-59DA	59DD-59DF	59E3-59E5	59E7-59E8	59EC-59EC	59EE-59EF	59F1-59F2	59F4-59F4	59F6-59F8	5A00-5A00	5A03-5A04	5A09-5A09	5A0C-5A0E	5A11-5A13	5A17-5A17	5A1A-5A1C	5A1E-5A1F	5A23-5A25	5A27-5A28	5A2A-5A2A	5A2D-5A2D	5A30-5A30	5A35-5A36	5A40-5A41	5A44-5A45	5A47-5A49	5A4C-5A4C	5A50-5A50	5A55-5A55	5A5E-5A5E	5A62-5A63	5A65-5A65	5A67-5A67	5A6A-5A6A	5A6C-5A6D	5A77-5A77	5A7A-5A7B	5A7E-5A7E	5A84-5A84	5A8B-5A8B	5A90-5A90	5A93-5A93	5A96-5A96	5A99-5A99	5A9C-5A9C	5A9E-5AA0	5AA2-5AA2	5AA7-5AA7	5AAC-5AAC	5AB1-5AB3	5AB5-5AB5	5AB8-5AB8	5ABA-5ABF	5AC2-5AC2	5AC4-5AC4	5AC6-5AC6	5AC8-5AC8	5ACB-5ACB	5ACF-5AD0	5AD6-5AD7	5ADA-5ADA	5ADC-5ADC	5AE0-5AE1	5AE3-5AE3	5AE5-5AE6	5AE9-5AEA	5AEE-5AEE	5AF0-5AF0	5AF5-5AF6	5AFA-5AFB	5AFD-5AFD	5B00-5B01	5B08-5B08	5B0B-5B0B	5B16-5B17	5B19-5B19	5B1B-5B1B	5B1D-5B1D	5B21-5B21	5B25-5B25	5B2A-5B2A	5B2C-5B2D	5B30-5B30	5B32-5B32	5B34-5B34	5B36-5B36	5B38-5B38	5B3E-5B3E	5B40-5B41	5B43-5B43	5B45-5B45	5B4B-5B4C	5B51-5B52	5B56-5B56	5B5A-5B5C	5B5E-5B5F	5B65-5B65	5B68-5B69	5B6E-5B71	5B73-5B73	5B75-5B76	5B7A-5B7A	5B7C-5B84	5B86-5B86	5B8A-5B8B	5B8D-5B8E	5B90-5B91	5B93-5B94	5B96-5B96	5BA5-5BA6	5BA8-5BA9	5BAC-5BAD	5BAF-5BAF	5BB1-5BB2	5BB7-5BB8	5BBA-5BBA
Noto Sans JP	400	/fonts/served/noto-sans-jp-44-400-normal.woff2	57B3-57B3	57B8-57B8	57BD-57BD	57C0-57C0	57C3-57C3	57C6-57C8	57CC-57CC	57CF-57CF	57D2-57D7	57DC-57DE	57E0-57E1	57E3-57E4	57E6-57E7	57E9-57E9	57ED-57ED	57F0-57F0	57F4-57F6	57F8-57F8	57FB-57FB	57FD-57FF	5803-5804	5808-580D	5819-5819	581B-581B	581D-5821	5826-5827	582D-582D	582F-5830	5832-5832	5835-5835	5839-5839	583D-583D	583F-5840	5849-5849	584B-584D	584F-5852	5855-5855	5858-5859	585F-585F	5861-5862	5864-5864	5867-5868	586D-586D	5870-5870	5872-5872	5878-5879	587C-587C	587F-5881	5885-5885	5887-588D	588F-5890	5894-5894	5896-5896	5898-5898	589D-589E	58A0-58A2	58A6-58A6	58A9-58AB	58AE-58AE	58B1-58B3	58B8-58BC	58BE-58BE	58C2-58C5	58C8-58C8	58CD-58CE	58D0-58DA	58DC-58E2	58E4-58E5	58E9-58E9	58EC-58EC	58EF-58EF	58F3-58F4	58F7-58F7	58F9-58F9	58FB-58FD	5902-5902	5905-5906	590A-590D	5910-5910	5912-5914	5918-5919	591B-591B	591D-591D	591F-591F	5921-5921	5923-5925	5928-5928	592C-592D	592F-5930	5932-5933	5935-5936	5938-5939	593D-593F	5943-5943	5946-5946	594E-594E	5950-5950	5952-5953	5955-5955	5957-595B	595D-5961	5963-5963	5967-5967	5969-5969	596B-596D	596F-596F	5972-5972	5975-5976	5978-5979	597B-597C	5981-5981
Noto Sans JP	400	/fonts/served/noto-sans-jp-45-400-normal.woff2	5616-5617	5619-5619	561B-561B	5620-5620	5628-5628	562C-562C	562F-5639	563B-563D	563F-5641	5643-5644	5646-5647	5649-5649	564B-564B	564D-5650	5653-5654	565E-565E	5660-5664	5666-5666	5669-566D	566F-566F	5671-5672	5675-5676	5678-5678	567A-567A	5680-5680	5684-5688	568A-568C	568F-568F	5694-5695	5699-569A	569D-56A0	56A5-56A9	56AB-56AE	56B1-56B4	56B6-56B7	56BC-56BC	56BE-56BE	56C0-56C0	56C2-56C3	56C5-56C5	56C8-56D1	56D3-56D3	56D7-56D9	56DC-56DD	56DF-56DF	56E1-56E1	56E4-56E8	56EB-56EB	56ED-56EE	56F1-56F1	56F6-56F7	56F9-56F9	56FF-5704	5707-570A	570C-570D	5711-5711	5713-5713	5715-5716	5718-5718	571A-571D	5720-5726	5729-572A	572C-572C	572E-572F	5733-5734	5737-5738	573B-573B	573D-573F	5745-5746	574C-574F	5751-5752	5759-5759	575F-575F	5761-5762	5764-5765	5767-5769	576B-576B	576D-5771	5773-5775	5777-5777	5779-577C	577E-577F	5781-5781	5783-5783	5788-5789	578C-578C	5793-5795	5797-5797	5799-579A	579C-57A1	57A4-57A4	57A7-57AA	57AC-57AC	57AE-57AE	57B0-57B0
Noto Sans JP	400	/fonts/served/noto-sans-jp-46-400-normal.woff2	543F-5440	5443-5444	5447-5447	544C-544F	5455-5455	545E-545E	5462-5462	5464-5464	5466-5467	5469-5469	546B-546E	5470-5471	5474-5477	547B-547B	547F-5481	5483-5486	5488-548B	548D-5492	5495-5496	549C-549C	549F-54A2	54A4-54A4	54A6-54AF	54B1-54B1	54B7-54BC	54BE-54BF	54C2-54C4	54C6-54C8	54CA-54CA	54CD-54CE	54D8-54D8	54E0-54E0	54E2-54E2	54E5-54E6	54E8-54EA	54EC-54EF	54F1-54F1	54F3-54F3	54F6-54F6	54FC-5501	5505-5505	5508-5509	550C-550F	5514-5516	5527-5527	552A-552B	552E-552E	5532-5533	5535-5536	5538-5539	553B-553D	5540-5541	5544-5545	5547-5547	5549-554A	554C-554D	5550-5551	5556-5558	555A-555E	5560-5561	5563-5564	5566-5566	557B-5583	5586-5588	558A-558A	558E-558F	5591-5594	5597-5597	5599-5599	559E-559F	55A3-55A4	55A8-55A9	55AC-55AE	55B2-55B2	55BF-55BF	55C1-55C1	55C3-55C4	55C6-55C7	55C9-55C9	55CB-55CC	55CE-55CE	55D1-55D4	55D7-55D8	55DA-55DB	55DD-55DF	55E2-55E2	55E4-55E4	55E9-55E9	55EC-55EC	55EE-55EE	55F1-55F1	55F6-55F9	55FD-55FF	5605-5605	5607-5608	560A-560A	560D-5612
Noto Sans JP	400	/fonts/served/noto-sans-jp-47-400-normal.woff2	528D-528D	5291-5298	529A-529A	529C-529C	52A4-52A7	52AB-52AD	52AF-52B0	52B5-52B8	52BA-52BE	52C0-52C1	52C4-52C6	52C8-52C8	52CA-52CA	52CC-52CD	52CF-52D2	52D4-52D4	52D6-52D7	52DB-52DC	52DE-52DE	52E0-52E1	52E3-52E3	52E5-52E6	52E8-52EA	52EC-52EC	52F0-52F1	52F3-52FB	5300-5301	5303-5303	5306-5308	530A-530D	530F-5311	5313-5313	5315-5315	5318-531F	5321-5321	5323-5325	5327-532D	532F-5333	5335-5335	5338-5338	533C-533E	5340-5340	5342-5342	5345-5346	5349-5349	534B-534C	5359-5359	535B-535B	535E-535E	5361-5361	5363-5367	5369-5369	536C-536E	5372-5372	5377-5377	5379-537B	537D-537F	5382-5383	5387-5389	538E-538E	5393-5394	5396-5396	5398-5399	539D-539D	53A0-53A1	53A4-53A6	53A9-53AB	53AD-53B0	53B2-53B2	53B4-53B8	53BA-53BA	53BD-53BD	53C0-53C1	53C3-53C5	53CF-53CF	53D2-53D3	53D5-53D5	53DA-53DB	53DD-53E0	53E2-53E2	53E6-53E8	53ED-53EE	53F4-53F5	53FA-53FA	5401-5403	540B-540B	540F-540F	5412-5413	541A-541A	541D-541E	5421-5421	5424-5424	5427-542A	542C-542F	5431-5431	5433-5436	543C-543D
Noto Sans JP	400	/fonts/served/noto-sans-jp-48-400-normal.woff2	50DD-50DF	50E1-50E6	50E8-50E9	50ED-50F6	50F9-50FB	50FE-50FE	5101-5103	5106-5109	510B-510E	5110-5110	5112-5112	5114-511E	5121-5121	5123-5123	5127-5128	512C-512D	512F-512F	5131-5131	5133-5135	5137-513C	513F-5142	5147-5147	514A-514A	514C-514C	514F-514F	5152-5155	5157-5158	515F-5160	5162-5162	5164-5164	5166-5167	5169-516A	516E-516E	5173-5174	5179-5179	517B-517B	517E-517E	5180-5180	5182-5184	5189-5189	518B-518C	518E-5191	5193-5193	5195-5196	5198-5198	519D-519D	51A1-51A4	51A6-51A6	51A9-51AB	51AD-51AD	51B0-51B3	51B5-51B5	51B8-51B8	51BA-51BA	51BC-51BF	51C2-51C3	51C5-51C5	51C8-51CB	51CF-51CF	51D1-51D6	51D8-51D8	51DE-51E0	51E2-51E2	51E5-51E5	51E7-51E7	51E9-51E9	51EC-51EE	51F2-51F5	51F7-51F7	51FE-51FE	5201-5202	5204-5205	520B-520B	520E-520E	5212-5216	5218-5218	5222-5222	5226-5228	522A-522B	522E-522E	5231-5233	5235-5235	523C-523C	5244-5245	5249-5249	524B-524C	524F-524F	5254-5255	5257-5258	525A-525A	525C-5261	5266-5266	5269-5269	526C-526C	526E-526E	5271-5271	5273-5274	5277-5279	527D-527D	527F-5280	5282-5285	5288-528A	528C-528C
Noto Sans JP	400	/fonts/served/noto-sans-jp-49-400-normal.woff2	4F57-4F58	4F5A-4F5B	4F5D-4F5F	4F63-4F64	4F69-4F6A	4F6C-4F6C	4F6E-4F71	4F76-4F7E	4F81-4F85	4F88-4F8A	4F8C-4F8C	4F8E-4F90	4F92-4F94	4F96-4F9A	4F9E-4FA0	4FAB-4FAB	4FAD-4FAD	4FAF-4FAF	4FB2-4FB2	4FB7-4FB7	4FB9-4FB9	4FBB-4FBE	4FC0-4FC1	4FC4-4FC6	4FC8-4FC9	4FCB-4FD4	4FD8-4FD8	4FDA-4FDC	4FDF-4FE0	4FE2-4FE2	4FE4-4FE6	4FEF-4FF2	4FF6-4FF6	4FFC-5002	5004-5007	500A-500A	500C-500C	500E-5011	5013-5014	5016-5018	501A-501E	5021-5023	5025-502A	502C-502E	5030-5030	5032-5033	5035-5035	5039-5039	503B-503B	5040-5043	5045-5048	504A-504A	504C-504C	504E-504E	5050-5053	5055-5057	5059-505A	505F-5060	5062-5063	5066-5067	506A-506A	506C-506D	5070-5072	5077-5078	5080-5081	5083-5086	5088-5088	508A-508A	508E-5090	5092-5096	509A-509C	509E-50A3	50AA-50AA	50AD-50AD	50AF-50B4	50B9-50BB	50BD-50BD	50C0-50C0	50C2-50C4	50C7-50C7	50C9-50CA	50CC-50CC	50CE-50CE	50D0-50D1	50D3-50D4	50D6-50D6	50D8-50D9	50DC-50DC
Noto Sans JP	400	/fonts/served/noto-sans-jp-50-400-normal.woff2	4093-4093	4103-4103	4105-4105	4148-4148	414F-414F	4163-4163	41B4-41B4	41BF-41BF	41E6-41E6	41EE-41EE	41F3-41F3	4207-4207	420E-420E	4264-4264	4293-4293	42C6-42C6	42D6-42D6	42DD-42DD	4302-4302	432B-432B	4343-4343	43EE-43EE	43F0-43F0	4408-4408	440C-440C	4417-4417	441C-441C	4422-4422	4453-4453	445B-445B	4476-4476	447A-447A	4491-4491	44B3-44B3	44BE-44BE	44D4-44D4	4508-4508	450D-450D	4525-4525	4543-4543	457A-457A	459D-459D	45B8-45B8	45BE-45BE	45E5-45E5	45EA-45EA	460F-4610	4641-4641	4665-4665	46A1-46A1	46AE-46AF	470C-470C	471F-471F	4764-4764	47E6-47E6	47FD-47FD	4816-4816	481E-481E	4844-4844	484E-484E	48B5-48B5	49B0-49B0	49E7-49E7	49FA-49FA	4A04-4A04	4A29-4A29	4ABC-4ABC	4B38-4B38	4B3B-4B3B	4B7E-4B7E	4BC2-4BC2	4BCA-4BCA	4BD2-4BD2	4BE8-4BE8	4C17-4C17	4C20-4C20	4C38-4C38	4CC4-4CC4	4CD1-4CD1	4CE1-4CE1	4D07-4D07	4D77-4D77	4E02-4E02	4E04-4E05	4E0C-4E0C	4E0F-4E12	4E15-4E15	4E17-4E17	4E19-4E19	4E1E-4E1F	4E23-4E24	4E28-4E2C	4E2E-4E31	4E35-4E37	4E3F-4E42	4E44-4E44	4E47-4E48	4E4D-4E4E	4E51-4E51	4E55-4E56	4E58-4E58	4E5A-4E5C	4E62-4E63	4E68-4E69	4E74-4E75	4E79-4E79	4E7F-4E7F	4E82-4E82	4E85-4E85	4E8A-4E8A	4E8D-4E8E	4E96-4E99	4E9D-4EA0	4EA2-4EA2	4EA5-4EA6	4EA8-4EA8	4EAF-4EB0	4EB3-4EB3	4EB6-4EB6	4EB9-4EB9	4EBB-4EBC	4EC2-4EC4	4EC6-4EC8	4ECD-4ECD	4ED0-4ED0	4ED7-4ED7	4EDA-4EDB	4EDD-4EE2	4EE8-4EE8	4EEB-4EEB	4EED-4EED	4EEF-4EEF	4EF1-4EF1	4EF3-4EF3	4EF5-4EF5	4EF7-4EF7	4EFC-4F00	4F02-4F03	4F08-4F09	4F0B-4F0D	4F12-4F12	4F15-4F17	4F19-4F19	4F1C-4F1C	4F2B-4F2B	4F2E-4F2E	4F30-4F31	4F33-4F33	4F35-4F37	4F39-4F39	4F3B-4F3B	4F3E-4F3E	4F40-4F40	4F42-4F43	4F48-4F49	4F4B-4F4C	4F52-4F52	4F54-4F54	4F56-4F56
Noto Sans JP	400	/fonts/served/noto-sans-jp-51-400-normal.woff2	3395-339B	339E-33A0	33A2-33FF	3402-3402	3405-3406	3427-3427	342C-342C	342E-342E	3468-3468	346A-346A	3488-3488	3492-3492	34B5-34B5	34BC-34BC	34C1-34C1	34C7-34C7	34DB-34DB	351F-351F	353E-353E	355D-355E	3563-3563	356E-356E	35A6-35A6	35A8-35A8	35C5-35C5	35DA-35DA	35DE-35DE	35F4-35F4	3605-3605	3614-3614	364A-364A	3691-3691	3696-3696	3699-3699	36CF-36CF	3761-3762	376B-376C	3775-3775	378D-378D	37C1-37C1	37E2-37E2	37E8-37E8	37F4-37F4	37FD-37FD	3800-3800	382F-382F	3836-3836	3840-3840	385C-385C	3861-3861	38A1-38A1	38AD-38AD	38FA-38FA	3917-3917	391A-391A	396F-396F	39A4-39A4	39B8-39B8	3A5C-3A5C	3A6E-3A6E	3A73-3A73	3A85-3A85	3AC4-3AC4	3ACB-3ACB	3AD6-3AD7	3AEA-3AEA	3AF3-3AF3	3B0E-3B0E	3B1A-3B1A	3B1C-3B1C	3B22-3B22	3B35-3B35	3B6D-3B6D	3B77-3B77	3B87-3B88	3B8D-3B8D	3BA4-3BA4	3BB6-3BB6	3BC3-3BC3	3BCD-3BCD	3BF0-3BF0	3BF3-3BF3	3C0F-3C0F	3C26-3C26	3CC3-3CC3	3CD2-3CD2	3D11-3D11	3D1E-3D1E	3D31-3D31	3D4E-3D4E	3D64-3D64	3D9A-3D9A	3DC0-3DC0	3DCC-3DCC	3DD4-3DD4	3E05-3E05	3E3F-3E40	3E60-3E60	3E66-3E66	3E68-3E68	3E83-3E83	3E8A-3E8A	3E94-3E94	3EDA-3EDA	3F57-3F57	3F72-3F72	3F75-3F75	3F77-3F77	3FAE-3FAE	3FB1-3FB1	3FC9-3FC9	3FD7-3FD7	3FDC-3FDC	4039-4039	4058-4058
Noto Sans JP	400	/fonts/served/noto-sans-jp-52-400-normal.woff2	32B5-332B	332D-3394
Noto Sans JP	400	/fonts/served/noto-sans-jp-53-400-normal.woff2	31C8-31E3	31F0-321E	3220-3230	3232-32B4
Noto Sans JP	400	/fonts/served/noto-sans-jp-54-400-normal.woff2	3028-303F	3094-3096	309F-30A0	30EE-30EE	30F7-30FA	30FF-30FF	3105-312F	3131-3163	3165-318E	3190-31BB	31C0-31C7
Noto Sans JP	400	/fonts/served/noto-sans-jp-55-400-normal.woff2	2F14-2FD5	2FF0-2FFB	3004-3004	3013-3013	3016-301B	301E-301E	3020-3027
Noto Sans JP	400	/fonts/served/noto-sans-jp-56-400-normal.woff2	25E4-25E6	2601-2603	2609-2609	260E-260F	2616-2617	261C-261F	262F-262F	2641-2641	2660-2660	2662-2664	2666-2668	266D-266E	2672-267D	26BD-26BE	2702-2702	271A-271A	273D-273D	2740-2740	2756-2756	2776-2793	27A1-27A1	2934-2935	29BF-29BF	29FA-29FB	2B05-2B07	2B1A-2B1A	2B95-2B95	2E3A-2E3B	2E80-2E99	2E9B-2EF3	2F00-2F13
Noto Sans JP	400	/fonts/served/noto-sans-jp-57-400-normal.woff2	24D1-24FF	2503-2513	2515-2516	2518-251B	251D-2522	2524-259F	25A2-25AB	25B1-25B1	25B7-25B7	25C0-25C1	25C9-25CA	25CC-25CC	25D0-25D3	25E2-25E3
Noto Sans JP	400	/fonts/served/noto-sans-jp-58-400-normal.woff2	2105-2105	2109-210A	210F-210F	2116-2116	2121-2121	2126-2127	212B-212B	212E-212E	2135-2135	213B-213B	2194-2199	21B8-21B9	21C4-21C6	21CB-21CC	21D0-21D0	21E6-21E9	21F5-21F5	2202-2203	2205-2206	2208-220B	220F-220F	2211-2211	2213-2213	2215-2215	221A-221A	221D-221D	2220-2220	2223-2223	2225-2226	2228-2228	222A-222E	2234-2237	223D-223D	2243-2243	2245-2245	2248-2248	224C-224C	2260-2260	2262-2262	2264-2265	226E-226F	2272-2273	2276-2277	2283-2287	228A-228B	2295-2299	22A0-22A0	22A5-22A5	22BF-22BF	22DA-22DB	22EF-22EF	2305-2307	2318-2318	2329-232A	23B0-23B1	23BE-23CC	23CE-23CE	23DA-23DB	2423-2423	2469-24D0
Noto Sans JP	400	/fonts/served/noto-sans-jp-59-400-normal.woff2	A1-A4	A6-A7	AA-AA	AC-AD	B5-B6	B8-BA	BC-C8	CA-CC	CE-D5	D9-DB	DD-DF	E6-E6	EE-EE	F0-F0	F5-F5	F7-F7	F9-F9	FB-FB	FE-102	110-113	11A-11B	128-12B	143-144	147-148	14C-14C	14E-14F	152-153	168-16D	192-192	1A0-1A1	1AF-1AF	1CD-1DC	1F8-1F9	251-251	261-261	2BB-2BB	2C7-2C7	2C9-2C9	2EA-2EB	304-304	307-307	30C-30C	1E3E-1E3F	1EA0-1EBE	1EC0-1EC6	1EC8-1EF9	2011-2012	2016-2016	2018-201A	201E-201E	2021-2021	2030-2030	2033-2033	2035-2035	2042-2042	2047-2047	2051-2051	2074-2074	20A9-20A9	20AB-20AC	20DD-20DE	2100-2100
Noto Sans JP	400	/fonts/served/noto-sans-jp-60-400-normal.woff2	2227-2227	26A0-26A0	2713-2713	301F-301F	4FF8-4FF8	5239-5239	526A-526A	54FA-54FA	5740-5740	5937-5937	5993-5993	59FB-59FB	5A3C-5A3C	5C41-5C41	6028-6028	626E-626E	646F-646F	647A-647A	64B0-64B0	64E2-64E2	65A7-65A7	66FE-66FE	6727-6727	6955-6955	6BEF-6BEF	6F23-6F23	724C-724C	767C-767C	7A83-7A83	7AC4-7AC4	7B67-7B67	8000-8000	8471-8471	8513-8513	8599-8599	86DB-86DB	8718-8718	87F2-87F2	88F3-88F3	8AD2-8AD2	8E2A-8E2A	8FA3-8FA3	95A5-95A5	9798-9798	9910-9910	9957-9957	9BAB-9BAB	9C3B-9C3B	9DAF-9DAF	FF95-FF95
Noto Sans JP	400	/fonts/served/noto-sans-jp-61-400-normal.woff2	A8-A8	2032-2032	2261-2261	2282-2282	3090-3090	30F1-30F1	339C-339C	535C-535C	53D9-53D9	56A2-56A2	56C1-56C1	5806-5806	589F-589F	59D0-59D0	5A7F-5A7F	60E0-60E0	639F-639F	65AF-65AF	68FA-68FA	69AE-69AE	6D1B-6D1B	6EF2-6EF2	71FB-71FB	725D-725D	7262-7262	75BC-75BC	7768-7768	7940-7940	79BF-79BF	7BED-7BED	7D68-7D68	7DFB-7DFB	814B-814B	8207-8207	83E9-83E9	8494-8494	8526-8526	8568-8568	85EA-85EA	86D9-86D9	87BA-87BA	8861-8861	887F-887F	8FE6-8FE6	9059-9059	9061-9061	916A-916A	976D-976D	97AD-97AD	9ECE-9ECE
Noto Sans JP	400	/fonts/served/noto-sans-jp-62-400-normal.woff2	2D9-2D9	21D4-21D4	301D-301D	515C-515C	52FE-52FE	5420-5420	5750-5750	5766-5766	5954-5954	5B95-5B95	5F8A-5F8A	5F98-5F98	620C-620C	621F-621F	641C-641C	66D9-66D9	676D-676D	6775-6775	67F5-67F5	694A-694A	6A02-6A02	6A3A-6A3A	6A80-6A80	6C23-6C23	6C72-6C72	6DCB-6DCB	6FAA-6FAA	707C-707C	71C8-71C8	7422-7422	74E2-74E2	7791-7791	7825-7825	7A14-7A14	7A1C-7A1C	7C95-7C95	7FC1-7FC1	82A5-82A5	82DB-82DB	8304-8304	853D-853D	8CD3-8CD3	8DE8-8DE8	8F0C-8F0C	8F3F-8F3F	9091-9091	91C7-91C7	929A-929A	98AF-98AF	9913-9913
Noto Sans JP	400	/fonts/served/noto-sans-jp-63-400-normal.woff2	2CA-2CB	2229-2229	2468-2468	2669-2669	266F-266F	273F-273F	4EC0-4EC0	4F60-4F60	4FB6-4FB6	5347-5347	540E-540E	543B-543B	5B0C-5B0C	5D4C-5D4C	5F14-5F14	5F9E-5F9E	6155-6155	62D0-62D0	6602-6602	6666-6666	66F3-66F3	67A2-67A2	67CA-67CA	69CC-69CC	6D29-6D29	6D9B-6D9B	6E3E-6E3E	6F81-6F81	7109-7109	73C0-73C0	73C2-73C2	7425-7425	7435-7436	7525-7525	7554-7554	785D-785D	786B-786B	7AE3-7AE3	7B94-7B94	7D18-7D18	81BF-81BF	8511-8511	8549-8549	9075-9075	9640-9640	98E2-98E2	9E9F-9E9F	FF96-FF96
Noto Sans JP	400	/fonts/served/noto-sans-jp-64-400-normal.woff2	2467-2467	4ECE-4ECE	4ED4-4ED4	4F91-4F91	4FAE-4FAE	534D-534D	53C9-53C9	54B3-54B3	586B-586B	5944-5944	5B78-5B78	5DF7-5DF7	5F77-5F77	6101-6101	6167-6168	61A4-61A4	62D9-62D9	698A-698A	699B-699B	6A59-6A59	6CC4-6CC4	6E07-6E07	7099-7099	75D2-75D2	77AD-77AD	7953-7953	7984-7984	7A92-7A92	7BAA-7BAA	7DBB-7DBB	817F-817F	82AD-82AD	85E9-85E9	868A-868A	8CAA-8CAA	8F44-8F44	9017-9017	907C-907C	908A-908A	92F3-92F3	936E-936E	9435-9435	978D-978D	9838-9838	9A28-9A28	9B41-9B41	9BA8-9BA8	9C57-9C57	9EB9-9EB9
Noto Sans JP	400	/fonts/served/noto-sans-jp-65-400-normal.woff2	B1-B1	309B-309B	4E5E-4E5E	51F1-51F1	5506-5506	55C5-55C5	58CC-58CC	59D1-59D1	5C51-5C51	5EF7-5EF7	6284-6284	62D7-62D7	6689-6689	673D-673D	6A2B-6A2B	6A8E-6A8E	6A9C-6A9C	6D63-6D63	6DD1-6DD1	70B8-70B8	7235-7235	72DB-72DB	72F8-72F8	7560-7560	7C9B-7C9B	7CE7-7CE7	7E1E-7E1E	80AF-80AF	82EB-82EB	8463-8463	8499-8499	85DD-85DD	86EE-86EE	8A60-8A60	8A6E-8A6E	8C79-8C79	8E87-8E87	8E8A-8E8A	8F5F-8F5F	9010-9010	918D-918D	9190-9190	965B-965B	97FB-97FB	9AB8-9AB8	9BAD-9BAD	9D3B-9D3B	9D5C-9D5C	9DFA-9DFA	9E93-9E93
Noto Sans JP	400	/fonts/served/noto-sans-jp-66-400-normal.woff2	2020-2020	3003-3003	3231-3231	4E9B-4E9B	4F3D-4F3D	4F47-4F47	51B6-51B6	51DC-51DC	53E1-53E1	5BC5-5BC5	602F-602F	60BC-60BC	61C9-61C9	633D-633D	637B-637B	6492-6492	65FA-65FA	660F-660F	66F0-66F0	6703-6703	681E-681E	6876-6876	6893-6893	6912-6912	698E-698E	6C7D-6C7D	714C-714C	7169-7169	71D5-71D5	725F-725F	72D7-72D7	745B-745B	74DC-74DC	75E2-75E2	7891-7891	7897-7897	7DCB-7DCB	810A-810A	8218-8218	8339-8339	840E-840E	852D-852D	8823-8823	8A0A-8A0A	9089-9089	919C-919C	971C-971C	9AD9-9AD9	FF4A-FF4A	FF5A-FF5A
Noto Sans JP	400	/fonts/served/noto-sans-jp-67-400-normal.woff2	2466-2466	2600-2600	4EAB-4EAB	4FE3-4FE3	4FF5-4FF5	51A5-51A5	51F0-51F0	536F-536F	53D4-53D4	53F1-53F1	54A5-54A5	559D-559D	55E3-55E3	58FA-58FA	5962-5962	59EA-59EA	5C16-5C16	5CEF-5CEF	5D16-5D16	5F10-5F10	5FD6-5FD6	6190-6190	6216-6216	634F-634F	63BB-63BB	66D6-66D6	6756-6756	6BC5-6BC5	6E26-6E26	727D-727D	731F-731F	76F2-76F2	7729-7729	7A7F-7A7F	7AFF-7AFF	7C9F-7C9F	818F-818F	8236-8236	82B9-82B9	8338-8338	85AA-85AA	88B4-88B4	8B33-8B33	904D-904D	93A7-93A7	96CC-96CC	96EB-96EB	9AED-9AED	9B8E-9B8E	FA11-FA11
Noto Sans JP	400	/fonts/served/noto-sans-jp-68-400-normal.woff2	251C-251C	2523-2523	4E14-4E14	545F-545F	54BD-54BD	553E-553E	55DC-55DC	56DA-56DA	589C-589C	5B55-5B55	5BB5-5BB5	5CE1-5CE1	5DF4-5DF4	5EB6-5EB6	5EC9-5EC9	6191-6191	62F7-62F7	6357-6357	64A5-64A5	6591-6591	65BC-65BC	6897-6897	6E1A-6E1A	7063-7063	711A-711A	721B-721B	722C-722C	75B9-75B9	75D5-75D5	75FA-75FA	7766-7766	7AAE-7AAE	7B48-7B48	7B8B-7B8B	7D21-7D21	7E55-7E55	7F75-7F75	842C-842C	8910-8910	8A63-8A63	8B39-8B39	8B5A-8B5A	8CDC-8CDC	8D74-8D74	907D-907D	91E7-91E7	9306-9306	96BC-96BC	98F4-98F4	9AC4-9AC4
Noto Sans JP	400	/fonts/served/noto-sans-jp-69-400-normal.woff2	2003-2003	2312-2312	266C-266C	4F86-4F86	51EA-51EA	5243-5243	5256-5256	541F-541F	5841-5841	59DC-59DC	5DF3-5DF3	601C-601C	60E7-60E7	632B-632B	638C-638C	64AD-64AD	6881-6881	697C-697C	69CD-69CD	6C50-6C50	6D2A-6D2A	6FC1-6FC1	7027-7027	7058-7058	70F9-70F9	714E-714E	7345-7345	751A-751A	760D-760D	764C-764C	77DB-77DB	7D79-7D79	7E8F-7E8F	80CE-80CE	814E-814E	81FC-81FC	8247-8247	8278-8278	85A9-85A9	8A03-8A03	90ED-90ED	9784-9784	9801-9801	984E-984E	99B3-99B3	9BC9-9BC9	9BDB-9BDB	9BE8-9BE8	9E78-9E78	FF6B-FF6B
Noto Sans JP	400	/fonts/served/noto-sans-jp-70-400-normal.woff2	266B-266B	3006-3006	5176-5176	5197-5197	51A8-51A8	51C6-51C6	52F2-52F2	5614-5614	5875-5875	5A2F-5A2F	5B54-5B54	5CE0-5CE0	5DBA-5DBA	5DEB-5DEB	5E63-5E63	5F59-5F59	5FCC-5FCC	6068-6068	6367-6367	68B6-68B6	6A0B-6A0B	6B64-6B64	6E15-6E15	6EBA-6EBA	7272-7272	72A0-72A0	7947-7947	7985-7985	79E6-79E6	79E9-79E9	7A3D-7A3D	7A9F-7A9F	7AAF-7AAF	7B95-7B95	7F60-7F60	7F9E-7F9E	7FE0-7FE0	8098-8098	80BA-80BA	8106-8106	82D4-82D4	831C-831C	87F9-87F9	8A1F-8A1F	8ACF-8ACF	90C1-90C1	920D-920D	9756-9756	FE43-FE43	FF94-FF94
Noto Sans JP	400	/fonts/served/noto-sans-jp-71-400-normal.woff2	AF-AF	2465-2465	2517-2517	33A1-33A1	4F10-4F10	50C5-50C5	51B4-51B4	5384-5384	5606-5606	5BB0-5BB0	5CAC-5CAC	5EE3-5EE3	618E-618E	61F2-61F2	62C9-62C9	66AB-66AB	66F9-66F9	6816-6816	6960-6960	6B3E-6B3E	6F20-6F20	7078-7078	72D0-72D0	73ED-73ED	7AD9-7AD9	7B1B-7B1B	7BE4-7BE4	7D62-7D62	7F51-7F51	80B4-80B4	80F4-80F4	8154-8154	85FB-85FB	865C-865C	8702-8702	895F-895F	8AED-8AED	8B90-8B90	8CED-8CED	8FBF-8FBF	91D8-91D8	9418-9418	9583-9583	9591-9591	9813-9813	982C-982C	9BD6-9BD6	FF46-FF46	FF7F-FF7F	FF88-FF88
Noto Sans JP	400	/fonts/served/noto-sans-jp-72-400-normal.woff2	4E91-4E91	508D-508D	50E7-50E7	514E-514E	51F6-51F6	5446-5446	5504-5504	584A-584A	59A8-59A8	59D3-59D3	5A46-5A46	5AC9-5AC9	6020-6020	60A6-60A6	6148-6148	621A-621A	6234-6234	64C1-64C1	6523-6523	675C-675C	67D1-67D1	6953-6953	6CCC-6CCC	6DF5-6DF5	6E13-6E13	6F06-6F06	723A-723A	7325-7325	74E6-74E6	758E-758E	75AB-75AB	75D9-75D9	7A40-7A40	8096-8096	82FA-82FA	8587-8587	8594-8594	8A6B-8A6B	8AB9-8AB9	8B17-8B17	8B83-8B83	937C-937C	963B-963B	9673-9673	96DB-96DB	9CE9-9CE9	9F4B-9F4B	FF67-FF67	FF82-FF82	FF93-FF93
Noto Sans JP	400	/fonts/served/noto-sans-jp-73-400-normal.woff2	221E-221E	2514-2514	51F9-51F9	5270-5270	5449-5449	5824-5824	59A5-59A5	5A29-5A29	5D07-5D07	5E16-5E16	60E3-60E3	614C-614C	6276-6276	643E-643E	64AB-64AB	6562-6562	6681-6681	670B-670B	6734-6734	67AF-67AF	6A3D-6A3D	6B05-6B05	6DC0-6DC0	6E4A-6E4A	7259-7259	732A-732A	7409-7409	78A7-78A7	7A6B-7A6B	8015-8015	809B-809B	817A-817A	830E-830E	837B-837B	85AB-85AB	8A23-8A23	8A93-8A93	8B00-8B00	8B19-8B19	8B21-8B21	8CBF-8CBF	8FB0-8FB0	901D-901D	91B8-91B8	9320-9320	932C-932C	9688-9688	96F6-96F6	9DF2-9DF2	FF6A-FF6A
Noto Sans JP	400	/fonts/served/noto-sans-jp-74-400-normal.woff2	2002-2002	2025-2025	4F8D-4F8D	51E1-51E1	51F8-51F8	5507-5507	5598-5598	58F1-58F1	5983-5983	59AC-59AC	5C3C-5C3C	5DE7-5DE7	5E7D-5E7D	5ECA-5ECA	5F61-5F61	606D-606D	60F9-60F9	636E-636E	64EC-64EC	67DA-67DA	67FF-67FF	6813-6813	68F2-68F2	693F-693F	6B6A-6B6A	6BBB-6BBB	6EF4-6EF4	7092-7092	717D-717D	7261-7261	73C8-73C8	7432-7432	7483-7483	76FE-76FE	7709-7709	78D0-78D0	81A3-81A3	81B3-81B3	82AF-82AF	8305-8305	8309-8309	8870-8870	88FE-88FE	8CD1-8CD1	8D66-8D66	906E-906E	971E-971E	9812-9812	FF79-FF79	FF90-FF90
Noto Sans JP	400	/fonts/served/noto-sans-jp-75-400-normal.woff2	2464-2464	2501-2501	2640-2640	2642-2642	339D-339D	4F0E-4F0E	5091-5091	50B5-50B5	5132-5132	51CC-51CC	558B-558B	55AA-55AA	585E-585E	5BEE-5BEE	5DFE-5DFE	60B6-60B6	62B9-62B9	6349-6349	6566-6566	6590-6590	6842-6842	689D-689D	6A58-6A58	6C70-6C70	6FF1-6FF1	7815-7815	7881-7881	7AAA-7AAA	7BC7-7BC7	7DEF-7DEF	7FA8-7FA8	8017-8017	8036-8036	8061-8061	821F-821F	8429-8429	8CE0-8CE0	8E74-8E74	9019-9019	90CA-90CA	9162-9162	932F-932F	93AE-93AE	9644-9644	990C-990C	9CF3-9CF3	FF56-FF56	FF6E-FF6E	FF7E-FF7E	FF85-FF85
Noto Sans JP	400	/fonts/served/noto-sans-jp-76-400-normal.woff2	2266-2267	4F2F-4F2F	5208-5208	5451-5451	546A-546A	5589-5589	576A-576A	5815-5815	5A9A-5A9A	5B9B-5B9B	5C3A-5C3A	5EFB-5EFB	5FAA-5FAA	6109-6109	6643-6643	6652-6652	695A-695A	69FD-69FD	6B86-6B86	6BB4-6BB4	6DAF-6DAF	7089-7089	70CF-70CF	7A00-7A00	7A4F-7A4F	7B39-7B39	7D33-7D33	80E1-80E1	828B-828B	82A6-82A6	86CD-86CD	8C8C-8C8C	8CCA-8CCA	8DF3-8DF3	9077-9077	9175-9175	91DC-91DC	925B-925B	9262-9262	9271-9271	92ED-92ED	9855-9855	9905-9905	9D28-9D28	FF3F-FF3F	FF58-FF58	FF68-FF68	FF6D-FF6D	FF9C-FF9C
Noto Sans JP	400	/fonts/served/noto-sans-jp-77-400-normal.woff2	2207-2207	25EF-25EF	309C-309C	4E4F-4E4F	5146-5146	51DD-51DD	5351-5351	540A-540A	5629-5629	5EB5-5EB5	5F04-5F04	5F13-5F13	60DC-60DC	6212-6212	63B4-63B4	642C-642C	6627-6627	66A6-66A6	66C7-66C7	66FD-66FD	674E-674E	6B96-6B96	6C4E-6C4E	6DF3-6DF3	6E67-6E67	6F84-6F84	72FC-72FC	733F-733F	7C97-7C97	7DB1-7DB1	7E4D-7E4D	816B-816B	82D1-82D1	84CB-84CB	854E-854E	8607-8607	86C7-86C7	871C-871C	8776-8776	8A89-8A89	8FC4-8FC4	91A4-91A4	9285-9285	9685-9685	9903-9903	9B31-9B31	9F13-9F13	FF42-FF42	FF74-FF74	FF91-FF91
Noto Sans JP	400	/fonts/served/noto-sans-jp-78-400-normal.woff2	4E32-4E32	51DB-51DB	53A8-53A8	53EA-53EA	5609-5609	5674-5674	5A92-5A92	5E7E-5E7E	6115-6115	611A-611A	62CC-62CC	62ED-62ED	63C9-63C9	64B9-64B9	64E6-64E6	65CB-65CB	6606-6606	6731-6731	683D-683D	6AFB-6AFB	7460-7460	771E-771E	78EF-78EF	7B26-7B26	7B51-7B51	7CDE-7CDE	7D10-7D10	7D2F-7D2F	7D46-7D46	80DE-80DE	819C-819C	84B2-84B2	85CD-85CD	865A-865A	8ECC-8ECC	9022-9022	90B8-90B8	9192-9192	9675-9675	96B7-96B7	99FF-99FF	FF44-FF44	FF55-FF55	FF6C-FF6C	FF73-FF73	FF75-FF75	FF86-FF86	FF8D-FF8D	FF92-FF92	FFE3-FFE3
Noto Sans JP	400	/fonts/served/noto-sans-jp-79-400-normal.woff2	25B3-25B3	30F5-30F5	4EAE-4EAE	4F46-4F46	4F51-4F51	5203-5203	52FF-52FF	55A7-55A7	564C-564C	565B-565B	57F9-57F9	5805-5805	5B64-5B64	5E06-5E06	5F70-5F70	5F90-5F90	60E8-60E8	6182-6182	62F3-62F3	62FE-62FE	63AA-63AA	64A4-64A4	65D7-65D7	673A-673A	6851-6851	68CB-68CB	68DF-68DF	6D1E-6D1E	6E58-6E58	6E9D-6E9D	77B3-77B3	7832-7832	7C3F-7C3F	7DB4-7DB4	7F70-7F70	80AA-80AA	80C6-80C6	8105-8105	819D-819D	8276-8276	8679-8679	8986-8986	8C9D-8C9D	8FC5-8FC5	916C-916C	9665-9665	9699-9699	96C0-96C0	9A19-9A19	FF8B-FF8B
Noto Sans JP	400	/fonts/served/noto-sans-jp-80-400-normal.woff2	2463-2463	25A1-25A1	4EF0-4EF0	5076-5076	5098-5098	51FD-51FD	5302-5302	5448-5448	54C9-54C9	570B-570B	583A-583A	5893-5893	58A8-58A8	58EE-58EE	5949-5949	5BDB-5BDB	5F26-5F26	5F81-5F81	6052-6052	6170-6170	61C7-61C7	631F-631F	635C-635C	664B-664B	69FB-69FB	6F01-6F01	7070-7070	722A-722A	745E-745E	755C-755C	76C6-76C6	78C1-78C1	79E4-79E4	7BB8-7BB8	7D0B-7D0B	81A8-81A8	82D7-82D7	8B5C-8B5C	8F14-8F14	8FB1-8FB1	8FBB-8FBB	9283-9283	9298-9298	9A30-9A30	FF03-FF03	FF50-FF50	FF59-FF59	FF7B-FF7B	FF8E-FF8F
Noto Sans JP	400	/fonts/served/noto-sans-jp-81-400-normal.woff2	2010-2010	2502-2502	25B6-25B6	4F3A-4F3A	514B-514B	5265-5265	52C3-52C3	5339-5339	53EC-53EC	54C0-54C0	55B0-55B0	5854-5854	5B8F-5B8F	5CB3-5CB3	5E84-5E84	60DA-60DA	6247-6247	6249-6249	628A-628A	62CD-62CD	65AC-65AC	6838-6838	690E-690E	6CF0-6CF0	6F02-6F02	6F2C-6F2C	6F70-6F70	708A-708A	7434-7434	75BE-75BE	77EF-77EF	7C60-7C60	7C98-7C98	7D1B-7D1B	7E2B-7E2B	80A5-80A5	81E3-81E3	820C-820C	8210-8210	8475-8475	862D-862D	8650-8650	8997-8997	906D-906D	91C8-91C8	9700-9700	9727-9727	9DF9-9DF9	FF3A-FF3A	FF9A-FF9A
Noto Sans JP	400	/fonts/served/noto-sans-jp-82-400-normal.woff2	2103-2103	5049-5049	52B1-52B1	5320-5320	5553-5553	572D-572D	58C7-58C7	5B5D-5B5D	5BC2-5BC2	5DE3-5DE3	5E61-5E61	5F80-5F80	61A9-61A9	67D0-67D0	67F4-67F4	6C88-6C88	6CA1-6CA1	6CE5-6CE5	6D78-6D78	6E9C-6E9C	6F54-6F54	731B-731B	73B2-73B2	74A7-74A7	74F6-74F6	75E9-75E9	7B20-7B20	7C8B-7C8B	7F72-7F72	809D-809D	8108-8108	82B3-82B3	82BD-82BD	84B8-84B8	84C4-84C4	88C2-88C2	8AE6-8AE6	8EF8-8EF8	902E-902E	9065-9065	9326-9326	935B-935B	938C-938C	9676-9676	9694-9694	96F7-96F7	9ED9-9ED9	FF48-FF48	FF4C-FF4C	FF81-FF81
Noto Sans JP	400	/fonts/served/noto-sans-jp-83-400-normal.woff2	2500-2500	3008-3009	4EAD-4EAD	4F0F-4F0F	4FCA-4FCA	53EB-53EB	543E-543E	57A2-57A2	5CF0-5CF0	5E8F-5E8F	5FE0-5FE0	61B2-61B2	62D8-62D8	6442-6442	64B2-64B2	6589-6589	659C-659C	67F1-67F1	68C4-68C4	6CB8-6CB8	6D12-6D12	6DE1-6DE1	6FE1-6FE1	70C8-70C8	723D-723D	73E0-73E0	7656-7656	773A-773A	7948-7948	7B87-7B87	7C92-7C92	7D3A-7D3A	7E1B-7E1B	7E4A-7E4A	819A-819A	8358-8358	83C5-83C5	84BC-84BC	864E-864E	8912-8912	8C9E-8C9E	8D05-8D05	92FC-92FC	9396-9396	98FD-98FD	99D2-99D2	FF64-FF64	FF7A-FF7A	FF83-FF83
Noto Sans JP	400	/fonts/served/noto-sans-jp-84-400-normal.woff2	3014-3015	4E3C-4E3C	5036-5036	5075-5075	533F-533F	53E9-53E9	5531-5531	5642-5642	5984-5984	59E6-59E6	5A01-5A01	5B6B-5B6B	5C0B-5C0B	5F25-5F25	6069-6069	60A0-60A0	614E-614E	62B5-62B5	62D2-62D3	6597-6597	660C-660C	674F-674F	67CF-67CF	6841-6841	6905-6905	6CF3-6CF3	6D32-6D32	6D69-6D69	6F64-6F64	716E-716E	7761-7761	7B52-7B52	7BE0-7BE0	7DBF-7DBF	7DE9-7DE9	7F36-7F36	81D3-81D3	8302-8302	8389-8389	846C-846C	84EE-84EE	8A69-8A69	9038-9038	9D8F-9D8F	FF47-FF47	FF4B-FF4B	FF76-FF76	FF9B-FF9B
Noto Sans JP	400	/fonts/served/noto-sans-jp-85-400-normal.woff2	25C7-25C7	3007-3007	504F-504F	507D-507D	51A0-51A0	52A3-52A3	5410-5410	5510-5510	559A-559A	5782-5782	582A-582A	5C0A-5C0A	5C3F-5C3F	5C48-5C48	5F6B-5F6B	6176-6176	622F-622F	6279-6279	62BD-62BD	62DD-62DD	65ED-65ED	67B6-67B6	6817-6817	6850-6850	6D6A-6D6A	6DEB-6DEB	6EA2-6EA2	6EDD-6EDD	6F5C-6F5C	72E9-72E9	73A9-73A9	7573-7573	76BF-76BF	7950-7950	7956-7956	7F8A-7F8A	7FFC-7FFC	80A2-80A2	80C3-80C3	83CA-83CA	8A02-8A02	8A13-8A13	8DF5-8DF5	9375-9375	983B-983B	99B4-99B4	FF4E-FF4E	FF71-FF71	FF89-FF89	FF97-FF97
Noto Sans JP	400	/fonts/served/noto-sans-jp-86-400-normal.woff2	24-24	2022-2022	2212-2212	221F-221F	2665-2665	4ECF-4ECF	5100-5100	51CD-51CD	52D8-52D8	5378-5378	53F6-53F6	574A-574A	5982-5982	5996-5996	5C1A-5C1A	5E1D-5E1D	5F84-5F84	609F-609F	61A7-61A7	61F8-61F8	6398-6398	63EE-63EE	6676-6676	6691-6691	6EB6-6EB6	7126-7126	71E5-71E5	7687-7687	7965-7965	7D17-7D17	80A1-80A1	8107-8107	8266-8266	85A6-85A6	8987-8987	8CA2-8CA2	8CAB-8CAB	8E0A-8E0A	9042-9042	95C7-95C7	9810-9810	9867-9867	98FC-98FC	FF52-FF54	FF61-FF61	FF77-FF77	FF98-FF99
Noto Sans JP	400	/fonts/served/noto-sans-jp-87-400-normal.woff2	B0-B0	226A-226A	2462-2462	4E39-4E39	4FC3-4FC3	4FD7-4FD7	50BE-50BE	50DA-50DA	5200-5200	5211-5211	54F2-54F2	5618-5618	596A-596A	5B22-5B22	5BB4-5BB4	5D50-5D50	60A3-60A3	63FA-63FA	658E-658E	65E8-65E8	6669-6669	6795-6795	679D-679D	67A0-67A0	6B3A-6B3A	6E09-6E09	757F-757F	7CD6-7CD6	7DBE-7DBE	7FFB-7FFB	83CC-83CC	83F1-83F1	840C-840C	845B-845B	8846-8846	8972-8972	8A34-8A34	8A50-8A50	8A87-8A87	8EDF-8EDF	8FF0-8FF0	90A6-90A6	9154-9154	95A3-95A3	9663-9663	9686-9686	96C7-96C7	FF3C-FF3C	FF7C-FF7C	FF8A-FF8A
Noto Sans JP	400	/fonts/served/noto-sans-jp-88-400-normal.woff2	25BD-25BD	4E59-4E59	4EC1-4EC1	4FF3-4FF3	515A-515A	518A-518A	525B-525B	5375-5375	552F-552F	57A3-57A3	5B9C-5B9C	5C3D-5C3D	5E3D-5E3D	5E7B-5E7B	5F0A-5F0A	6094-6094	6458-6458	654F-654F	67F3-67F3	6B8A-6B8A	6BD2-6BD2	6C37-6C37	6CE1-6CE1	6E56-6E56	6E7F-6E7F	6ED1-6ED1	6EDE-6EDE	6F0F-6F0F	70AD-70AD	7267-7267	7363-7363	786C-786C	7A42-7A42	7DB2-7DB2	7F85-7F85	8178-8178	829D-829D	8896-8896	8C5A-8C5A	8CB0-8CB0	8CE2-8CE2	8ED2-8ED2	9047-9047	9177-9177	970A-970A	9EA6-9EA6	FF1B-FF1B	FF31-FF31	FF39-FF39	FF80-FF80
Noto Sans JP	400	/fonts/served/noto-sans-jp-89-400-normal.woff2	A5-A5	4E80-4E80	4F34-4F34	4F73-4F73	4F75-4F75	511F-511F	5192-5192	52AA-52AA	53C8-53C8	570F-570F	57CB-57CB	596E-596E	5D8B-5D8B	5F66-5F66	5FD9-5FD9	62DB-62DB	62F6-62F6	6328-6328	633F-633F	63A7-63A7	6469-6469	6BBF-6BBF	6C41-6C41	6C57-6C57	6D44-6D44	6DBC-6DBC	706F-706F	72C2-72C2	72ED-72ED	7551-7551	75F4-75F4	7949-7949	7E26-7E26	7FD4-7FD4	8150-8150	8AF8-8AF8	8B0E-8B0E	8B72-8B72	8CA7-8CA7	934B-934B	9A0E-9A0E	9A12-9A12	9B42-9B42	FF41-FF41	FF43-FF43	FF45-FF45	FF49-FF49	FF4F-FF4F	FF62-FF63
Noto Sans JP	400	/fonts/served/noto-sans-jp-90-400-normal.woff2	4E18-4E18	4FB5-4FB5	5104-5104	52C7-52C7	5353-5353	5374-5374	53E5-53E5	587E-587E	594F-594F	5A20-5A20	5DE1-5DE1	5F18-5F18	5FCD-5FCD	6291-6291	62AB-62AB	6355-6355	6392-6392	63DA-63DA	63E1-63E1	656C-656C	6687-6687	68B0-68B1	68D2-68D2	68DA-68DA	6B27-6B27	6CBC-6CBC	7159-7159	7344-7344	73CD-73CD	76DF-76DF	790E-790E	7CF8-7CF8	8102-8102	88C1-88C1	8AA0-8AA0	8E0F-8E0F	9178-9178	92AD-92AD	9670-9670	96C5-96C5	9CF4-9CF4	9DB4-9DB4	FF3E-FF3E	FF6F-FF6F	FF72-FF72	FF78-FF78	FF7D-FF7D	FF84-FF84	FF8C-FF8C
Noto Sans JP	400	/fonts/served/noto-sans-jp-91-400-normal.woff2	60-60	2200-2200	226B-226B	2461-2461	517C-517C	526F-526F	5800-5800	5B97-5B97	5BF8-5BF8	5C01-5C01	5D29-5D29	5E4C-5E4C	5E81-5E81	6065-6065	61D0-61D0	667A-667A	6696-6696	6843-6843	6C99-6C99	6D99-6D99	6EC5-6EC5	6F22-6F22	6F6E-6F6E	6FA4-6FA4	6FEF-6FEF	71C3-71C3	72D9-72D9	7384-7384	78E8-78E8	7A1A-7A1A	7A32-7A32	7A3C-7A3C	7ADC-7ADC	7CA7-7CA7	7D2B-7D2B	7DAD-7DAD	7E4B-7E4B	80A9-80A9	8170-8170	81ED-81ED	820E-820E	8A17-8A17	8AFE-8AFE	90AA-90AA	914E-914E	963F-963F	99C4-99C4	9EBA-9EBA	9F3B-9F3B	FF38-FF38
Noto Sans JP	400	/fonts/served/noto-sans-jp-92-400-normal.woff2	2460-2460	4E5F-4E5F	4E7E-4E7E	4ED9-4ED9	501F-501F	502B-502B	5968-5968	5974-5974	5AC1-5AC1	5B99-5B99	5BA3-5BA3	5BE7-5BE7	5BE9-5BE9	5C64-5C64	5CB8-5CB8	5EC3-5EC3	5F1F-5F1F	616E-616E	6297-6297	62E0-62E0	62EC-62EC	6368-6368	642D-642D	65E6-65E6	6717-6717	676F-676F	6B04-6B04	732E-732E	7652-7652	76CA-76CA	76D7-76D7	7802-7802	7E70-7E70	7F6A-7F6A	8133-8133	81E8-81E8	866B-866B	878D-878D	88F8-88F8	8A5E-8A5E	8CDB-8CDB	8D08-8D08	907A-907A	90E1-90E1	96F2-96F2	9F8D-9F8D	FF35-FF35	FF37-FF37	FF40-FF40	FF9D-FF9D
Noto Sans JP	400	/fonts/served/noto-sans-jp-93-400-normal.woff2	21D2-21D2	25CE-25CE	300A-300B	4E89-4E89	4E9C-4E9C	4EA1-4EA1	5263-5263	53CC-53CC	5426-5426	5869-5869	5947-5947	598A-598A	5999-5999	5E55-5E55	5E72-5E72	5E79-5E79	5FAE-5FAE	5FB9-5FB9	602A-602A	6163-6163	624D-624D	6749-6749	6C5A-6C5A	6CBF-6CBF	6D45-6D45	6DFB-6DFB	6E7E-6E7E	708E-708E	725B-725B	7763-7763	79C0-79C0	7BC4-7BC4	7C89-7C89	7E01-7E01	7E2E-7E2E	8010-8010	8033-8033	8C6A-8C6A	8CC3-8CC3	8F1D-8F1D	8F9B-8F9B	8FB2-8FB2	907F-907F	90F7-90F7	9707-9707	9818-9818	9B3C-9B3C	FF0A-FF0A	FF4D-FF4D
Noto Sans JP	400	/fonts/served/noto-sans-jp-94-400-normal.woff2	2015-2015	2190-2190	4E43-4E43	5019-5019	5247-5247	52E7-52E7	5438-5438	54B2-54B2	55AB-55AB	57F7-57F7	5BD2-5BD2	5E8A-5E8A	5EF6-5EF6	6016-6016	60B2-60B2	6162-6162	6319-6319	6551-6551	6607-6607	66B4-66B4	675F-675F	67D4-67D4	6B20-6B20	6B53-6B53	6CE3-6CE3	719F-719F	75B2-75B2	770B-770B	7720-7720	77AC-77AC	79D2-79D2	7AF9-7AF9	7D05-7D05	7DCA-7DCA	8056-8056	80F8-80F8	81F3-81F3	8352-8352	885D-885D	8A70-8A70	8AA4-8AA4	8CBC-8CBC	900F-900F	9084-9084	91E3-91E3	9451-9451	96C4-96C4	99C6-99C6	9AD4-9AD4	FF70-FF70
Noto Sans JP	400	/fonts/served/noto-sans-jp-95-400-normal.woff2	2193-2193	25B2-25B2	4E4B-4E4B	516D-516D	51C4-51C4	529F-529F	52C9-52C9	5360-5360	5442-5442	5857-5857	5915-5915	59EB-59EB	5A9B-5A9B	5C3B-5C3B	6012-6012	61B6-61B6	62B1-62B1	6311-6311	6577-6577	65E2-65E2	65EC-65EC	6613-6613	6790-6790	6CB9-6CB9	7372-7372	76AE-76AE	7D5E-7D5E	7FCC-7FCC	88AB-88AB	88D5-88D5	8CAF-8CAF	8DDD-8DDD	8ECD-8ECD	8F38-8F38	8F9E-8F9E	8FEB-8FEB	9063-9063	90F5-90F5	93E1-93E1	968A-968A	968F-968F	98FE-98FE	9EC4-9EC4	FF1D-FF1D	FF27-FF27	FF2A-FF2A	FF36-FF36	FF3B-FF3B	FF3D-FF3D	FFE5-FFE5
Noto Sans JP	400	/fonts/served/noto-sans-jp-96-400-normal.woff2	4E03-4E03	4F38-4F38	50B7-50B7	5264-5264	5348-5348	5371-5371	585A-585A	58CA-58CA	5951-5951	59B9-59B9	59D4-59D4	5B98-5B98	5F8B-5F8B	6388-6388	64CD-64CD	65E7-65E7	6803-6803	6B6F-6B6F	6D66-6D66	6E0B-6E0B	6ECB-6ECB	6FC3-6FC3	72AC-72AC	773C-773C	77E2-77E2	7968-7968	7A74-7A74	7DBA-7DBA	7DD1-7DD1	7E3E-7E3E	808C-808C	811A-811A	8179-8179	8239-8239	8584-8584	8A0E-8A0E	8A72-8A72	8B66-8B66	8C46-8C46	8F29-8F29	90A3-90A3	9234-9234	96F0-96F0	9769-9769	9774-9774	9AA8-9AA8	FF26-FF26	FF28-FF28	FF9E-FF9F
Noto Sans JP	400	/fonts/served/noto-sans-jp-97-400-normal.woff2	7E-7E	B4-B4	25C6-25C6	2661-2661	4E92-4E92	4EEE-4EEE	4FFA-4FFA	5144-5144	5237-5237	5287-5287	52B4-52B4	58C1-58C1	5BFF-5BFF	5C04-5C04	5C06-5C06	5E95-5E95	5F31-5F31	5F93-5F93	63C3-63C3	640D-640D	6557-6557	6614-6614	662F-662F	67D3-67D3	690D-690D	6BBA-6BBA	6E6F-6E6F	72AF-72AF	732B-732B	7518-7518	7AE0-7AE0	7AE5-7AE5	7AF6-7AF6	822A-822A	89E6-89E6	8A3A-8A3A	8A98-8A98	8CB8-8CB8	8DE1-8DE1	8E8D-8E8D	95D8-95D8	961C-961C	96A3-96A3	96EA-96EA	9BAE-9BAE	FF20-FF20	FF22-FF22	FF29-FF29	FF2B-FF2C
Noto Sans JP	400	/fonts/served/noto-sans-jp-98-400-normal.woff2	25CB-25CB	4E71-4E71	4F59-4F59	50D5-50D5	520A-520A	5217-5217	5230-5230	523A-523B	541B-541B	5439-5439	5747-5747	59C9-59C9	5BDF-5BDF	5C31-5C31	5DE8-5DE8	5E7C-5E7C	5F69-5F69	6050-6050	60D1-60D1	63CF-63CF	663C-663C	67C4-67C4	6885-6885	6C38-6C38	6D6E-6D6E	6DB2-6DB2	6DF7-6DF7	6E2C-6E2C	6F5F-6F5F	7532-7532	76E3-76E4	7701-7701	793C-793C	79F0-79F0	7A93-7A93	7D00-7D00	7DE0-7DE0	7E54-7E54	8328-8328	8840-8840	969C-969C	96E8-96E8	9811-9811	9AEA-9AEA	9B5A-9B5A	FF24-FF24	FF2E-FF2E	FF57-FF57
Noto Sans JP	400	/fonts/served/noto-sans-jp-99-400-normal.woff2	2191-2191	505C-505C	52E4-52E4	5305-5305	535A-535A	56E0-56E0	59BB-59BB	5ACC-5ACC	5B09-5B09	5B87-5B87	5C90-5C90	5DF1-5DF1	5E2D-5E2D	5E33-5E33	5F3E-5F3E	6298-6298	6383-6383	653B-653B	6697-6697	6804-6804	6A39-6A39	6CCA-6CCA	6E90-6E90	6F2B-6F2B	702C-702C	7206-7206	7236-7236	7559-7559	7565-7565	7591-7591	75C7-75C7	75DB-75DB	7B4B-7B4B	7BB1-7BB1	7D99-7D99	7FBD-7FBD	8131-8131	885B-885B	8B1D-8B1D	8FF7-8FF7	9003-9003	9045-9045	96A0-96A0	9732-9732	990A-990A	99D0-99D0	9E97-9E97	9F62-9F62	FF25-FF25	FF2D-FF2D
Noto Sans JP	400	/fonts/served/noto-sans-jp-100-400-normal.woff2	4E08-4E08	4F9D-4F9D	5012-5012	514D-514D	51B7-51B7	5275-5275	53CA-53CA	53F8-53F8	5584-5584	57FC-57FC	5B9D-5B9D	5BFA-5BFA	5C3E-5C3E	5F01-5F01	5FB4-5FB4	5FD7-5FD7	606F-606F	62E1-62E1	6563-6563	6674-6674	6CB3-6CB3	6D3E-6D3E	6D74-6D74	6E1B-6E1B	6E2F-6E2F	718A-718A	7247-7247	79D8-79D8	7D14-7D14	7D66-7D66	7D71-7D71	7DF4-7DF4	7E41-7E41	80CC-80CC	8155-8155	83D3-83D3	8A95-8A95	8AB2-8AB2	8AD6-8AD6	8CA1-8CA1	9000-9000	9006-9006	9678-9678	97D3-97D3	9808-9808	98EF-98EF	9A5A-9A5A	9B45-9B45	FF23-FF23	FF30-FF30
Noto Sans JP	400	/fonts/served/noto-sans-jp-101-400-normal.woff2	25BC-25BC	3012-3012	4EF2-4EF2	4F0A-4F0A	516B-516B	5373-5373	539A-539A	53B3-53B3	559C-559C	56F0-56F0	5727-5727	5742-5742	5965-5965	59FF-59FF	5BC6-5BC6	5DFB-5DFB	5E45-5E45	5EAD-5EAD	5FB3-5FB3	6211-6211	6253-6253	639B-639B	63A8-63A8	6545-6545	6575-6575	6628-6628	672D-672D	68A8-68A8	6BDB-6BDB	6D25-6D25	707D-707D	767E-767E	7834-7834	7B46-7B46	7BC9-7BC9	8074-8074	82E6-82E6	8349-8349	8A2A-8A2A	8D70-8D70	8DA3-8DA3	8FCE-8FCE	91CC-91CC	967D-967D	97FF-97FF	9996-9996	FF1C-FF1C	FF2F-FF2F	FF32-FF32	FF34-FF34
Noto Sans JP	400	/fonts/served/noto-sans-jp-102-400-normal.woff2	3D-3D	5E-5E	25CF-25CF	4E0E-4E0E	4E5D-4E5D	4E73-4E73	4E94-4E94	4F3C-4F3C	5009-5009	5145-5145	51AC-51AC	5238-5238	524A-524A	53F3-53F3	547C-547C	5802-5802	5922-5922	5A66-5A66	5C0E-5C0E	5DE6-5DE6	5FD8-5FD8	5FEB-5FEB	6797-6797	685C-685C	6B7B-6B7B	6C5F-6C60	6CC9-6CC9	6CE2-6CE2	6D17-6D17	6E21-6E21	7167-7167	7642-7642	76DB-76DB	8001-8001	821E-821E	8857-8857	89D2-89D2	8B1B-8B1B	8B70-8B70	8CB4-8CB4	8CDE-8CDE	8F03-8F03	8F2A-8F2A	968E-968E	9B54-9B54	9E7F-9E7F	9EBB-9EBB	FF05-FF05	FF33-FF33
Noto Sans JP	400	/fonts/served/noto-sans-jp-103-400-normal.woff2	500D-500D	5074-5074	50CD-50CD	5175-5175	52E2-52E2	5352-5352	5354-5354	53F2-53F2	5409-5409	56FA-56FA	5A18-5A18	5B88-5B88	5BDD-5BDD	5CA9-5CA9	5F92-5F92	5FA9-5FA9	60A9-60A9	623F-623F	6483-6483	653F-653F	666F-666F	66AE-66AE	66F2-66F2	6A21-6A21	6B66-6B66	6BCD-6BCD	6D5C-6D5C	796D-796D	7A4D-7A4D	7AEF-7AEF	7B56-7B56	7B97-7B97	7C4D-7C4D	7E04-7E04	7FA9-7FA9	8377-8377	83DC-83DC	83EF-83EF	8535-8535	8863-8863	88CF-88CF	88DC-88DC	8907-8907	8ACB-8ACB	90CE-90CE	91DD-91DD	FF0B-FF0B	FF0D-FF0D	FF19-FF19	FF65-FF65
Noto Sans JP	400	/fonts/served/noto-sans-jp-104-400-normal.woff2	4E01-4E01	4E21-4E21	4E38-4E38	52A9-52A9	547D-547D	592E-592E	5931-5931	5B63-5B63	5C40-5C40	5DDE-5DDE	5E78-5E78	5EFA-5EFA	5FA1-5FA1	604B-604B	6075-6075	62C5-62C5	632F-632F	6A19-6A19	6C0F-6C0F	6C11-6C11	6C96-6C96	6E05-6E05	70BA-70BA	71B1-71B1	7387-7387	7403-7403	75C5-75C5	77ED-77ED	795D-795D	7B54-7B54	7CBE-7CBE	7D19-7D19	7FA4-7FA4	8089-8089	81F4-81F4	8208-8208	8336-8336	8457-8457	8A33-8A33	8C4A-8C4A	8CA0-8CA0	8CA8-8CA8	8CC0-8CC0	9014-9014	964D-964D	9803-9803	983C-983C	98DB-98DB	FF17-FF17	FF21-FF21
Noto Sans JP	400	/fonts/served/noto-sans-jp-105-400-normal.woff2	25-25	25A0-25A0	4E26-4E26	4F4E-4F4E	5341-5341	56F2-56F2	5BBF-5BBF	5C45-5C45	5C55-5C55	5C5E-5C5E	5DEE-5DEE	5E9C-5E9C	5F7C-5F7C	6255-6255	627F-627F	62BC-62BC	65CF-65CF	661F-661F	666E-666E	66DC-66DC	67FB-67FB	6975-6975	6A4B-6A4B	6B32-6B32	6DF1-6DF1	6E29-6E29	6FC0-6FC0	738B-738B	7686-7686	7A76-7A76	7A81-7A81	7C73-7C73	7D75-7D75	7DD2-7DD2	82E5-82E5	82F1-82F1	85AC-85AC	888B-888B	899A-899A	8A31-8A31	8A8C-8A8C	8AB0-8AB0	8B58-8B58	904A-904A	9060-9060	9280-9280	95B2-95B2	984D-984D	9CE5-9CE5	FF18-FF18
Noto Sans JP	400	/fonts/served/noto-sans-jp-106-400-normal.woff2	30F6-30F6	50AC-50AC	5178-5178	51E6-51E6	5224-5224	52DD-52DD	5883-5883	5897-5897	590F-590F	5A5A-5A5A	5BB3-5BB3	5C65-5C65	5E03-5E03	5E2B-5E2B	5E30-5E30	5EB7-5EB7	6271-6271	63F4-63F4	64AE-64AE	6574-6574	672B-672B	679A-679A	6A29-6A2A	6CA2-6CA2	6CC1-6CC1	6D0B-6D0B	713C-713C	74B0-74B0	7981-7981	7A0B-7A0B	7BC0-7BC0	7D1A-7D1A	7D61-7D61	7FD2-7FD2	822C-822C	8996-8996	89AA-89AA	8CAC-8CAC	8CBB-8CBB	8D77-8D77	8DEF-8DEF	9020-9020	9152-9152	9244-9244	9662-9662	967A-967A	96E3-96E3	9759-9759	FF16-FF16
Noto Sans JP	400	/fonts/served/noto-sans-jp-107-400-normal.woff2	23-23	3C-3C	2192-2192	4E45-4E45	4EFB-4EFB	4F50-4F50	4F8B-4F8B	4FC2-4FC2	5024-5024	5150-5150	5272-5272	5370-5370	53BB-53BB	542B-542B	56DB-56DB	56E3-56E3	57CE-57CE	5BC4-5BC4	5BCC-5BCC	5F71-5F71	60AA-60AA	6238-6238	6280-6280	629C-629C	6539-6539	66FF-66FF	670D-670D	677E-677F	6839-6839	69CB-69CB	6B4C-6B4C	6BB5-6BB5	6E96-6E96	6F14-6F14	72EC-72EC	7389-7389	7814-7814	79CB-79CB	79D1-79D1	79FB-79FB	7A0E-7A0E	7D0D-7D0D	85E4-85E4	8D64-8D64	9632-9632	96E2-96E2	9805-9805	99AC-99AC	FF1E-FF1E
Noto Sans JP	400	/fonts/served/noto-sans-jp-108-400-normal.woff2	2605-2606	301C-301C	4E57-4E57	4FEE-4FEE	5065-5065	52DF-52DF	533B-533B	5357-5357	57DF-57DF	58EB-58EB	58F0-58F0	591C-591C	592A-592B	5948-5948	5B85-5B85	5D0E-5D0E	5EA7-5EA7	5FF5-5FF5	6025-6025	63A1-63A1	63A5-63A5	63DB-63DB	643A-643A	65BD-65BD	671D-671D	68EE-68EE	6982-6982	6B73-6B73	6BD4-6BD4	6D88-6D88	7570-7570	7B11-7B11	7D76-7D76	8077-8077	8217-8217	8C37-8C37	8C61-8C61	8CC7-8CC7	8D85-8D85	901F-901F	962A-962A	9802-9802	9806-9806	9854-9854	98F2-98F2	9928-9928	99C5-99C5	9ED2-9ED2
Noto Sans JP	400	/fonts/served/noto-sans-jp-109-400-normal.woff2	266A-266A	4F11-4F11	533A-533A	5343-5343	534A-534A	53CD-53CD	5404-5404	56F3-56F3	5B57-5B58	5BAE-5BAE	5C4A-5C4A	5E0C-5E0C	5E2F-5E2F	5EAB-5EAB	5F35-5F35	5F79-5F79	614B-614B	6226-6226	629E-629E	65C5-65C5	6625-6625	6751-6751	6821-6821	6B69-6B69	6B8B-6B8B	6BCE-6BCE	6C42-6C42	706B-706B	7C21-7C21	7CFB-7CFB	805E-805E	80B2-80B2	82B8-82B8	843D-843D	8853-8853	88C5-88C5	8A3C-8A3C	8A66-8A66	8D8A-8D8A	8FBA-8FBA	9069-9069	91CF-91CF	9752-9752	975E-975E	9999-9999	FF0F-FF10	FF14-FF15
Noto Sans JP	400	/fonts/served/noto-sans-jp-110-400-normal.woff2	40-40	4E86-4E86	4E95-4E95	4F01-4F01	4F1D-4F1D	4FBF-4FBF	5099-5099	5171-5171	5177-5177	53CB-53CB	53CE-53CE	53F0-53F0	5668-5668	5712-5712	5BA4-5BA4	5CA1-5CA1	5F85-5F85	60F3-60F3	653E-653E	65AD-65AD	65E9-65E9	6620-6620	6750-6750	6761-6761	6B62-6B62	6B74-6B74	6E08-6E08	6E80-6E80	7248-7248	7531-7531	7533-7533	753A-753A	77F3-77F3	798F-798F	7F6E-7F6E	8449-8449	88FD-88FD	89B3-89B3	8A55-8A55	8AC7-8AC7	8B77-8B77	8DB3-8DB3	8EFD-8EFD	8FD4-8FD4	9031-9032	9580-9580	9589-9589	96D1-96D1	985E-985E
Noto Sans JP	400	/fonts/served/noto-sans-jp-111-400-normal.woff2	2B-2B	D7-D7	300E-300F	4E07-4E07	4E8C-4E8C	512A-512A	5149-5149	518D-518D	5236-5236	52B9-52B9	52D9-52D9	5468-5468	578B-578B	57FA-57FA	5B8C-5B8C	5BA2-5BA2	5C02-5C02	5DE5-5DE5	5F37-5F37	5F62-5F62	623B-623B	63D0-63D0	652F-652F	672A-672A	6848-6848	6D41-6D41	7136-7136	7537-7537	754C-754C	76F4-76F4	79C1-79C1	7BA1-7BA1	7D44-7D44	7D4C-7D4C	7DCF-7DCF	7DDA-7DDA	7DE8-7DE8	82B1-82B1	897F-897F	8CA9-8CA9	8CFC-8CFC	904E-904E	9664-9664	982D-982D	9858-9858	98A8-98A8	9A13-9A13	FF13-FF13	FF5C-FF5C
Noto Sans JP	400	/fonts/served/noto-sans-jp-112-400-normal.woff2	4E16-4E16	4E3B-4E3B	4EA4-4EA4	4EE4-4EE4	4F4D-4F4D	4F4F-4F4F	4F55-4F55	4F9B-4F9B	5317-5317	5358-5358	53C2-53C2	53E4-53E4	548C-548C	571F-571F	59CB-59CB	5CF6-5CF6	5E38-5E38	63A2-63A2	63B2-63B2	6559-6559	662D-662D	679C-679C	6C7A-6C7A	72B6-72B6	7523-7523	767D-767D	770C-770C	7A2E-7A2E	7A3F-7A3F	7A7A-7A7A	7B2C-7B2C	7B49-7B49	7D20-7D20	7D42-7D42	8003-8003	8272-8272	8A08-8A08	8AAC-8AAC	8CB7-8CB7	8EAB-8EAB	8EE2-8EE2	9054-9055	90FD-90FD	914D-914D	91CD-91CD	969B-969B	97F3-97F3	984C-984C	FF06-FF06
Noto Sans JP	400	/fonts/served/noto-sans-jp-113-400-normal.woff2	26-26	5F-5F	2026-2026	203B-203B	4E09-4E09	4EAC-4EAC	4ED5-4ED5	4FA1-4FA1	5143-5143	5199-5199	5207-5207	539F-539F	53E3-53E3	53F7-53F7	5411-5411	5473-5473	5546-5546	55B6-55B6	5929-5929	597D-597D	5BB9-5BB9	5C11-5C11	5C4B-5C4B	5DDD-5DDD	5F97-5F97	5FC5-5FC5	6295-6295	6301-6301	6307-6307	671B-671B	76F8-76F8	78BA-78BA	795E-795E	7D30-7D30	7D39-7D39	7D9A-7D9A	89E3-89E3	8A00-8A00	8A73-8A73	8A8D-8A8D	8A9E-8A9E	8AAD-8AAD	8ABF-8ABF	8CEA-8CEA	8ECA-8ECA	8FFD-8FFD	904B-904B	9650-9650	FF11-FF12
Noto Sans JP	400	/fonts/served/noto-sans-jp-114-400-normal.woff2	3E-3E	3005-3005	4E0D-4E0D	4E88-4E88	4ECB-4ECB	4EE3-4EE3	4EF6-4EF6	4FDD-4FDD	4FE1-4FE1	500B-500B	50CF-50CF	5186-5186	5316-5316	53D7-53D7	540C-540C	544A-544A	54E1-54E1	5728-5728	58F2-58F2	5973-5973	5B89-5B89	5C71-5C71	5E02-5E02	5E97-5E97	5F15-5F15	5FC3-5FC3	5FDC-5FDC	601D-601D	611B-611B	611F-611F	671F-671F	6728-6728	6765-6765	683C-683C	6B21-6B21	6CE8-6CE8	6D3B-6D3B	6D77-6D77	7530-7530	7740-7740	7ACB-7ACB	7D50-7D50	826F-826F	8F09-8F09	8FBC-8FBC	9001-9001	9053-9053	91CE-91CE	9762-9762	98DF-98DF
Noto Sans JP	400	/fonts/served/noto-sans-jp-115-400-normal.woff2	7C-7C	3080-3080	4EE5-4EE5	5148-5148	516C-516C	521D-521D	5225-5225	529B-529B	52A0-52A0	53EF-53EF	56DE-56DE	56FD-56FD	5909-5909	591A-591A	5B66-5B66	5B9F-5B9F	5BB6-5BB6	5BFE-5BFE	5E73-5E73	5E83-5E83	5EA6-5EA6	5F53-5F53	6027-6027	610F-610F	6210-6210	6240-6240	660E-660E	66F4-66F4	66F8-66F8	6709-6709	6771-6771	697D-697D	69D8-69D8	6A5F-6A5F	6C34-6C34	6CBB-6CBB	73FE-73FE	756A-756A	7684-7684	771F-771F	793A-793A	7F8E-7F8E	898F-898F	8A2D-8A2D	8A71-8A71	8FD1-8FD1	9078-9078	9577-9577	96FB-96FB	FF5E-FF5E
Noto Sans JP	400	/fonts/served/noto-sans-jp-116-400-normal.woff2	A9-A9	3010-3011	30E2-30E2	4E0B-4E0B	4ECA-4ECA	4ED6-4ED6	4ED8-4ED8	4F53-4F53	4F5C-4F5C	4F7F-4F7F	53D6-53D6	540D-540D	54C1-54C1	5730-5730	5916-5916	5B50-5B50	5C0F-5C0F	5F8C-5F8C	624B-624B	6570-6570	6587-6587	6599-6599	691C-691C	696D-696D	6CD5-6CD5	7269-7269	7279-7279	7406-7406	767A-767B	77E5-77E5	7D04-7D04	7D22-7D22	8005-8005	80FD-80FD	81EA-81EA	8868-8868	8981-8981	89A7-89A7	901A-901A	9023-9023	90E8-90E8	91D1-91D1	9332-9332	958B-958B	96C6-96C6	9AD8-9AD8	FF1A-FF1A	FF1F-FF1F
Noto Sans JP	400	/fonts/served/noto-sans-jp-117-400-normal.woff2	4E-4E	A0-A0	3000-3000	300C-300D	4E00-4E00	4E0A-4E0A	4E2D-4E2D	4E8B-4E8B	4EBA-4EBA	4F1A-4F1A	5165-5165	5168-5168	5185-5185	51FA-51FA	5206-5206	5229-5229	524D-524D	52D5-52D5	5408-5408	554F-554F	5831-5831	5834-5834	5927-5927	5B9A-5B9A	5E74-5E74	5F0F-5F0F	60C5-60C5	65B0-65B0	65B9-65B9	6642-6642	6700-6700	672C-672C	682A-682A	6B63-6B63	6C17-6C17	7121-7121	751F-751F	7528-7528	753B-753B	76EE-76EE	793E-793E	884C-884C	898B-898B	8A18-8A18	9593-9593	95A2-95A2	FF01-FF01	FF08-FF09
Noto Sans JP	400	/fonts/served/noto-sans-jp-118-400-normal.woff2	21-22	27-2A	2C-3B	3F-3F	41-4D	4F-5D	61-7B	7D-7D	AB-AB	AE-AE	B2-B3	B7-B7	BB-BB	C9-C9	CD-CD	D6-D6	D8-D8	DC-DC	E0-E5	E7-ED	EF-EF	F1-F4	F6-F6	F8-F8	FA-FA	FC-FD	103-103	14D-14D	1B0-1B0	300-301	1EBF-1EBF	1EC7-1EC7	2013-2014	201C-201D	2039-203A	203C-203C	2048-2049	2113-2113	2122-2122	65E5-65E5	6708-6708	70B9-70B9
Noto Sans JP	400	/fonts/served/noto-sans-jp-119-400-normal.woff2	20-20	2027-2027	3001-3002	3041-307F	3081-308F	3091-3093	3099-309A	309D-309E	30A1-30E1	30E3-30ED	30EF-30F0	30F2-30F4	30FB-30FE	FF0C-FF0C	FF0E-FF0E
Noto Sans JP	700	/fonts/served/noto-sans-jp-0-700-normal.woff2	25EE8-25EE8	25F23-25F23	25F5C-25F5C	25FD4-25FD4	25FE0-25FE0	25FFB-25FFB	2600C-2600C	26017-26017	26060-26060	260ED-260ED	26222-26222	2626A-2626A	26270-26270	26286-26286	2634C-2634C	26402-26402	2667E-2667E	266B0-266B0	2671D-2671D	268DD-268DD	268EA-268EA	26951-26951	2696F-2696F	26999-26999	269DD-269DD	26A1E-26A1E	26A58-26A58	26A8C-26A8C	26AB7-26AB7	26AFF-26AFF	26C29-26C29	26C73-26C73	26C9E-26C9E	26CDD-26CDD	26E40-26E40	26E65-26E65	26F94-26F94	26FF6-26FF8	270F4-270F4	2710D-2710D	27139-27139	273DA-273DB	273FE-273FE	27410-27410	27449-27449	27614-27615	27631-27631	27684-27684	27693-27693	2770E-2770E	27723-27723	27752-27752	278B2-278B2	27985-27985	279B4-279B4	27A84-27A84	27BB3-27BB3	27BBE-27BBE	27BC7-27BC7	27C3C-27C3C	27CB8-27CB8	27D73-27D73	27DA0-27DA0	27E10-27E10	27EAF-27EAF	27FB7-27FB7	2808A-2808A	280BB-280BB	28277-28277	28282-28282	282F3-282F3	283CD-283CD	2840C-2840C	28455-28455	284DC-284DC	2856B-2856B	285C8-285C9	286D7-286D7	286FA-286FA	28946-28946	28949-28949	2896B-2896B	28987-28988	289BA-289BB	28A1E-28A1E	28A29-28A29	28A43-28A43	28A71-28A71	28A99-28A99	28ACD-28ACD	28ADD-28ADD	28AE4-28AE4	28BC1-28BC1	28BEF-28BEF	28CDD-28CDD	28D10-28D10	28D71-28D71	28DFB-28DFB	28E0F-28E0F	28E17-28E17	28E1F-28E1F	28E36-28E36	28E89-28E89	28EEB-28EEB	28EF6-28EF6	28F32-28F32	28FF8-28FF8	292A0-292A0	292B1-292B1	29490-29490	295CF-295CF	2967F-2967F	296F0-296F0	29719-29719	29750-29750	29810-29810	298C6-298C6	29A72-29A72	29D4B-29D4B	29DDB-29DDB	29E15-29E15	29E3D-29E3D	29E49-29E49	29E8A-29E8A	29EC4-29EC4	29EDB-29EDB	29EE9-29EE9	29FCE-29FCE	29FD7-29FD7	2A01A-2A01A	2A02F-2A02F	2A082-2A082	2A0F9-2A0F9	2A190-2A190	2A2B2-2A2B2	2A38C-2A38C	2A437-2A437	2A5F1-2A5F1	2A602-2A602	2A61A-2A61A	2A6B2-2A6B2	2A9E6-2A9E6	2B746-2B746	2B751-2B751	2B753-2B753	2B75A-2B75A	2B75C-2B75C	2B765-2B765	2B776-2B777	2B77C-2B77C	2B782-2B782	2B789-2B789	2B78B-2B78B	2B78E-2B78E	2B794-2B794	2B7AC-2B7AC	2B7AF-2B7AF	2B7BD-2B7BD	2B7C9-2B7C9	2B7CF-2B7CF	2B7D2-2B7D2	2B7D8-2B7D8	2B7F0-2B7F0	2B80D-2B80D	2B817-2B817	2B81A-2B81A	2D544-2D544	2E278-2E278	2E569-2E569	2E6EA-2E6EA	2F804-2F804	2F80F-2F80F	2F815-2F815	2F818-2F818	2F81A-2F81A	2F822-2F822	2F828-2F828	2F82C-2F82C	2F833-2F833	2F83F-2F83F	2F846-2F846	2F852-2F852	2F862-2F862	2F86D-2F86D	2F873-2F873	2F877-2F877	2F884-2F884	2F899-2F89A	2F8A6-2F8A6	2F8AC-2F8AC	2F8B2-2F8B2	2F8B6-2F8B6	2F8D3-2F8D3	2F8DB-2F8DC	2F8E1-2F8E1	2F8E5-2F8E5	2F8EA-2F8EA	2F8ED-2F8ED	2F8FC-2F8FC	2F903-2F903	2F90B-2F90B	2F90F-2F90F	2F91A-2F91A	2F920-2F921	2F945-2F945	2F947-2F947	2F96C-2F96C	2F995-2F995	2F9D0-2F9D0	2F9DE-2F9DF	2F9F4-2F9F4
Noto Sans JP	700	/fonts/served/noto-sans-jp-1-700-normal.woff2	1F235-1F23B	1F240-1F248	1F250-1F251	2000B-2000B	20089-2008A	200A2-200A2	200A4-200A4	200B0-200B0	200F5-200F5	20158-20158	201A2-201A2	20213-20213	2032B-2032B	20371-20371	20381-20381	203F9-203F9	2044A-2044A	20509-20509	2053F-2053F	205B1-205B1	205D6-205D6	20611-20611	20628-20628	206EC-206EC	2074F-2074F	207C8-207C8	20807-20807	2083A-2083A	208B9-208B9	2090E-2090E	2097C-2097C	20984-20984	2099D-2099D	20A64-20A64	20AD3-20AD3	20B1D-20B1D	20B9F-20B9F	20BB7-20BB7	20D45-20D45	20D58-20D58	20DE1-20DE1	20E64-20E64	20E6D-20E6D	20E95-20E95	20F5F-20F5F	21201-21201	2123D-2123D	21255-21255	21274-21274	2127B-2127B	212D7-212D7	212E4-212E4	212FD-212FD	2131B-2131B	21336-21336	21344-21344	213C4-213C4	2146D-2146E	215D7-215D7	21647-21647	216B4-216B4	21706-21706	21742-21742	218BD-218BD	219C3-219C3	21A1A-21A1A	21C56-21C56	21D2D-21D2D	21D45-21D45	21D62-21D62	21D78-21D78	21D92-21D92	21D9C-21D9C	21DA1-21DA1	21DB7-21DB7	21DE0-21DE0	21E33-21E34	21F1E-21F1E	21F76-21F76	21FFA-21FFA	2217B-2217B	22218-22218	2231E-2231E	223AD-223AD	22609-22609	226F3-226F3	2285B-2285B	228AB-228AB	2298F-2298F	22AB8-22AB8	22B46-22B46	22B4F-22B50	22BA6-22BA6	22C1D-22C1D	22C24-22C24	22DE1-22DE1	22E42-22E42	22FEB-22FEB	231B6-231B6	231C3-231C4	231F5-231F5	23372-23372	233CC-233CC	233D0-233D0	233D2-233D3	233D5-233D5	233DA-233DA	233DF-233DF	233E4-233E4	233FE-233FE	2344A-2344B	23451-23451	23465-23465	234E4-234E4	2355A-2355A	23594-23594	235C4-235C4	23638-2363A	23647-23647	2370C-2370C	2371C-2371C	2373F-2373F	23763-23764	237E7-237E7	237F1-237F1	237FF-237FF	23824-23824	2383D-2383D	23A98-23A98	23C7F-23C7F	23CBE-23CBE	23CFE-23CFE	23D00-23D00	23D0E-23D0E	23D40-23D40	23DD3-23DD3	23DF9-23DFA	23F7E-23F7E	2404B-2404B	24096-24096	24103-24103	241C6-241C6	241FE-241FE	242EE-242EE	243BC-243BC	243D0-243D0	24629-24629	246A5-246A5	247F1-247F1	24896-24896	248E9-248E9	24A4D-24A4D	24B56-24B56	24B6F-24B6F	24C16-24C16	24D14-24D14	24E04-24E04	24E0E-24E0E	24E37-24E37	24E6A-24E6A	24E8B-24E8B	24FF2-24FF2	2504A-2504A	25055-25055	25122-25122	251A9-251A9	251CD-251CD	251E5-251E5	2521E-2521E	2524C-2524C	2542E-2542E	2548E-2548E	254D9-254D9	2550E-2550E	255A7-255A7	2567F-2567F	25771-25771	257A9-257A9	257B4-257B4	25874-25874	259C4-259C4	259CC-259CC	259D4-259D4	25AD7-25AD7	25AE3-25AE4	25AF1-25AF1	25BB2-25BB2	25C4B-25C4B	25C64-25C64	25DA1-25DA1	25E2E-25E2E	25E56-25E56	25E62-25E62	25E65-25E65	25EC2-25EC2	25ED8-25ED8
Noto Sans JP	700	/fonts/served/noto-sans-jp-2-700-normal.woff2	FFD7-FFD7	FFDA-FFDC	FFE0-FFE2	FFE4-FFE4	FFE6-FFE6	FFE8-FFEE	1F100-1F10C	1F110-1F16C	1F170-1F1AC	1F200-1F202	1F210-1F234
Noto Sans JP	700	/fonts/served/noto-sans-jp-3-700-normal.woff2	FA10-FA10	FA12-FA6D	FB00-FB04	FE10-FE19	FE30-FE42	FE44-FE52	FE54-FE66	FE68-FE6B	FF02-FF02	FF04-FF04	FF07-FF07	FF51-FF51	FF5B-FF5B	FF5D-FF5D	FF5F-FF60	FF66-FF66	FF69-FF69	FF87-FF87	FFA1-FFBE	FFC2-FFC7	FFCA-FFCF	FFD2-FFD6
Noto Sans JP	700	/fonts/served/noto-sans-jp-4-700-normal.woff2	F92D-F959	F95B-F9F2	F9F4-FA0B	FA0E-FA0F
Noto Sans JP	700	/fonts/served/noto-sans-jp-5-700-normal.woff2	9E8B-9E8C	9E8E-9E8F	9E91-9E92	9E95-9E96	9E98-9E98	9E9B-9E9B	9E9D-9E9E	9EA4-9EA5	9EA8-9EAA	9EAC-9EB0	9EB3-9EB5	9EB8-9EB8	9EBC-9EBF	9EC3-9EC3	9EC6-9EC6	9EC8-9EC8	9ECB-9ECD	9ECF-9ED1	9ED4-9ED5	9ED8-9ED8	9EDB-9EE0	9EE4-9EE5	9EE7-9EE8	9EEC-9EF2	9EF4-9EF9	9EFB-9EFF	9F02-9F03	9F07-9F09	9F0E-9F12	9F14-9F17	9F19-9F1B	9F1F-9F22	9F26-9F26	9F2A-9F2C	9F2F-9F2F	9F31-9F32	9F34-9F34	9F37-9F37	9F39-9F3A	9F3C-9F3F	9F41-9F41	9F43-9F47	9F4A-9F4A	9F4E-9F50	9F52-9F58	9F5A-9F5A	9F5D-9F61	9F63-9F63	9F66-9F6A	9F6C-9F73	9F75-9F77	9F7A-9F7A	9F7D-9F7D	9F7F-9F7F	9F8F-9F92	9F94-9F97	9F99-9F99	9F9C-9FA3	9FA5-9FA5	9FB4-9FB4	9FBC-9FC2	9FC4-9FC4	9FC6-9FC6	9FCC-9FCC	F900-F92C
Noto Sans JP	700	/fonts/served/noto-sans-jp-6-700-normal.woff2	9C3E-9C3E	9C41-9C41	9C43-9C4A	9C4E-9C50	9C52-9C54	9C56-9C56	9C58-9C58	9C5A-9C61	9C63-9C63	9C65-9C65	9C67-9C6B	9C6D-9C6E	9C70-9C70	9C72-9C72	9C75-9C78	9C7A-9C7C	9CE6-9CE7	9CEB-9CEC	9CF0-9CF0	9CF2-9CF2	9CF6-9CF7	9CF9-9CF9	9D02-9D03	9D06-9D09	9D0B-9D0B	9D0E-9D0E	9D11-9D12	9D15-9D15	9D17-9D18	9D1B-9D1F	9D23-9D23	9D26-9D26	9D2A-9D2C	9D2F-9D30	9D32-9D34	9D3A-9D3A	9D3C-9D3F	9D41-9D48	9D4A-9D4A	9D50-9D54	9D59-9D59	9D5D-9D65	9D69-9D6C	9D6F-9D70	9D72-9D73	9D76-9D77	9D7A-9D7C	9D7E-9D7E	9D83-9D84	9D86-9D87	9D89-9D8A	9D8D-9D8E	9D92-9D93	9D95-9D9A	9DA1-9DA1	9DA4-9DA4	9DA9-9DAC	9DAE-9DAE	9DB1-9DB2	9DB5-9DB5	9DB8-9DBD	9DBF-9DC4	9DC6-9DC7	9DC9-9DCA	9DCF-9DCF	9DD3-9DD7	9DD9-9DDA	9DDE-9DE0	9DE3-9DE3	9DE5-9DE7	9DE9-9DE9	9DEB-9DEB	9DED-9DF0	9DF3-9DF4	9DF8-9DF8	9DFD-9DFE	9E02-9E02	9E07-9E07	9E0A-9E0A	9E0D-9E0E	9E10-9E12	9E15-9E16	9E19-9E1F	9E75-9E75	9E79-9E7D	9E80-9E85	9E87-9E88
Noto Sans JP	700	/fonts/served/noto-sans-jp-7-700-normal.woff2	9AE5-9AE7	9AE9-9AE9	9AEB-9AEC	9AEE-9AEF	9AF1-9AF5	9AF7-9AF7	9AF9-9AFB	9AFD-9AFD	9AFF-9B06	9B08-9B09	9B0B-9B0E	9B10-9B10	9B12-9B12	9B16-9B16	9B18-9B1D	9B1F-9B20	9B22-9B23	9B25-9B2F	9B32-9B35	9B37-9B37	9B39-9B3B	9B3D-9B3D	9B43-9B44	9B48-9B48	9B4B-9B4F	9B51-9B51	9B55-9B58	9B5B-9B5B	9B5E-9B5E	9B61-9B61	9B63-9B63	9B65-9B66	9B68-9B68	9B6A-9B6F	9B72-9B79	9B7F-9B80	9B83-9B87	9B89-9B8B	9B8D-9B8D	9B8F-9B94	9B96-9B97	9B9A-9B9A	9B9D-9BA0	9BA6-9BA7	9BA9-9BAA	9BAC-9BAC	9BB0-9BB2	9BB4-9BB4	9BB7-9BB9	9BBB-9BBC	9BBE-9BC1	9BC6-9BC8	9BCA-9BCA	9BCE-9BD2	9BD4-9BD4	9BD7-9BD8	9BDD-9BDD	9BDF-9BDF	9BE1-9BE5	9BE7-9BE7	9BEA-9BEB	9BEE-9BF3	9BF5-9BF5	9BF7-9BFA	9BFD-9BFD	9BFF-9C00	9C02-9C02	9C04-9C04	9C06-9C06	9C08-9C0D	9C0F-9C16	9C18-9C1E	9C21-9C2A	9C2D-9C32	9C35-9C37	9C39-9C3A	9C3D-9C3D
Noto Sans JP	700	/fonts/served/noto-sans-jp-8-700-normal.woff2	98EB-98EB	98ED-98EE	98F0-98F1	98F3-98F3	98F6-98F6	9902-9902	9907-9909	9911-9912	9914-9918	991A-9922	9924-9924	9926-9927	992B-992C	992E-992E	9931-9935	9939-993E	9940-9942	9945-9949	994B-994E	9950-9952	9954-9955	9958-9959	995B-995C	995E-9960	9963-9963	9997-9998	999B-999B	999D-999F	99A3-99A3	99A5-99A6	99A8-99A8	99AD-99AE	99B0-99B2	99B5-99B5	99B9-99BA	99BC-99BD	99BF-99BF	99C1-99C1	99C3-99C3	99C8-99C9	99D1-99D1	99D3-99D5	99D8-99DF	99E1-99E2	99E7-99E7	99EA-99EE	99F0-99F2	99F4-99F5	99F8-99F9	99FB-99FE	9A01-9A05	9A08-9A08	9A0A-9A0C	9A0F-9A11	9A16-9A16	9A1A-9A1A	9A1E-9A1E	9A20-9A20	9A22-9A24	9A27-9A27	9A2B-9A2B	9A2D-9A2E	9A31-9A31	9A33-9A33	9A35-9A38	9A3E-9A3E	9A40-9A45	9A47-9A47	9A4A-9A4E	9A51-9A52	9A54-9A58	9A5B-9A5B	9A5D-9A5D	9A5F-9A5F	9A62-9A62	9A64-9A65	9A69-9A6C	9AAA-9AAA	9AAC-9AB0	9AB2-9AB2	9AB4-9AB7	9AB9-9AB9	9ABB-9AC1	9AC3-9AC3	9AC6-9AC6	9AC8-9AC8	9ACE-9AD3	9AD5-9AD7	9ADB-9ADC	9ADE-9AE0	9AE2-9AE4
Noto Sans JP	700	/fonts/served/noto-sans-jp-9-700-normal.woff2	971D-971D	9721-9724	9728-9728	972A-972A	9730-9731	9733-9733	9736-9736	9738-9739	973B-973B	973D-973E	9741-9744	9746-974A	974D-974F	9751-9751	9755-9755	9757-9758	975A-975C	9760-9761	9763-9764	9766-9768	976A-976B	976E-976E	9771-9771	9773-9773	9776-977D	977F-9781	9785-9786	9789-9789	978B-978B	978F-9790	9795-9797	9799-979A	979C-979C	979E-97A0	97A2-97A3	97A6-97A6	97A8-97A8	97AB-97AC	97AE-97AE	97B1-97B6	97B8-97BA	97BC-97BC	97BE-97BF	97C1-97C1	97C3-97CE	97D0-97D1	97D4-97D4	97D7-97D9	97DB-97DE	97E0-97E1	97E4-97E4	97E6-97E6	97ED-97EF	97F1-97F2	97F4-97F8	97FA-97FA	9804-9804	9807-9807	980A-980A	980C-980F	9814-9814	9816-9817	9819-981A	981C-981C	981E-981E	9820-9821	9823-9826	982B-982B	982E-9830	9832-9835	9837-9837	9839-9839	983D-983E	9844-9844	9846-9847	984A-984B	984F-984F	9851-9853	9856-9857	9859-985B	9862-9863	9865-9866	986A-986C	986F-9871	9873-9875	98AA-98AB	98AD-98AE	98B0-98B1	98B4-98B4	98B6-98B8	98BA-98BC	98BF-98BF	98C2-98C8	98CB-98CC	98CE-98CE	98DC-98DC	98DE-98DE	98E0-98E1	98E3-98E3	98E5-98E7	98E9-98EA
Noto Sans JP	700	/fonts/served/noto-sans-jp-10-700-normal.woff2	944A-944A	944C-944C	9452-9453	9455-9455	9459-945C	945E-9463	9468-9468	946A-946B	946D-9472	9475-9475	9477-9477	947C-947F	9481-9481	9483-9485	9578-9579	957E-957F	9582-9582	9584-9584	9586-9588	958A-958A	958C-958F	9592-9592	9594-9594	9596-9596	9598-9599	959D-95A1	95A4-95A4	95A6-95A9	95AB-95AD	95B1-95B1	95B4-95B4	95B6-95B6	95B9-95BF	95C3-95C3	95C6-95C6	95C8-95CD	95D0-95D6	95D9-95DA	95DC-95E2	95E4-95E6	95E8-95E8	961D-961E	9621-9622	9624-9626	9628-9628	962C-962C	962E-962F	9631-9631	9633-9634	9637-963A	963C-963D	9641-9642	964B-964C	964F-964F	9652-9652	9654-9654	9656-9658	965C-965F	9661-9661	9666-9666	966A-966A	966C-966C	966E-966E	9672-9672	9674-9674	9677-9677	967B-967C	967E-967F	9681-9684	9689-9689	968B-968B	968D-968D	9691-9691	9695-9698	969A-969A	969D-969D	969F-969F	96A4-96AA	96AE-96B4	96B6-96B6	96B8-96BB	96BD-96BD	96C1-96C1	96C9-96CB	96CD-96CE	96D2-96D2	96D5-96D6	96D8-96DA	96DC-96DF	96E9-96E9	96EF-96EF	96F1-96F1	96F9-96FA	9702-9706	9708-9709	970D-970F	9711-9711	9713-9714	9716-9716	9719-971B
Noto Sans JP	700	/fonts/served/noto-sans-jp-11-700-normal.woff2	92BC-92BD	92BF-92C3	92C5-92C8	92CB-92D0	92D2-92D3	92D5-92D5	92D7-92D9	92DC-92DD	92DF-92E1	92E3-92E5	92E7-92EA	92EC-92EC	92EE-92EE	92F0-92F0	92F2-92F2	92F7-92FB	92FF-9300	9302-9302	9304-9304	9308-9308	930D-930D	930F-9311	9314-9315	9318-931A	931C-931F	9321-9325	9327-932B	932E-932E	9333-9337	933A-933B	9344-9344	9347-934A	934D-934D	9350-9352	9354-9358	935A-935A	935C-935C	935E-935E	9360-9360	9364-9365	9367-9367	9369-936D	936F-9371	9373-9374	9376-9376	937A-937A	937D-9382	9388-9388	938A-938B	938D-938D	938F-938F	9392-9392	9394-9395	9397-9398	939A-939B	939E-939E	93A1-93A1	93A3-93A4	93A6-93A6	93A8-93A9	93AB-93AD	93B0-93B0	93B4-93B6	93B9-93BB	93C1-93C1	93C3-93CD	93D0-93D1	93D3-93D3	93D6-93D9	93DC-93DF	93E2-93E2	93E4-93E8	93F1-93F1	93F5-93F5	93F7-93FB	93FD-93FD	9401-9404	9407-9409	940D-9410	9413-9417	9419-941A	941F-941F	9421-9421	942B-942B	942E-942F	9431-9434	9436-9436	9438-9438	943A-943B	943D-943D	943F-943F	9441-9441	9443-9445	9448-9448
Noto Sans JP	700	/fonts/served/noto-sans-jp-12-700-normal.woff2	9143-9143	9146-914C	914F-914F	9153-9153	9156-915B	9161-9161	9163-9165	9167-9167	9169-9169	916D-916D	9172-9174	9179-917B	9181-9183	9185-9187	9189-918B	918E-918E	9191-9191	9193-9195	9197-9198	919E-919E	91A1-91A2	91A6-91A6	91A8-91A8	91AA-91B6	91BA-91BD	91BF-91C6	91C9-91C9	91CB-91CB	91D0-91D0	91D3-91D4	91D6-91D7	91D9-91DB	91DE-91DF	91E1-91E1	91E4-91E6	91E9-91EA	91EC-91F1	91F5-91F7	91F9-91F9	91FB-91FD	91FF-9201	9204-9207	9209-920A	920C-920C	920E-920E	9210-9218	921C-921E	9223-9226	9228-9229	922C-922C	922E-9230	9233-9233	9235-923A	923C-923C	923E-9240	9242-9243	9245-924B	924D-9251	9256-925A	925C-925E	9260-9261	9264-9269	926E-9270	9275-9279	927B-927F	9288-928A	928D-928E	9291-9293	9295-9297	9299-9299	929B-929C	929F-92A0	92A4-92A5	92A7-92A8	92AB-92AB	92AF-92AF	92B2-92B3	92B6-92BB
Noto Sans JP	700	/fonts/served/noto-sans-jp-13-700-normal.woff2	8F52-8F55	8F57-8F58	8F5C-8F5E	8F61-8F66	8F9C-8F9D	8F9F-8FA2	8FA4-8FA8	8FAD-8FAF	8FB4-8FB8	8FBE-8FBE	8FC0-8FC2	8FC6-8FC6	8FC8-8FC8	8FCA-8FCB	8FCD-8FCD	8FD0-8FD0	8FD2-8FD3	8FD5-8FD5	8FDA-8FDA	8FE0-8FE0	8FE2-8FE5	8FE8-8FEA	8FED-8FEF	8FF1-8FF1	8FF4-8FF6	8FF8-8FFB	8FFE-8FFE	9002-9002	9004-9005	9008-9008	900B-900E	9011-9011	9013-9013	9015-9016	9018-9018	901B-901B	901E-901E	9021-9021	9027-902A	902C-902D	902F-902F	9033-9037	9039-9039	903C-903C	903E-903F	9041-9041	9043-9044	9049-9049	904C-904C	904F-9052	9056-9056	9058-9058	905B-905E	9062-9062	9066-9068	906C-906C	906F-9070	9072-9072	9074-9074	9076-9076	9079-9079	9080-9083	9085-9085	9087-9088	908B-908C	908E-9090	9095-9095	9097-9099	909B-909B	90A0-90A2	90A5-90A5	90A8-90A8	90AF-90B6	90BD-90BE	90C3-90C5	90C7-90C9	90CC-90CC	90D2-90D2	90D5-90D5	90D7-90D9	90DB-90DF	90E2-90E2	90E4-90E5	90EB-90EB	90EF-90F0	90F2-90F2	90F4-90F4	90F6-90F6	90FE-9100	9102-9102	9104-9106	9108-9108	910D-910D	9110-9110	9112-9112	9114-911A	911C-911C	911E-911E	9120-9120	9122-9123	9125-9125	9127-9127	9129-9129	912D-9132	9134-9134	9136-9137	9139-913A	913C-913D
Noto Sans JP	700	/fonts/served/noto-sans-jp-14-700-normal.woff2	8DC0-8DC0	8DC2-8DC2	8DC5-8DC8	8DCA-8DCC	8DCE-8DCF	8DD1-8DD1	8DD4-8DD7	8DD9-8DDB	8DDF-8DDF	8DE3-8DE5	8DE7-8DE7	8DEA-8DEC	8DF0-8DF2	8DF4-8DF4	8DFC-8DFD	8DFF-8DFF	8E01-8E01	8E04-8E06	8E08-8E09	8E0B-8E0C	8E10-8E11	8E14-8E14	8E16-8E16	8E1D-8E23	8E26-8E27	8E30-8E31	8E33-8E39	8E3D-8E3D	8E40-8E42	8E44-8E44	8E47-8E50	8E54-8E55	8E59-8E59	8E5B-8E64	8E69-8E69	8E6C-8E6D	8E6F-8E72	8E75-8E77	8E79-8E7C	8E81-8E85	8E89-8E89	8E8B-8E8B	8E90-8E95	8E98-8E9B	8E9D-8E9E	8EA1-8EA2	8EA7-8EA7	8EA9-8EAA	8EAC-8EB1	8EB3-8EB3	8EB5-8EB6	8EBA-8EBB	8EBE-8EBE	8EC0-8EC1	8EC3-8EC8	8ECB-8ECB	8ECF-8ECF	8ED1-8ED1	8ED4-8ED4	8EDB-8EDC	8EE3-8EE3	8EE8-8EE8	8EEB-8EEB	8EED-8EEE	8EF0-8EF1	8EF7-8EF7	8EF9-8EFC	8EFE-8EFE	8F00-8F00	8F02-8F02	8F05-8F05	8F07-8F08	8F0A-8F0A	8F0F-8F10	8F12-8F13	8F15-8F19	8F1B-8F1C	8F1E-8F21	8F23-8F23	8F25-8F28	8F2B-8F2F	8F33-8F37	8F39-8F3B	8F3E-8F3E	8F40-8F43	8F45-8F47	8F49-8F4A	8F4C-8F4F	8F51-8F51
Noto Sans JP	700	/fonts/served/noto-sans-jp-15-700-normal.woff2	8B2D-8B2D	8B30-8B30	8B37-8B37	8B3C-8B3C	8B3E-8B3E	8B41-8B46	8B48-8B49	8B4C-8B4F	8B51-8B54	8B56-8B56	8B59-8B59	8B5B-8B5B	8B5E-8B5F	8B63-8B63	8B69-8B69	8B6B-8B6D	8B6F-8B6F	8B71-8B71	8B74-8B74	8B76-8B76	8B78-8B79	8B7C-8B81	8B84-8B85	8B8A-8B8F	8B92-8B96	8B99-8B9A	8B9C-8BA0	8C38-8C3A	8C3D-8C3F	8C41-8C41	8C45-8C45	8C47-8C49	8C4B-8C4C	8C4E-8C51	8C53-8C55	8C57-8C59	8C5B-8C5B	8C5D-8C5D	8C62-8C64	8C66-8C66	8C68-8C69	8C6B-8C6D	8C73-8C73	8C75-8C76	8C78-8C78	8C7A-8C7C	8C7E-8C7E	8C82-8C82	8C85-8C87	8C89-8C8B	8C8D-8C8E	8C90-8C90	8C92-8C94	8C98-8C99	8C9B-8C9C	8C9F-8C9F	8CA4-8CA4	8CAD-8CAE	8CB2-8CB3	8CB6-8CB6	8CB9-8CBA	8CBD-8CBD	8CC1-8CC2	8CC4-8CC6	8CC8-8CC9	8CCB-8CCB	8CCD-8CCF	8CD2-8CD2	8CD5-8CD6	8CD9-8CDA	8CDD-8CDD	8CE1-8CE1	8CE3-8CE4	8CE6-8CE6	8CE8-8CE8	8CEC-8CEC	8CEF-8CF2	8CF4-8CF5	8CF7-8CF8	8CFA-8CFB	8CFD-8CFF	8D01-8D01	8D03-8D04	8D07-8D07	8D09-8D0B	8D0D-8D10	8D12-8D14	8D16-8D17	8D1B-8D1D	8D65-8D65	8D67-8D67	8D69-8D69	8D6B-8D6E	8D71-8D71	8D73-8D73	8D76-8D76	8D7F-8D7F	8D81-8D82	8D84-8D84	8D88-8D88	8D8D-8D8D	8D90-8D91	8D95-8D95	8D99-8D99	8D9E-8DA0	8DA6-8DA6	8DA8-8DA8	8DAB-8DAC	8DAF-8DAF	8DB2-8DB2	8DB5-8DB5	8DB7-8DB7	8DB9-8DBC	8DBE-8DBE
Noto Sans JP	700	/fonts/served/noto-sans-jp-16-700-normal.woff2	8973-8975	8977-8977	897A-897E	8980-8980	8983-8983	8988-898A	898D-898D	8990-8990	8993-8995	8998-8998	899B-899C	899F-89A1	89A5-89A6	89A9-89A9	89AC-89AC	89AF-89B0	89B2-89B2	89B4-89B7	89BA-89BA	89BC-89BD	89BF-89C1	89D4-89D8	89DA-89DA	89DC-89DD	89E5-89E5	89E7-89E7	89E9-89E9	89EB-89EB	89ED-89ED	89F1-89F1	89F3-89F4	89F6-89F6	89F8-89F9	89FD-89FD	89FF-89FF	8A01-8A01	8A04-8A05	8A07-8A07	8A0C-8A0C	8A0F-8A12	8A14-8A16	8A1B-8A1B	8A1D-8A1E	8A20-8A22	8A24-8A26	8A2B-8A2C	8A2F-8A2F	8A35-8A37	8A3B-8A3B	8A3D-8A3E	8A40-8A41	8A43-8A43	8A45-8A49	8A4D-8A4E	8A51-8A54	8A56-8A58	8A5B-8A5D	8A61-8A62	8A65-8A65	8A67-8A67	8A6C-8A6D	8A75-8A77	8A79-8A7C	8A7E-8A80	8A82-8A86	8A8B-8A8B	8A8F-8A92	8A96-8A97	8A99-8A9A	8A9F-8A9F	8AA1-8AA1	8AA3-8AA3	8AA5-8AAA	8AAE-8AAF	8AB3-8AB3	8AB6-8AB7	8ABB-8ABC	8ABE-8ABE	8AC2-8AC4	8AC6-8AC6	8AC8-8ACA	8ACC-8ACD	8AD0-8AD1	8AD3-8AD5	8AD7-8AD7	8ADA-8AE2	8AE4-8AE4	8AE7-8AE7	8AEB-8AEC	8AEE-8AEE	8AF0-8AF1	8AF3-8AF7	8AFA-8AFA	8AFC-8AFC	8AFF-8AFF	8B01-8B02	8B04-8B07	8B0A-8B0D	8B0F-8B11	8B14-8B14	8B16-8B16	8B1A-8B1A	8B1C-8B1C	8B1E-8B20	8B26-8B26	8B28-8B28	8B2B-8B2C
Noto Sans JP	700	/fonts/served/noto-sans-jp-17-700-normal.woff2	87E2-87E6	87EA-87ED	87EF-87EF	87F1-87F1	87F3-87F3	87F5-87F8	87FA-87FB	87FE-87FF	8801-8801	8803-8803	8805-8807	8809-880B	880D-8816	8818-881C	881E-881F	8821-8822	8827-8828	882D-882E	8830-8832	8835-8836	8839-883C	8841-8845	8848-884B	884D-884E	8851-8852	8855-8856	8858-885A	885C-885C	885E-8860	8862-8862	8864-8864	8869-8869	886B-886B	886E-886F	8871-8872	8875-8875	8877-8877	8879-8879	887B-887B	887D-887E	8880-8882	8888-8888	888D-888D	8892-8892	8897-889C	889E-88A0	88A2-88A2	88A4-88A4	88A8-88A8	88AA-88AA	88AE-88AE	88B0-88B1	88B5-88B5	88B7-88B7	88BA-88BA	88BC-88C0	88C3-88C4	88C6-88C6	88CA-88CE	88D1-88D4	88D8-88D9	88DB-88DB	88DD-88E1	88E7-88E8	88EF-88F2	88F4-88F5	88F7-88F7	88F9-88F9	88FC-88FC	8901-8902	8904-8904	8906-8906	890A-890A	890C-890F	8913-8913	8915-8916	8918-891A	891C-891E	8920-8920	8925-8928	892A-892B	8930-8932	8935-893B	893E-893E	8940-8946	8949-8949	894C-894D	894F-894F	8952-8952	8956-8957	895A-895C	895E-895E	8960-8964	8966-8966	896A-896B	896D-8970
Noto Sans JP	700	/fonts/served/noto-sans-jp-18-700-normal.woff2	8655-8659	865B-865B	865D-8664	8667-8667	8669-8669	866C-866C	866F-866F	8671-8671	8675-8677	867A-867B	867D-867D	8687-8689	868B-868D	8691-8691	8693-8693	8695-8696	8698-8698	869A-869A	869C-869D	86A1-86A1	86A3-86A4	86A6-86AB	86AD-86AD	86AF-86B1	86B3-86B9	86BF-86C1	86C3-86C6	86C9-86C9	86CB-86CB	86CE-86CE	86D1-86D2	86D4-86D5	86D7-86D7	86DA-86DA	86DC-86DC	86DE-86E0	86E3-86E7	86E9-86E9	86EC-86ED	86EF-86EF	86F8-86FE	8700-8700	8703-870B	870D-8714	8719-871A	871E-871F	8721-8723	8725-8725	8728-8729	872E-872F	8731-8732	8734-8734	8737-8737	8739-8740	8743-8743	8745-8745	8749-8749	874B-874E	8751-8751	8753-8753	8755-8755	8757-8759	875D-875D	875F-8761	8763-8766	8768-8768	876A-876A	876E-876F	8771-8772	8774-8774	8778-8778	877B-877C	877F-877F	8782-8789	878B-878C	878E-878E	8790-8790	8793-8793	8795-8795	8797-8799	879E-87A0	87A2-87A3	87A7-87A7	87AB-87AF	87B1-87B1	87B3-87B3	87B5-87B5	87BB-87BB	87BD-87C1	87C4-87C4	87C6-87CB	87CE-87CE	87D0-87D0	87D2-87D2	87D5-87D6	87D9-87DA	87DC-87DC	87DF-87E0
Noto Sans JP	700	/fonts/served/noto-sans-jp-19-700-normal.woff2	84B4-84B4	84B9-84BB	84BD-84C2	84C6-84CA	84CC-84D1	84D3-84D3	84D6-84D6	84D9-84DA	84DC-84DC	84E7-84E7	84EA-84EA	84EC-84EC	84EF-84F2	84F4-84F4	84F7-84F7	84FA-84FD	84FF-8500	8502-8503	8506-8507	850C-850C	850E-850E	8510-8510	8514-8515	8517-8518	851A-851C	851E-851F	8521-8525	8527-8527	852A-852C	852F-852F	8532-8534	8536-8536	853E-8541	8543-8543	8546-8546	8548-8548	854A-854B	854F-8553	8555-855A	855C-8564	8569-856B	856D-856D	856F-856F	8577-8577	8579-857B	857D-8581	8585-8586	8588-858C	858F-8591	8593-8593	8597-8598	859B-859D	859F-85A0	85A2-85A2	85A4-85A5	85A7-85A8	85AD-85B0	85B4-85B4	85B6-85BA	85BC-85BF	85C1-85C2	85C7-85C7	85C9-85CB	85CE-85D0	85D5-85D5	85D8-85DA	85DC-85DC	85DF-85E1	85E5-85E6	85E8-85E8	85ED-85ED	85F3-85F4	85F6-85F7	85F9-85FA	85FC-85FC	85FE-8600	8602-8602	8604-8606	860A-860B	860D-860E	8610-8613	8616-861B	861E-861E	8621-8622	8624-8624	8627-8627	8629-8629	862F-8630	8636-8636	8638-863A	863C-863D	863F-8642	8646-8646	864D-864D	8652-8654
Noto Sans JP	700	/fonts/served/noto-sans-jp-20-700-normal.woff2	82E8-82E8	82EA-82EA	82ED-82ED	82EF-82EF	82F3-82F4	82F6-82F7	82F9-82F9	82FB-82FB	82FD-82FE	8300-8301	8303-8303	8306-8308	830A-830C	8316-8318	831B-831B	831D-831F	8321-8323	832B-8335	8337-8337	833A-833A	833C-833D	8340-8340	8342-8347	834A-834A	834D-8351	8353-8357	835A-835A	8362-8363	8370-8370	8373-8373	8375-8375	8378-8378	837C-837D	837F-8380	8382-8382	8384-8387	838A-838A	838D-838E	8392-8396	8398-83A0	83A2-83A2	83A6-83AD	83B1-83B1	83B5-83B5	83BD-83C1	83C7-83C7	83C9-83C9	83CE-83D1	83D4-83D4	83D6-83D6	83D8-83D8	83DD-83DD	83DF-83E1	83E5-83E5	83E8-83E8	83EA-83EB	83F0-83F0	83F2-83F2	83F4-83F4	83F6-83F9	83FB-83FD	8401-8401	8403-8404	8406-8407	840A-840B	840D-840D	840F-840F	8411-8411	8413-8413	8415-8415	8417-8417	8419-8419	8420-8420	8422-8422	842A-842A	842F-842F	8431-8431	8435-8435	8438-8439	843C-843C	8445-8448	844A-844A	844D-844F	8451-8452	8456-8456	8458-845A	845C-845C	845F-8462	8464-8467	8469-846B	846D-8470	8473-8474	8476-847A	847C-847D	8481-8482	8484-8485	848B-848B	8490-8490	8492-8493	8495-8495	8497-8497	849C-849C	849E-849F	84A1-84A1	84A6-84A6	84A8-84AA	84AD-84AD	84AF-84AF	84B1-84B1
Noto Sans JP	700	/fonts/served/noto-sans-jp-21-700-normal.woff2	814A-814A	814C-814C	8151-8153	8157-8157	815F-8161	8165-8169	816D-816F	8171-8171	8173-8174	8177-8177	8180-8186	8188-8188	818A-818B	818E-818E	8190-8190	8193-8193	8195-8196	8198-8198	819B-819B	819E-819E	81A0-81A0	81A2-81A2	81A4-81A4	81A9-81A9	81AE-81AE	81B0-81B0	81B2-81B2	81B4-81B5	81B8-81B8	81BA-81BB	81BD-81BE	81C0-81C3	81C5-81C6	81C8-81CB	81CD-81CF	81D1-81D1	81D5-81DB	81DD-81E1	81E4-81E5	81E7-81E7	81EB-81EC	81EF-81F2	81F5-81F6	81F8-81FB	81FD-8205	8209-820B	820D-820D	820F-820F	8212-8214	8216-8216	8219-821D	8221-8222	8228-8229	822B-822B	822E-822E	8232-8235	8237-8238	823A-823A	823C-823C	8240-8240	8243-8246	8249-8249	824B-824B	824E-824F	8251-8251	8256-825A	825C-825D	825F-8260	8262-8264	8267-8268	826A-826B	826D-826E	8271-8271	8274-8274	8277-8277	8279-8279	827B-827B	827D-8281	8283-8284	8287-8287	8289-828A	828D-828E	8291-8294	8296-8296	8298-829B	829F-82A1	82A3-82A4	82A7-82AC	82AE-82AE	82B0-82B0	82B2-82B2	82B4-82B4	82B7-82B7	82BA-82BC	82BE-82BF	82C5-82C6	82D0-82D0	82D2-82D3	82D5-82D5	82D9-82DA	82DC-82DC	82DE-82E4	82E7-82E7
Noto Sans JP	700	/fonts/served/noto-sans-jp-22-700-normal.woff2	7F77-7F79	7F7D-7F80	7F82-7F83	7F86-7F88	7F8B-7F8D	7F8F-7F91	7F94-7F94	7F96-7F97	7F9A-7F9A	7F9C-7F9D	7FA1-7FA3	7FA6-7FA6	7FAA-7FAA	7FAD-7FAF	7FB2-7FB2	7FB4-7FB4	7FB6-7FB6	7FB8-7FB9	7FBC-7FBC	7FBF-7FC0	7FC3-7FC3	7FC5-7FC6	7FC8-7FC8	7FCA-7FCA	7FCE-7FCF	7FD5-7FD5	7FDB-7FDB	7FDF-7FDF	7FE1-7FE1	7FE3-7FE3	7FE5-7FE6	7FE8-7FE9	7FEB-7FEC	7FEE-7FF0	7FF2-7FF3	7FF9-7FFA	7FFD-7FFF	8002-8002	8004-8004	8006-8008	800A-800F	8011-8014	8016-8016	8018-8019	801C-8021	8024-8024	8026-8026	8028-8028	802C-802C	802E-802E	8030-8030	8034-8035	8037-8037	8039-8040	8043-8044	8046-8046	804A-804A	8052-8052	8058-8058	805A-805A	805F-8060	8062-8062	8064-8064	8066-8066	8068-8068	806D-806D	806F-8073	8075-8076	8079-8079	807B-807B	807D-8081	8084-8088	808B-808B	808E-808E	8093-8093	8099-809A	809C-809C	809E-809E	80A4-80A4	80A6-80A7	80AB-80AD	80B1-80B1	80B8-80B9	80C4-80C5	80C8-80C8	80CA-80CA	80CD-80CD	80CF-80CF	80D2-80D2	80D4-80DB	80DD-80DD	80E0-80E0	80E4-80E6	80ED-80F3	80F5-80F7	80F9-80FC	80FE-80FE	8101-8101	8103-8103	8109-8109	810B-810B	810D-810D	8116-8118	811B-811C	811E-811E	8120-8120	8123-8124	8127-8127	8129-8129	812B-812C	812F-8130	8135-8135	8139-813A	813C-813E	8141-8141	8145-8147
Noto Sans JP	700	/fonts/served/noto-sans-jp-23-700-normal.woff2	7D57-7D57	7D59-7D5D	7D63-7D63	7D65-7D65	7D67-7D67	7D6A-7D6A	7D6E-7D6E	7D70-7D70	7D72-7D73	7D78-7D78	7D7A-7D7B	7D7D-7D7D	7D7F-7D7F	7D81-7D83	7D85-7D86	7D88-7D89	7D8B-7D8D	7D8F-7D8F	7D91-7D91	7D93-7D93	7D96-7D97	7D9B-7DA0	7DA2-7DA3	7DA6-7DA7	7DAA-7DAC	7DAE-7DB0	7DB3-7DB3	7DB5-7DB9	7DBD-7DBD	7DC0-7DC0	7DC2-7DC7	7DCC-7DCE	7DD0-7DD0	7DD5-7DD9	7DDC-7DDE	7DE1-7DE6	7DEA-7DED	7DF1-7DF2	7DF5-7DF6	7DF9-7DFA	7E00-7E00	7E05-7E05	7E08-7E0B	7E10-7E12	7E15-7E15	7E17-7E17	7E1C-7E1D	7E1F-7E23	7E27-7E28	7E2C-7E2D	7E2F-7E2F	7E31-7E33	7E35-7E37	7E39-7E3B	7E3D-7E3D	7E3F-7E3F	7E43-7E48	7E4E-7E4E	7E50-7E50	7E52-7E52	7E56-7E56	7E58-7E5A	7E5D-7E5F	7E61-7E62	7E65-7E67	7E69-7E6B	7E6D-7E6F	7E73-7E73	7E75-7E75	7E78-7E79	7E7B-7E7F	7E81-7E83	7E86-7E8A	7E8C-7E8E	7E90-7E96	7E98-7E98	7E9A-7E9F	7F38-7F38	7F3A-7F3F	7F43-7F45	7F47-7F47	7F4C-7F50	7F52-7F55	7F58-7F58	7F5B-7F5D	7F5F-7F5F	7F61-7F61	7F63-7F69	7F6B-7F6B	7F6D-7F6D	7F71-7F71
Noto Sans JP	700	/fonts/served/noto-sans-jp-24-700-normal.woff2	7BC8-7BC8	7BCA-7BCC	7BCF-7BCF	7BD4-7BD4	7BD6-7BD7	7BD9-7BDB	7BDD-7BDD	7BE5-7BE6	7BE8-7BEA	7BF0-7BF0	7BF2-7BFA	7BFC-7BFC	7BFE-7BFE	7C00-7C04	7C06-7C07	7C09-7C09	7C0B-7C0F	7C11-7C14	7C17-7C17	7C19-7C19	7C1B-7C1B	7C1E-7C20	7C23-7C23	7C25-7C28	7C2A-7C2C	7C2F-7C2F	7C31-7C31	7C33-7C34	7C36-7C3A	7C3D-7C3E	7C40-7C40	7C42-7C43	7C45-7C46	7C4A-7C4A	7C4C-7C4C	7C4F-7C5F	7C61-7C61	7C63-7C65	7C67-7C67	7C69-7C69	7C6C-7C70	7C72-7C72	7C75-7C75	7C79-7C79	7C7B-7C7E	7C81-7C83	7C86-7C87	7C8D-7C8D	7C8F-7C90	7C94-7C94	7C9E-7C9E	7CA0-7CA2	7CA4-7CA6	7CA8-7CA8	7CAB-7CAB	7CAD-7CAE	7CB0-7CB3	7CB6-7CB7	7CB9-7CBD	7CBF-7CC0	7CC2-7CC2	7CC4-7CC5	7CC7-7CCA	7CCD-7CCF	7CD2-7CD5	7CD7-7CDA	7CDC-7CDD	7CDF-7CE0	7CE2-7CE2	7CE6-7CE6	7CE9-7CE9	7CEB-7CEB	7CEF-7CEF	7CF2-7CF2	7CF4-7CF6	7CF9-7CFA	7CFE-7CFE	7D02-7D03	7D06-7D0A	7D0F-7D0F	7D11-7D13	7D15-7D16	7D1C-7D1E	7D23-7D23	7D26-7D26	7D2A-7D2A	7D2C-7D2E	7D31-7D32	7D35-7D35	7D3C-7D41	7D43-7D43	7D45-7D45	7D47-7D48	7D4B-7D4B	7D4D-7D4F	7D51-7D51	7D53-7D53	7D55-7D56
Noto Sans JP	700	/fonts/served/noto-sans-jp-25-700-normal.woff2	7A17-7A19	7A1B-7A1B	7A1E-7A21	7A27-7A27	7A2B-7A2B	7A2D-7A2D	7A2F-7A31	7A34-7A35	7A37-7A3B	7A3E-7A3E	7A43-7A49	7A4C-7A4C	7A4E-7A4E	7A50-7A50	7A55-7A57	7A59-7A59	7A5C-7A5D	7A5F-7A63	7A65-7A65	7A67-7A67	7A69-7A6A	7A6D-7A6D	7A70-7A70	7A75-7A75	7A78-7A79	7A7D-7A7E	7A80-7A80	7A82-7A82	7A84-7A86	7A88-7A88	7A8A-7A8B	7A90-7A91	7A94-7A98	7A9E-7A9E	7AA0-7AA0	7AA3-7AA3	7AA9-7AA9	7AAC-7AAC	7AB0-7AB0	7AB3-7AB3	7AB5-7AB6	7AB9-7ABF	7AC3-7AC3	7AC5-7ACA	7ACC-7ACF	7AD1-7AD3	7AD5-7AD5	7ADA-7ADB	7ADD-7ADD	7ADF-7ADF	7AE1-7AE2	7AE6-7AED	7AF0-7AF1	7AF4-7AF4	7AF8-7AF8	7AFA-7AFB	7AFD-7AFE	7B02-7B02	7B04-7B04	7B06-7B08	7B0A-7B0B	7B0F-7B0F	7B12-7B12	7B14-7B14	7B18-7B19	7B1E-7B1F	7B23-7B23	7B25-7B25	7B27-7B2B	7B2D-7B31	7B33-7B36	7B3B-7B3B	7B3D-7B3D	7B3F-7B41	7B45-7B45	7B47-7B47	7B4C-7B50	7B53-7B53	7B55-7B55	7B5D-7B5D	7B60-7B60	7B64-7B66	7B69-7B6A	7B6C-7B75	7B77-7B77	7B79-7B7A	7B7F-7B7F	7B84-7B84	7B86-7B86	7B89-7B89	7B8D-7B92	7B96-7B96	7B98-7BA0	7BA5-7BA5	7BAC-7BAD	7BAF-7BB0	7BB2-7BB2	7BB4-7BB6	7BBA-7BBD	7BC1-7BC2	7BC5-7BC6
Noto Sans JP	700	/fonts/served/noto-sans-jp-26-700-normal.woff2	7851-7852	785C-785C	785E-785E	7860-7861	7863-7864	7868-7868	786A-786A	786E-786F	7872-7872	7874-7874	787A-787A	787C-787C	787E-787E	7886-7887	788A-788A	788C-788F	7893-7895	7898-7898	789A-789A	789D-789F	78A1-78A1	78A3-78A4	78A8-78AA	78AC-78AD	78AF-78B3	78B5-78B5	78BB-78BF	78C5-78CC	78CE-78CE	78D1-78D6	78DA-78DB	78DF-78E1	78E4-78E4	78E6-78E7	78EA-78EA	78EC-78EC	78F2-78F4	78F6-78F7	78F9-78FB	78FD-7901	7906-7907	790C-790C	7910-7912	7919-791C	791E-7920	7925-792E	7930-7931	7934-7935	793B-793B	793D-793D	793F-793F	7941-7942	7944-7946	794A-794B	794F-794F	7951-7951	7954-7955	7957-7958	795A-795C	795F-7960	7962-7962	7967-7967	7969-7969	796B-796B	7972-7972	7977-7977	7979-797C	797E-7980	798A-798E	7991-7991	7993-7996	7998-7998	799B-799D	79A1-79A1	79A6-79AB	79AE-79B1	79B3-79B4	79B8-79BB	79BD-79BE	79C2-79C2	79C4-79C4	79C7-79CA	79CC-79CD	79CF-79CF	79D4-79D6	79DA-79DA	79DD-79E3	79E5-79E5	79E7-79E7	79EA-79ED	79F1-79F1	79F8-79F8	79FC-79FC	7A02-7A03	7A05-7A05	7A07-7A0A	7A0C-7A0D	7A11-7A11	7A15-7A15
Noto Sans JP	700	/fonts/served/noto-sans-jp-27-700-normal.woff2	768C-768E	7690-7690	7693-7693	7695-7696	7699-76A8	76AA-76AA	76AD-76AD	76AF-76B0	76B4-76B4	76B6-76BA	76BD-76BD	76C1-76C3	76C5-76C5	76C8-76C9	76CB-76CE	76D2-76D2	76D4-76D4	76D6-76D6	76D9-76D9	76DC-76DC	76DE-76DE	76E0-76E1	76E5-76E8	76EA-76EC	76F0-76F1	76F6-76F6	76F9-76F9	76FB-76FC	7700-7700	7704-7704	7706-7708	770A-770A	770E-770E	7712-7712	7714-7715	7717-7717	7719-771C	7722-7722	7724-7726	7728-7728	772D-772F	7734-7739	773D-773E	7742-7742	7745-7747	774A-774A	774D-774F	7752-7752	7756-7758	775A-775C	775E-7760	7762-7762	7764-7765	7767-7767	776A-776C	7770-7770	7772-7774	7779-777A	777C-7780	7784-7784	778B-778E	7794-7796	779A-779A	779E-77A0	77A2-77A2	77A4-77A5	77A7-77A7	77A9-77AA	77AE-77B1	77B5-77B7	77B9-77B9	77BB-77BF	77C3-77C3	77C7-77C7	77C9-77C9	77CD-77CD	77D1-77D2	77D5-77D5	77D7-77D7	77D9-77DA	77DC-77DC	77DE-77E0	77E3-77E4	77E6-77E7	77E9-77EA	77EC-77EC	77EE-77EE	77F0-77F1	77F4-77F4	77F8-77F8	77FB-77FC	7805-7806	7809-7809	780C-780E	7811-7812	7819-7819	781D-781D	7820-7823	7826-7827	782C-782E	7830-7830	7835-7835	7837-7837	783A-783A	783F-783F	7843-7845	7847-7848	784C-784C	784E-784F
Noto Sans JP	700	/fonts/served/noto-sans-jp-28-700-normal.woff2	7511-7513	7515-7517	751C-751C	751E-751E	7520-7522	7524-7524	7526-7527	7529-752C	752F-752F	7536-7536	7538-7539	753C-7540	7543-7544	7546-754B	754D-7550	7552-7552	7557-7557	755A-755B	755D-755F	7561-7562	7564-7564	7566-7567	7569-7569	756B-756D	756F-756F	7571-7572	7574-757E	7581-7582	7585-7587	7589-758C	758F-7590	7592-7595	7599-759A	759C-759D	75A2-75A5	75B0-75B1	75B3-75B5	75B7-75B8	75BA-75BA	75BD-75BD	75BF-75C4	75C6-75C6	75CA-75CA	75CC-75CF	75D3-75D4	75D7-75D8	75DC-75E1	75E3-75E4	75E7-75E7	75EC-75EC	75EE-75F3	75F9-75F9	75FC-75FC	75FE-7604	7607-760C	760F-760F	7612-7613	7615-7616	7618-7619	761B-7629	762D-762D	7630-7630	7632-7635	7638-763C	7640-7641	7643-764B	764E-764E	7655-7655	7658-7659	765C-765C	765F-765F	7661-7662	7664-7665	7667-766A	766C-7672	7674-7674	7676-7676	7678-7678	7680-7683	7685-7685	7688-7688	768B-768B
Noto Sans JP	700	/fonts/served/noto-sans-jp-29-700-normal.woff2	736C-736C	736E-7371	7375-7375	7377-737C	7380-7381	7383-7383	7385-7386	738A-738A	738E-738E	7390-7390	7393-7398	739C-739C	739E-73A0	73A2-73A2	73A5-73A6	73A8-73A8	73AA-73AB	73AD-73AD	73B3-73B3	73B5-73B5	73B7-73B7	73B9-73BD	73BF-73BF	73C5-73C6	73C9-73CC	73CE-73CF	73D2-73D3	73D6-73D6	73D9-73D9	73DD-73DE	73E1-73E1	73E3-73E7	73E9-73EA	73EE-73EE	73F1-73F1	73F4-73F5	73F7-73FB	73FD-73FD	73FF-7401	7404-7405	7407-7407	740A-740A	7411-7411	7413-7413	741A-741B	7421-7421	7424-7424	7426-7426	7428-7431	7433-7433	7439-743A	743F-7441	7443-7444	7446-7447	744B-744B	744D-744D	7451-7453	7455-7455	7457-7457	7459-745A	745C-745D	745F-745F	7462-7464	7466-746B	746D-7473	7476-7476	747E-747E	7480-7481	7485-7489	748B-748B	748F-7492	7497-749A	749C-749C	749E-74A3	74A5-74A6	74A8-74AB	74AE-74AF	74B1-74B2	74B5-74B5	74B9-74BB	74BD-74BD	74BF-74BF	74C8-74CA	74CC-74CC	74CF-74D0	74D3-74D4	74D6-74D6	74D8-74D8	74DA-74DB	74DE-74E0	74E3-74E4	74E7-74EB	74EE-74F2	74F4-74F4	74F7-74F8	74FA-74FC	74FF-74FF	7501-7501	7503-7506	750C-750E
Noto Sans JP	700	/fonts/served/noto-sans-jp-30-700-normal.woff2	7166-7166	7168-7168	716C-716C	7179-7179	7180-7180	7184-7185	7187-7188	718C-718C	718F-718F	7192-7192	7194-7196	7199-719B	71A0-71A0	71A2-71A2	71A8-71A8	71AC-71AC	71AE-71B0	71B2-71B3	71B9-71BA	71BE-71C1	71C4-71C4	71C9-71C9	71CB-71CC	71CE-71CE	71D0-71D0	71D2-71D4	71D6-71D7	71D9-71DA	71DC-71DC	71DF-71E0	71E6-71E7	71EC-71EE	71F4-71F5	71F8-71F9	71FC-71FC	71FE-7200	7207-7209	720D-720D	7210-7210	7213-7213	7215-7215	7217-7217	721A-721A	721D-721D	721F-721F	7224-7224	7228-7228	722B-722B	722D-722D	722F-7230	7232-7232	7234-7234	7238-7239	723B-723C	723E-7243	7245-7246	724B-724B	724E-7250	7252-7253	7255-7258	725A-725A	725C-725C	725E-725E	7260-7260	7263-7263	7268-7268	726B-726B	726E-726F	7271-7271	7274-7274	7277-7278	727B-727C	727E-7282	7284-7284	7287-7287	7289-7289	728D-728E	7292-7293	7296-7296	729B-729B	72A2-72A2	72A7-72A8	72AD-72AE	72B0-72B2	72B4-72B4	72B9-72B9	72BE-72BE	72C0-72C1	72C3-72C4	72C6-72C7	72C9-72C9	72CC-72CC	72CE-72CE	72D2-72D2	72D5-72D6	72D8-72D8	72DF-72E2	72E5-72E5	72F3-72F4	72F7-72F7	72F9-72FB	72FD-72FE	7302-7302	7304-7305	7307-7307	730A-730B	730D-730D	7312-7313	7316-7319	731C-731E	7322-7322	7324-7324	7327-7329	732C-732C	732F-732F	7331-7337	7339-733B	733D-733E	7343-7343	734D-7350	7352-7352	7356-7358	735D-7360	7366-736B
Noto Sans JP	700	/fonts/served/noto-sans-jp-31-700-normal.woff2	6F58-6F5B	6F5D-6F5E	6F60-6F62	6F66-6F66	6F68-6F68	6F6C-6F6D	6F6F-6F6F	6F74-6F74	6F78-6F78	6F7A-6F7A	6F7C-6F7E	6F80-6F80	6F82-6F83	6F86-6F88	6F8B-6F8E	6F90-6F94	6F96-6F98	6F9A-6F9A	6F9D-6F9D	6F9F-6FA1	6FA3-6FA3	6FA5-6FA8	6FAE-6FB1	6FB3-6FB3	6FB5-6FB7	6FB9-6FB9	6FBC-6FBC	6FBE-6FBE	6FC2-6FC2	6FC5-6FCA	6FD4-6FD5	6FD8-6FD8	6FDA-6FDB	6FDE-6FE0	6FE4-6FE4	6FE8-6FE9	6FEB-6FEC	6FEE-6FEE	6FF0-6FF0	6FF3-6FF3	6FF5-6FF6	6FF9-6FFA	6FFC-6FFE	7000-7001	7005-7007	7009-700B	700D-700D	700F-700F	7011-7011	7015-7015	7017-7018	701A-701B	701D-7020	7023-7023	7026-7026	7028-7028	702F-7030	7032-7032	7034-7034	7037-7037	7039-703A	703C-703C	703E-703E	7043-7044	7047-704C	704E-704E	7051-7051	7054-7055	705D-705E	7064-7065	7069-7069	706C-706C	706E-706E	7075-7076	707E-707E	7081-7081	7085-7086	7094-7098	709B-709B	709F-709F	70A4-70A4	70AB-70AC	70AE-70B1	70B3-70B4	70B7-70B7	70BB-70BB	70CA-70CB	70D1-70D1	70D3-70D6	70D8-70D9	70DC-70DD	70DF-70DF	70E4-70E4	70EC-70EC	70F1-70F1	70FA-70FA	70FD-70FD	7103-7108	710B-710C	710F-710F	7114-7114	7119-7119	711C-711C	711E-711E	7120-7120	712B-712B	712D-7131	7138-7138	7141-7141	7145-7147	7149-714B	7150-7153	7155-7157	715A-715A	715C-715C	715E-715E	7160-7160	7162-7162	7164-7165
Noto Sans JP	700	/fonts/served/noto-sans-jp-32-700-normal.woff2	6D7C-6D7C	6D80-6D82	6D85-6D85	6D87-6D87	6D89-6D8A	6D8C-6D8E	6D91-6D98	6D9C-6D9C	6DAA-6DAC	6DAE-6DAE	6DB4-6DB5	6DB7-6DB9	6DBD-6DBD	6DBF-6DBF	6DC2-6DC2	6DC4-6DC8	6DCA-6DCA	6DCC-6DCC	6DCE-6DD0	6DD2-6DD2	6DD5-6DD6	6DD8-6DDB	6DDD-6DE0	6DE2-6DE2	6DE4-6DE6	6DE8-6DEA	6DEC-6DEC	6DEE-6DF0	6DF2-6DF2	6DF4-6DF4	6DF6-6DF6	6DF8-6DFA	6DFC-6DFC	6E00-6E00	6E04-6E04	6E0A-6E0A	6E17-6E17	6E19-6E19	6E1D-6E20	6E22-6E25	6E27-6E27	6E2B-6E2B	6E2D-6E2E	6E32-6E32	6E34-6E34	6E36-6E36	6E38-6E3C	6E42-6E45	6E48-6E49	6E4B-6E4F	6E51-6E54	6E57-6E57	6E5B-6E5F	6E62-6E63	6E68-6E68	6E6B-6E6B	6E6E-6E6E	6E72-6E73	6E76-6E76	6E7B-6E7B	6E7D-6E7D	6E82-6E82	6E89-6E89	6E8C-6E8D	6E8F-6E8F	6E93-6E93	6E98-6E99	6E9F-6EA0	6EA5-6EA5	6EA7-6EA7	6EAA-6EAB	6EAD-6EAF	6EB1-6EB4	6EB7-6EB7	6EBB-6EBD	6EBF-6EC4	6EC7-6ECA	6ECC-6ECF	6ED3-6ED5	6ED9-6EDB	6EE6-6EE6	6EEB-6EEF	6EF7-6EF9	6EFB-6EFB	6EFD-6EFF	6F04-6F04	6F08-6F0A	6F0C-6F0D	6F10-6F11	6F13-6F13	6F15-6F16	6F18-6F18	6F1A-6F1B	6F25-6F26	6F29-6F2A	6F2D-6F2D	6F2F-6F33	6F35-6F36	6F38-6F38	6F3B-6F3C	6F3E-6F3F	6F41-6F41	6F45-6F45	6F4F-6F4F	6F51-6F53	6F57-6F57
Noto Sans JP	700	/fonts/served/noto-sans-jp-33-700-normal.woff2	6B85-6B85	6B89-6B89	6B8D-6B8D	6B95-6B95	6B97-6B98	6B9B-6B9B	6B9E-6BA0	6BA2-6BA4	6BA8-6BB3	6BB7-6BB9	6BBC-6BBE	6BC0-6BC0	6BC3-6BC4	6BC6-6BC9	6BCB-6BCC	6BCF-6BCF	6BD3-6BD3	6BD6-6BD8	6BDA-6BDA	6BDF-6BDF	6BE1-6BE1	6BE3-6BE3	6BE6-6BE7	6BEB-6BEC	6BEE-6BEE	6BF1-6BF1	6BF3-6BF3	6BF7-6BF7	6BF9-6BF9	6BFF-6BFF	6C02-6C02	6C04-6C05	6C08-6C0A	6C0D-6C0E	6C10-6C10	6C12-6C14	6C19-6C19	6C1B-6C1B	6C1F-6C1F	6C24-6C24	6C26-6C28	6C2C-6C2C	6C2E-6C2E	6C33-6C33	6C35-6C36	6C3A-6C3B	6C3E-6C40	6C4A-6C4B	6C4D-6C4D	6C4F-6C4F	6C52-6C52	6C54-6C55	6C59-6C59	6C5B-6C5E	6C62-6C62	6C67-6C68	6C6A-6C6B	6C6D-6C6D	6C6F-6C6F	6C73-6C74	6C76-6C76	6C78-6C79	6C7B-6C7B	6C7E-6C7E	6C81-6C87	6C89-6C89	6C8C-6C8D	6C90-6C90	6C92-6C95	6C97-6C98	6C9A-6C9C	6C9F-6C9F	6CAA-6CAE	6CB0-6CB2	6CB4-6CB4	6CBA-6CBA	6CBD-6CBE	6CC2-6CC2	6CC5-6CC6	6CCD-6CCD	6CCF-6CD4	6CD6-6CD7	6CD9-6CDD	6CE0-6CE0	6CE7-6CE7	6CE9-6CEF	6CF1-6CF2	6CF4-6CF4	6CFB-6CFB	6D00-6D01	6D04-6D04	6D07-6D07	6D0A-6D0A	6D0C-6D0C	6D0E-6D0F	6D11-6D11	6D13-6D13	6D19-6D1A	6D1F-6D1F	6D24-6D24	6D26-6D28	6D2B-6D2B	6D2E-6D2F	6D31-6D31	6D33-6D36	6D38-6D39	6D3C-6D3D	6D3F-6D3F	6D57-6D5B	6D5E-6D61	6D64-6D65	6D67-6D67	6D6C-6D6C	6D6F-6D70	6D79-6D79
Noto Sans JP	700	/fonts/served/noto-sans-jp-34-700-normal.woff2	69DD-69DE	69E2-69E3	69E5-69E5	69E7-69EB	69ED-69EF	69F1-69F6	69F9-69F9	69FE-6A01	6A03-6A03	6A05-6A05	6A0A-6A0A	6A0C-6A0C	6A0F-6A0F	6A11-6A15	6A17-6A17	6A1A-6A1B	6A1D-6A20	6A22-6A24	6A28-6A28	6A2E-6A2E	6A30-6A30	6A32-6A38	6A3B-6A3B	6A3E-6A3F	6A44-6A4A	6A4E-6A4E	6A50-6A52	6A54-6A56	6A5B-6A5B	6A61-6A62	6A64-6A64	6A66-6A67	6A6A-6A6B	6A71-6A73	6A78-6A78	6A7A-6A7A	6A7E-6A7F	6A81-6A81	6A83-6A84	6A86-6A87	6A89-6A89	6A8B-6A8B	6A8D-6A8D	6A90-6A91	6A94-6A94	6A97-6A97	6A9B-6A9B	6A9D-6AA3	6AA5-6AA5	6AAA-6AAC	6AAE-6AB1	6AB3-6AB4	6AB8-6AB8	6ABB-6ABB	6ABD-6ABF	6AC1-6AC3	6AC6-6AC6	6AC8-6AC9	6ACC-6ACC	6AD0-6AD1	6AD3-6AD6	6ADA-6ADF	6AE2-6AE2	6AE4-6AE4	6AE7-6AE8	6AEA-6AEA	6AEC-6AEC	6AF0-6AF3	6AF8-6AF8	6AFA-6AFA	6AFC-6AFD	6B02-6B03	6B06-6B07	6B09-6B0B	6B0F-6B12	6B16-6B17	6B1B-6B1B	6B1D-6B1F	6B23-6B24	6B28-6B28	6B2B-6B2C	6B2F-6B2F	6B35-6B39	6B3B-6B3B	6B3D-6B3D	6B3F-6B3F	6B43-6B43	6B46-6B47	6B49-6B4A	6B4D-6B4E	6B50-6B50	6B52-6B52	6B54-6B54	6B56-6B56	6B58-6B59	6B5B-6B5B	6B5D-6B5D	6B5F-6B61	6B65-6B65	6B67-6B67	6B6B-6B6C	6B6E-6B6E	6B70-6B70	6B72-6B72	6B75-6B75	6B77-6B7A	6B7D-6B84
Noto Sans JP	700	/fonts/served/noto-sans-jp-35-700-normal.woff2	6855-6855	6857-6859	685B-685B	685D-685D	685F-685F	6863-6863	6867-6867	686B-686B	686E-6872	6874-6875	6877-6877	6879-687C	687E-687F	6882-6884	6886-6886	6888-6888	688D-6890	6894-6894	6896-6896	6898-689C	689F-68A3	68A5-68A7	68A9-68AB	68AD-68AF	68B2-68B5	68B9-68BC	68C3-68C3	68C5-68C6	68C8-68CA	68CC-68CD	68CF-68D1	68D3-68D9	68DC-68DD	68E0-68E1	68E3-68E5	68E7-68E8	68EA-68ED	68EF-68F1	68F5-68F7	68F9-68F9	68FB-68FD	6900-6901	6903-6904	6906-690C	690F-6911	6913-6913	6916-6917	6919-691B	6921-6923	6925-6926	6928-6928	692A-692A	6930-6931	6933-6936	6938-6939	693B-693B	693D-693D	6942-6942	6945-6946	6949-6949	694E-694E	6954-6954	6957-6957	6959-6959	695B-695E	6961-6966	6968-696C	696E-6974	6977-697B	697E-6981	6986-6986	698D-698D	6991-6992	6994-6996	6998-6998	699C-699C	69A0-69A1	69A5-69A8	69AB-69AB	69AD-69AD	69AF-69B2	69B4-69B4	69B7-69B8	69BA-69BC	69BE-69C1	69C3-69C3	69C5-69C5	69C7-69C8	69CA-69CA	69CE-69D1	69D3-69D3	69D6-69D7	69D9-69D9
Noto Sans JP	700	/fonts/served/noto-sans-jp-36-700-normal.woff2	667E-6680	6683-6684	6688-6688	668B-668E	6690-6690	6692-6692	6698-669D	669F-66A0	66A2-66A2	66A4-66A4	66AD-66AD	66B1-66B3	66B5-66B5	66B8-66B9	66BB-66BC	66BE-66C4	66C6-66C6	66C8-66C9	66CC-66CC	66CE-66CF	66D4-66D4	66DA-66DB	66DD-66DD	66DF-66E0	66E6-66E6	66E8-66E9	66EB-66EC	66EE-66EE	66F5-66F5	66F7-66F7	66FA-66FC	6701-6701	6705-6705	6707-6707	670C-670C	670E-6710	6712-6716	6719-6719	671C-671C	671E-671E	6720-6720	6722-6722	6725-6726	672E-672E	6733-6733	6735-6738	673E-673F	6741-6741	6743-6743	6745-6748	674C-674D	6753-6755	6759-6759	675D-675E	6760-6760	6762-6764	6766-6766	676A-676A	676C-676C	676E-676E	6770-6770	6772-6774	6776-6777	677B-677C	6780-6781	6784-6785	6787-6787	6789-6789	678B-678C	678E-678F	6791-6793	6796-6796	6798-6799	679B-679B	67A1-67A1	67A4-67A4	67A6-67A6	67A9-67A9	67B0-67B5	67B7-67B9	67BB-67BE	67C0-67C3	67C5-67C6	67C8-67C9	67CE-67CE	67D2-67D2	67D7-67D9	67DB-67DE	67E1-67E2	67E4-67E4	67E6-67E7	67E9-67E9	67EC-67EC	67EE-67F0	67F2-67F2	67F6-67F7	67F9-67FA	67FC-67FC	67FE-67FE	6801-6802	6805-6805	6810-6810	6814-6814	6818-6819	681D-681D	681F-681F	6822-6822	6827-6829	682B-682D	682F-6834	683B-683B	683E-6840	6844-6846	6849-684A	684C-684E	6852-6854
Noto Sans JP	700	/fonts/served/noto-sans-jp-37-700-normal.woff2	64D2-64D2	64D4-64D5	64D7-64D8	64DA-64DA	64E0-64E1	64E3-64E5	64E7-64E7	64E9-64EA	64ED-64ED	64EF-64F2	64F4-64F7	64FA-64FB	64FD-6501	6504-6505	6508-650A	650F-650F	6513-6514	6516-6516	6518-6519	651B-651F	6522-6522	6524-6524	6526-6526	6529-652C	652E-652E	6531-6532	6534-6538	653A-653A	653C-653D	6543-6544	6547-6549	654D-654E	6550-6550	6552-6552	6554-6556	6558-6558	655D-6560	6567-6567	656B-656B	6572-6572	6578-6578	657A-657A	657D-657D	6581-6585	6588-6588	658A-658A	658C-658C	6592-6592	6595-6595	6598-6598	659B-659B	659D-659D	659F-65A1	65A3-65A6	65AB-65AB	65AE-65AE	65B2-65B5	65B7-65B8	65BE-65BF	65C1-65C4	65C6-65C6	65C8-65C9	65CC-65CC	65CE-65CE	65D0-65D0	65D2-65D2	65D4-65D4	65D6-65D6	65D8-65D9	65DB-65DB	65DF-65E1	65E3-65E3	65F0-65F2	65F4-65F5	65F9-65F9	65FB-65FC	65FE-6600	6603-6604	6608-660A	660D-660D	6611-6612	6615-6616	661C-661E	6621-6624	6626-6626	6629-662C	662E-662E	6630-6631	6633-6637	6639-663B	663F-6641	6644-6646	6648-664A	664C-664C	664E-664F	6651-6651	6657-6665	6667-6668	666A-666D	6670-6670	6673-6673	6675-6675	6677-6679	667B-667C
Noto Sans JP	700	/fonts/served/noto-sans-jp-38-700-normal.woff2	62CF-62CF	62D1-62D1	62D4-62D6	62DA-62DA	62DC-62DC	62EA-62EA	62EE-62EF	62F1-62F2	62F4-62F5	62FC-62FD	62FF-62FF	6302-6304	6308-630D	6310-6310	6313-6313	6316-6316	6318-6318	631B-631B	6327-6327	6329-632A	632D-632D	6332-6332	6335-6336	6339-633C	633E-633E	6341-6344	6346-6346	634A-634E	6350-6350	6352-6354	6358-6359	635B-635B	6365-6366	6369-6369	636B-636D	6371-6372	6374-6378	637A-637A	637C-637D	637F-6380	6382-6382	6384-6384	6387-6387	6389-638A	638E-6390	6394-6396	6399-639A	639E-639E	63A0-63A0	63A3-63A4	63A6-63A6	63A9-63A9	63AB-63AF	63B5-63B5	63BD-63BE	63C0-63C1	63C4-63C6	63C8-63C8	63CE-63CE	63D1-63D6	63DC-63DC	63E0-63E0	63E3-63E3	63E5-63E5	63E9-63ED	63F2-63F3	63F5-63F9	6406-6406	6409-640A	640F-6410	6412-6414	6416-6418	641E-641E	6420-6420	6422-6422	6424-6426	6428-642A	642F-6430	6434-6436	643D-643D	643F-643F	644B-644B	644E-644F	6451-6454	645A-645D	645F-6461	6463-6463	6467-6467	646D-646D	6473-6474	6476-6476	6478-6479	647B-647B	647D-647D	6485-6485	6487-6488	648F-6491	6493-6493	6495-6495	6498-649B	649D-649F	64A1-64A1	64A3-64A3	64A6-64A6	64A8-64A9	64AC-64AC	64B3-64B3	64BB-64BF	64C2-64C2	64C4-64C5	64C7-64C7	64C9-64CC	64CE-64CE	64D0-64D1
Noto Sans JP	700	/fonts/served/noto-sans-jp-39-700-normal.woff2	6117-6117	6119-6119	611C-611C	611E-611E	6120-6122	6127-6128	612A-612C	6130-6131	6134-6137	6139-613A	613C-613F	6141-6142	6144-6147	6149-614A	614D-614D	6153-6153	6158-615A	615D-6160	6164-6165	616B-616C	616F-616F	6171-6175	6177-6178	617B-6181	6183-6184	6187-6187	618A-618B	618D-618D	6192-6194	6196-619A	619C-619D	619F-61A0	61A5-61A5	61A8-61A8	61AA-61AE	61B8-61BA	61BC-61BC	61BE-61BE	61C0-61C3	61C6-61C6	61C8-61C8	61CA-61CF	61D5-61D5	61DC-61DF	61E1-61E3	61E5-61E9	61EC-61ED	61EF-61EF	61F4-61F7	61FA-61FA	61FC-6201	6203-6204	6207-620A	620D-620E	6213-6215	621B-621E	6220-6223	6227-6227	6229-622B	622E-622E	6230-6233	6236-6236	6239-6239	623D-623E	6241-6244	6246-6246	6248-6248	624C-624C	624E-624E	6250-6252	6254-6254	6256-6256	6258-6258	625A-625C	625E-625E	6260-6261	6263-6264	6268-6268	626D-626D	626F-626F	6273-6273	627A-627E	6282-6283	6285-6285	6289-6289	628D-6290	6292-6294	6296-6296	6299-6299	629B-629B	62A6-62A6	62A8-62A8	62AC-62AC	62B3-62B3	62B6-62B7	62BA-62BB	62BE-62BF	62C2-62C2	62C4-62C4	62C6-62C8	62CA-62CA	62CE-62CE
Noto Sans JP	700	/fonts/served/noto-sans-jp-40-700-normal.woff2	5F6C-5F6D	5F6F-5F6F	5F72-5F75	5F78-5F78	5F7A-5F7A	5F7D-5F7F	5F82-5F83	5F87-5F89	5F8D-5F8D	5F8F-5F8F	5F91-5F91	5F96-5F96	5F99-5F99	5F9C-5F9D	5FA0-5FA0	5FA2-5FA2	5FA4-5FA4	5FA7-5FA8	5FAB-5FAD	5FAF-5FB1	5FB5-5FB5	5FB7-5FB8	5FBC-5FBD	5FC4-5FC4	5FC7-5FC9	5FCB-5FCB	5FD0-5FD4	5FDD-5FDE	5FE1-5FE2	5FE4-5FE4	5FE8-5FEA	5FEC-5FF3	5FF6-5FF6	5FF8-5FF8	5FFA-5FFD	5FFF-5FFF	6007-6007	600A-600A	600D-6010	6013-6015	6017-601B	601F-601F	6021-6022	6024-6024	6026-6026	6029-6029	602B-602B	602D-602D	6031-6031	6033-6033	6035-6035	603A-603A	6040-6043	6046-604A	604C-604D	6051-6051	6054-6057	6059-605A	605D-605D	605F-6064	6067-6067	606A-606C	6070-6071	6077-6077	607E-607F	6081-6086	6088-608E	6091-6093	6095-6098	609A-609B	609D-609E	60A2-60A2	60A4-60A5	60A7-60A8	60B0-60B1	60B3-60B5	60B7-60B8	60BB-60BB	60BD-60BE	60C2-60C2	60C4-60C4	60C6-60CB	60CE-60CF	60D3-60D5	60D8-60D9	60DB-60DB	60DD-60DF	60E1-60E2	60E5-60E5	60EE-60EE	60F0-60F2	60F4-60F8	60FA-60FD	6100-6100	6102-6103	6106-6108	610A-610A	610C-610E	6110-6114	6116-6116
Noto Sans JP	700	/fonts/served/noto-sans-jp-41-700-normal.woff2	5D9B-5D9B	5D9D-5D9D	5D9F-5DA0	5DA2-5DA2	5DA4-5DA4	5DA7-5DA7	5DAB-5DAC	5DAE-5DAE	5DB0-5DB0	5DB2-5DB2	5DB4-5DB4	5DB7-5DB9	5DBC-5DBD	5DC3-5DC3	5DC7-5DC7	5DC9-5DC9	5DCB-5DCE	5DD0-5DD3	5DD6-5DD9	5DDB-5DDB	5DE0-5DE0	5DE2-5DE2	5DE4-5DE4	5DE9-5DE9	5DF2-5DF2	5DF5-5DF5	5DF8-5DF9	5DFD-5DFD	5DFF-5E00	5E07-5E07	5E0B-5E0B	5E0D-5E0D	5E11-5E12	5E14-5E15	5E18-5E1B	5E1F-5E20	5E25-5E25	5E28-5E28	5E2E-5E2E	5E32-5E32	5E35-5E37	5E3E-5E3E	5E40-5E40	5E43-5E44	5E47-5E47	5E49-5E49	5E4B-5E4B	5E4E-5E4E	5E50-5E51	5E54-5E54	5E56-5E58	5E5B-5E5C	5E5E-5E5F	5E62-5E62	5E64-5E64	5E68-5E68	5E6A-5E6E	5E70-5E70	5E75-5E77	5E7A-5E7A	5E7F-5E80	5E87-5E87	5E8B-5E8B	5E8E-5E8E	5E96-5E96	5E99-5E9A	5EA0-5EA0	5EA2-5EA2	5EA4-5EA5	5EA8-5EA8	5EAA-5EAA	5EAC-5EAC	5EB1-5EB1	5EB3-5EB3	5EB8-5EB9	5EBD-5EBF	5EC1-5EC2	5EC6-5EC6	5EC8-5EC8	5ECB-5ECC	5ECE-5ED6	5ED9-5EE2	5EE5-5EE5	5EE8-5EE9	5EEB-5EEC	5EF0-5EF1	5EF3-5EF4	5EF8-5EF9	5EFC-5F00	5F02-5F03	5F06-5F09	5F0B-5F0E	5F11-5F11	5F16-5F17	5F19-5F19	5F1B-5F1E	5F21-5F24	5F27-5F29	5F2B-5F30	5F34-5F34	5F36-5F36	5F38-5F38	5F3A-5F3D	5F3F-5F41	5F44-5F45	5F47-5F48	5F4A-5F4A	5F4C-5F4E	5F50-5F51	5F54-5F54	5F56-5F58	5F5B-5F5D	5F60-5F60	5F63-5F65	5F67-5F67	5F6A-5F6A
Noto Sans JP	700	/fonts/served/noto-sans-jp-42-700-normal.woff2	5BBC-5BBC	5BC0-5BC1	5BC3-5BC3	5BC7-5BC7	5BC9-5BC9	5BCD-5BD0	5BD3-5BD4	5BD6-5BDA	5BDE-5BDE	5BE0-5BE2	5BE4-5BE6	5BE8-5BE8	5BEB-5BEC	5BEF-5BF1	5BF3-5BF6	5BFD-5BFD	5C03-5C03	5C05-5C05	5C07-5C09	5C0C-5C0D	5C12-5C14	5C17-5C17	5C19-5C19	5C1E-5C20	5C22-5C24	5C26-5C26	5C28-5C2E	5C30-5C30	5C32-5C32	5C35-5C36	5C38-5C39	5C46-5C46	5C4D-5C50	5C53-5C53	5C59-5C5C	5C5F-5C63	5C67-5C69	5C6C-5C70	5C74-5C76	5C79-5C7D	5C87-5C88	5C8A-5C8A	5C8C-5C8C	5C8F-5C8F	5C91-5C92	5C94-5C94	5C9D-5C9D	5C9F-5CA0	5CA2-5CA3	5CA6-5CA8	5CAA-5CAB	5CAD-5CAD	5CB1-5CB2	5CB4-5CB7	5CBA-5CBC	5CBE-5CBE	5CC5-5CC5	5CC7-5CC7	5CC9-5CC9	5CCB-5CCB	5CD0-5CD0	5CD2-5CD2	5CD7-5CD7	5CD9-5CD9	5CDD-5CDD	5CE6-5CE6	5CE8-5CEA	5CED-5CEE	5CF1-5CF2	5CF4-5CF5	5CFA-5CFB	5CFD-5CFD	5D01-5D01	5D06-5D06	5D0B-5D0B	5D0D-5D0D	5D10-5D12	5D14-5D15	5D17-5D1B	5D1D-5D1D	5D1F-5D20	5D22-5D24	5D26-5D27	5D2B-5D2B	5D31-5D31	5D34-5D34	5D39-5D39	5D3D-5D3D	5D3F-5D3F	5D42-5D43	5D46-5D48	5D4A-5D4B	5D4E-5D4E	5D51-5D53	5D55-5D55	5D59-5D59	5D5C-5D5C	5D5F-5D62	5D64-5D64	5D69-5D6A	5D6C-5D6D	5D6F-5D70	5D73-5D73	5D76-5D76	5D79-5D7A	5D7E-5D7F	5D81-5D84	5D87-5D88	5D8A-5D8A	5D8C-5D8C	5D90-5D90	5D92-5D95	5D97-5D97	5D99-5D99
Noto Sans JP	700	/fonts/served/noto-sans-jp-43-700-normal.woff2	598B-598E	5992-5992	5995-5995	5997-5997	599B-599B	599D-599D	599F-599F	59A3-59A4	59A7-59A7	59AD-59B0	59B2-59B3	59B7-59B7	59BA-59BA	59BC-59BC	59BE-59BE	59C1-59C1	59C3-59C4	59C6-59C6	59C8-59C8	59CA-59CA	59CD-59CD	59D2-59D2	59D9-59DA	59DD-59DF	59E3-59E5	59E7-59E8	59EC-59EC	59EE-59EF	59F1-59F2	59F4-59F4	59F6-59F8	5A00-5A00	5A03-5A04	5A09-5A09	5A0C-5A0E	5A11-5A13	5A17-5A17	5A1A-5A1C	5A1E-5A1F	5A23-5A25	5A27-5A28	5A2A-5A2A	5A2D-5A2D	5A30-5A30	5A35-5A36	5A40-5A41	5A44-5A45	5A47-5A49	5A4C-5A4C	5A50-5A50	5A55-5A55	5A5E-5A5E	5A62-5A63	5A65-5A65	5A67-5A67	5A6A-5A6A	5A6C-5A6D	5A77-5A77	5A7A-5A7B	5A7E-5A7E	5A84-5A84	5A8B-5A8B	5A90-5A90	5A93-5A93	5A96-5A96	5A99-5A99	5A9C-5A9C	5A9E-5AA0	5AA2-5AA2	5AA7-5AA7	5AAC-5AAC	5AB1-5AB3	5AB5-5AB5	5AB8-5AB8	5ABA-5ABF	5AC2-5AC2	5AC4-5AC4	5AC6-5AC6	5AC8-5AC8	5ACB-5ACB	5ACF-5AD0	5AD6-5AD7	5ADA-5ADA	5ADC-5ADC	5AE0-5AE1	5AE3-5AE3	5AE5-5AE6	5AE9-5AEA	5AEE-5AEE	5AF0-5AF0	5AF5-5AF6	5AFA-5AFB	5AFD-5AFD	5B00-5B01	5B08-5B08	5B0B-5B0B	5B16-5B17	5B19-5B19	5B1B-5B1B	5B1D-5B1D	5B21-5B21	5B25-5B25	5B2A-5B2A	5B2C-5B2D	5B30-5B30	5B32-5B32	5B34-5B34	5B36-5B36	5B38-5B38	5B3E-5B3E	5B40-5B41	5B43-5B43	5B45-5B45	5B4B-5B4C	5B51-5B52	5B56-5B56	5B5A-5B5C	5B5E-5B5F	5B65-5B65	5B68-5B69	5B6E-5B71	5B73-5B73	5B75-5B76	5B7A-5B7A	5B7C-5B84	5B86-5B86	5B8A-5B8B	5B8D-5B8E	5B90-5B91	5B93-5B94	5B96-5B96	5BA5-5BA6	5BA8-5BA9	5BAC-5BAD	5BAF-5BAF	5BB1-5BB2	5BB7-5BB8	5BBA-5BBA
Noto Sans JP	700	/fonts/served/noto-sans-jp-44-700-normal.woff2	57B3-57B3	57B8-57B8	57BD-57BD	57C0-57C0	57C3-57C3	57C6-57C8	57CC-57CC	57CF-57CF	57D2-57D7	57DC-57DE	57E0-57E1	57E3-57E4	57E6-57E7	57E9-57E9	57ED-57ED	57F0-57F0	57F4-57F6	57F8-57F8	57FB-57FB	57FD-57FF	5803-5804	5808-580D	5819-5819	581B-581B	581D-5821	5826-5827	582D-582D	582F-5830	5832-5832	5835-5835	5839-5839	583D-583D	583F-5840	5849-5849	584B-584D	584F-5852	5855-5855	5858-5859	585F-585F	5861-5862	5864-5864	5867-5868	586D-586D	5870-5870	5872-5872	5878-5879	587C-587C	587F-5881	5885-5885	5887-588D	588F-5890	5894-5894	5896-5896	5898-5898	589D-589E	58A0-58A2	58A6-58A6	58A9-58AB	58AE-58AE	58B1-58B3	58B8-58BC	58BE-58BE	58C2-58C5	58C8-58C8	58CD-58CE	58D0-58DA	58DC-58E2	58E4-58E5	58E9-58E9	58EC-58EC	58EF-58EF	58F3-58F4	58F7-58F7	58F9-58F9	58FB-58FD	5902-5902	5905-5906	590A-590D	5910-5910	5912-5914	5918-5919	591B-591B	591D-591D	591F-591F	5921-5921	5923-5925	5928-5928	592C-592D	592F-5930	5932-5933	5935-5936	5938-5939	593D-593F	5943-5943	5946-5946	594E-594E	5950-5950	5952-5953	5955-5955	5957-595B	595D-5961	5963-5963	5967-5967	5969-5969	596B-596D	596F-596F	5972-5972	5975-5976	5978-5979	597B-597C	5981-5981
Noto Sans JP	700	/fonts/served/noto-sans-jp-45-700-normal.woff2	5616-5617	5619-5619	561B-561B	5620-5620	5628-5628	562C-562C	562F-5639	563B-563D	563F-5641	5643-5644	5646-5647	5649-5649	564B-564B	564D-5650	5653-5654	565E-565E	5660-5664	5666-5666	5669-566D	566F-566F	5671-5672	5675-5676	5678-5678	567A-567A	5680-5680	5684-5688	568A-568C	568F-568F	5694-5695	5699-569A	569D-56A0	56A5-56A9	56AB-56AE	56B1-56B4	56B6-56B7	56BC-56BC	56BE-56BE	56C0-56C0	56C2-56C3	56C5-56C5	56C8-56D1	56D3-56D3	56D7-56D9	56DC-56DD	56DF-56DF	56E1-56E1	56E4-56E8	56EB-56EB	56ED-56EE	56F1-56F1	56F6-56F7	56F9-56F9	56FF-5704	5707-570A	570C-570D	5711-5711	5713-5713	5715-5716	5718-5718	571A-571D	5720-5726	5729-572A	572C-572C	572E-572F	5733-5734	5737-5738	573B-573B	573D-573F	5745-5746	574C-574F	5751-5752	5759-5759	575F-575F	5761-5762	5764-5765	5767-5769	576B-576B	576D-5771	5773-5775	5777-5777	5779-577C	577E-577F	5781-5781	5783-5783	5788-5789	578C-578C	5793-5795	5797-5797	5799-579A	579C-57A1	57A4-57A4	57A7-57AA	57AC-57AC	57AE-57AE	57B0-57B0
Noto Sans JP	700	/fonts/served/noto-sans-jp-46-700-normal.woff2	543F-5440	5443-5444	5447-5447	544C-544F	5455-5455	545E-545E	5462-5462	5464-5464	5466-5467	5469-5469	546B-546E	5470-5471	5474-5477	547B-547B	547F-5481	5483-5486	5488-548B	548D-5492	5495-5496	549C-549C	549F-54A2	54A4-54A4	54A6-54AF	54B1-54B1	54B7-54BC	54BE-54BF	54C2-54C4	54C6-54C8	54CA-54CA	54CD-54CE	54D8-54D8	54E0-54E0	54E2-54E2	54E5-54E6	54E8-54EA	54EC-54EF	54F1-54F1	54F3-54F3	54F6-54F6	54FC-5501	5505-5505	5508-5509	550C-550F	5514-5516	5527-5527	552A-552B	552E-552E	5532-5533	5535-5536	5538-5539	553B-553D	5540-5541	5544-5545	5547-5547	5549-554A	554C-554D	5550-5551	5556-5558	555A-555E	5560-5561	5563-5564	5566-5566	557B-5583	5586-5588	558A-558A	558E-558F	5591-5594	5597-5597	5599-5599	559E-559F	55A3-55A4	55A8-55A9	55AC-55AE	55B2-55B2	55BF-55BF	55C1-55C1	55C3-55C4	55C6-55C7	55C9-55C9	55CB-55CC	55CE-55CE	55D1-55D4	55D7-55D8	55DA-55DB	55DD-55DF	55E2-55E2	55E4-55E4	55E9-55E9	55EC-55EC	55EE-55EE	55F1-55F1	55F6-55F9	55FD-55FF	5605-5605	5607-5608	560A-560A	560D-5612
Noto Sans JP	700	/fonts/served/noto-sans-jp-47-700-normal.woff2	528D-528D	5291-5298	529A-529A	529C-529C	52A4-52A7	52AB-52AD	52AF-52B0	52B5-52B8	52BA-52BE	52C0-52C1	52C4-52C6	52C8-52C8	52CA-52CA	52CC-52CD	52CF-52D2	52D4-52D4	52D6-52D7	52DB-52DC	52DE-52DE	52E0-52E1	52E3-52E3	52E5-52E6	52E8-52EA	52EC-52EC	52F0-52F1	52F3-52FB	5300-5301	5303-5303	5306-5308	530A-530D	530F-5311	5313-5313	5315-5315	5318-531F	5321-5321	5323-5325	5327-532D	532F-5333	5335-5335	5338-5338	533C-533E	5340-5340	5342-5342	5345-5346	5349-5349	534B-534C	5359-5359	535B-535B	535E-535E	5361-5361	5363-5367	5369-5369	536C-536E	5372-5372	5377-5377	5379-537B	537D-537F	5382-5383	5387-5389	538E-538E	5393-5394	5396-5396	5398-5399	539D-539D	53A0-53A1	53A4-53A6	53A9-53AB	53AD-53B0	53B2-53B2	53B4-53B8	53BA-53BA	53BD-53BD	53C0-53C1	53C3-53C5	53CF-53CF	53D2-53D3	53D5-53D5	53DA-53DB	53DD-53E0	53E2-53E2	53E6-53E8	53ED-53EE	53F4-53F5	53FA-53FA	5401-5403	540B-540B	540F-540F	5412-5413	541A-541A	541D-541E	5421-5421	5424-5424	5427-542A	542C-542F	5431-5431	5433-5436	543C-543D
Noto Sans JP	700	/fonts/served/noto-sans-jp-48-700-normal.woff2	50DD-50DF	50E1-50E6	50E8-50E9	50ED-50F6	50F9-50FB	50FE-50FE	5101-5103	5106-5109	510B-510E	5110-5110	5112-5112	5114-511E	5121-5121	5123-5123	5127-5128	512C-512D	512F-512F	5131-5131	5133-5135	5137-513C	513F-5142	5147-5147	514A-514A	514C-514C	514F-514F	5152-5155	5157-5158	515F-5160	5162-5162	5164-5164	5166-5167	5169-516A	516E-516E	5173-5174	5179-5179	517B-517B	517E-517E	5180-5180	5182-5184	5189-5189	518B-518C	518E-5191	5193-5193	5195-5196	5198-5198	519D-519D	51A1-51A4	51A6-51A6	51A9-51AB	51AD-51AD	51B0-51B3	51B5-51B5	51B8-51B8	51BA-51BA	51BC-51BF	51C2-51C3	51C5-51C5	51C8-51CB	51CF-51CF	51D1-51D6	51D8-51D8	51DE-51E0	51E2-51E2	51E5-51E5	51E7-51E7	51E9-51E9	51EC-51EE	51F2-51F5	51F7-51F7	51FE-51FE	5201-5202	5204-5205	520B-520B	520E-520E	5212-5216	5218-5218	5222-5222	5226-5228	522A-522B	522E-522E	5231-5233	5235-5235	523C-523C	5244-5245	5249-5249	524B-524C	524F-524F	5254-5255	5257-5258	525A-525A	525C-5261	5266-5266	5269-5269	526C-526C	526E-526E	5271-5271	5273-5274	5277-5279	527D-527D	527F-5280	5282-5285	5288-528A	528C-528C
Noto Sans JP	700	/fonts/served/noto-sans-jp-49-700-normal.woff2	4F57-4F58	4F5A-4F5B	4F5D-4F5F	4F63-4F64	4F69-4F6A	4F6C-4F6C	4F6E-4F71	4F76-4F7E	4F81-4F85	4F88-4F8A	4F8C-4F8C	4F8E-4F90	4F92-4F94	4F96-4F9A	4F9E-4FA0	4FAB-4FAB	4FAD-4FAD	4FAF-4FAF	4FB2-4FB2	4FB7-4FB7	4FB9-4FB9	4FBB-4FBE	4FC0-4FC1	4FC4-4FC6	4FC8-4FC9	4FCB-4FD4	4FD8-4FD8	4FDA-4FDC	4FDF-4FE0	4FE2-4FE2	4FE4-4FE6	4FEF-4FF2	4FF6-4FF6	4FFC-5002	5004-5007	500A-500A	500C-500C	500E-5011	5013-5014	5016-5018	501A-501E	5021-5023	5025-502A	502C-502E	5030-5030	5032-5033	5035-5035	5039-5039	503B-503B	5040-5043	5045-5048	504A-504A	504C-504C	504E-504E	5050-5053	5055-5057	5059-505A	505F-5060	5062-5063	5066-5067	506A-506A	506C-506D	5070-5072	5077-5078	5080-5081	5083-5086	5088-5088	508A-508A	508E-5090	5092-5096	509A-509C	509E-50A3	50AA-50AA	50AD-50AD	50AF-50B4	50B9-50BB	50BD-50BD	50C0-50C0	50C2-50C4	50C7-50C7	50C9-50CA	50CC-50CC	50CE-50CE	50D0-50D1	50D3-50D4	50D6-50D6	50D8-50D9	50DC-50DC
Noto Sans JP	700	/fonts/served/noto-sans-jp-50-700-normal.woff2	4093-4093	4103-4103	4105-4105	4148-4148	414F-414F	4163-4163	41B4-41B4	41BF-41BF	41E6-41E6	41EE-41EE	41F3-41F3	4207-4207	420E-420E	4264-4264	4293-4293	42C6-42C6	42D6-42D6	42DD-42DD	4302-4302	432B-432B	4343-4343	43EE-43EE	43F0-43F0	4408-4408	440C-440C	4417-4417	441C-441C	4422-4422	4453-4453	445B-445B	4476-4476	447A-447A	4491-4491	44B3-44B3	44BE-44BE	44D4-44D4	4508-4508	450D-450D	4525-4525	4543-4543	457A-457A	459D-459D	45B8-45B8	45BE-45BE	45E5-45E5	45EA-45EA	460F-4610	4641-4641	4665-4665	46A1-46A1	46AE-46AF	470C-470C	471F-471F	4764-4764	47E6-47E6	47FD-47FD	4816-4816	481E-481E	4844-4844	484E-484E	48B5-48B5	49B0-49B0	49E7-49E7	49FA-49FA	4A04-4A04	4A29-4A29	4ABC-4ABC	4B38-4B38	4B3B-4B3B	4B7E-4B7E	4BC2-4BC2	4BCA-4BCA	4BD2-4BD2	4BE8-4BE8	4C17-4C17	4C20-4C20	4C38-4C38	4CC4-4CC4	4CD1-4CD1	4CE1-4CE1	4D07-4D07	4D77-4D77	4E02-4E02	4E04-4E05	4E0C-4E0C	4E0F-4E12	4E15-4E15	4E17-4E17	4E19-4E19	4E1E-4E1F	4E23-4E24	4E28-4E2C	4E2E-4E31	4E35-4E37	4E3F-4E42	4E44-4E44	4E47-4E48	4E4D-4E4E	4E51-4E51	4E55-4E56	4E58-4E58	4E5A-4E5C	4E62-4E63	4E68-4E69	4E74-4E75	4E79-4E79	4E7F-4E7F	4E82-4E82	4E85-4E85	4E8A-4E8A	4E8D-4E8E	4E96-4E99	4E9D-4EA0	4EA2-4EA2	4EA5-4EA6	4EA8-4EA8	4EAF-4EB0	4EB3-4EB3	4EB6-4EB6	4EB9-4EB9	4EBB-4EBC	4EC2-4EC4	4EC6-4EC8	4ECD-4ECD	4ED0-4ED0	4ED7-4ED7	4EDA-4EDB	4EDD-4EE2	4EE8-4EE8	4EEB-4EEB	4EED-4EED	4EEF-4EEF	4EF1-4EF1	4EF3-4EF3	4EF5-4EF5	4EF7-4EF7	4EFC-4F00	4F02-4F03	4F08-4F09	4F0B-4F0D	4F12-4F12	4F15-4F17	4F19-4F19	4F1C-4F1C	4F2B-4F2B	4F2E-4F2E	4F30-4F31	4F33-4F33	4F35-4F37	4F39-4F39	4F3B-4F3B	4F3E-4F3E	4F40-4F40	4F42-4F43	4F48-4F49	4F4B-4F4C	4F52-4F52	4F54-4F54	4F56-4F56
Noto Sans JP	700	/fonts/served/noto-sans-jp-51-700-normal.woff2	3395-339B	339E-33A0	33A2-33FF	3402-3402	3405-3406	3427-3427	342C-342C	342E-342E	3468-3468	346A-346A	3488-3488	3492-3492	34B5-34B5	34BC-34BC	34C1-34C1	34C7-34C7	34DB-34DB	351F-351F	353E-353E	355D-355E	3563-3563	356E-356E	35A6-35A6	35A8-35A8	35C5-35C5	35DA-35DA	35DE-35DE	35F4-35F4	3605-3605	3614-3614	364A-364A	3691-3691	3696-3696	3699-3699	36CF-36CF	3761-3762	376B-376C	3775-3775	378D-378D	37C1-37C1	37E2-37E2	37E8-37E8	37F4-37F4	37FD-37FD	3800-3800	382F-382F	3836-3836	3840-3840	385C-385C	3861-3861	38A1-38A1	38AD-38AD	38FA-38FA	3917-3917	391A-391A	396F-396F	39A4-39A4	39B8-39B8	3A5C-3A5C	3A6E-3A6E	3A73-3A73	3A85-3A85	3AC4-3AC4	3ACB-3ACB	3AD6-3AD7	3AEA-3AEA	3AF3-3AF3	3B0E-3B0E	3B1A-3B1A	3B1C-3B1C	3B22-3B22	3B35-3B35	3B6D-3B6D	3B77-3B77	3B87-3B88	3B8D-3B8D	3BA4-3BA4	3BB6-3BB6	3BC3-3BC3	3BCD-3BCD	3BF0-3BF0	3BF3-3BF3	3C0F-3C0F	3C26-3C26	3CC3-3CC3	3CD2-3CD2	3D11-3D11	3D1E-3D1E	3D31-3D31	3D4E-3D4E	3D64-3D64	3D9A-3D9A	3DC0-3DC0	3DCC-3DCC	3DD4-3DD4	3E05-3E05	3E3F-3E40	3E60-3E60	3E66-3E66	3E68-3E68	3E83-3E83	3E8A-3E8A	3E94-3E94	3EDA-3EDA	3F57-3F57	3F72-3F72	3F75-3F75	3F77-3F77	3FAE-3FAE	3FB1-3FB1	3FC9-3FC9	3FD7-3FD7	3FDC-3FDC	4039-4039	4058-4058
Noto Sans JP	700	/fonts/served/noto-sans-jp-52-700-normal.woff2	32B5-332B	332D-3394
Noto Sans JP	700	/fonts/served/noto-sans-jp-53-700-normal.woff2	31C8-31E3	31F0-321E	3220-3230	3232-32B4
Noto Sans JP	700	/fonts/served/noto-sans-jp-54-700-normal.woff2	3028-303F	3094-3096	309F-30A0	30EE-30EE	30F7-30FA	30FF-30FF	3105-312F	3131-3163	3165-318E	3190-31BB	31C0-31C7
Noto Sans JP	700	/fonts/served/noto-sans-jp-55-700-normal.woff2	2F14-2FD5	2FF0-2FFB	3004-3004	3013-3013	3016-301B	301E-301E	3020-3027
Noto Sans JP	700	/fonts/served/noto-sans-jp-56-700-normal.woff2	25E4-25E6	2601-2603	2609-2609	260E-260F	2616-2617	261C-261F	262F-262F	2641-2641	2660-2660	2662-2664	2666-2668	266D-266E	2672-267D	26BD-26BE	2702-2702	271A-271A	273D-273D	2740-2740	2756-2756	2776-2793	27A1-27A1	2934-2935	29BF-29BF	29FA-29FB	2B05-2B07	2B1A-2B1A	2B95-2B95	2E3A-2E3B	2E80-2E99	2E9B-2EF3	2F00-2F13
Noto Sans JP	700	/fonts/served/noto-sans-jp-57-700-normal.woff2	24D1-24FF	2503-2513	2515-2516	2518-251B	251D-2522	2524-259F	25A2-25AB	25B1-25B1	25B7-25B7	25C0-25C1	25C9-25CA	25CC-25CC	25D0-25D3	25E2-25E3
Noto Sans JP	700	/fonts/served/noto-sans-jp-58-700-normal.woff2	2105-2105	2109-210A	210F-210F	2116-2116	2121-2121	2126-2127	212B-212B	212E-212E	2135-2135	213B-213B	2194-2199	21B8-21B9	21C4-21C6	21CB-21CC	21D0-21D0	21E6-21E9	21F5-21F5	2202-2203	2205-2206	2208-220B	220F-220F	2211-2211	2213-2213	2215-2215	221A-221A	221D-221D	2220-2220	2223-2223	2225-2226	2228-2228	222A-222E	2234-2237	223D-223D	2243-2243	2245-2245	2248-2248	224C-224C	2260-2260	2262-2262	2264-2265	226E-226F	2272-2273	2276-2277	2283-2287	228A-228B	2295-2299	22A0-22A0	22A5-22A5	22BF-22BF	22DA-22DB	22EF-22EF	2305-2307	2318-2318	2329-232A	23B0-23B1	23BE-23CC	23CE-23CE	23DA-23DB	2423-2423	2469-24D0
Noto Sans JP	700	/fonts/served/noto-sans-jp-59-700-normal.woff2	A1-A4	A6-A7	AA-AA	AC-AD	B5-B6	B8-BA	BC-C8	CA-CC	CE-D5	D9-DB	DD-DF	E6-E6	EE-EE	F0-F0	F5-F5	F7-F7	F9-F9	FB-FB	FE-102	110-113	11A-11B	128-12B	143-144	147-148	14C-14C	14E-14F	152-153	168-16D	192-192	1A0-1A1	1AF-1AF	1CD-1DC	1F8-1F9	251-251	261-261	2BB-2BB	2C7-2C7	2C9-2C9	2EA-2EB	304-304	307-307	30C-30C	1E3E-1E3F	1EA0-1EBE	1EC0-1EC6	1EC8-1EF9	2011-2012	2016-2016	2018-201A	201E-201E	2021-2021	2030-2030	2033-2033	2035-2035	2042-2042	2047-2047	2051-2051	2074-2074	20A9-20A9	20AB-20AC	20DD-20DE	2100-2100
Noto Sans JP	700	/fonts/served/noto-sans-jp-60-700-normal.woff2	2227-2227	26A0-26A0	2713-2713	301F-301F	4FF8-4FF8	5239-5239	526A-526A	54FA-54FA	5740-5740	5937-5937	5993-5993	59FB-59FB	5A3C-5A3C	5C41-5C41	6028-6028	626E-626E	646F-646F	647A-647A	64B0-64B0	64E2-64E2	65A7-65A7	66FE-66FE	6727-6727	6955-6955	6BEF-6BEF	6F23-6F23	724C-724C	767C-767C	7A83-7A83	7AC4-7AC4	7B67-7B67	8000-8000	8471-8471	8513-8513	8599-8599	86DB-86DB	8718-8718	87F2-87F2	88F3-88F3	8AD2-8AD2	8E2A-8E2A	8FA3-8FA3	95A5-95A5	9798-9798	9910-9910	9957-9957	9BAB-9BAB	9C3B-9C3B	9DAF-9DAF	FF95-FF95
Noto Sans JP	700	/fonts/served/noto-sans-jp-61-700-normal.woff2	A8-A8	2032-2032	2261-2261	2282-2282	3090-3090	30F1-30F1	339C-339C	535C-535C	53D9-53D9	56A2-56A2	56C1-56C1	5806-5806	589F-589F	59D0-59D0	5A7F-5A7F	60E0-60E0	639F-639F	65AF-65AF	68FA-68FA	69AE-69AE	6D1B-6D1B	6EF2-6EF2	71FB-71FB	725D-725D	7262-7262	75BC-75BC	7768-7768	7940-7940	79BF-79BF	7BED-7BED	7D68-7D68	7DFB-7DFB	814B-814B	8207-8207	83E9-83E9	8494-8494	8526-8526	8568-8568	85EA-85EA	86D9-86D9	87BA-87BA	8861-8861	887F-887F	8FE6-8FE6	9059-9059	9061-9061	916A-916A	976D-976D	97AD-97AD	9ECE-9ECE
Noto Sans JP	700	/fonts/served/noto-sans-jp-62-700-normal.woff2	2D9-2D9	21D4-21D4	301D-301D	515C-515C	52FE-52FE	5420-5420	5750-5750	5766-5766	5954-5954	5B95-5B95	5F8A-5F8A	5F98-5F98	620C-620C	621F-621F	641C-641C	66D9-66D9	676D-676D	6775-6775	67F5-67F5	694A-694A	6A02-6A02	6A3A-6A3A	6A80-6A80	6C23-6C23	6C72-6C72	6DCB-6DCB	6FAA-6FAA	707C-707C	71C8-71C8	7422-7422	74E2-74E2	7791-7791	7825-7825	7A14-7A14	7A1C-7A1C	7C95-7C95	7FC1-7FC1	82A5-82A5	82DB-82DB	8304-8304	853D-853D	8CD3-8CD3	8DE8-8DE8	8F0C-8F0C	8F3F-8F3F	9091-9091	91C7-91C7	929A-929A	98AF-98AF	9913-9913
Noto Sans JP	700	/fonts/served/noto-sans-jp-63-700-normal.woff2	2CA-2CB	2229-2229	2468-2468	2669-2669	266F-266F	273F-273F	4EC0-4EC0	4F60-4F60	4FB6-4FB6	5347-5347	540E-540E	543B-543B	5B0C-5B0C	5D4C-5D4C	5F14-5F14	5F9E-5F9E	6155-6155	62D0-62D0	6602-6602	6666-6666	66F3-66F3	67A2-67A2	67CA-67CA	69CC-69CC	6D29-6D29	6D9B-6D9B	6E3E-6E3E	6F81-6F81	7109-7109	73C0-73C0	73C2-73C2	7425-7425	7435-7436	7525-7525	7554-7554	785D-785D	786B-786B	7AE3-7AE3	7B94-7B94	7D18-7D18	81BF-81BF	8511-8511	8549-8549	9075-9075	9640-9640	98E2-98E2	9E9F-9E9F	FF96-FF96
Noto Sans JP	700	/fonts/served/noto-sans-jp-64-700-normal.woff2	2467-2467	4ECE-4ECE	4ED4-4ED4	4F91-4F91	4FAE-4FAE	534D-534D	53C9-53C9	54B3-54B3	586B-586B	5944-5944	5B78-5B78	5DF7-5DF7	5F77-5F77	6101-6101	6167-6168	61A4-61A4	62D9-62D9	698A-698A	699B-699B	6A59-6A59	6CC4-6CC4	6E07-6E07	7099-7099	75D2-75D2	77AD-77AD	7953-7953	7984-7984	7A92-7A92	7BAA-7BAA	7DBB-7DBB	817F-817F	82AD-82AD	85E9-85E9	868A-868A	8CAA-8CAA	8F44-8F44	9017-9017	907C-907C	908A-908A	92F3-92F3	936E-936E	9435-9435	978D-978D	9838-9838	9A28-9A28	9B41-9B41	9BA8-9BA8	9C57-9C57	9EB9-9EB9
Noto Sans JP	700	/fonts/served/noto-sans-jp-65-700-normal.woff2	B1-B1	309B-309B	4E5E-4E5E	51F1-51F1	5506-5506	55C5-55C5	58CC-58CC	59D1-59D1	5C51-5C51	5EF7-5EF7	6284-6284	62D7-62D7	6689-6689	673D-673D	6A2B-6A2B	6A8E-6A8E	6A9C-6A9C	6D63-6D63	6DD1-6DD1	70B8-70B8	7235-7235	72DB-72DB	72F8-72F8	7560-7560	7C9B-7C9B	7CE7-7CE7	7E1E-7E1E	80AF-80AF	82EB-82EB	8463-8463	8499-8499	85DD-85DD	86EE-86EE	8A60-8A60	8A6E-8A6E	8C79-8C79	8E87-8E87	8E8A-8E8A	8F5F-8F5F	9010-9010	918D-918D	9190-9190	965B-965B	97FB-97FB	9AB8-9AB8	9BAD-9BAD	9D3B-9D3B	9D5C-9D5C	9DFA-9DFA	9E93-9E93
Noto Sans JP	700	/fonts/served/noto-sans-jp-66-700-normal.woff2	2020-2020	3003-3003	3231-3231	4E9B-4E9B	4F3D-4F3D	4F47-4F47	51B6-51B6	51DC-51DC	53E1-53E1	5BC5-5BC5	602F-602F	60BC-60BC	61C9-61C9	633D-633D	637B-637B	6492-6492	65FA-65FA	660F-660F	66F0-66F0	6703-6703	681E-681E	6876-6876	6893-6893	6912-6912	698E-698E	6C7D-6C7D	714C-714C	7169-7169	71D5-71D5	725F-725F	72D7-72D7	745B-745B	74DC-74DC	75E2-75E2	7891-7891	7897-7897	7DCB-7DCB	810A-810A	8218-8218	8339-8339	840E-840E	852D-852D	8823-8823	8A0A-8A0A	9089-9089	919C-919C	971C-971C	9AD9-9AD9	FF4A-FF4A	FF5A-FF5A
Noto Sans JP	700	/fonts/served/noto-sans-jp-67-700-normal.woff2	2466-2466	2600-2600	4EAB-4EAB	4FE3-4FE3	4FF5-4FF5	51A5-51A5	51F0-51F0	536F-536F	53D4-53D4	53F1-53F1	54A5-54A5	559D-559D	55E3-55E3	58FA-58FA	5962-5962	59EA-59EA	5C16-5C16	5CEF-5CEF	5D16-5D16	5F10-5F10	5FD6-5FD6	6190-6190	6216-6216	634F-634F	63BB-63BB	66D6-66D6	6756-6756	6BC5-6BC5	6E26-6E26	727D-727D	731F-731F	76F2-76F2	7729-7729	7A7F-7A7F	7AFF-7AFF	7C9F-7C9F	818F-818F	8236-8236	82B9-82B9	8338-8338	85AA-85AA	88B4-88B4	8B33-8B33	904D-904D	93A7-93A7	96CC-96CC	96EB-96EB	9AED-9AED	9B8E-9B8E	FA11-FA11
Noto Sans JP	700	/fonts/served/noto-sans-jp-68-700-normal.woff2	251C-251C	2523-2523	4E14-4E14	545F-545F	54BD-54BD	553E-553E	55DC-55DC	56DA-56DA	589C-589C	5B55-5B55	5BB5-5BB5	5CE1-5CE1	5DF4-5DF4	5EB6-5EB6	5EC9-5EC9	6191-6191	62F7-62F7	6357-6357	64A5-64A5	6591-6591	65BC-65BC	6897-6897	6E1A-6E1A	7063-7063	711A-711A	721B-721B	722C-722C	75B9-75B9	75D5-75D5	75FA-75FA	7766-7766	7AAE-7AAE	7B48-7B48	7B8B-7B8B	7D21-7D21	7E55-7E55	7F75-7F75	842C-842C	8910-8910	8A63-8A63	8B39-8B39	8B5A-8B5A	8CDC-8CDC	8D74-8D74	907D-907D	91E7-91E7	9306-9306	96BC-96BC	98F4-98F4	9AC4-9AC4
Noto Sans JP	700	/fonts/served/noto-sans-jp-69-700-normal.woff2	2003-2003	2312-2312	266C-266C	4F86-4F86	51EA-51EA	5243-5243	5256-5256	541F-541F	5841-5841	59DC-59DC	5DF3-5DF3	601C-601C	60E7-60E7	632B-632B	638C-638C	64AD-64AD	6881-6881	697C-697C	69CD-69CD	6C50-6C50	6D2A-6D2A	6FC1-6FC1	7027-7027	7058-7058	70F9-70F9	714E-714E	7345-7345	751A-751A	760D-760D	764C-764C	77DB-77DB	7D79-7D79	7E8F-7E8F	80CE-80CE	814E-814E	81FC-81FC	8247-8247	8278-8278	85A9-85A9	8A03-8A03	90ED-90ED	9784-9784	9801-9801	984E-984E	99B3-99B3	9BC9-9BC9	9BDB-9BDB	9BE8-9BE8	9E78-9E78	FF6B-FF6B
Noto Sans JP	700	/fonts/served/noto-sans-jp-70-700-normal.woff2	266B-266B	3006-3006	5176-5176	5197-5197	51A8-51A8	51C6-51C6	52F2-52F2	5614-5614	5875-5875	5A2F-5A2F	5B54-5B54	5CE0-5CE0	5DBA-5DBA	5DEB-5DEB	5E63-5E63	5F59-5F59	5FCC-5FCC	6068-6068	6367-6367	68B6-68B6	6A0B-6A0B	6B64-6B64	6E15-6E15	6EBA-6EBA	7272-7272	72A0-72A0	7947-7947	7985-7985	79E6-79E6	79E9-79E9	7A3D-7A3D	7A9F-7A9F	7AAF-7AAF	7B95-7B95	7F60-7F60	7F9E-7F9E	7FE0-7FE0	8098-8098	80BA-80BA	8106-8106	82D4-82D4	831C-831C	87F9-87F9	8A1F-8A1F	8ACF-8ACF	90C1-90C1	920D-920D	9756-9756	FE43-FE43	FF94-FF94
Noto Sans JP	700	/fonts/served/noto-sans-jp-71-700-normal.woff2	AF-AF	2465-2465	2517-2517	33A1-33A1	4F10-4F10	50C5-50C5	51B4-51B4	5384-5384	5606-5606	5BB0-5BB0	5CAC-5CAC	5EE3-5EE3	618E-618E	61F2-61F2	62C9-62C9	66AB-66AB	66F9-66F9	6816-6816	6960-6960	6B3E-6B3E	6F20-6F20	7078-7078	72D0-72D0	73ED-73ED	7AD9-7AD9	7B1B-7B1B	7BE4-7BE4	7D62-7D62	7F51-7F51	80B4-80B4	80F4-80F4	8154-8154	85FB-85FB	865C-865C	8702-8702	895F-895F	8AED-8AED	8B90-8B90	8CED-8CED	8FBF-8FBF	91D8-91D8	9418-9418	9583-9583	9591-9591	9813-9813	982C-982C	9BD6-9BD6	FF46-FF46	FF7F-FF7F	FF88-FF88
Noto Sans JP	700	/fonts/served/noto-sans-jp-72-700-normal.woff2	4E91-4E91	508D-508D	50E7-50E7	514E-514E	51F6-51F6	5446-5446	5504-5504	584A-584A	59A8-59A8	59D3-59D3	5A46-5A46	5AC9-5AC9	6020-6020	60A6-60A6	6148-6148	621A-621A	6234-6234	64C1-64C1	6523-6523	675C-675C	67D1-67D1	6953-6953	6CCC-6CCC	6DF5-6DF5	6E13-6E13	6F06-6F06	723A-723A	7325-7325	74E6-74E6	758E-758E	75AB-75AB	75D9-75D9	7A40-7A40	8096-8096	82FA-82FA	8587-8587	8594-8594	8A6B-8A6B	8AB9-8AB9	8B17-8B17	8B83-8B83	937C-937C	963B-963B	9673-9673	96DB-96DB	9CE9-9CE9	9F4B-9F4B	FF67-FF67	FF82-FF82	FF93-FF93
Noto Sans JP	700	/fonts/served/noto-sans-jp-73-700-normal.woff2	221E-221E	2514-2514	51F9-51F9	5270-5270	5449-5449	5824-5824	59A5-59A5	5A29-5A29	5D07-5D07	5E16-5E16	60E3-60E3	614C-614C	6276-6276	643E-643E	64AB-64AB	6562-6562	6681-6681	670B-670B	6734-6734	67AF-67AF	6A3D-6A3D	6B05-6B05	6DC0-6DC0	6E4A-6E4A	7259-7259	732A-732A	7409-7409	78A7-78A7	7A6B-7A6B	8015-8015	809B-809B	817A-817A	830E-830E	837B-837B	85AB-85AB	8A23-8A23	8A93-8A93	8B00-8B00	8B19-8B19	8B21-8B21	8CBF-8CBF	8FB0-8FB0	901D-901D	91B8-91B8	9320-9320	932C-932C	9688-9688	96F6-96F6	9DF2-9DF2	FF6A-FF6A
Noto Sans JP	700	/fonts/served/noto-sans-jp-74-700-normal.woff2	2002-2002	2025-2025	4F8D-4F8D	51E1-51E1	51F8-51F8	5507-5507	5598-5598	58F1-58F1	5983-5983	59AC-59AC	5C3C-5C3C	5DE7-5DE7	5E7D-5E7D	5ECA-5ECA	5F61-5F61	606D-606D	60F9-60F9	636E-636E	64EC-64EC	67DA-67DA	67FF-67FF	6813-6813	68F2-68F2	693F-693F	6B6A-6B6A	6BBB-6BBB	6EF4-6EF4	7092-7092	717D-717D	7261-7261	73C8-73C8	7432-7432	7483-7483	76FE-76FE	7709-7709	78D0-78D0	81A3-81A3	81B3-81B3	82AF-82AF	8305-8305	8309-8309	8870-8870	88FE-88FE	8CD1-8CD1	8D66-8D66	906E-906E	971E-971E	9812-9812	FF79-FF79	FF90-FF90
Noto Sans JP	700	/fonts/served/noto-sans-jp-75-700-normal.woff2	2464-2464	2501-2501	2640-2640	2642-2642	339D-339D	4F0E-4F0E	5091-5091	50B5-50B5	5132-5132	51CC-51CC	558B-558B	55AA-55AA	585E-585E	5BEE-5BEE	5DFE-5DFE	60B6-60B6	62B9-62B9	6349-6349	6566-6566	6590-6590	6842-6842	689D-689D	6A58-6A58	6C70-6C70	6FF1-6FF1	7815-7815	7881-7881	7AAA-7AAA	7BC7-7BC7	7DEF-7DEF	7FA8-7FA8	8017-8017	8036-8036	8061-8061	821F-821F	8429-8429	8CE0-8CE0	8E74-8E74	9019-9019	90CA-90CA	9162-9162	932F-932F	93AE-93AE	9644-9644	990C-990C	9CF3-9CF3	FF56-FF56	FF6E-FF6E	FF7E-FF7E	FF85-FF85
Noto Sans JP	700	/fonts/served/noto-sans-jp-76-700-normal.woff2	2266-2267	4F2F-4F2F	5208-5208	5451-5451	546A-546A	5589-5589	576A-576A	5815-5815	5A9A-5A9A	5B9B-5B9B	5C3A-5C3A	5EFB-5EFB	5FAA-5FAA	6109-6109	6643-6643	6652-6652	695A-695A	69FD-69FD	6B86-6B86	6BB4-6BB4	6DAF-6DAF	7089-7089	70CF-70CF	7A00-7A00	7A4F-7A4F	7B39-7B39	7D33-7D33	80E1-80E1	828B-828B	82A6-82A6	86CD-86CD	8C8C-8C8C	8CCA-8CCA	8DF3-8DF3	9077-9077	9175-9175	91DC-91DC	925B-925B	9262-9262	9271-9271	92ED-92ED	9855-9855	9905-9905	9D28-9D28	FF3F-FF3F	FF58-FF58	FF68-FF68	FF6D-FF6D	FF9C-FF9C
Noto Sans JP	700	/fonts/served/noto-sans-jp-77-700-normal.woff2	2207-2207	25EF-25EF	309C-309C	4E4F-4E4F	5146-5146	51DD-51DD	5351-5351	540A-540A	5629-5629	5EB5-5EB5	5F04-5F04	5F13-5F13	60DC-60DC	6212-6212	63B4-63B4	642C-642C	6627-6627	66A6-66A6	66C7-66C7	66FD-66FD	674E-674E	6B96-6B96	6C4E-6C4E	6DF3-6DF3	6E67-6E67	6F84-6F84	72FC-72FC	733F-733F	7C97-7C97	7DB1-7DB1	7E4D-7E4D	816B-816B	82D1-82D1	84CB-84CB	854E-854E	8607-8607	86C7-86C7	871C-871C	8776-8776	8A89-8A89	8FC4-8FC4	91A4-91A4	9285-9285	9685-9685	9903-9903	9B31-9B31	9F13-9F13	FF42-FF42	FF74-FF74	FF91-FF91
Noto Sans JP	700	/fonts/served/noto-sans-jp-78-700-normal.woff2	4E32-4E32	51DB-51DB	53A8-53A8	53EA-53EA	5609-5609	5674-5674	5A92-5A92	5E7E-5E7E	6115-6115	611A-611A	62CC-62CC	62ED-62ED	63C9-63C9	64B9-64B9	64E6-64E6	65CB-65CB	6606-6606	6731-6731	683D-683D	6AFB-6AFB	7460-7460	771E-771E	78EF-78EF	7B26-7B26	7B51-7B51	7CDE-7CDE	7D10-7D10	7D2F-7D2F	7D46-7D46	80DE-80DE	819C-819C	84B2-84B2	85CD-85CD	865A-865A	8ECC-8ECC	9022-9022	90B8-90B8	9192-9192	9675-9675	96B7-96B7	99FF-99FF	FF44-FF44	FF55-FF55	FF6C-FF6C	FF73-FF73	FF75-FF75	FF86-FF86	FF8D-FF8D	FF92-FF92	FFE3-FFE3
Noto Sans JP	700	/fonts/served/noto-sans-jp-79-700-normal.woff2	25B3-25B3	30F5-30F5	4EAE-4EAE	4F46-4F46	4F51-4F51	5203-5203	52FF-52FF	55A7-55A7	564C-564C	565B-565B	57F9-57F9	5805-5805	5B64-5B64	5E06-5E06	5F70-5F70	5F90-5F90	60E8-60E8	6182-6182	62F3-62F3	62FE-62FE	63AA-63AA	64A4-64A4	65D7-65D7	673A-673A	6851-6851	68CB-68CB	68DF-68DF	6D1E-6D1E	6E58-6E58	6E9D-6E9D	77B3-77B3	7832-7832	7C3F-7C3F	7DB4-7DB4	7F70-7F70	80AA-80AA	80C6-80C6	8105-8105	819D-819D	8276-8276	8679-8679	8986-8986	8C9D-8C9D	8FC5-8FC5	916C-916C	9665-9665	9699-9699	96C0-96C0	9A19-9A19	FF8B-FF8B
Noto Sans JP	700	/fonts/served/noto-sans-jp-80-700-normal.woff2	2463-2463	25A1-25A1	4EF0-4EF0	5076-5076	5098-5098	51FD-51FD	5302-5302	5448-5448	54C9-54C9	570B-570B	583A-583A	5893-5893	58A8-58A8	58EE-58EE	5949-5949	5BDB-5BDB	5F26-5F26	5F81-5F81	6052-6052	6170-6170	61C7-61C7	631F-631F	635C-635C	664B-664B	69FB-69FB	6F01-6F01	7070-7070	722A-722A	745E-745E	755C-755C	76C6-76C6	78C1-78C1	79E4-79E4	7BB8-7BB8	7D0B-7D0B	81A8-81A8	82D7-82D7	8B5C-8B5C	8F14-8F14	8FB1-8FB1	8FBB-8FBB	9283-9283	9298-9298	9A30-9A30	FF03-FF03	FF50-FF50	FF59-FF59	FF7B-FF7B	FF8E-FF8F
Noto Sans JP	700	/fonts/served/noto-sans-jp-81-700-normal.woff2	2010-2010	2502-2502	25B6-25B6	4F3A-4F3A	514B-514B	5265-5265	52C3-52C3	5339-5339	53EC-53EC	54C0-54C0	55B0-55B0	5854-5854	5B8F-5B8F	5CB3-5CB3	5E84-5E84	60DA-60DA	6247-6247	6249-6249	628A-628A	62CD-62CD	65AC-65AC	6838-6838	690E-690E	6CF0-6CF0	6F02-6F02	6F2C-6F2C	6F70-6F70	708A-708A	7434-7434	75BE-75BE	77EF-77EF	7C60-7C60	7C98-7C98	7D1B-7D1B	7E2B-7E2B	80A5-80A5	81E3-81E3	820C-820C	8210-8210	8475-8475	862D-862D	8650-8650	8997-8997	906D-906D	91C8-91C8	9700-9700	9727-9727	9DF9-9DF9	FF3A-FF3A	FF9A-FF9A
Noto Sans JP	700	/fonts/served/noto-sans-jp-82-700-normal.woff2	2103-2103	5049-5049	52B1-52B1	5320-5320	5553-5553	572D-572D	58C7-58C7	5B5D-5B5D	5BC2-5BC2	5DE3-5DE3	5E61-5E61	5F80-5F80	61A9-61A9	67D0-67D0	67F4-67F4	6C88-6C88	6CA1-6CA1	6CE5-6CE5	6D78-6D78	6E9C-6E9C	6F54-6F54	731B-731B	73B2-73B2	74A7-74A7	74F6-74F6	75E9-75E9	7B20-7B20	7C8B-7C8B	7F72-7F72	809D-809D	8108-8108	82B3-82B3	82BD-82BD	84B8-84B8	84C4-84C4	88C2-88C2	8AE6-8AE6	8EF8-8EF8	902E-902E	9065-9065	9326-9326	935B-935B	938C-938C	9676-9676	9694-9694	96F7-96F7	9ED9-9ED9	FF48-FF48	FF4C-FF4C	FF81-FF81
Noto Sans JP	700	/fonts/served/noto-sans-jp-83-700-normal.woff2	2500-2500	3008-3009	4EAD-4EAD	4F0F-4F0F	4FCA-4FCA	53EB-53EB	543E-543E	57A2-57A2	5CF0-5CF0	5E8F-5E8F	5FE0-5FE0	61B2-61B2	62D8-62D8	6442-6442	64B2-64B2	6589-6589	659C-659C	67F1-67F1	68C4-68C4	6CB8-6CB8	6D12-6D12	6DE1-6DE1	6FE1-6FE1	70C8-70C8	723D-723D	73E0-73E0	7656-7656	773A-773A	7948-7948	7B87-7B87	7C92-7C92	7D3A-7D3A	7E1B-7E1B	7E4A-7E4A	819A-819A	8358-8358	83C5-83C5	84BC-84BC	864E-864E	8912-8912	8C9E-8C9E	8D05-8D05	92FC-92FC	9396-9396	98FD-98FD	99D2-99D2	FF64-FF64	FF7A-FF7A	FF83-FF83
Noto Sans JP	700	/fonts/served/noto-sans-jp-84-700-normal.woff2	3014-3015	4E3C-4E3C	5036-5036	5075-5075	533F-533F	53E9-53E9	5531-5531	5642-5642	5984-5984	59E6-59E6	5A01-5A01	5B6B-5B6B	5C0B-5C0B	5F25-5F25	6069-6069	60A0-60A0	614E-614E	62B5-62B5	62D2-62D3	6597-6597	660C-660C	674F-674F	67CF-67CF	6841-6841	6905-6905	6CF3-6CF3	6D32-6D32	6D69-6D69	6F64-6F64	716E-716E	7761-7761	7B52-7B52	7BE0-7BE0	7DBF-7DBF	7DE9-7DE9	7F36-7F36	81D3-81D3	8302-8302	8389-8389	846C-846C	84EE-84EE	8A69-8A69	9038-9038	9D8F-9D8F	FF47-FF47	FF4B-FF4B	FF76-FF76	FF9B-FF9B
Noto Sans JP	700	/fonts/served/noto-sans-jp-85-700-normal.woff2	25C7-25C7	3007-3007	504F-504F	507D-507D	51A0-51A0	52A3-52A3	5410-5410	5510-5510	559A-559A	5782-5782	582A-582A	5C0A-5C0A	5C3F-5C3F	5C48-5C48	5F6B-5F6B	6176-6176	622F-622F	6279-6279	62BD-62BD	62DD-62DD	65ED-65ED	67B6-67B6	6817-6817	6850-6850	6D6A-6D6A	6DEB-6DEB	6EA2-6EA2	6EDD-6EDD	6F5C-6F5C	72E9-72E9	73A9-73A9	7573-7573	76BF-76BF	7950-7950	7956-7956	7F8A-7F8A	7FFC-7FFC	80A2-80A2	80C3-80C3	83CA-83CA	8A02-8A02	8A13-8A13	8DF5-8DF5	9375-9375	983B-983B	99B4-99B4	FF4E-FF4E	FF71-FF71	FF89-FF89	FF97-FF97
Noto Sans JP	700	/fonts/served/noto-sans-jp-86-700-normal.woff2	24-24	2022-2022	2212-2212	221F-221F	2665-2665	4ECF-4ECF	5100-5100	51CD-51CD	52D8-52D8	5378-5378	53F6-53F6	574A-574A	5982-5982	5996-5996	5C1A-5C1A	5E1D-5E1D	5F84-5F84	609F-609F	61A7-61A7	61F8-61F8	6398-6398	63EE-63EE	6676-6676	6691-6691	6EB6-6EB6	7126-7126	71E5-71E5	7687-7687	7965-7965	7D17-7D17	80A1-80A1	8107-8107	8266-8266	85A6-85A6	8987-8987	8CA2-8CA2	8CAB-8CAB	8E0A-8E0A	9042-9042	95C7-95C7	9810-9810	9867-9867	98FC-98FC	FF52-FF54	FF61-FF61	FF77-FF77	FF98-FF99
Noto Sans JP	700	/fonts/served/noto-sans-jp-87-700-normal.woff2	B0-B0	226A-226A	2462-2462	4E39-4E39	4FC3-4FC3	4FD7-4FD7	50BE-50BE	50DA-50DA	5200-5200	5211-5211	54F2-54F2	5618-5618	596A-596A	5B22-5B22	5BB4-5BB4	5D50-5D50	60A3-60A3	63FA-63FA	658E-658E	65E8-65E8	6669-6669	6795-6795	679D-679D	67A0-67A0	6B3A-6B3A	6E09-6E09	757F-757F	7CD6-7CD6	7DBE-7DBE	7FFB-7FFB	83CC-83CC	83F1-83F1	840C-840C	845B-845B	8846-8846	8972-8972	8A34-8A34	8A50-8A50	8A87-8A87	8EDF-8EDF	8FF0-8FF0	90A6-90A6	9154-9154	95A3-95A3	9663-9663	9686-9686	96C7-96C7	FF3C-FF3C	FF7C-FF7C	FF8A-FF8A
Noto Sans JP	700	/fonts/served/noto-sans-jp-88-700-normal.woff2	25BD-25BD	4E59-4E59	4EC1-4EC1	4FF3-4FF3	515A-515A	518A-518A	525B-525B	5375-5375	552F-552F	57A3-57A3	5B9C-5B9C	5C3D-5C3D	5E3D-5E3D	5E7B-5E7B	5F0A-5F0A	6094-6094	6458-6458	654F-654F	67F3-67F3	6B8A-6B8A	6BD2-6BD2	6C37-6C37	6CE1-6CE1	6E56-6E56	6E7F-6E7F	6ED1-6ED1	6EDE-6EDE	6F0F-6F0F	70AD-70AD	7267-7267	7363-7363	786C-786C	7A42-7A42	7DB2-7DB2	7F85-7F85	8178-8178	829D-829D	8896-8896	8C5A-8C5A	8CB0-8CB0	8CE2-8CE2	8ED2-8ED2	9047-9047	9177-9177	970A-970A	9EA6-9EA6	FF1B-FF1B	FF31-FF31	FF39-FF39	FF80-FF80
Noto Sans JP	700	/fonts/served/noto-sans-jp-89-700-normal.woff2	A5-A5	4E80-4E80	4F34-4F34	4F73-4F73	4F75-4F75	511F-511F	5192-5192	52AA-52AA	53C8-53C8	570F-570F	57CB-57CB	596E-596E	5D8B-5D8B	5F66-5F66	5FD9-5FD9	62DB-62DB	62F6-62F6	6328-6328	633F-633F	63A7-63A7	6469-6469	6BBF-6BBF	6C41-6C41	6C57-6C57	6D44-6D44	6DBC-6DBC	706F-706F	72C2-72C2	72ED-72ED	7551-7551	75F4-75F4	7949-7949	7E26-7E26	7FD4-7FD4	8150-8150	8AF8-8AF8	8B0E-8B0E	8B72-8B72	8CA7-8CA7	934B-934B	9A0E-9A0E	9A12-9A12	9B42-9B42	FF41-FF41	FF43-FF43	FF45-FF45	FF49-FF49	FF4F-FF4F	FF62-FF63
Noto Sans JP	700	/fonts/served/noto-sans-jp-90-700-normal.woff2	4E18-4E18	4FB5-4FB5	5104-5104	52C7-52C7	5353-5353	5374-5374	53E5-53E5	587E-587E	594F-594F	5A20-5A20	5DE1-5DE1	5F18-5F18	5FCD-5FCD	6291-6291	62AB-62AB	6355-6355	6392-6392	63DA-63DA	63E1-63E1	656C-656C	6687-6687	68B0-68B1	68D2-68D2	68DA-68DA	6B27-6B27	6CBC-6CBC	7159-7159	7344-7344	73CD-73CD	76DF-76DF	790E-790E	7CF8-7CF8	8102-8102	88C1-88C1	8AA0-8AA0	8E0F-8E0F	9178-9178	92AD-92AD	9670-9670	96C5-96C5	9CF4-9CF4	9DB4-9DB4	FF3E-FF3E	FF6F-FF6F	FF72-FF72	FF78-FF78	FF7D-FF7D	FF84-FF84	FF8C-FF8C
Noto Sans JP	700	/fonts/served/noto-sans-jp-91-700-normal.woff2	60-60	2200-2200	226B-226B	2461-2461	517C-517C	526F-526F	5800-5800	5B97-5B97	5BF8-5BF8	5C01-5C01	5D29-5D29	5E4C-5E4C	5E81-5E81	6065-6065	61D0-61D0	667A-667A	6696-6696	6843-6843	6C99-6C99	6D99-6D99	6EC5-6EC5	6F22-6F22	6F6E-6F6E	6FA4-6FA4	6FEF-6FEF	71C3-71C3	72D9-72D9	7384-7384	78E8-78E8	7A1A-7A1A	7A32-7A32	7A3C-7A3C	7ADC-7ADC	7CA7-7CA7	7D2B-7D2B	7DAD-7DAD	7E4B-7E4B	80A9-80A9	8170-8170	81ED-81ED	820E-820E	8A17-8A17	8AFE-8AFE	90AA-90AA	914E-914E	963F-963F	99C4-99C4	9EBA-9EBA	9F3B-9F3B	FF38-FF38
Noto Sans JP	700	/fonts/served/noto-sans-jp-92-700-normal.woff2	2460-2460	4E5F-4E5F	4E7E-4E7E	4ED9-4ED9	501F-501F	502B-502B	5968-5968	5974-5974	5AC1-5AC1	5B99-5B99	5BA3-5BA3	5BE7-5BE7	5BE9-5BE9	5C64-5C64	5CB8-5CB8	5EC3-5EC3	5F1F-5F1F	616E-616E	6297-6297	62E0-62E0	62EC-62EC	6368-6368	642D-642D	65E6-65E6	6717-6717	676F-676F	6B04-6B04	732E-732E	7652-7652	76CA-76CA	76D7-76D7	7802-7802	7E70-7E70	7F6A-7F6A	8133-8133	81E8-81E8	866B-866B	878D-878D	88F8-88F8	8A5E-8A5E	8CDB-8CDB	8D08-8D08	907A-907A	90E1-90E1	96F2-96F2	9F8D-9F8D	FF35-FF35	FF37-FF37	FF40-FF40	FF9D-FF9D
Noto Sans JP	700	/fonts/served/noto-sans-jp-93-700-normal.woff2	21D2-21D2	25CE-25CE	300A-300B	4E89-4E89	4E9C-4E9C	4EA1-4EA1	5263-5263	53CC-53CC	5426-5426	5869-5869	5947-5947	598A-598A	5999-5999	5E55-5E55	5E72-5E72	5E79-5E79	5FAE-5FAE	5FB9-5FB9	602A-602A	6163-6163	624D-624D	6749-6749	6C5A-6C5A	6CBF-6CBF	6D45-6D45	6DFB-6DFB	6E7E-6E7E	708E-708E	725B-725B	7763-7763	79C0-79C0	7BC4-7BC4	7C89-7C89	7E01-7E01	7E2E-7E2E	8010-8010	8033-8033	8C6A-8C6A	8CC3-8CC3	8F1D-8F1D	8F9B-8F9B	8FB2-8FB2	907F-907F	90F7-90F7	9707-9707	9818-9818	9B3C-9B3C	FF0A-FF0A	FF4D-FF4D
Noto Sans JP	700	/fonts/served/noto-sans-jp-94-700-normal.woff2	2015-2015	2190-2190	4E43-4E43	5019-5019	5247-5247	52E7-52E7	5438-5438	54B2-54B2	55AB-55AB	57F7-57F7	5BD2-5BD2	5E8A-5E8A	5EF6-5EF6	6016-6016	60B2-60B2	6162-6162	6319-6319	6551-6551	6607-6607	66B4-66B4	675F-675F	67D4-67D4	6B20-6B20	6B53-6B53	6CE3-6CE3	719F-719F	75B2-75B2	770B-770B	7720-7720	77AC-77AC	79D2-79D2	7AF9-7AF9	7D05-7D05	7DCA-7DCA	8056-8056	80F8-80F8	81F3-81F3	8352-8352	885D-885D	8A70-8A70	8AA4-8AA4	8CBC-8CBC	900F-900F	9084-9084	91E3-91E3	9451-9451	96C4-96C4	99C6-99C6	9AD4-9AD4	FF70-FF70
Noto Sans JP	700	/fonts/served/noto-sans-jp-95-700-normal.woff2	2193-2193	25B2-25B2	4E4B-4E4B	516D-516D	51C4-51C4	529F-529F	52C9-52C9	5360-5360	5442-5442	5857-5857	5915-5915	59EB-59EB	5A9B-5A9B	5C3B-5C3B	6012-6012	61B6-61B6	62B1-62B1	6311-6311	6577-6577	65E2-65E2	65EC-65EC	6613-6613	6790-6790	6CB9-6CB9	7372-7372	76AE-76AE	7D5E-7D5E	7FCC-7FCC	88AB-88AB	88D5-88D5	8CAF-8CAF	8DDD-8DDD	8ECD-8ECD	8F38-8F38	8F9E-8F9E	8FEB-8FEB	9063-9063	90F5-90F5	93E1-93E1	968A-968A	968F-968F	98FE-98FE	9EC4-9EC4	FF1D-FF1D	FF27-FF27	FF2A-FF2A	FF36-FF36	FF3B-FF3B	FF3D-FF3D	FFE5-FFE5
Noto Sans JP	700	/fonts/served/noto-sans-jp-96-700-normal.woff2	4E03-4E03	4F38-4F38	50B7-50B7	5264-5264	5348-5348	5371-5371	585A-585A	58CA-58CA	5951-5951	59B9-59B9	59D4-59D4	5B98-5B98	5F8B-5F8B	6388-6388	64CD-64CD	65E7-65E7	6803-6803	6B6F-6B6F	6D66-6D66	6E0B-6E0B	6ECB-6ECB	6FC3-6FC3	72AC-72AC	773C-773C	77E2-77E2	7968-7968	7A74-7A74	7DBA-7DBA	7DD1-7DD1	7E3E-7E3E	808C-808C	811A-811A	8179-8179	8239-8239	8584-8584	8A0E-8A0E	8A72-8A72	8B66-8B66	8C46-8C46	8F29-8F29	90A3-90A3	9234-9234	96F0-96F0	9769-9769	9774-9774	9AA8-9AA8	FF26-FF26	FF28-FF28	FF9E-FF9F
Noto Sans JP	700	/fonts/served/noto-sans-jp-97-700-normal.woff2	7E-7E	B4-B4	25C6-25C6	2661-2661	4E92-4E92	4EEE-4EEE	4FFA-4FFA	5144-5144	5237-5237	5287-5287	52B4-52B4	58C1-58C1	5BFF-5BFF	5C04-5C04	5C06-5C06	5E95-5E95	5F31-5F31	5F93-5F93	63C3-63C3	640D-640D	6557-6557	6614-6614	662F-662F	67D3-67D3	690D-690D	6BBA-6BBA	6E6F-6E6F	72AF-72AF	732B-732B	7518-7518	7AE0-7AE0	7AE5-7AE5	7AF6-7AF6	822A-822A	89E6-89E6	8A3A-8A3A	8A98-8A98	8CB8-8CB8	8DE1-8DE1	8E8D-8E8D	95D8-95D8	961C-961C	96A3-96A3	96EA-96EA	9BAE-9BAE	FF20-FF20	FF22-FF22	FF29-FF29	FF2B-FF2C
Noto Sans JP	700	/fonts/served/noto-sans-jp-98-700-normal.woff2	25CB-25CB	4E71-4E71	4F59-4F59	50D5-50D5	520A-520A	5217-5217	5230-5230	523A-523B	541B-541B	5439-5439	5747-5747	59C9-59C9	5BDF-5BDF	5C31-5C31	5DE8-5DE8	5E7C-5E7C	5F69-5F69	6050-6050	60D1-60D1	63CF-63CF	663C-663C	67C4-67C4	6885-6885	6C38-6C38	6D6E-6D6E	6DB2-6DB2	6DF7-6DF7	6E2C-6E2C	6F5F-6F5F	7532-7532	76E3-76E4	7701-7701	793C-793C	79F0-79F0	7A93-7A93	7D00-7D00	7DE0-7DE0	7E54-7E54	8328-8328	8840-8840	969C-969C	96E8-96E8	9811-9811	9AEA-9AEA	9B5A-9B5A	FF24-FF24	FF2E-FF2E	FF57-FF57
Noto Sans JP	700	/fonts/served/noto-sans-jp-99-700-normal.woff2	2191-2191	505C-505C	52E4-52E4	5305-5305	535A-535A	56E0-56E0	59BB-59BB	5ACC-5ACC	5B09-5B09	5B87-5B87	5C90-5C90	5DF1-5DF1	5E2D-5E2D	5E33-5E33	5F3E-5F3E	6298-6298	6383-6383	653B-653B	6697-6697	6804-6804	6A39-6A39	6CCA-6CCA	6E90-6E90	6F2B-6F2B	702C-702C	7206-7206	7236-7236	7559-7559	7565-7565	7591-7591	75C7-75C7	75DB-75DB	7B4B-7B4B	7BB1-7BB1	7D99-7D99	7FBD-7FBD	8131-8131	885B-885B	8B1D-8B1D	8FF7-8FF7	9003-9003	9045-9045	96A0-96A0	9732-9732	990A-990A	99D0-99D0	9E97-9E97	9F62-9F62	FF25-FF25	FF2D-FF2D
Noto Sans JP	700	/fonts/served/noto-sans-jp-100-700-normal.woff2	4E08-4E08	4F9D-4F9D	5012-5012	514D-514D	51B7-51B7	5275-5275	53CA-53CA	53F8-53F8	5584-5584	57FC-57FC	5B9D-5B9D	5BFA-5BFA	5C3E-5C3E	5F01-5F01	5FB4-5FB4	5FD7-5FD7	606F-606F	62E1-62E1	6563-6563	6674-6674	6CB3-6CB3	6D3E-6D3E	6D74-6D74	6E1B-6E1B	6E2F-6E2F	718A-718A	7247-7247	79D8-79D8	7D14-7D14	7D66-7D66	7D71-7D71	7DF4-7DF4	7E41-7E41	80CC-80CC	8155-8155	83D3-83D3	8A95-8A95	8AB2-8AB2	8AD6-8AD6	8CA1-8CA1	9000-9000	9006-9006	9678-9678	97D3-97D3	9808-9808	98EF-98EF	9A5A-9A5A	9B45-9B45	FF23-FF23	FF30-FF30
Noto Sans JP	700	/fonts/served/noto-sans-jp-101-700-normal.woff2	25BC-25BC	3012-3012	4EF2-4EF2	4F0A-4F0A	516B-516B	5373-5373	539A-539A	53B3-53B3	559C-559C	56F0-56F0	5727-5727	5742-5742	5965-5965	59FF-59FF	5BC6-5BC6	5DFB-5DFB	5E45-5E45	5EAD-5EAD	5FB3-5FB3	6211-6211	6253-6253	639B-639B	63A8-63A8	6545-6545	6575-6575	6628-6628	672D-672D	68A8-68A8	6BDB-6BDB	6D25-6D25	707D-707D	767E-767E	7834-7834	7B46-7B46	7BC9-7BC9	8074-8074	82E6-82E6	8349-8349	8A2A-8A2A	8D70-8D70	8DA3-8DA3	8FCE-8FCE	91CC-91CC	967D-967D	97FF-97FF	9996-9996	FF1C-FF1C	FF2F-FF2F	FF32-FF32	FF34-FF34
Noto Sans JP	700	/fonts/served/noto-sans-jp-102-700-normal.woff2	3D-3D	5E-5E	25CF-25CF	4E0E-4E0E	4E5D-4E5D	4E73-4E73	4E94-4E94	4F3C-4F3C	5009-5009	5145-5145	51AC-51AC	5238-5238	524A-524A	53F3-53F3	547C-547C	5802-5802	5922-5922	5A66-5A66	5C0E-5C0E	5DE6-5DE6	5FD8-5FD8	5FEB-5FEB	6797-6797	685C-685C	6B7B-6B7B	6C5F-6C60	6CC9-6CC9	6CE2-6CE2	6D17-6D17	6E21-6E21	7167-7167	7642-7642	76DB-76DB	8001-8001	821E-821E	8857-8857	89D2-89D2	8B1B-8B1B	8B70-8B70	8CB4-8CB4	8CDE-8CDE	8F03-8F03	8F2A-8F2A	968E-968E	9B54-9B54	9E7F-9E7F	9EBB-9EBB	FF05-FF05	FF33-FF33
Noto Sans JP	700	/fonts/served/noto-sans-jp-103-700-normal.woff2	500D-500D	5074-5074	50CD-50CD	5175-5175	52E2-52E2	5352-5352	5354-5354	53F2-53F2	5409-5409	56FA-56FA	5A18-5A18	5B88-5B88	5BDD-5BDD	5CA9-5CA9	5F92-5F92	5FA9-5FA9	60A9-60A9	623F-623F	6483-6483	653F-653F	666F-666F	66AE-66AE	66F2-66F2	6A21-6A21	6B66-6B66	6BCD-6BCD	6D5C-6D5C	796D-796D	7A4D-7A4D	7AEF-7AEF	7B56-7B56	7B97-7B97	7C4D-7C4D	7E04-7E04	7FA9-7FA9	8377-8377	83DC-83DC	83EF-83EF	8535-8535	8863-8863	88CF-88CF	88DC-88DC	8907-8907	8ACB-8ACB	90CE-90CE	91DD-91DD	FF0B-FF0B	FF0D-FF0D	FF19-FF19	FF65-FF65
Noto Sans JP	700	/fonts/served/noto-sans-jp-104-700-normal.woff2	4E01-4E01	4E21-4E21	4E38-4E38	52A9-52A9	547D-547D	592E-592E	5931-5931	5B63-5B63	5C40-5C40	5DDE-5DDE	5E78-5E78	5EFA-5EFA	5FA1-5FA1	604B-604B	6075-6075	62C5-62C5	632F-632F	6A19-6A19	6C0F-6C0F	6C11-6C11	6C96-6C96	6E05-6E05	70BA-70BA	71B1-71B1	7387-7387	7403-7403	75C5-75C5	77ED-77ED	795D-795D	7B54-7B54	7CBE-7CBE	7D19-7D19	7FA4-7FA4	8089-8089	81F4-81F4	8208-8208	8336-8336	8457-8457	8A33-8A33	8C4A-8C4A	8CA0-8CA0	8CA8-8CA8	8CC0-8CC0	9014-9014	964D-964D	9803-9803	983C-983C	98DB-98DB	FF17-FF17	FF21-FF21
Noto Sans JP	700	/fonts/served/noto-sans-jp-105-700-normal.woff2	25-25	25A0-25A0	4E26-4E26	4F4E-4F4E	5341-5341	56F2-56F2	5BBF-5BBF	5C45-5C45	5C55-5C55	5C5E-5C5E	5DEE-5DEE	5E9C-5E9C	5F7C-5F7C	6255-6255	627F-627F	62BC-62BC	65CF-65CF	661F-661F	666E-666E	66DC-66DC	67FB-67FB	6975-6975	6A4B-6A4B	6B32-6B32	6DF1-6DF1	6E29-6E29	6FC0-6FC0	738B-738B	7686-7686	7A76-7A76	7A81-7A81	7C73-7C73	7D75-7D75	7DD2-7DD2	82E5-82E5	82F1-82F1	85AC-85AC	888B-888B	899A-899A	8A31-8A31	8A8C-8A8C	8AB0-8AB0	8B58-8B58	904A-904A	9060-9060	9280-9280	95B2-95B2	984D-984D	9CE5-9CE5	FF18-FF18
Noto Sans JP	700	/fonts/served/noto-sans-jp-106-700-normal.woff2	30F6-30F6	50AC-50AC	5178-5178	51E6-51E6	5224-5224	52DD-52DD	5883-5883	5897-5897	590F-590F	5A5A-5A5A	5BB3-5BB3	5C65-5C65	5E03-5E03	5E2B-5E2B	5E30-5E30	5EB7-5EB7	6271-6271	63F4-63F4	64AE-64AE	6574-6574	672B-672B	679A-679A	6A29-6A2A	6CA2-6CA2	6CC1-6CC1	6D0B-6D0B	713C-713C	74B0-74B0	7981-7981	7A0B-7A0B	7BC0-7BC0	7D1A-7D1A	7D61-7D61	7FD2-7FD2	822C-822C	8996-8996	89AA-89AA	8CAC-8CAC	8CBB-8CBB	8D77-8D77	8DEF-8DEF	9020-9020	9152-9152	9244-9244	9662-9662	967A-967A	96E3-96E3	9759-9759	FF16-FF16
Noto Sans JP	700	/fonts/served/noto-sans-jp-107-700-normal.woff2	23-23	3C-3C	2192-2192	4E45-4E45	4EFB-4EFB	4F50-4F50	4F8B-4F8B	4FC2-4FC2	5024-5024	5150-5150	5272-5272	5370-5370	53BB-53BB	542B-542B	56DB-56DB	56E3-56E3	57CE-57CE	5BC4-5BC4	5BCC-5BCC	5F71-5F71	60AA-60AA	6238-6238	6280-6280	629C-629C	6539-6539	66FF-66FF	670D-670D	677E-677F	6839-6839	69CB-69CB	6B4C-6B4C	6BB5-6BB5	6E96-6E96	6F14-6F14	72EC-72EC	7389-7389	7814-7814	79CB-79CB	79D1-79D1	79FB-79FB	7A0E-7A0E	7D0D-7D0D	85E4-85E4	8D64-8D64	9632-9632	96E2-96E2	9805-9805	99AC-99AC	FF1E-FF1E
Noto Sans JP	700	/fonts/served/noto-sans-jp-108-700-normal.woff2	2605-2606	301C-301C	4E57-4E57	4FEE-4FEE	5065-5065	52DF-52DF	533B-533B	5357-5357	57DF-57DF	58EB-58EB	58F0-58F0	591C-591C	592A-592B	5948-5948	5B85-5B85	5D0E-5D0E	5EA7-5EA7	5FF5-5FF5	6025-6025	63A1-63A1	63A5-63A5	63DB-63DB	643A-643A	65BD-65BD	671D-671D	68EE-68EE	6982-6982	6B73-6B73	6BD4-6BD4	6D88-6D88	7570-7570	7B11-7B11	7D76-7D76	8077-8077	8217-8217	8C37-8C37	8C61-8C61	8CC7-8CC7	8D85-8D85	901F-901F	962A-962A	9802-9802	9806-9806	9854-9854	98F2-98F2	9928-9928	99C5-99C5	9ED2-9ED2
Noto Sans JP	700	/fonts/served/noto-sans-jp-109-700-normal.woff2	266A-266A	4F11-4F11	533A-533A	5343-5343	534A-534A	53CD-53CD	5404-5404	56F3-56F3	5B57-5B58	5BAE-5BAE	5C4A-5C4A	5E0C-5E0C	5E2F-5E2F	5EAB-5EAB	5F35-5F35	5F79-5F79	614B-614B	6226-6226	629E-629E	65C5-65C5	6625-6625	6751-6751	6821-6821	6B69-6B69	6B8B-6B8B	6BCE-6BCE	6C42-6C42	706B-706B	7C21-7C21	7CFB-7CFB	805E-805E	80B2-80B2	82B8-82B8	843D-843D	8853-8853	88C5-88C5	8A3C-8A3C	8A66-8A66	8D8A-8D8A	8FBA-8FBA	9069-9069	91CF-91CF	9752-9752	975E-975E	9999-9999	FF0F-FF10	FF14-FF15
Noto Sans JP	700	/fonts/served/noto-sans-jp-110-700-normal.woff2	40-40	4E86-4E86	4E95-4E95	4F01-4F01	4F1D-4F1D	4FBF-4FBF	5099-5099	5171-5171	5177-5177	53CB-53CB	53CE-53CE	53F0-53F0	5668-5668	5712-5712	5BA4-5BA4	5CA1-5CA1	5F85-5F85	60F3-60F3	653E-653E	65AD-65AD	65E9-65E9	6620-6620	6750-6750	6761-6761	6B62-6B62	6B74-6B74	6E08-6E08	6E80-6E80	7248-7248	7531-7531	7533-7533	753A-753A	77F3-77F3	798F-798F	7F6E-7F6E	8449-8449	88FD-88FD	89B3-89B3	8A55-8A55	8AC7-8AC7	8B77-8B77	8DB3-8DB3	8EFD-8EFD	8FD4-8FD4	9031-9032	9580-9580	9589-9589	96D1-96D1	985E-985E
Noto Sans JP	700	/fonts/served/noto-sans-jp-111-700-normal.woff2	2B-2B	D7-D7	300E-300F	4E07-4E07	4E8C-4E8C	512A-512A	5149-5149	518D-518D	5236-5236	52B9-52B9	52D9-52D9	5468-5468	578B-578B	57FA-57FA	5B8C-5B8C	5BA2-5BA2	5C02-5C02	5DE5-5DE5	5F37-5F37	5F62-5F62	623B-623B	63D0-63D0	652F-652F	672A-672A	6848-6848	6D41-6D41	7136-7136	7537-7537	754C-754C	76F4-76F4	79C1-79C1	7BA1-7BA1	7D44-7D44	7D4C-7D4C	7DCF-7DCF	7DDA-7DDA	7DE8-7DE8	82B1-82B1	897F-897F	8CA9-8CA9	8CFC-8CFC	904E-904E	9664-9664	982D-982D	9858-9858	98A8-98A8	9A13-9A13	FF13-FF13	FF5C-FF5C
Noto Sans JP	700	/fonts/served/noto-sans-jp-112-700-normal.woff2	4E16-4E16	4E3B-4E3B	4EA4-4EA4	4EE4-4EE4	4F4D-4F4D	4F4F-4F4F	4F55-4F55	4F9B-4F9B	5317-5317	5358-5358	53C2-53C2	53E4-53E4	548C-548C	571F-571F	59CB-59CB	5CF6-5CF6	5E38-5E38	63A2-63A2	63B2-63B2	6559-6559	662D-662D	679C-679C	6C7A-6C7A	72B6-72B6	7523-7523	767D-767D	770C-770C	7A2E-7A2E	7A3F-7A3F	7A7A-7A7A	7B2C-7B2C	7B49-7B49	7D20-7D20	7D42-7D42	8003-8003	8272-8272	8A08-8A08	8AAC-8AAC	8CB7-8CB7	8EAB-8EAB	8EE2-8EE2	9054-9055	90FD-90FD	914D-914D	91CD-91CD	969B-969B	97F3-97F3	984C-984C	FF06-FF06
Noto Sans JP	700	/fonts/served/noto-sans-jp-113-700-normal.woff2	26-26	5F-5F	2026-2026	203B-203B	4E09-4E09	4EAC-4EAC	4ED5-4ED5	4FA1-4FA1	5143-5143	5199-5199	5207-5207	539F-539F	53E3-53E3	53F7-53F7	5411-5411	5473-5473	5546-5546	55B6-55B6	5929-5929	597D-597D	5BB9-5BB9	5C11-5C11	5C4B-5C4B	5DDD-5DDD	5F97-5F97	5FC5-5FC5	6295-6295	6301-6301	6307-6307	671B-671B	76F8-76F8	78BA-78BA	795E-795E	7D30-7D30	7D39-7D39	7D9A-7D9A	89E3-89E3	8A00-8A00	8A73-8A73	8A8D-8A8D	8A9E-8A9E	8AAD-8AAD	8ABF-8ABF	8CEA-8CEA	8ECA-8ECA	8FFD-8FFD	904B-904B	9650-9650	FF11-FF12
Noto Sans JP	700	/fonts/served/noto-sans-jp-114-700-normal.woff2	3E-3E	3005-3005	4E0D-4E0D	4E88-4E88	4ECB-4ECB	4EE3-4EE3	4EF6-4EF6	4FDD-4FDD	4FE1-4FE1	500B-500B	50CF-50CF	5186-5186	5316-5316	53D7-53D7	540C-540C	544A-544A	54E1-54E1	5728-5728	58F2-58F2	5973-5973	5B89-5B89	5C71-5C71	5E02-5E02	5E97-5E97	5F15-5F15	5FC3-5FC3	5FDC-5FDC	601D-601D	611B-611B	611F-611F	671F-671F	6728-6728	6765-6765	683C-683C	6B21-6B21	6CE8-6CE8	6D3B-6D3B	6D77-6D77	7530-7530	7740-7740	7ACB-7ACB	7D50-7D50	826F-826F	8F09-8F09	8FBC-8FBC	9001-9001	9053-9053	91CE-91CE	9762-9762	98DF-98DF
Noto Sans JP	700	/fonts/served/noto-sans-jp-115-700-normal.woff2	7C-7C	3080-3080	4EE5-4EE5	5148-5148	516C-516C	521D-521D	5225-5225	529B-529B	52A0-52A0	53EF-53EF	56DE-56DE	56FD-56FD	5909-5909	591A-591A	5B66-5B66	5B9F-5B9F	5BB6-5BB6	5BFE-5BFE	5E73-5E73	5E83-5E83	5EA6-5EA6	5F53-5F53	6027-6027	610F-610F	6210-6210	6240-6240	660E-660E	66F4-66F4	66F8-66F8	6709-6709	6771-6771	697D-697D	69D8-69D8	6A5F-6A5F	6C34-6C34	6CBB-6CBB	73FE-73FE	756A-756A	7684-7684	771F-771F	793A-793A	7F8E-7F8E	898F-898F	8A2D-8A2D	8A71-8A71	8FD1-8FD1	9078-9078	9577-9577	96FB-96FB	FF5E-FF5E
Noto Sans JP	700	/fonts/served/noto-sans-jp-116-700-normal.woff2	A9-A9	3010-3011	30E2-30E2	4E0B-4E0B	4ECA-4ECA	4ED6-4ED6	4ED8-4ED8	4F53-4F53	4F5C-4F5C	4F7F-4F7F	53D6-53D6	540D-540D	54C1-54C1	5730-5730	5916-5916	5B50-5B50	5C0F-5C0F	5F8C-5F8C	624B-624B	6570-6570	6587-6587	6599-6599	691C-691C	696D-696D	6CD5-6CD5	7269-7269	7279-7279	7406-7406	767A-767B	77E5-77E5	7D04-7D04	7D22-7D22	8005-8005	80FD-80FD	81EA-81EA	8868-8868	8981-8981	89A7-89A7	901A-901A	9023-9023	90E8-90E8	91D1-91D1	9332-9332	958B-958B	96C6-96C6	9AD8-9AD8	FF1A-FF1A	FF1F-FF1F
Noto Sans JP	700	/fonts/served/noto-sans-jp-117-700-normal.woff2	4E-4E	A0-A0	3000-3000	300C-300D	4E00-4E00	4E0A-4E0A	4E2D-4E2D	4E8B-4E8B	4EBA-4EBA	4F1A-4F1A	5165-5165	5168-5168	5185-5185	51FA-51FA	5206-5206	5229-5229	524D-524D	52D5-52D5	5408-5408	554F-554F	5831-5831	5834-5834	5927-5927	5B9A-5B9A	5E74-5E74	5F0F-5F0F	60C5-60C5	65B0-65B0	65B9-65B9	6642-6642	6700-6700	672C-672C	682A-682A	6B63-6B63	6C17-6C17	7121-7121	751F-751F	7528-7528	753B-753B	76EE-76EE	793E-793E	884C-884C	898B-898B	8A18-8A18	9593-9593	95A2-95A2	FF01-FF01	FF08-FF09
Noto Sans JP	700	/fonts/served/noto-sans-jp-118-700-normal.woff2	21-22	27-2A	2C-3B	3F-3F	41-4D	4F-5D	61-7B	7D-7D	AB-AB	AE-AE	B2-B3	B7-B7	BB-BB	C9-C9	CD-CD	D6-D6	D8-D8	DC-DC	E0-E5	E7-ED	EF-EF	F1-F4	F6-F6	F8-F8	FA-FA	FC-FD	103-103	14D-14D	1B0-1B0	300-301	1EBF-1EBF	1EC7-1EC7	2013-2014	201C-201D	2039-203A	203C-203C	2048-2049	2113-2113	2122-2122	65E5-65E5	6708-6708	70B9-70B9
Noto Sans JP	700	/fonts/served/noto-sans-jp-119-700-normal.woff2	20-20	2027-2027	3001-3002	3041-307F	3081-308F	3091-3093	3099-309A	309D-309E	30A1-30E1	30E3-30ED	30EF-30F0	30F2-30F4	30FB-30FE	FF0C-FF0C	FF0E-FF0E
Noto Sans KR	400	/fonts/served/noto-sans-kr-0-400-normal.woff2	F9CA-FA0B	FF03-FF05	FF07-FF07	FF0A-FF0B	FF0D-FF19	FF1B-FF1B	FF1D-FF1D	FF20-FF5B	FF5D-FF5D	FFE0-FFE3	FFE5-FFE6
Noto Sans KR	400	/fonts/served/noto-sans-kr-1-400-normal.woff2	F92F-F980	F982-F9C9
Noto Sans KR	400	/fonts/served/noto-sans-kr-2-400-normal.woff2	D723-D728	D72A-D733	D735-D748	D74A-D74F	D752-D753	D755-D757	D75A-D75F	D762-D764	D766-D768	D76A-D76B	D76D-D76F	D771-D787	D789-D78B	D78D-D78F	D791-D797	D79A-D79A	D79C-D79C	D79E-D7A3	F900-F909	F90B-F92E
Noto Sans KR	400	/fonts/served/noto-sans-kr-3-400-normal.woff2	D679-D68B	D68E-D69E	D6A0-D6A0	D6A2-D6A7	D6A9-D6C3	D6C6-D6C7	D6C9-D6CB	D6CD-D6D3	D6D5-D6D6	D6D8-D6E3	D6E5-D6E7	D6E9-D6FB	D6FD-D717	D719-D71F	D721-D722
Noto Sans KR	400	/fonts/served/noto-sans-kr-4-400-normal.woff2	D5BC-D5C7	D5CA-D5CB	D5CD-D5CF	D5D1-D5D7	D5D9-D5DA	D5DC-D5DC	D5DE-D5E3	D5E6-D5E7	D5E9-D5EB	D5ED-D5F6	D5F8-D5F8	D5FA-D5FF	D602-D603	D605-D607	D609-D60F	D612-D613	D616-D61B	D61D-D637	D63A-D63B	D63D-D63F	D641-D647	D64A-D64C	D64E-D653	D656-D657	D659-D65B	D65D-D666	D668-D668	D66A-D678
Noto Sans KR	400	/fonts/served/noto-sans-kr-5-400-normal.woff2	D507-D507	D509-D50B	D50D-D513	D515-D53B	D53E-D53F	D541-D543	D545-D54C	D54E-D54E	D550-D550	D552-D557	D55A-D55B	D55D-D55F	D561-D564	D566-D567	D56A-D56A	D56C-D56C	D56E-D573	D576-D577	D579-D583	D585-D586	D58A-D5A4	D5A6-D5BB
Noto Sans KR	400	/fonts/served/noto-sans-kr-6-400-normal.woff2	D464-D477	D47A-D47B	D47D-D47F	D481-D487	D489-D48A	D48C-D48C	D48E-D4E7	D4E9-D503	D505-D506
Noto Sans KR	400	/fonts/served/noto-sans-kr-7-400-normal.woff2	D3BF-D3C7	D3CA-D3CF	D3D1-D3EB	D3EE-D3EF	D3F1-D3F3	D3F5-D3FB	D3FD-D400	D402-D45B	D45D-D463
Noto Sans KR	400	/fonts/served/noto-sans-kr-8-400-normal.woff2	D2FF-D2FF	D302-D304	D306-D30B	D30F-D30F	D311-D313	D315-D31B	D31E-D31E	D322-D324	D326-D327	D32A-D32B	D32D-D32F	D331-D337	D339-D33C	D33E-D37B	D37E-D37F	D381-D383	D385-D38B	D38E-D390	D392-D397	D39A-D39B	D39D-D39F	D3A1-D3A7	D3A9-D3AA	D3AC-D3AC	D3AE-D3B3	D3B5-D3B7	D3B9-D3BB	D3BD-D3BE
Noto Sans KR	400	/fonts/served/noto-sans-kr-9-400-normal.woff2	D257-D27F	D281-D29B	D29D-D29F	D2A1-D2AB	D2AD-D2B7	D2BA-D2BB	D2BD-D2BF	D2C1-D2C7	D2C9-D2EF	D2F2-D2F3	D2F5-D2F7	D2F9-D2FE
Noto Sans KR	400	/fonts/served/noto-sans-kr-10-400-normal.woff2	D1B4-D1B4	D1B6-D1F3	D1F5-D22B	D22E-D22F	D231-D233	D235-D23B	D23D-D240	D242-D256
Noto Sans KR	400	/fonts/served/noto-sans-kr-11-400-normal.woff2	D105-D12F	D132-D133	D135-D137	D139-D13F	D141-D142	D144-D144	D146-D14B	D14E-D14F	D151-D153	D155-D15B	D15E-D187	D189-D19F	D1A2-D1A3	D1A5-D1A7	D1A9-D1AF	D1B2-D1B3
Noto Sans KR	400	/fonts/served/noto-sans-kr-12-400-normal.woff2	D04B-D04F	D051-D057	D059-D06B	D06D-D06F	D071-D073	D075-D07B	D07E-D0A3	D0A6-D0A7	D0A9-D0AB	D0AD-D0B3	D0B6-D0B6	D0B8-D0B8	D0BA-D0BF	D0C2-D0C3	D0C5-D0C7	D0C9-D0CF	D0D2-D0D2	D0D6-D0DB	D0DE-D0DF	D0E1-D0E3	D0E5-D0EB	D0EE-D0F0	D0F2-D104
Noto Sans KR	400	/fonts/served/noto-sans-kr-13-400-normal.woff2	CFA2-CFC3	CFC5-CFDF	CFE2-CFE3	CFE5-CFE7	CFE9-CFF4	CFF6-CFFB	CFFD-CFFF	D001-D003	D005-D017	D019-D033	D036-D037	D039-D03B	D03D-D04A
Noto Sans KR	400	/fonts/served/noto-sans-kr-14-400-normal.woff2	CEF0-CEF3	CEF6-CEF6	CEF9-CEFF	CF01-CF03	CF05-CF07	CF09-CF0F	CF11-CF12	CF14-CF1B	CF1D-CF1F	CF21-CF2F	CF31-CF53	CF56-CF57	CF59-CF5B	CF5D-CF63	CF66-CF66	CF68-CF68	CF6A-CF6F	CF71-CF84	CF86-CF8B	CF8D-CFA1
Noto Sans KR	400	/fonts/served/noto-sans-kr-15-400-normal.woff2	CE3C-CE57	CE5A-CE5B	CE5D-CE5F	CE61-CE67	CE6A-CE6A	CE6C-CE6C	CE6E-CE73	CE76-CE77	CE79-CE7B	CE7D-CE83	CE85-CE88	CE8A-CE8F	CE91-CE93	CE95-CE97	CE99-CE9F	CEA2-CEA2	CEA4-CEAB	CEAD-CEE3	CEE6-CEE7	CEE9-CEEB	CEED-CEEF
Noto Sans KR	400	/fonts/served/noto-sans-kr-16-400-normal.woff2	CD92-CD93	CD96-CD97	CD99-CD9B	CD9D-CDA3	CDA6-CDA8	CDAA-CDAF	CDB1-CDC3	CDC5-CDCB	CDCD-CDE7	CDE9-CE03	CE05-CE1F	CE22-CE34	CE36-CE3B
Noto Sans KR	400	/fonts/served/noto-sans-kr-17-400-normal.woff2	CCEF-CD07	CD0A-CD0B	CD0D-CD1A	CD1C-CD1C	CD1E-CD2B	CD2D-CD5B	CD5D-CD77	CD79-CD91
Noto Sans KR	400	/fonts/served/noto-sans-kr-18-400-normal.woff2	CC3F-CC43	CC46-CC47	CC49-CC4B	CC4D-CC53	CC55-CC58	CC5A-CC5F	CC61-CC97	CC9A-CC9B	CC9D-CC9F	CCA1-CCA7	CCAA-CCAA	CCAC-CCAC	CCAE-CCB3	CCB6-CCB7	CCB9-CCBB	CCBD-CCCF	CCD1-CCE3	CCE5-CCEE
Noto Sans KR	400	/fonts/served/noto-sans-kr-19-400-normal.woff2	CB91-CBD3	CBD5-CBE3	CBE5-CC0B	CC0E-CC0F	CC11-CC13	CC15-CC1B	CC1D-CC20	CC23-CC27	CC2A-CC2B	CC2D-CC2D	CC2F-CC2F	CC31-CC37	CC3A-CC3A	CC3C-CC3C
Noto Sans KR	400	/fonts/served/noto-sans-kr-20-400-normal.woff2	CAF4-CB47	CB4A-CB90
Noto Sans KR	400	/fonts/served/noto-sans-kr-21-400-normal.woff2	CA4A-CA4B	CA4E-CA4F	CA51-CA53	CA55-CA5B	CA5D-CA60	CA62-CA83	CA85-CABB	CABE-CABF	CAC1-CAC3	CAC5-CACB	CACD-CAD0	CAD2-CAD2	CAD4-CAD8	CADA-CAF3
Noto Sans KR	400	/fonts/served/noto-sans-kr-22-400-normal.woff2	C996-C997	C99A-C99C	C99E-C9BF	C9C2-C9C3	C9C5-C9C7	C9C9-C9CF	C9D2-C9D2	C9D4-C9D4	C9D7-C9D8	C9DB-C9DB	C9DE-C9DF	C9E1-C9E3	C9E5-C9E6	C9E8-C9EB	C9EE-C9F0	C9F2-C9F7	C9F9-CA0B	CA0D-CA28	CA2A-CA49
Noto Sans KR	400	/fonts/served/noto-sans-kr-23-400-normal.woff2	C8E9-C8F4	C8F6-C8FB	C8FE-C8FF	C901-C903	C905-C90B	C90E-C910	C912-C917	C919-C92B	C92D-C94F	C951-C953	C955-C96B	C96D-C973	C975-C987	C98A-C98B	C98D-C98F	C991-C995
Noto Sans KR	400	/fonts/served/noto-sans-kr-24-400-normal.woff2	C841-C84B	C84D-C86F	C872-C873	C875-C877	C879-C87F	C882-C884	C887-C88A	C88D-C8C3	C8C5-C8DF	C8E1-C8E8
Noto Sans KR	400	/fonts/served/noto-sans-kr-25-400-normal.woff2	C779-C77B	C77E-C782	C786-C786	C78B-C78B	C78D-C78D	C78F-C78F	C792-C793	C795-C795	C797-C797	C799-C79F	C7A2-C7A2	C7A7-C7AB	C7AE-C7BB	C7BD-C7C0	C7C2-C7C7	C7C9-C7DC	C7DE-C7FF	C802-C803	C805-C807	C809-C809	C80B-C80F	C812-C812	C814-C814	C817-C81B	C81E-C81F	C821-C823	C825-C82E	C830-C837	C839-C83B	C83D-C840
Noto Sans KR	400	/fonts/served/noto-sans-kr-26-400-normal.woff2	C6BB-C6BF	C6C2-C6C2	C6C4-C6C4	C6C6-C6CB	C6CE-C6CF	C6D1-C6D3	C6D5-C6DB	C6DD-C6DF	C6E1-C6E7	C6E9-C6EB	C6ED-C6EF	C6F1-C6F8	C6FA-C703	C705-C707	C709-C70B	C70D-C716	C718-C718	C71A-C71F	C722-C723	C725-C727	C729-C734	C736-C73B	C73E-C73F	C741-C743	C745-C74B	C74E-C750	C752-C757	C759-C773	C776-C777
Noto Sans KR	400	/fonts/served/noto-sans-kr-27-400-normal.woff2	C5F5-C5FB	C5FE-C5FE	C602-C605	C607-C607	C609-C60F	C611-C61A	C61C-C623	C626-C627	C629-C62B	C62D-C62D	C62F-C632	C636-C636	C638-C638	C63A-C63F	C642-C643	C645-C647	C649-C652	C656-C65B	C65D-C65F	C661-C663	C665-C677	C679-C67B	C67D-C693	C696-C697	C699-C69B	C69D-C6A3	C6A6-C6A6	C6A8-C6A8	C6AA-C6AF	C6B2-C6B3	C6B5-C6B7	C6B9-C6BA
Noto Sans KR	400	/fonts/served/noto-sans-kr-28-400-normal.woff2	C517-C527	C52A-C52B	C52D-C52F	C531-C538	C53A-C53A	C53C-C53C	C53E-C543	C546-C547	C54B-C54B	C54D-C552	C556-C556	C55A-C55B	C55D-C55D	C55F-C55F	C562-C563	C565-C567	C569-C56F	C572-C572	C574-C574	C576-C57B	C57E-C57F	C581-C583	C585-C586	C588-C58B	C58E-C58E	C590-C590	C592-C596	C599-C5B3	C5B6-C5B7	C5BA-C5BA	C5BE-C5C3	C5CA-C5CB	C5CD-C5CD	C5CF-C5CF	C5D2-C5D3	C5D5-C5D7	C5D9-C5DF	C5E1-C5E2	C5E4-C5E4	C5E6-C5EB	C5EF-C5EF	C5F1-C5F3
Noto Sans KR	400	/fonts/served/noto-sans-kr-29-400-normal.woff2	C475-C4EF	C4F2-C4F3	C4F5-C4F7	C4F9-C4FF	C502-C50B	C50D-C516
Noto Sans KR	400	/fonts/served/noto-sans-kr-30-400-normal.woff2	C3D0-C3D7	C3DA-C3DB	C3DD-C3DE	C3E1-C3EC	C3EE-C3F3	C3F5-C42B	C42D-C463	C466-C474
Noto Sans KR	400	/fonts/served/noto-sans-kr-31-400-normal.woff2	C32B-C367	C36A-C36B	C36D-C36F	C371-C377	C37A-C37B	C37E-C383	C385-C387	C389-C3CF
Noto Sans KR	400	/fonts/served/noto-sans-kr-32-400-normal.woff2	C26A-C26B	C26D-C26F	C271-C273	C275-C27B	C27E-C287	C289-C28F	C291-C297	C299-C29A	C29C-C2A3	C2A5-C2A7	C2A9-C2AB	C2AD-C2B3	C2B6-C2B6	C2B8-C2B8	C2BA-C2BB	C2BD-C2DB	C2DE-C2DF	C2E1-C2E2	C2E5-C2EA	C2EE-C2EE	C2F0-C2F0	C2F2-C2F5	C2F7-C2F7	C2FA-C2FB	C2FD-C2FF	C301-C307	C309-C30C	C30E-C312	C315-C323	C325-C328	C32A-C32A
Noto Sans KR	400	/fonts/served/noto-sans-kr-33-400-normal.woff2	C1BC-C1C3	C1C5-C1DF	C1E1-C1FB	C1FD-C203	C205-C20C	C20E-C20E	C210-C217	C21A-C21B	C21D-C21E	C221-C227	C229-C22A	C22C-C22C	C22E-C22E	C230-C230	C233-C24F	C251-C257	C259-C269
Noto Sans KR	400	/fonts/served/noto-sans-kr-34-400-normal.woff2	C101-C11B	C11F-C11F	C121-C123	C125-C12B	C12E-C12E	C132-C137	C13A-C13B	C13D-C13F	C141-C147	C14A-C14A	C14C-C153	C155-C157	C159-C15B	C15D-C166	C169-C16F	C171-C177	C179-C18B	C18E-C18F	C191-C193	C195-C19B	C19D-C19E	C1A0-C1A0	C1A2-C1A4	C1A6-C1BB
Noto Sans KR	400	/fonts/served/noto-sans-kr-35-400-normal.woff2	C049-C057	C059-C05B	C05D-C05F	C061-C067	C069-C08F	C091-C0AB	C0AE-C0AF	C0B1-C0B3	C0B5-C0B5	C0B7-C0BB	C0BE-C0BE	C0C2-C0C7	C0CA-C0CB	C0CD-C0CF	C0D1-C0D7	C0D9-C0DA	C0DC-C0DC	C0DE-C0E3	C0E5-C0EB	C0ED-C0F3	C0F6-C0F6	C0F8-C0F8	C0FA-C0FF
Noto Sans KR	400	/fonts/served/noto-sans-kr-36-400-normal.woff2	BFA7-BFAF	BFB1-BFC4	BFC6-BFCB	BFCE-BFCF	BFD1-BFD3	BFD5-BFDB	BFDD-C048
Noto Sans KR	400	/fonts/served/noto-sans-kr-37-400-normal.woff2	BF07-BF07	BF09-BF3F	BF41-BF4F	BF52-BF54	BF56-BFA6
Noto Sans KR	400	/fonts/served/noto-sans-kr-38-400-normal.woff2	BE56-BE56	BE58-BE58	BE5C-BE5F	BE62-BE63	BE65-BE67	BE69-BE74	BE76-BE7B	BE7E-BE7F	BE81-BE8E	BE90-BE90	BE92-BEA7	BEA9-BECF	BED2-BED3	BED5-BED6	BED9-BEE3	BEE6-BF06
Noto Sans KR	400	/fonts/served/noto-sans-kr-39-400-normal.woff2	BDB0-BDD3	BDD5-BDEF	BDF1-BE0B	BE0D-BE0F	BE11-BE13	BE15-BE43	BE46-BE47	BE49-BE4B	BE4D-BE53
Noto Sans KR	400	/fonts/served/noto-sans-kr-40-400-normal.woff2	BD03-BD03	BD06-BD06	BD08-BD08	BD0A-BD0F	BD11-BD22	BD25-BD47	BD49-BD58	BD5A-BD7F	BD82-BD83	BD85-BD87	BD8A-BD8F	BD91-BD92	BD94-BD94	BD96-BD98	BD9A-BDAF
Noto Sans KR	400	/fonts/served/noto-sans-kr-41-400-normal.woff2	BC4E-BC83	BC86-BC87	BC89-BC8B	BC8D-BC93	BC96-BC96	BC98-BC98	BC9B-BC9F	BCA2-BCA3	BCA5-BCA7	BCA9-BCB2	BCB4-BCBB	BCBE-BCBF	BCC1-BCC3	BCC5-BCCC	BCCE-BCD0	BCD2-BCD4	BCD6-BCF3	BCF7-BCF7	BCF9-BCFB	BCFD-BD02
Noto Sans KR	400	/fonts/served/noto-sans-kr-42-400-normal.woff2	BB90-BBA3	BBA5-BBAB	BBAD-BBBF	BBC1-BBF7	BBFA-BBFB	BBFD-BBFE	BC01-BC07	BC09-BC0A	BC0E-BC0E	BC10-BC10	BC12-BC13	BC17-BC17	BC19-BC1A	BC1E-BC1E	BC20-BC23	BC26-BC26	BC28-BC28	BC2A-BC2C	BC2E-BC2F	BC32-BC33	BC35-BC37	BC39-BC3F	BC41-BC42	BC44-BC44	BC46-BC48	BC4A-BC4D
Noto Sans KR	400	/fonts/served/noto-sans-kr-43-400-normal.woff2	BAE6-BAFB	BAFD-BB17	BB19-BB33	BB37-BB37	BB39-BB3A	BB3D-BB43	BB45-BB46	BB48-BB48	BB4A-BB4F	BB51-BB53	BB55-BB57	BB59-BB62	BB64-BB8F
Noto Sans KR	400	/fonts/served/noto-sans-kr-44-400-normal.woff2	BA30-BA37	BA3A-BA3B	BA3D-BA3F	BA41-BA47	BA49-BA4A	BA4C-BA4C	BA4E-BA53	BA56-BA57	BA59-BA5B	BA5D-BA63	BA65-BA66	BA68-BA6F	BA71-BA73	BA75-BA77	BA79-BA84	BA86-BA86	BA88-BAA7	BAAA-BAAA	BAAD-BAAF	BAB1-BAB7	BABA-BABA	BABC-BABC	BABE-BAE5
Noto Sans KR	400	/fonts/served/noto-sans-kr-45-400-normal.woff2	B96E-B973	B976-B977	B979-B97B	B97D-B983	B986-B986	B988-B988	B98A-B98D	B98F-B9AB	B9AE-B9AF	B9B1-B9B3	B9B5-B9BB	B9BE-B9BE	B9C0-B9C0	B9C2-B9C7	B9CA-B9CB	B9CD-B9CD	B9D2-B9D7	B9DA-B9DA	B9DC-B9DC	B9DF-B9E0	B9E2-B9E2	B9E6-B9E7	B9E9-B9F3	B9F6-B9F6	B9F8-B9F8	B9FB-BA2F
Noto Sans KR	400	/fonts/served/noto-sans-kr-46-400-normal.woff2	B8BF-B8CB	B8CD-B8E0	B8E2-B8E7	B8EA-B8EB	B8ED-B8EF	B8F1-B8F7	B8FA-B8FA	B8FC-B8FC	B8FE-B903	B905-B917	B919-B91F	B921-B93B	B93D-B957	B95A-B95B	B95D-B95F	B961-B967	B969-B96C
Noto Sans KR	400	/fonts/served/noto-sans-kr-47-400-normal.woff2	B80D-B80F	B811-B817	B81A-B81A	B81C-B823	B826-B827	B829-B82B	B82D-B833	B836-B836	B83A-B83F	B841-B85B	B85E-B85F	B861-B863	B865-B86B	B86E-B86E	B870-B870	B872-B8AF	B8B1-B8BE
Noto Sans KR	400	/fonts/served/noto-sans-kr-48-400-normal.woff2	B74D-B75F	B761-B763	B765-B774	B776-B77B	B77E-B77F	B781-B783	B785-B78B	B78E-B78E	B792-B796	B79A-B79B	B79D-B7A7	B7AA-B7AA	B7AE-B7B3	B7B6-B7C8	B7CA-B7EB	B7EE-B7EF	B7F1-B7F3	B7F5-B7FB	B7FE-B7FE	B802-B806	B80A-B80B
Noto Sans KR	400	/fonts/served/noto-sans-kr-49-400-normal.woff2	B6A7-B6AA	B6AC-B6B0	B6B2-B6EF	B6F1-B727	B72A-B72B	B72D-B72E	B731-B737	B739-B73A	B73C-B743	B745-B74C
Noto Sans KR	400	/fonts/served/noto-sans-kr-50-400-normal.woff2	B605-B60F	B612-B617	B619-B624	B626-B69B	B69E-B6A3	B6A5-B6A6
Noto Sans KR	400	/fonts/served/noto-sans-kr-51-400-normal.woff2	B55F-B55F	B562-B583	B585-B59F	B5A2-B5A3	B5A5-B5A7	B5A9-B5B2	B5B5-B5BA	B5BD-B604
Noto Sans KR	400	/fonts/served/noto-sans-kr-52-400-normal.woff2	B4A5-B4B6	B4B8-B4BF	B4C1-B4C7	B4C9-B4DB	B4DE-B4DF	B4E1-B4E2	B4E5-B4EB	B4EE-B4EE	B4F0-B4F0	B4F2-B513	B516-B517	B519-B51A	B51D-B523	B526-B526	B528-B528	B52B-B52F	B532-B533	B535-B537	B539-B53F	B541-B544	B546-B54B	B54D-B54F	B551-B55B	B55D-B55E
Noto Sans KR	400	/fonts/served/noto-sans-kr-53-400-normal.woff2	B3F8-B3FB	B3FD-B40F	B411-B417	B419-B41B	B41D-B41F	B421-B427	B42A-B42B	B42D-B44F	B452-B453	B455-B457	B459-B45F	B462-B464	B466-B46B	B46D-B47F	B481-B4A3
Noto Sans KR	400	/fonts/served/noto-sans-kr-54-400-normal.woff2	B342-B353	B356-B357	B359-B35B	B35D-B35E	B360-B363	B366-B366	B368-B368	B36A-B36D	B36F-B36F	B372-B373	B375-B377	B379-B37F	B381-B382	B384-B384	B386-B38B	B38D-B3C3	B3C6-B3C7	B3C9-B3CA	B3CD-B3D3	B3D6-B3D6	B3D8-B3D8	B3DA-B3F7
Noto Sans KR	400	/fonts/served/noto-sans-kr-55-400-normal.woff2	B27C-B283	B285-B28F	B292-B293	B295-B297	B29A-B29F	B2A1-B2A4	B2A7-B2A9	B2AB-B2AB	B2AD-B2C7	B2CA-B2CB	B2CD-B2CF	B2D1-B2D7	B2DA-B2DA	B2DC-B2DC	B2DE-B2E3	B2E7-B2E7	B2E9-B2EA	B2EF-B2F3	B2F6-B2F6	B2F8-B2F8	B2FA-B2FB	B2FD-B2FE	B302-B303	B305-B307	B309-B30F	B312-B312	B316-B31B	B31D-B341
Noto Sans KR	400	/fonts/served/noto-sans-kr-56-400-normal.woff2	B1D6-B1E7	B1E9-B1FC	B1FE-B203	B206-B207	B209-B20B	B20D-B213	B216-B21F	B221-B257	B259-B273	B275-B27B
Noto Sans KR	400	/fonts/served/noto-sans-kr-57-400-normal.woff2	B120-B122	B126-B127	B129-B12B	B12D-B133	B136-B136	B138-B138	B13A-B13F	B142-B143	B145-B14F	B151-B153	B156-B157	B159-B177	B17A-B17B	B17D-B17F	B181-B187	B189-B18C	B18E-B191	B195-B1A7	B1A9-B1CB	B1CD-B1D5
Noto Sans KR	400	/fonts/served/noto-sans-kr-58-400-normal.woff2	B05F-B07B	B07E-B07F	B081-B083	B085-B08B	B08D-B097	B09B-B09B	B09D-B09F	B0A2-B0A7	B0AA-B0AA	B0B0-B0B0	B0B2-B0B2	B0B6-B0B7	B0B9-B0BB	B0BD-B0C3	B0C6-B0C7	B0CA-B0CF	B0D1-B0DF	B0E1-B0E4	B0E6-B107	B10A-B10B	B10D-B10F	B111-B112	B114-B117	B119-B11A	B11C-B11F
Noto Sans KR	400	/fonts/served/noto-sans-kr-59-400-normal.woff2	AFAC-AFB7	AFBA-AFBB	AFBD-AFBF	AFC1-AFC6	AFCA-AFCC	AFCE-AFD3	AFD5-AFE7	AFE9-AFEF	AFF1-B00B	B00D-B00F	B011-B013	B015-B01B	B01D-B027	B029-B043	B045-B047	B049-B049	B04B-B04B	B04D-B052	B055-B056	B058-B05C	B05E-B05E
Noto Sans KR	400	/fonts/served/noto-sans-kr-60-400-normal.woff2	AF03-AF07	AF09-AF2B	AF2E-AF33	AF35-AF3B	AF3E-AF40	AF44-AF47	AF4A-AF5C	AF5E-AF63	AF65-AF7F	AF81-AFAB
Noto Sans KR	400	/fonts/served/noto-sans-kr-61-400-normal.woff2	AE56-AE5B	AE5E-AE60	AE62-AE64	AE66-AE67	AE69-AE6B	AE6D-AE83	AE85-AEBB	AEBF-AEBF	AEC1-AEC3	AEC5-AECB	AECE-AECE	AED0-AED0	AED2-AED7	AED9-AEF3	AEF5-AF02
Noto Sans KR	400	/fonts/served/noto-sans-kr-62-400-normal.woff2	AD9C-ADA3	ADA5-ADBF	ADC1-ADC3	ADC5-ADC7	ADC9-ADD2	ADD4-ADDB	ADDD-ADDF	ADE1-ADE3	ADE5-ADF7	ADFA-ADFB	ADFD-ADFF	AE02-AE07	AE0A-AE0A	AE0C-AE0C	AE0E-AE13	AE15-AE2F	AE31-AE33	AE35-AE37	AE39-AE3F	AE42-AE42	AE44-AE44	AE46-AE49	AE4B-AE4B	AE4F-AE4F	AE51-AE53	AE55-AE55
Noto Sans KR	400	/fonts/served/noto-sans-kr-63-400-normal.woff2	ACE2-ACE3	ACE5-ACE6	ACE9-ACEF	ACF2-ACF2	ACF4-ACF4	ACF7-ACFB	ACFE-ACFF	AD01-AD03	AD05-AD0B	AD0D-AD10	AD12-AD1B	AD1D-AD33	AD35-AD48	AD4A-AD4F	AD51-AD6B	AD6E-AD6F	AD71-AD72	AD77-AD7C	AD7E-AD7E	AD80-AD80	AD82-AD87	AD89-AD8B	AD8D-AD8F	AD91-AD9B
Noto Sans KR	400	/fonts/served/noto-sans-kr-64-400-normal.woff2	AC25-AC2C	AC2E-AC2E	AC30-AC30	AC32-AC37	AC39-AC3F	AC41-AC4C	AC4E-AC6F	AC72-AC73	AC75-AC76	AC79-AC7F	AC82-AC82	AC84-AC88	AC8A-AC8B	AC8D-AC8F	AC91-AC93	AC95-AC9B	AC9D-AC9E	ACA1-ACA7	ACAB-ACAB	ACAD-ACAF	ACB1-ACB7	ACBA-ACBB	ACBE-ACC0	ACC2-ACC3	ACC5-ACDF
Noto Sans KR	400	/fonts/served/noto-sans-kr-65-400-normal.woff2	99DF-99DF	99ED-99ED	99F1-99F1	99FF-99FF	9A01-9A01	9A08-9A08	9A0E-9A0F	9A19-9A19	9A2B-9A2B	9A30-9A30	9A36-9A37	9A40-9A40	9A43-9A43	9A45-9A45	9A4D-9A4D	9A55-9A55	9A57-9A57	9A5A-9A5B	9A5F-9A5F	9A62-9A62	9A65-9A65	9A69-9A6A	9AA8-9AA8	9AB8-9AB8	9AD3-9AD3	9AE5-9AE5	9AEE-9AEE	9B1A-9B1A	9B27-9B27	9B2A-9B2A	9B31-9B31	9B3C-9B3C	9B41-9B45	9B4F-9B4F	9B54-9B54	9B5A-9B5A	9B6F-9B6F	9B8E-9B8E	9B91-9B91	9B9F-9B9F	9BAB-9BAB	9BAE-9BAE	9BC9-9BC9	9BD6-9BD6	9BE4-9BE4	9BE8-9BE8	9C0D-9C0D	9C10-9C10	9C12-9C12	9C15-9C15	9C25-9C25	9C32-9C32	9C3B-9C3B	9C47-9C47	9C49-9C49	9C57-9C57	9CE5-9CE5	9CE7-9CE7	9CE9-9CE9	9CF3-9CF4	9CF6-9CF6	9D09-9D09	9D1B-9D1B	9D26-9D26	9D28-9D28	9D3B-9D3B	9D51-9D51	9D5D-9D5D	9D60-9D61	9D6C-9D6C	9D72-9D72	9DA9-9DA9	9DAF-9DAF	9DB4-9DB4	9DC4-9DC4	9DD7-9DD7	9DF2-9DF2	9DF8-9DFA	9E1A-9E1A	9E1E-9E1E	9E75-9E75	9E79-9E79	9E7D-9E7D	9E7F-9E7F	9E92-9E93	9E97-9E97	9E9D-9E9D	9E9F-9E9F	9EA5-9EA5	9EB4-9EB5	9EBB-9EBB	9EBE-9EBE	9EC3-9EC3	9ECD-9ECE	9ED4-9ED4	9ED8-9ED8	9EDB-9EDC	9EDE-9EDE	9EE8-9EE8	9EF4-9EF4	9F07-9F08	9F0E-9F0E	9F13-9F13	9F20-9F20	9F3B-9F3B	9F4A-9F4B	9F4E-9F4E	9F52-9F52	9F5F-9F5F	9F61-9F61	9F67-9F67	9F6A-9F6A	9F6C-9F6C	9F77-9F77	9F8D-9F8D	9F90-9F90	9F95-9F95	9F9C-9F9C	AC02-AC03	AC05-AC06	AC09-AC0F	AC17-AC18	AC1B-AC1B	AC1E-AC1F	AC21-AC23
Noto Sans KR	400	/fonts/served/noto-sans-kr-66-400-normal.woff2	96A7-96A8	96AA-96AA	96B1-96B1	96B7-96B7	96BB-96BB	96C0-96C1	96C4-96C5	96C7-96C7	96C9-96C9	96CB-96CE	96D5-96D6	96D9-96D9	96DB-96DC	96E2-96E3	96E8-96EA	96EF-96F0	96F2-96F2	96F6-96F7	96F9-96F9	96FB-96FB	9700-9700	9706-9707	9711-9711	9713-9713	9716-9716	9719-9719	971C-971C	971E-971E	9727-9727	9730-9730	9732-9732	9739-9739	973D-973D	9742-9742	9744-9744	9748-9748	9756-9756	975C-975C	9761-9761	9769-9769	976D-976D	9774-9774	9777-9777	977A-977A	978B-978B	978D-978D	978F-978F	97A0-97A0	97A8-97A8	97AB-97AB	97AD-97AD	97C6-97C6	97CB-97CB	97DC-97DC	97F6-97F6	97FB-97FB	97FF-9803	9805-9806	9808-9808	980A-980A	980C-980C	9810-9813	9817-9818	982D-982D	9830-9830	9838-9839	983B-983B	9846-9846	984C-984E	9854-9854	9858-9858	985A-985A	985E-985E	9865-9865	9867-9867	986B-986B	986F-986F	98AF-98AF	98B1-98B1	98C4-98C4	98C7-98C7	98DB-98DC	98E1-98E2	98ED-98EF	98F4-98F4	98FC-98FE	9903-9903	9909-990A	990C-990C	9910-9910	9913-9913	9918-9918	991E-991E	9920-9920	9928-9928	9945-9945	9949-9949	994B-994D	9951-9952	9954-9954	9957-9957	9996-9996	999D-999D	99A5-99A5	99A8-99A8	99AC-99AE	99B1-99B1	99B3-99B4	99B9-99B9	99C1-99C1	99D0-99D2	99D5-99D5	99D9-99D9	99DD-99DD
Noto Sans KR	400	/fonts/served/noto-sans-kr-67-400-normal.woff2	920D-920D	9210-9212	9217-9217	921E-921E	9234-9234	923A-923A	923F-9240	9245-9245	9249-9249	9257-9257	925B-925B	925E-925E	9262-9262	9264-9266	9283-9283	9285-9285	9291-9291	9293-9293	9296-9296	9298-9298	929C-929C	92B3-92B3	92B6-92B7	92B9-92B9	92CC-92CC	92CF-92CF	92D2-92D2	92E4-92E4	92EA-92EA	92F8-92F8	92FC-92FC	9304-9304	9310-9310	9318-9318	931A-931A	931E-9322	9324-9324	9326-9326	9328-9328	932B-932B	932E-932F	9348-9348	934A-934B	934D-934D	9354-9354	935B-935B	936E-936E	9375-9375	937C-937C	937E-937E	938C-938C	9394-9394	9396-9396	939A-939A	93A3-93A3	93A7-93A7	93AC-93AD	93B0-93B0	93C3-93C3	93D1-93D1	93DE-93DE	93E1-93E1	93E4-93E4	93F6-93F6	9404-9404	9418-9418	9425-9425	942B-942B	9435-9435	9438-9438	9444-9444	9451-9452	945B-945B	947D-947D	947F-947F	9583-9583	9589-9589	958F-958F	9591-9592	9594-9594	9598-9598	95A3-95A5	95A8-95A8	95AD-95AD	95B1-95B1	95BB-95BC	95C7-95C7	95CA-95CA	95D4-95D6	95DC-95DC	95E1-95E2	961C-961C	9621-9621	962A-962A	962E-962E	9632-9632	963B-963B	963F-9640	9642-9642	9644-9644	964B-964D	9650-9650	965B-965F	9662-9664	966A-966A	9670-9670	9673-9673	9675-9678	967D-967D	9685-9686	968A-968B	968D-968E	9694-9695	9698-9699	969B-969C	96A3-96A3
Noto Sans KR	400	/fonts/served/noto-sans-kr-68-400-normal.woff2	8FA8-8FA8	8FAD-8FAD	8FAF-8FB2	8FC2-8FC2	8FC5-8FC5	8FCE-8FCE	8FD4-8FD4	8FE6-8FE6	8FEA-8FEB	8FED-8FED	8FF0-8FF0	8FF2-8FF2	8FF7-8FF7	8FF9-8FF9	8FFD-8FFD	9000-9003	9005-9006	9008-9008	900B-900B	900D-900D	900F-9011	9014-9015	9017-9017	9019-9019	901D-9023	902E-902E	9031-9032	9035-9035	9038-9038	903C-903C	903E-903E	9041-9042	9047-9047	904A-904B	904D-904E	9050-9051	9054-9055	9059-9059	905C-905E	9060-9061	9063-9063	9069-9069	906D-906F	9072-9072	9075-9075	9077-9078	907A-907A	907C-907D	907F-9084	9087-9088	908A-908A	908F-908F	9091-9091	9095-9095	9099-9099	90A2-90A3	90A6-90A6	90A8-90A8	90AA-90AA	90AF-90B1	90B5-90B5	90B8-90B8	90C1-90C1	90CA-90CA	90DE-90DE	90E1-90E1	90ED-90ED	90F5-90F5	9102-9102	9112-9112	9115-9115	9119-9119	9127-9127	912D-912D	9132-9132	9149-914E	9152-9152	9162-9162	9169-916A	916C-916C	9175-9175	9177-9178	9187-9187	9189-9189	918B-918B	918D-918D	9192-9192	919C-919C	91AB-91AC	91AE-91AF	91B1-91B1	91B4-91B5	91C0-91C0	91C7-91C7	91C9-91C9	91CB-91CB	91CF-91D0	91D7-91D8	91DC-91DD	91E3-91E3	91E7-91E7	91EA-91EA	91F5-91F5
Noto Sans KR	400	/fonts/served/noto-sans-kr-69-400-normal.woff2	8C6A-8C6B	8C79-8C7A	8C82-8C82	8C8A-8C8A	8C8C-8C8C	8C9D-8C9E	8CA0-8CA2	8CA7-8CAC	8CAF-8CB0	8CB3-8CB4	8CB6-8CB8	8CBB-8CBD	8CBF-8CC4	8CC7-8CC8	8CCA-8CCA	8CD1-8CD1	8CD3-8CD3	8CDA-8CDA	8CDC-8CDC	8CDE-8CDE	8CE0-8CE0	8CE2-8CE4	8CE6-8CE6	8CEA-8CEA	8CED-8CED	8CF4-8CF4	8CFB-8CFD	8D04-8D05	8D07-8D08	8D0A-8D0A	8D0D-8D0D	8D13-8D13	8D16-8D16	8D64-8D64	8D66-8D66	8D6B-8D6B	8D70-8D70	8D73-8D74	8D77-8D77	8D85-8D85	8D8A-8D8A	8D99-8D99	8DA3-8DA3	8DA8-8DA8	8DB3-8DB3	8DBA-8DBA	8DBE-8DBE	8DC6-8DC6	8DCB-8DCC	8DCF-8DCF	8DDB-8DDB	8DDD-8DDD	8DE1-8DE1	8DE3-8DE3	8DE8-8DE8	8DF3-8DF3	8E0A-8E0A	8E0F-8E10	8E1E-8E1E	8E2A-8E2A	8E30-8E30	8E35-8E35	8E42-8E42	8E44-8E44	8E47-8E4A	8E59-8E59	8E5F-8E60	8E74-8E74	8E76-8E76	8E81-8E81	8E87-8E87	8E8A-8E8A	8E8D-8E8D	8EAA-8EAC	8EC0-8EC0	8ECB-8ECC	8ED2-8ED2	8EDF-8EDF	8EEB-8EEB	8EF8-8EF8	8EFB-8EFB	8EFE-8EFE	8F03-8F03	8F05-8F05	8F09-8F09	8F12-8F15	8F1B-8F1F	8F26-8F27	8F29-8F2A	8F2F-8F2F	8F33-8F33	8F38-8F39	8F3B-8F3B	8F3E-8F3F	8F44-8F45	8F49-8F49	8F4D-8F4E	8F5D-8F5D	8F5F-8F5F	8F62-8F62	8F9B-8F9C	8FA3-8FA3	8FA6-8FA6
Noto Sans KR	400	/fonts/served/noto-sans-kr-70-400-normal.woff2	8941-8941	8944-8944	895F-895F	8964-8964	896A-896A	8972-8972	8981-8981	8983-8983	8986-8987	898F-898F	8993-8993	8996-8996	89A1-89A1	89A9-89AA	89B2-89B2	89BA-89BA	89BD-89BD	89C0-89C0	89D2-89D2	89E3-89E3	89F4-89F4	89F8-89F8	8A02-8A03	8A08-8A08	8A0A-8A0A	8A0C-8A0C	8A0E-8A0E	8A13-8A13	8A16-8A17	8A1B-8A1B	8A1D-8A1D	8A1F-8A1F	8A23-8A23	8A25-8A25	8A2A-8A2A	8A2D-8A2D	8A31-8A31	8A34-8A34	8A36-8A36	8A3A-8A3B	8A50-8A50	8A54-8A55	8A5B-8A5B	8A5E-8A5E	8A60-8A60	8A62-8A63	8A66-8A66	8A6D-8A6E	8A70-8A70	8A72-8A73	8A75-8A75	8A79-8A79	8A85-8A85	8A87-8A87	8A8C-8A8D	8A93-8A93	8A95-8A95	8A98-8A98	8AA0-8AA1	8AA3-8AA6	8AA8-8AA8	8AAA-8AAA	8AB0-8AB0	8AB2-8AB2	8AB9-8AB9	8ABC-8ABC	8ABE-8ABF	8AC2-8AC2	8AC4-8AC4	8AC7-8AC7	8ACB-8ACB	8ACD-8ACD	8ACF-8ACF	8AD2-8AD2	8AD6-8AD6	8ADB-8ADC	8AE1-8AE1	8AE6-8AE7	8AEA-8AEB	8AED-8AEE	8AF1-8AF1	8AF6-8AF8	8AFA-8AFA	8AFE-8AFE	8B00-8B02	8B04-8B04	8B0E-8B0E	8B10-8B10	8B14-8B14	8B16-8B17	8B19-8B1B	8B1D-8B1D	8B20-8B20	8B28-8B28	8B2B-8B2C	8B33-8B33	8B39-8B39	8B41-8B41	8B49-8B49	8B4E-8B4F	8B58-8B58	8B5A-8B5A	8B5C-8B5C	8B66-8B66	8B6C-8B6C	8B6F-8B70	8B74-8B74	8B77-8B77	8B7D-8B7D	8B80-8B80	8B8A-8B8A	8B90-8B90	8B92-8B93	8B96-8B96	8B9A-8B9A	8C37-8C37	8C3F-8C3F	8C41-8C41	8C46-8C46	8C48-8C48	8C4A-8C4A	8C4C-8C4C	8C55-8C55	8C5A-8C5A	8C61-8C61
Noto Sans KR	400	/fonts/served/noto-sans-kr-71-400-normal.woff2	858F-858F	8591-8591	8594-8594	859B-859B	85A6-85A6	85A8-85AA	85AF-85B0	85BA-85BA	85C1-85C1	85C9-85C9	85CD-85CF	85D5-85D5	85DC-85DD	85E4-85E5	85E9-85EA	85F7-85F7	85FA-85FB	85FF-85FF	8602-8602	8606-8607	860A-860A	8616-8617	861A-861A	862D-862D	863F-863F	864E-864E	8650-8650	8654-8655	865B-865C	865E-865F	8667-8667	8679-8679	868A-868A	868C-868C	8693-8693	86A3-86A4	86A9-86A9	86C7-86C7	86CB-86CB	86D4-86D4	86D9-86D9	86DB-86DB	86DF-86DF	86E4-86E4	86ED-86ED	86FE-86FE	8700-8700	8702-8703	8708-8708	8718-8718	871A-871A	871C-871C	874E-874E	8755-8755	8757-8757	875F-875F	8766-8766	8768-8768	8774-8774	8776-8776	8778-8778	8782-8782	878D-878D	879F-879F	87A2-87A2	87B3-87B3	87BA-87BA	87C4-87C4	87E0-87E0	87EC-87EC	87EF-87EF	87F2-87F2	87F9-87F9	87FB-87FB	87FE-87FE	8805-8805	881F-881F	8822-8823	8831-8831	8836-8836	883B-883B	8840-8840	8846-8846	884D-884D	8852-8853	8857-8857	8859-8859	885B-885B	885D-885D	8861-8863	8868-8868	886B-886B	8870-8870	8872-8872	8877-8877	887E-887F	8881-8882	8888-8888	888B-888B	888D-888D	8892-8892	8896-8897	889E-889E	88AB-88AB	88B4-88B4	88C1-88C2	88CF-88CF	88D4-88D5	88D9-88D9	88DC-88DD	88DF-88DF	88E1-88E1	88E8-88E8	88F3-88F5	88F8-88F8	88FD-88FD	8907-8907	8910-8910	8912-8913	8918-8919	8925-8925	892A-892A	8936-8936	8938-8938	893B-893B
Noto Sans KR	400	/fonts/served/noto-sans-kr-72-400-normal.woff2	82A6-82A6	82A9-82A9	82AC-82AF	82B3-82B3	82B7-82B9	82BB-82BD	82BF-82BF	82D1-82D2	82D4-82D5	82D7-82D7	82DB-82DB	82DE-82DF	82E1-82E1	82E5-82E7	82FD-82FE	8301-8305	8309-8309	8317-8317	8328-8328	832B-832B	832F-832F	8331-8331	8334-8336	8338-8339	8340-8340	8347-8347	8349-834A	834F-834F	8351-8352	8373-8373	8377-8377	837B-837B	8389-838A	838E-838E	8396-8396	8398-8398	839E-839E	83A2-83A2	83A9-83AB	83BD-83BD	83C1-83C1	83C5-83C5	83C9-83CA	83CC-83CC	83D3-83D3	83D6-83D6	83DC-83DC	83E9-83E9	83EB-83EB	83EF-83F2	83F4-83F4	83F9-83F9	83FD-83FD	8403-8404	840A-840A	840C-840E	8429-8429	842C-842C	8431-8431	8438-8438	843D-843D	8449-8449	8457-8457	845B-845B	8461-8461	8463-8463	8466-8466	846B-846C	846F-846F	8475-8475	847A-847A	8490-8490	8494-8494	8499-8499	849C-849C	84A1-84A1	84B2-84B2	84B8-84B8	84BB-84BC	84BF-84C0	84C2-84C2	84C4-84C4	84C6-84C6	84C9-84C9	84CB-84CB	84CD-84CD	84D1-84D1	84DA-84DA	84EC-84EC	84EE-84EE	84F4-84F4	84FC-84FC	8511-8511	8513-8514	8517-8518	851A-851A	851E-851E	8521-8521	8523-8523	8525-8525	852C-852D	852F-852F	853D-853D	853F-853F	8541-8541	8543-8543	8549-8549	854E-854E	8553-8553	8559-8559	8563-8563	8568-856A	856D-856D	8584-8584	8587-8587
Noto Sans KR	400	/fonts/served/noto-sans-kr-73-400-normal.woff2	8033-8033	8036-8036	803D-803D	803F-803F	8043-8043	8046-8046	804A-804A	8056-8056	8058-8058	805A-805A	805E-805E	806F-8070	8072-8073	8077-8077	807D-807F	8084-8087	8089-8089	808B-808C	8096-8096	809B-809B	809D-809D	80A1-80A2	80A5-80A5	80A9-80AA	80AF-80AF	80B1-80B2	80B4-80B4	80BA-80BA	80C3-80C4	80CC-80CC	80CE-80CE	80DA-80DB	80DE-80DE	80E1-80E1	80E4-80E5	80F1-80F1	80F4-80F4	80F8-80F8	80FD-80FD	8102-8102	8105-8108	810A-810A	8118-8118	811A-811B	8123-8123	8129-8129	812B-812B	812F-812F	8139-8139	813E-813E	814B-814B	814E-814E	8150-8151	8154-8155	8165-8166	816B-816B	8170-8171	8178-817A	817F-8180	8188-8188	818A-818A	818F-818F	819A-819A	819C-819D	81A0-81A0	81A3-81A3	81A8-81A8	81B3-81B3	81B5-81B5	81BA-81BA	81BD-81C0	81C2-81C2	81C6-81C6	81CD-81CD	81D8-81D8	81DF-81DF	81E3-81E3	81E5-81E5	81E7-81E8	81ED-81ED	81F3-81F4	81FA-81FC	81FE-81FE	8205-8205	8208-8208	820A-820A	820C-820D	8212-8212	821B-821C	821E-821F	8221-8221	822A-822C	8235-8237	8239-8239	8240-8240	8245-8245	8247-8247	8259-8259	8264-8264	8266-8266	826E-826F	8271-8271	8276-8276	8278-8278	827E-827E	828B-828B	828D-828E	8292-8292	8299-829A	829D-829D	829F-829F	82A5-82A5
Noto Sans KR	400	/fonts/served/noto-sans-kr-74-400-normal.woff2	7D2F-7D30	7D33-7D33	7D35-7D35	7D39-7D3A	7D42-7D46	7D50-7D50	7D5E-7D5E	7D61-7D62	7D66-7D66	7D68-7D68	7D6A-7D6A	7D6E-7D6E	7D71-7D73	7D76-7D76	7D79-7D79	7D7F-7D7F	7D8E-7D8F	7D93-7D93	7D9C-7D9C	7DA0-7DA0	7DA2-7DA2	7DAC-7DAD	7DB1-7DB2	7DB4-7DB5	7DB8-7DB8	7DBA-7DBB	7DBD-7DBF	7DC7-7DC7	7DCA-7DCB	7DD6-7DD6	7DD8-7DD8	7DDA-7DDA	7DDD-7DDE	7DE0-7DE1	7DE3-7DE3	7DE8-7DE9	7DEC-7DEC	7DEF-7DEF	7DF4-7DF4	7DFB-7DFB	7E09-7E0A	7E15-7E15	7E1B-7E1B	7E1D-7E1F	7E21-7E21	7E23-7E23	7E2B-7E2B	7E2E-7E2F	7E31-7E31	7E37-7E37	7E3D-7E3E	7E43-7E43	7E46-7E47	7E52-7E52	7E54-7E55	7E5E-7E5E	7E61-7E61	7E69-7E6B	7E6D-7E6D	7E70-7E70	7E79-7E79	7E7C-7E7C	7E82-7E82	7E8C-7E8C	7E8F-7E8F	7E93-7E93	7E96-7E96	7E98-7E98	7E9B-7E9C	7F36-7F36	7F38-7F38	7F3A-7F3A	7F4C-7F4C	7F50-7F50	7F54-7F55	7F6A-7F6B	7F6E-7F6E	7F70-7F70	7F72-7F72	7F75-7F75	7F77-7F77	7F79-7F79	7F85-7F85	7F88-7F88	7F8A-7F8A	7F8C-7F8C	7F94-7F94	7F9A-7F9A	7F9E-7F9E	7FA4-7FA4	7FA8-7FA9	7FB2-7FB2	7FB8-7FB9	7FBD-7FBD	7FC1-7FC1	7FC5-7FC5	7FCA-7FCA	7FCC-7FCC	7FCE-7FCE	7FD2-7FD2	7FD4-7FD5	7FDF-7FE1	7FE9-7FE9	7FEB-7FEB	7FF0-7FF0	7FF9-7FF9	7FFC-7FFC	8000-8001	8003-8003	8006-8006	8009-8009	800C-800C	8010-8010	8015-8015	8017-8018	802D-802D
Noto Sans KR	400	/fonts/served/noto-sans-kr-75-400-normal.woff2	7A49-7A49	7A4D-7A4E	7A57-7A57	7A61-7A62	7A69-7A69	7A6B-7A6B	7A70-7A70	7A74-7A74	7A76-7A76	7A79-7A79	7A7D-7A7D	7A7F-7A7F	7A81-7A81	7A84-7A84	7A88-7A88	7A92-7A93	7A95-7A95	7A98-7A98	7A9F-7A9F	7AA9-7AAA	7AAE-7AAF	7ABA-7ABA	7AC4-7AC5	7AC7-7AC7	7ACA-7ACA	7AD7-7AD7	7AD9-7AD9	7ADD-7ADD	7ADF-7AE0	7AE3-7AE3	7AE5-7AE5	7AEA-7AEA	7AED-7AED	7AEF-7AEF	7AF6-7AF6	7AF9-7AFA	7AFF-7AFF	7B0F-7B0F	7B11-7B11	7B19-7B19	7B1B-7B1B	7B1E-7B1E	7B20-7B20	7B26-7B26	7B2D-7B2D	7B39-7B39	7B46-7B46	7B49-7B49	7B4B-7B4D	7B4F-7B52	7B54-7B54	7B56-7B56	7B60-7B60	7B6C-7B6C	7B6E-7B6E	7B75-7B75	7B7D-7B7D	7B87-7B87	7B8B-7B8B	7B8F-7B8F	7B94-7B95	7B97-7B97	7B9A-7B9A	7B9D-7B9D	7BA1-7BA1	7BAD-7BAD	7BB1-7BB1	7BB4-7BB4	7BB8-7BB8	7BC0-7BC1	7BC4-7BC4	7BC6-7BC7	7BC9-7BC9	7BD2-7BD2	7BE0-7BE0	7BE4-7BE4	7BE9-7BE9	7C07-7C07	7C12-7C12	7C1E-7C1E	7C21-7C21	7C27-7C27	7C2A-7C2B	7C3D-7C3F	7C43-7C43	7C4C-7C4D	7C60-7C60	7C64-7C64	7C6C-7C6C	7C73-7C73	7C83-7C83	7C89-7C89	7C92-7C92	7C95-7C95	7C97-7C98	7C9F-7C9F	7CA5-7CA5	7CA7-7CA7	7CAE-7CAE	7CB1-7CB3	7CB9-7CB9	7CBE-7CBE	7CCA-7CCA	7CD6-7CD6	7CDE-7CE0	7CE7-7CE7	7CFB-7CFB	7CFE-7CFE	7D00-7D00	7D02-7D02	7D04-7D08	7D0A-7D0B	7D0D-7D0D	7D10-7D10	7D14-7D14	7D17-7D1B	7D20-7D21	7D2B-7D2C	7D2E-7D2E
Noto Sans KR	400	/fonts/served/noto-sans-kr-76-400-normal.woff2	7704-7704	7708-7709	770B-770B	771E-771E	7720-7720	7729-7729	7737-7738	773A-773A	773C-773C	7740-7740	774D-774D	775B-775B	7761-7761	7763-7763	7766-7766	776B-776B	7779-7779	777E-777F	778B-778B	7791-7791	779E-779E	77A5-77A5	77AC-77AD	77B0-77B0	77B3-77B3	77BB-77BC	77BF-77BF	77D7-77D7	77DB-77DC	77E2-77E3	77E9-77E9	77ED-77EF	7802-7802	7812-7812	7825-7827	782C-782C	7832-7832	7834-7834	7845-7845	784F-784F	785D-785D	786B-786C	786F-786F	787C-787C	7881-7881	7887-7887	788C-788E	7891-7891	7897-7897	78A3-78A3	78A7-78A7	78A9-78A9	78BA-78BC	78C1-78C1	78C5-78C5	78CA-78CB	78CE-78CE	78D0-78D0	78E8-78E8	78EC-78EC	78EF-78EF	78F5-78F5	78FB-78FB	7901-7901	790E-790E	7916-7916	792A-792C	793A-793A	7940-7941	7947-7949	7950-7950	7956-7957	795A-795D	7960-7960	7965-7965	7968-7968	796D-796D	797A-797A	797F-797F	7981-7981	798D-798E	7991-7991	79A6-79A7	79AA-79AA	79AE-79AE	79B1-79B1	79B3-79B3	79B9-79B9	79BD-79C1	79C9-79CB	79D2-79D2	79D5-79D5	79D8-79D8	79DF-79DF	79E4-79E4	79E6-79E7	79E9-79E9	79FB-79FB	7A00-7A00	7A05-7A05	7A08-7A08	7A0B-7A0B	7A0D-7A0D	7A14-7A14	7A17-7A17	7A19-7A1A	7A1C-7A1C	7A1F-7A20	7A2E-7A2E	7A31-7A31	7A36-7A37	7A3B-7A3D	7A3F-7A40	7A46-7A46
Noto Sans KR	400	/fonts/served/noto-sans-kr-77-400-normal.woff2	7482-7483	7487-7487	7489-7489	748B-748B	7498-7498	749C-749C	749E-749F	74A1-74A1	74A3-74A3	74A5-74A5	74A7-74A8	74AA-74AA	74B0-74B0	74B2-74B2	74B5-74B5	74B9-74B9	74BD-74BD	74BF-74BF	74C6-74C6	74CA-74CA	74CF-74CF	74D4-74D4	74D8-74D8	74DA-74DA	74DC-74DC	74E0-74E0	74E2-74E3	74E6-74E6	74EE-74EE	74F7-74F7	7501-7501	7504-7504	7511-7511	7515-7515	7518-7518	751A-751B	7523-7523	7525-7526	752B-752C	7531-7531	7533-7533	7538-7538	753A-753A	7547-7547	754C-754C	754F-754F	7551-7551	7553-7554	7559-7559	755B-755D	7562-7562	7565-7566	756A-756A	756F-7570	7575-7576	7578-7578	757A-757A	757F-757F	7586-7587	758A-758B	758E-758F	7591-7591	759D-759D	75A5-75A5	75AB-75AB	75B1-75B3	75B5-75B5	75B8-75B9	75BC-75BE	75C2-75C2	75C5-75C5	75C7-75C7	75CD-75CD	75D2-75D2	75D4-75D5	75D8-75D9	75DB-75DB	75E2-75E2	75F0-75F0	75F2-75F2	75F4-75F4	75FA-75FA	75FC-75FC	7600-7600	760D-760D	7619-7619	761F-7622	7624-7624	7626-7626	763B-763B	7642-7642	764C-764C	764E-764E	7652-7652	7656-7656	7661-7661	7664-7664	7669-7669	766C-766C	7670-7670	7672-7672	7678-7678	7686-7687	768E-768E	7690-7690	7693-7693	76AE-76AE	76BA-76BA	76BF-76BF	76C2-76C3	76C6-76C6	76C8-76C8	76CA-76CA	76D2-76D2	76D6-76D6	76DB-76DC	76DE-76DF	76E1-76E1	76E3-76E4	76E7-76E7	76F2-76F2	76FC-76FC	76FE-76FE	7701-7701
Noto Sans KR	400	/fonts/served/noto-sans-kr-78-400-normal.woff2	7230-7230	7232-7232	7235-7235	723A-723B	723D-723E	7240-7240	7246-7248	724C-724C	7252-7252	7258-7259	725B-725B	725D-725D	725F-725F	7261-7262	7267-7267	7272-7272	727D-727D	7280-7281	72A2-72A2	72A7-72A7	72AC-72AC	72AF-72AF	72C0-72C0	72C2-72C2	72C4-72C4	72CE-72CE	72D0-72D0	72D7-72D7	72D9-72D9	72E1-72E1	72E9-72E9	72F8-72F9	72FC-72FD	730A-730A	7316-7316	731B-731D	7325-7325	7329-732B	7336-7337	733E-733F	7344-7345	7350-7350	7352-7352	7357-7357	7368-7368	736A-736A	7370-7370	7372-7372	7375-7375	7378-7378	737A-737B	7384-7384	7386-7387	7389-7389	738E-738E	7394-7394	7396-7398	739F-739F	73A7-73A7	73A9-73A9	73AD-73AD	73B2-73B3	73B9-73B9	73C0-73C0	73C2-73C2	73C9-73CA	73CC-73CD	73CF-73CF	73D6-73D6	73D9-73D9	73DD-73DE	73E0-73E0	73E3-73E6	73E9-73EA	73ED-73ED	73F7-73F7	73F9-73F9	73FD-73FE	7401-7401	7403-7403	7405-7405	7407-7407	7409-7409	7413-7413	741B-741B	7420-7422	7425-7426	7428-7428	742A-742C	742E-7430	7433-7436	7438-7438	743A-743A	743F-7441	7443-7444	744B-744B	7455-7455	7457-7457	7459-745C	745E-7460	7462-7462	7464-7465	7468-746A	746F-746F	747E-747E
Noto Sans KR	400	/fonts/served/noto-sans-kr-79-400-normal.woff2	6F8D-6F8E	6F90-6F90	6F94-6F94	6F97-6F97	6FA3-6FA4	6FA7-6FA7	6FAE-6FAF	6FB1-6FB1	6FB3-6FB3	6FB9-6FB9	6FBE-6FBE	6FC0-6FC3	6FCA-6FCA	6FD5-6FD5	6FDA-6FDA	6FDF-6FE1	6FE4-6FE4	6FE9-6FE9	6FEB-6FEC	6FEF-6FEF	6FF1-6FF1	6FFE-6FFE	7001-7001	7005-7006	7009-7009	700B-700B	700F-700F	7011-7011	7015-7015	7018-7018	701A-701F	7023-7023	7027-7028	702F-702F	7037-7037	703E-703E	704C-704C	7050-7051	7058-7058	705D-705D	7070-7070	7078-7078	707C-707D	7085-7085	708A-708A	708E-708E	7092-7092	7098-709A	70A1-70A1	70A4-70A4	70AB-70AD	70AF-70AF	70B3-70B3	70B7-70B9	70C8-70C8	70CB-70CB	70CF-70CF	70D8-70D9	70DD-70DD	70DF-70DF	70F1-70F1	70F9-70F9	70FD-70FD	7104-7104	7109-7109	710C-710C	7119-711A	711E-711E	7126-7126	7130-7130	7136-7136	7147-7147	7149-714A	714C-714C	714E-714E	7150-7150	7156-7156	7159-7159	715C-715C	715E-715E	7164-7167	7169-7169	716C-716C	716E-716E	717D-717D	7184-7184	7189-718A	718F-718F	7192-7192	7194-7194	7199-7199	719F-719F	71A2-71A2	71AC-71AC	71B1-71B1	71B9-71BA	71BE-71BE	71C1-71C1	71C3-71C3	71C8-71C9	71CE-71CE	71D0-71D0	71D2-71D2	71D4-71D5	71DF-71DF	71E5-71E7	71ED-71EE	71FB-71FC	71FE-7200	7206-7206	7210-7210	721B-721B	722A-722A	722C-722D
Noto Sans KR	400	/fonts/served/noto-sans-kr-80-400-normal.woff2	6D5A-6D5A	6D5C-6D5C	6D63-6D63	6D66-6D66	6D69-6D6A	6D6C-6D6C	6D6E-6D6E	6D74-6D74	6D78-6D79	6D7F-6D7F	6D85-6D85	6D87-6D89	6D8C-6D8E	6D91-6D91	6D93-6D93	6D95-6D95	6DAF-6DAF	6DB2-6DB2	6DB5-6DB5	6DC0-6DC0	6DC3-6DC7	6DCB-6DCB	6DCF-6DCF	6DD1-6DD1	6DD8-6DDA	6DDE-6DDE	6DE1-6DE1	6DE8-6DE8	6DEA-6DEB	6DEE-6DEE	6DF1-6DF1	6DF3-6DF3	6DF5-6DF5	6DF7-6DFB	6E17-6E17	6E19-6E1B	6E1F-6E21	6E23-6E26	6E2B-6E2D	6E32-6E32	6E34-6E34	6E36-6E36	6E38-6E38	6E3A-6E3A	6E3C-6E3E	6E43-6E44	6E4A-6E4A	6E4D-6E4D	6E56-6E56	6E58-6E58	6E5B-6E5C	6E5E-6E5F	6E67-6E67	6E6B-6E6B	6E6E-6E6F	6E72-6E73	6E7A-6E7A	6E90-6E90	6E96-6E96	6E9C-6E9D	6E9F-6E9F	6EA2-6EA2	6EA5-6EA5	6EAA-6EAB	6EAF-6EAF	6EB1-6EB1	6EB6-6EB6	6EBA-6EBA	6EC2-6EC2	6EC4-6EC5	6EC9-6EC9	6ECB-6ECC	6ECE-6ECE	6ED1-6ED1	6ED3-6ED4	6EEF-6EEF	6EF4-6EF4	6EF8-6EF8	6EFE-6EFF	6F01-6F02	6F06-6F06	6F0F-6F0F	6F11-6F11	6F14-6F15	6F20-6F20	6F22-6F23	6F2B-6F2C	6F31-6F32	6F38-6F38	6F3F-6F3F	6F41-6F41	6F51-6F51	6F54-6F54	6F57-6F58	6F5A-6F5B	6F5E-6F5F	6F62-6F62	6F64-6F64	6F6D-6F6E	6F70-6F70	6F7A-6F7A	6F7C-6F7E	6F81-6F81	6F84-6F84	6F88-6F88
Noto Sans KR	400	/fonts/served/noto-sans-kr-81-400-normal.woff2	6ADA-6ADB	6AF6-6AF6	6AFB-6AFB	6B04-6B04	6B0A-6B0A	6B0C-6B0C	6B12-6B12	6B16-6B16	6B20-6B21	6B23-6B23	6B32-6B32	6B3A-6B3A	6B3D-6B3E	6B46-6B47	6B4E-6B4E	6B50-6B50	6B5F-6B5F	6B61-6B62	6B64-6B66	6B6A-6B6A	6B72-6B72	6B77-6B78	6B7B-6B7B	6B7F-6B7F	6B83-6B84	6B86-6B86	6B89-6B8A	6B96-6B96	6B98-6B98	6B9E-6B9E	6BAE-6BAF	6BB2-6BB2	6BB5-6BB5	6BB7-6BB7	6BBA-6BBA	6BBC-6BBC	6BBF-6BBF	6BC1-6BC1	6BC5-6BC6	6BCB-6BCB	6BCF-6BCF	6BD2-6BD3	6BD6-6BD8	6BDB-6BDB	6BEB-6BEC	6C08-6C08	6C0F-6C0F	6C13-6C13	6C23-6C23	6C37-6C38	6C3E-6C3E	6C40-6C42	6C4E-6C4E	6C50-6C50	6C55-6C55	6C57-6C57	6C5A-6C5A	6C5D-6C60	6C68-6C68	6C6A-6C6A	6C6D-6C6D	6C70-6C70	6C72-6C72	6C76-6C76	6C7A-6C7A	6C7D-6C7E	6C81-6C83	6C85-6C88	6C8C-6C8C	6C90-6C90	6C92-6C96	6C99-6C9B	6CAB-6CAB	6CAE-6CAE	6CB3-6CB3	6CB8-6CB9	6CBB-6CBF	6CC1-6CC2	6CC4-6CC4	6CC9-6CCA	6CCC-6CCC	6CD3-6CD3	6CD7-6CD7	6CDB-6CDB	6CE1-6CE3	6CE5-6CE5	6CE8-6CE8	6CEB-6CEB	6CEE-6CF0	6CF3-6CF3	6D0B-6D0C	6D11-6D11	6D17-6D17	6D19-6D19	6D1B-6D1B	6D1E-6D1E	6D25-6D25	6D27-6D27	6D29-6D29	6D32-6D32	6D35-6D36	6D38-6D39	6D3B-6D3B	6D3D-6D3E	6D41-6D41	6D59-6D59
Noto Sans KR	400	/fonts/served/noto-sans-kr-82-400-normal.woff2	67F0-67F1	67F3-67F6	67FB-67FB	67FE-67FE	6812-6813	6816-6817	6821-6822	682F-682F	6838-6839	683D-683D	6840-6843	6848-6848	684E-684E	6850-6851	6853-6854	686D-686D	6876-6876	687F-687F	6881-6881	6885-6885	688F-688F	6893-6894	6897-6897	689D-689D	689F-689F	68A1-68A2	68A7-68A8	68AD-68AD	68AF-68B1	68B3-68B3	68B5-68B6	68C4-68C5	68C9-68C9	68CB-68CB	68CD-68CD	68D2-68D2	68D5-68D5	68D7-68D8	68DA-68DA	68DF-68E0	68E7-68E8	68EE-68EE	68F2-68F2	68F9-68FA	6900-6900	6905-6905	690D-690E	6912-6912	6927-6927	6930-6930	693D-693D	693F-693F	694A-694A	6953-6955	6957-6957	6959-695A	695E-695E	6960-6963	6968-6968	696B-696B	696D-696F	6975-6975	6977-6979	6995-6995	699B-699C	69A5-69A5	69A7-69A7	69AE-69AE	69B4-69B4	69BB-69BB	69C1-69C1	69C3-69C3	69CB-69CD	69D0-69D0	69E8-69E8	69EA-69EA	69FB-69FB	69FD-69FD	69FF-69FF	6A02-6A02	6A0A-6A0A	6A11-6A11	6A13-6A13	6A17-6A17	6A19-6A19	6A1E-6A1F	6A21-6A21	6A23-6A23	6A35-6A35	6A38-6A3A	6A3D-6A3D	6A44-6A44	6A48-6A48	6A4B-6A4B	6A52-6A53	6A58-6A59	6A5F-6A5F	6A61-6A61	6A6B-6A6B	6A80-6A80	6A84-6A84	6A89-6A89	6A8D-6A8E	6A97-6A97	6A9C-6A9C	6AA3-6AA3	6AB3-6AB3	6ABB-6ABB	6AC2-6AC3	6AD3-6AD3
Noto Sans KR	400	/fonts/served/noto-sans-kr-83-400-normal.woff2	6607-6607	6609-660A	660C-660C	660F-6611	6613-6615	661E-661E	6620-6620	6627-6628	662D-662D	6630-6631	6634-6634	6636-6636	663A-663B	6641-6641	6643-6644	6649-6649	664B-664B	664F-664F	6659-6659	665B-665B	665D-665F	6664-6669	666B-666B	666E-666F	6673-6674	6676-6678	6684-6684	6687-6689	668E-668E	6690-6691	6696-6698	669D-669D	66A0-66A0	66A2-66A2	66AB-66AB	66AE-66AE	66B2-66B4	66B9-66B9	66BB-66BB	66BE-66BE	66C4-66C4	66C6-66C7	66C9-66C9	66D6-66D6	66D9-66D9	66DC-66DD	66E0-66E0	66E6-66E6	66F0-66F0	66F2-66F4	66F7-66F7	66F9-66FA	66FC-66FC	66FE-66FF	6703-6703	670B-670B	670D-670D	6714-6715	6717-6717	671B-671B	671D-671F	6726-6727	672A-672B	672D-672E	6731-6731	6736-6736	673A-673A	673D-673D	6746-6746	6749-6749	674E-6751	6753-6753	6756-6756	675C-675C	675E-675F	676D-676D	676F-6770	6773-6773	6775-6775	6777-6777	677B-677B	677E-677F	6787-6787	6789-6789	678B-678B	678F-6790	6793-6793	6795-6795	679A-679A	679D-679D	67AF-67B0	67B3-67B3	67B6-67B8	67BE-67BE	67C4-67C4	67CF-67D4	67DA-67DA	67DD-67DD	67E9-67E9	67EC-67EC	67EF-67EF
Noto Sans KR	400	/fonts/served/noto-sans-kr-84-400-normal.woff2	6392-6392	6396-6396	6398-6398	639B-639B	63A0-63A2	63A5-63A5	63A7-63AA	63C0-63C0	63C4-63C4	63C6-63C6	63CF-63CF	63D6-63D6	63DA-63DB	63E1-63E1	63ED-63EE	63F4-63F4	63F6-63F7	640D-640D	640F-640F	6414-6414	6416-6417	641C-641C	6422-6422	642C-642D	643A-643A	643E-643E	6458-6458	6460-6460	6469-6469	646F-646F	6478-647A	6488-6488	6491-6493	649A-649A	649E-649E	64A4-64A5	64AB-64AB	64AD-64AE	64B0-64B0	64B2-64B2	64BB-64BB	64C1-64C1	64C4-64C5	64C7-64C7	64CA-64CA	64CD-64CE	64D2-64D2	64D4-64D4	64D8-64D8	64DA-64DA	64E1-64E2	64E5-64E7	64EC-64EC	64F2-64F2	64F4-64F4	64FA-64FA	64FE-64FE	6500-6500	6504-6504	6518-6518	651D-651D	6523-6523	652A-652C	652F-652F	6536-6539	653B-653B	653E-653E	6548-6548	654D-654F	6551-6551	6556-6557	655E-655E	6562-6563	6566-6566	656C-656D	6572-6572	6574-6575	6577-6578	657E-657E	6582-6583	6585-6585	658C-658C	6590-6591	6597-6597	6599-6599	659B-659C	659F-659F	65A1-65A1	65A4-65A5	65A7-65A7	65AB-65AC	65AF-65AF	65B7-65B7	65BC-65BD	65C1-65C1	65C5-65C5	65CB-65CC	65CF-65CF	65D2-65D2	65D7-65D7	65E0-65E0	65E3-65E3	65E6-65E6	65E8-65E9	65EC-65ED	65F1-65F1	65F4-65F4	65FA-65FD	65FF-65FF	6606-6606
Noto Sans KR	400	/fonts/served/noto-sans-kr-85-400-normal.woff2	614C-614C	6153-6153	6155-6155	6158-6159	615D-615D	615F-615F	6162-6164	6167-6168	616B-616B	616E-616E	6170-6170	6176-6177	617D-617E	6181-6182	618A-618A	618E-618E	6190-6191	6194-6194	6198-619A	61A4-61A4	61A7-61A7	61A9-61A9	61AB-61AC	61AE-61AE	61B2-61B2	61B6-61B6	61BA-61BA	61BE-61BE	61C3-61C3	61C7-61CB	61E6-61E6	61F2-61F2	61F6-61F8	61FA-61FA	61FC-61FC	61FF-6200	6207-6208	620A-620A	620C-620E	6212-6212	6216-6216	621A-621A	621F-621F	6221-6221	622A-622A	622E-622E	6230-6231	6234-6234	6236-6236	623E-623F	6241-6241	6247-6249	624D-624D	6253-6253	6258-6258	626E-626E	6271-6271	6276-6276	6279-6279	627C-627C	627F-6280	6284-6284	6289-628A	6291-6292	6295-6295	6297-6298	629B-629B	62AB-62AB	62B1-62B1	62B5-62B5	62B9-62B9	62BC-62BD	62C2-62C2	62C7-62C9	62CC-62CD	62CF-62D0	62D2-62D4	62D6-62D9	62DB-62DC	62EC-62EF	62F1-62F1	62F3-62F3	62F7-62F7	62FE-62FF	6301-6301	6307-6307	6309-6309	6311-6311	632B-632B	632F-632F	633A-633B	633D-633E	6349-6349	634C-634C	634F-6350	6355-6355	6367-6368	636E-636E	6372-6372	6377-6377	637A-637B	637F-637F	6383-6383	6388-6389	638C-638C
Noto Sans KR	400	/fonts/served/noto-sans-kr-86-400-normal.woff2	5F11-5F11	5F13-5F15	5F17-5F18	5F1B-5F1B	5F1F-5F1F	5F26-5F27	5F29-5F29	5F31-5F31	5F35-5F35	5F3A-5F3A	5F3C-5F3C	5F48-5F48	5F4A-5F4A	5F4C-5F4C	5F4E-5F4E	5F56-5F57	5F59-5F59	5F5B-5F5B	5F62-5F62	5F66-5F67	5F69-5F6D	5F70-5F71	5F77-5F77	5F79-5F79	5F7C-5F7C	5F7F-5F81	5F85-5F85	5F87-5F87	5F8A-5F8B	5F90-5F92	5F98-5F99	5F9E-5F9E	5FA0-5FA1	5FA8-5FAA	5FAE-5FAE	5FB5-5FB5	5FB9-5FB9	5FBD-5FBD	5FC5-5FC5	5FCC-5FCD	5FD6-5FD9	5FE0-5FE0	5FEB-5FEB	5FF5-5FF5	5FFD-5FFD	5FFF-5FFF	600F-600F	6012-6012	6016-6016	601C-601C	6020-6021	6025-6025	6028-6028	602A-602A	602F-602F	6041-6043	604D-604D	6050-6050	6052-6052	6055-6055	6059-6059	605D-605D	6062-6065	6068-606A	606C-606D	606F-6070	6085-6085	6089-6089	608C-608D	6094-6094	6096-6096	609A-609B	609F-60A0	60A3-60A4	60A7-60A7	60B0-60B0	60B2-60B4	60B6-60B6	60B8-60B8	60BC-60BD	60C7-60C7	60D1-60D1	60DA-60DA	60DC-60DC	60DF-60E1	60F0-60F1	60F6-60F6	60F9-60FB	6101-6101	6106-6106	6108-6109	610D-610E	6115-6115	611A-611A	6127-6127	6130-6130	6134-6134	6137-6137	613C-613C	613E-613F	6142-6142	6144-6144	6147-6148	614A-614B
Noto Sans KR	400	/fonts/served/noto-sans-kr-87-400-normal.woff2	5C40-5C40	5C45-5C46	5C48-5C48	5C4B-5C4B	5C4D-5C4E	5C51-5C51	5C5B-5C5B	5C60-5C60	5C62-5C62	5C64-5C65	5C6C-5C6C	5C6F-5C6F	5C79-5C79	5C90-5C91	5CA1-5CA1	5CA9-5CA9	5CAB-5CAC	5CB1-5CB1	5CB3-5CB3	5CB5-5CB5	5CB7-5CB8	5CBA-5CBA	5CBE-5CBE	5CC0-5CC0	5CD9-5CD9	5CE0-5CE0	5CE8-5CE8	5CEF-5CF0	5CF4-5CF4	5CF6-5CF6	5CFB-5CFB	5CFD-5CFD	5D07-5D07	5D0D-5D0E	5D11-5D11	5D14-5D14	5D16-5D17	5D19-5D19	5D27-5D27	5D29-5D29	5D4B-5D4C	5D50-5D50	5D69-5D69	5D6C-5D6C	5D6F-5D6F	5D87-5D87	5D8B-5D8B	5D9D-5D9D	5DA0-5DA0	5DA2-5DA2	5DAA-5DAA	5DB8-5DB8	5DBA-5DBA	5DBC-5DBD	5DCD-5DCD	5DD2-5DD2	5DD6-5DD6	5DE1-5DE2	5DE5-5DE8	5DEB-5DEB	5DEE-5DEE	5DF1-5DF4	5DF7-5DF7	5DFD-5DFE	5E03-5E03	5E06-5E06	5E11-5E11	5E16-5E16	5E19-5E19	5E1B-5E1B	5E1D-5E1D	5E25-5E25	5E2B-5E2B	5E2D-5E2D	5E33-5E33	5E36-5E36	5E38-5E38	5E3D-5E3D	5E3F-5E40	5E44-5E45	5E47-5E47	5E4C-5E4C	5E55-5E55	5E5F-5E5F	5E61-5E63	5E72-5E72	5E77-5E79	5E7B-5E7E	5E84-5E84	5E87-5E87	5E8A-5E8A	5E8F-5E8F	5E95-5E95	5E97-5E97	5E9A-5E9A	5E9C-5E9C	5EA0-5EA0	5EA7-5EA7	5EAB-5EAB	5EAD-5EAD	5EB5-5EB8	5EBE-5EBE	5EC2-5EC2	5EC8-5ECA	5ED0-5ED0	5ED3-5ED3	5ED6-5ED6	5EDA-5EDB	5EDF-5EE0	5EE2-5EE3	5EEC-5EEC	5EF3-5EF3	5EF6-5EF7	5EFA-5EFB	5F01-5F01	5F04-5F04	5F0A-5F0A
Noto Sans KR	400	/fonts/served/noto-sans-kr-88-400-normal.woff2	59BE-59BE	59C3-59C3	59C6-59C6	59C9-59C9	59CB-59CB	59D0-59D1	59D3-59D4	59D9-59DA	59DC-59DD	59E6-59E6	59E8-59E8	59EA-59EA	59EC-59EC	59EE-59EE	59F8-59F8	59FB-59FB	59FF-59FF	5A01-5A01	5A03-5A03	5A11-5A11	5A18-5A18	5A1B-5A1C	5A1F-5A20	5A25-5A25	5A29-5A29	5A36-5A36	5A3C-5A3C	5A41-5A41	5A46-5A46	5A49-5A49	5A5A-5A5A	5A62-5A62	5A66-5A66	5A92-5A92	5A9A-5A9B	5AA4-5AA4	5AC1-5AC2	5AC4-5AC4	5AC9-5AC9	5ACC-5ACC	5AE1-5AE1	5AE6-5AE6	5AE9-5AE9	5B05-5B05	5B09-5B09	5B0B-5B0C	5B16-5B16	5B2A-5B2A	5B40-5B40	5B43-5B43	5B51-5B51	5B54-5B55	5B58-5B58	5B5A-5B5A	5B5C-5B5D	5B5F-5B5F	5B63-5B64	5B69-5B69	5B6B-5B6B	5B70-5B71	5B75-5B75	5B7A-5B7A	5B7C-5B7C	5B85-5B85	5B87-5B88	5B8B-5B8B	5B8F-5B8F	5B93-5B93	5B95-5B99	5B9B-5B9C	5BA2-5BA6	5BAC-5BAC	5BAE-5BAE	5BB0-5BB0	5BB3-5BB5	5BB8-5BB9	5BBF-5BC0	5BC2-5BC7	5BCC-5BCC	5BD0-5BD0	5BD2-5BD4	5BD7-5BD7	5BDE-5BDF	5BE1-5BE2	5BE4-5BE9	5BEB-5BEC	5BEE-5BEF	5BF5-5BF6	5BF8-5BF8	5BFA-5BFA	5C01-5C01	5C04-5C04	5C07-5C0B	5C0D-5C0E	5C16-5C16	5C19-5C19	5C24-5C24	5C28-5C28	5C31-5C31	5C38-5C3C	5C3E-5C3F
Noto Sans KR	400	/fonts/served/noto-sans-kr-89-400-normal.woff2	5703-5704	5708-5708	570D-570D	5712-5713	5716-5716	5718-5718	572D-572D	573B-573B	5740-5740	5742-5742	5747-5747	574A-574A	574D-574E	5750-5751	5761-5761	5764-5764	5766-5766	576A-576A	576E-576E	5770-5770	5775-5775	577C-577C	5782-5782	5788-5788	578B-578B	5793-5793	57A0-57A0	57A2-57A3	57C3-57C3	57C7-57C8	57CB-57CB	57DF-57E0	57F0-57F0	57F4-57F4	57F7-57F7	57F9-57FA	57FC-57FC	5800-5800	5802-5802	5805-5806	5808-580A	581E-581E	5821-5821	5824-5824	5827-5827	582A-582A	582F-5831	5835-5835	583A-583A	584A-584B	584F-584F	5851-5851	5854-5854	5857-5858	585A-585A	585E-585E	5861-5862	5864-5864	5875-5875	5879-5879	587C-587C	587E-587E	5883-5883	5885-5885	5889-5889	5893-5893	589C-589C	589E-589F	58A8-58A9	58AE-58AE	58B3-58B3	58BA-58BB	58BE-58BE	58C1-58C1	58C5-58C5	58C7-58C7	58CE-58CE	58D1-58D1	58D3-58D3	58D5-58D5	58D8-58D9	58DE-58DF	58E4-58E4	58EC-58EC	58EF-58EF	58F9-58FB	58FD-58FD	590F-590F	5914-5915	5919-5919	5922-5922	592D-592E	5931-5931	5937-5937	593E-593E	5944-5944	5947-5949	594E-5951	5954-5955	5957-5957	595A-595A	5960-5960	5962-5962	5967-5967	596A-596E	5974-5974	5978-5978	5982-5984	598A-598A	5993-5993	5996-5997	5999-5999	59A5-59A5	59A8-59A8	59AC-59AC	59B9-59B9	59BB-59BB
Noto Sans KR	400	/fonts/served/noto-sans-kr-90-400-normal.woff2	539A-539A	53A0-53A0	53A5-53A6	53AD-53AD	53BB-53BB	53C3-53C3	53C8-53CB	53CD-53CD	53D4-53D4	53D6-53D7	53DB-53DB	53E1-53E3	53E5-53E5	53E9-53ED	53F1-53F1	53F3-53F3	53F8-53F8	5403-5404	540A-540A	540E-5411	541B-541B	541D-541D	541F-5420	5426-5426	5429-5429	542B-542B	5433-5433	5438-5439	543B-543C	543E-543E	5442-5442	5448-5448	544A-544A	5451-5451	5468-5468	546A-546A	5471-5471	5473-5473	5475-5475	547B-547D	5480-5480	5486-5486	548E-548E	5490-5490	54A4-54A4	54A8-54A8	54AB-54AC	54B3-54B3	54B8-54B8	54BD-54BD	54C0-54C0	54C4-54C4	54C8-54C9	54E1-54E1	54E5-54E5	54E8-54E8	54ED-54EE	54F2-54F2	54FA-54FA	5504-5504	5506-5507	550E-550E	5510-5510	551C-551C	552F-552F	5531-5531	5535-5535	553E-553E	5544-5544	5546-5546	554F-554F	5553-5553	5556-5556	555E-555E	5563-5563	557C-557C	5580-5580	5584-5584	5586-5587	5589-558A	5598-559A	559C-559D	55A7-55A7	55A9-55AC	55AE-55AE	55C5-55C5	55C7-55C7	55D4-55D4	55DA-55DA	55DC-55DC	55DF-55DF	55E3-55E4	55FD-55FE	5606-5606	5609-5609	5614-5614	5617-5617	562F-562F	5632-5632	5634-5634	5636-5636	5653-5653	5668-5668	566B-566B	5674-5674	5686-5686	56A5-56A5	56AC-56AC	56AE-56AE	56B4-56B4	56BC-56BC	56CA-56CA	56CD-56CD	56D1-56D1	56DA-56DB	56DE-56DE	56E0-56E0	56F0-56F0	56F9-56FA
Noto Sans KR	400	/fonts/served/noto-sans-kr-91-400-normal.woff2	516E-516E	5175-5178	517C-517C	5180-5180	5186-5186	518A-518A	518D-518D	5192-5192	5195-5195	5197-5197	51A0-51A0	51A5-51A5	51AA-51AA	51AC-51AC	51B6-51B7	51BD-51BD	51C4-51C4	51C6-51C6	51C9-51C9	51CB-51CD	51DC-51DE	51E1-51E1	51F0-51F1	51F6-51F6	51F8-51F9	51FD-51FD	5200-5200	5203-5203	5207-5208	520A-520A	520E-520E	5211-5211	5217-5217	521D-521D	5224-5225	522A-522A	522E-522E	5230-5230	5236-523B	5243-5243	5247-5247	524A-524C	5254-5254	5256-5256	525B-525B	525D-525D	5261-5261	5269-526A	526F-526F	5272-5272	5275-5275	527D-527D	527F-527F	5283-5283	5287-5289	528D-528D	5291-5292	529F-529F	52A3-52A4	52A9-52AB	52BE-52BE	52C1-52C1	52C3-52C3	52C5-52C5	52C7-52C7	52C9-52C9	52CD-52CD	52D2-52D2	52D6-52D6	52D8-52D9	52DB-52DB	52DD-52DF	52E2-52E4	52F3-52F3	52F5-52F5	52F8-52F8	52FA-52FB	52FE-52FF	5305-5305	5308-5308	530D-530D	530F-5310	5315-5315	5319-5319	5320-5321	5323-5323	532A-532A	532F-532F	5339-5339	533F-5341	5343-5344	5347-534A	534D-534D	5351-5354	535A-535A	535C-535C	535E-535E	5360-5360	5366-5366	5368-5368	536F-5371	5374-5375	5377-5377	537D-537D	537F-537F	5384-5384	5393-5393	5398-5398
Noto Sans KR	400	/fonts/served/noto-sans-kr-92-400-normal.woff2	4F43-4F43	4F46-4F48	4F4D-4F51	4F55-4F55	4F59-4F5A	4F69-4F69	4F6F-4F70	4F73-4F73	4F76-4F76	4F7A-4F7A	4F7E-4F7F	4F81-4F81	4F83-4F84	4F86-4F86	4F88-4F88	4F8A-4F8B	4F8D-4F8D	4F8F-4F8F	4F91-4F91	4F96-4F96	4F98-4F98	4F9B-4F9B	4F9D-4F9D	4FAE-4FAF	4FB5-4FB6	4FBF-4FBF	4FC2-4FC4	4FC9-4FCA	4FCE-4FCE	4FD1-4FD1	4FD3-4FD4	4FD7-4FD7	4FDA-4FDA	4FDF-4FE0	4FEE-4FEF	4FF1-4FF1	4FF3-4FF3	4FF5-4FF5	4FF8-4FF8	4FFA-4FFA	5002-5002	5006-5006	5009-5009	500B-500B	500D-500D	5011-5012	5016-5016	5019-501A	501C-501C	501E-501F	5021-5021	5023-5024	5026-5028	502A-502D	503B-503B	5043-5043	5047-5049	504F-504F	5055-5055	505A-505A	505C-505C	5065-5065	5074-5076	5078-5078	5080-5080	5085-5085	508D-508D	5091-5091	5098-5099	50AC-50AD	50B2-50B3	50B5-50B5	50B7-50B7	50BE-50BE	50C5-50C5	50C9-50CA	50D1-50D1	50D5-50D6	50DA-50DA	50DE-50DE	50E5-50E5	50E7-50E7	50ED-50ED	50F9-50F9	50FB-50FB	50FF-5101	5104-5104	5106-5106	5109-5109	5112-5112	511F-511F	5121-5121	512A-512A	5132-5132	5137-5137	513A-513A	513C-513C	5140-5141	5143-5148	514B-514E	5152-5152	515C-515C	5162-5162	5169-516B	516D-516D
Noto Sans KR	400	/fonts/served/noto-sans-kr-93-400-normal.woff2	338C-339C	339F-33A0	33A2-33CB	33CF-33D0	33D3-33D3	33D6-33D6	33D8-33D8	33DB-33DD	4E01-4E01	4E03-4E03	4E07-4E08	4E11-4E11	4E14-4E15	4E18-4E19	4E1E-4E1E	4E32-4E32	4E38-4E39	4E42-4E43	4E45-4E45	4E4D-4E4F	4E56-4E56	4E58-4E59	4E5D-4E5E	4E6B-4E6B	4E6D-4E6D	4E73-4E73	4E76-4E77	4E7E-4E7E	4E82-4E82	4E86-4E86	4E88-4E88	4E8E-4E8E	4E90-4E92	4E94-4E95	4E98-4E98	4E9B-4E9B	4E9E-4E9E	4EA1-4EA2	4EA4-4EA6	4EA8-4EA8	4EAB-4EAB	4EAD-4EAE	4EB6-4EB6	4EC0-4EC1	4EC4-4EC4	4EC7-4EC7	4ECB-4ECB	4ECD-4ECD	4ED4-4ED5	4ED7-4ED9	4EDD-4EDD	4EDF-4EDF	4EE4-4EE4	4EF0-4EF0	4EF2-4EF2	4EF6-4EF7	4EFB-4EFB	4F01-4F01	4F09-4F09	4F0B-4F0B	4F0D-4F11	4F2F-4F2F	4F34-4F34	4F36-4F36	4F38-4F38	4F3A-4F3A	4F3C-4F3D
Noto Sans KR	400	/fonts/served/noto-sans-kr-94-400-normal.woff2	3136-3136	3138-3138	313A-3140	3143-3144	3150-3150	3152-3152	3154-3156	3158-315B	315D-315F	3162-3162	3164-318C	318E-318E	3200-321B	3231-3231	3239-3239	3251-325A	3260-327B	327E-327F	328A-3290	3294-3294	329E-329E	32A5-32A5	3380-3384	3388-338B
Noto Sans KR	400	/fonts/served/noto-sans-kr-95-400-normal.woff2	2F7D-2F7D	2F7F-2F8B	2F8E-2F90	2F92-2F97	2F99-2FA0	2FA2-2FA3	2FA5-2FA9	2FAC-2FB1	2FB3-2FBC	2FC1-2FCA	2FCD-2FD4	3003-3003	3012-3019	301C-301C	301E-3020	3036-3036	3041-3041	3043-3043	3045-3045	3047-3047	3049-3049	304E-304E	3050-3050	3052-3052	3056-3056	305A-305A	305C-305C	305E-305E	3062-3062	3065-3065	306C-306C	3070-307D	3080-3080	3085-3085	3087-3087	308E-308E	3090-3091	30A1-30A1	30A5-30A5	30A9-30A9	30AE-30AE	30B1-30B2	30B4-30B4	30B6-30B6	30BC-30BE	30C2-30C2	30C5-30C5	30CC-30CC	30D2-30D2	30D4-30D4	30D8-30DD	30E4-30E4	30E6-30E6	30E8-30E8	30EE-30EE	30F0-30F2	30F4-30F6	3133-3133	3135-3135
Noto Sans KR	400	/fonts/served/noto-sans-kr-96-400-normal.woff2	2541-254B	25A4-25A9	25B1-25B1	25B5-25B5	25B9-25B9	25BF-25BF	25C1-25C1	25C3-25C3	25C9-25CA	25CC-25CC	25CE-25CE	25D0-25D1	25E6-25E6	25EF-25EF	260F-260F	261D-261D	261F-261F	262F-262F	2660-2660	2664-2664	2667-2669	266D-266D	266F-266F	2716-2716	271A-271A	273D-273D	2756-2756	2776-277F	278A-2793	2963-2963	2965-2965	2AC5-2AC6	2ACB-2ACC	2F00-2F00	2F04-2F04	2F06-2F06	2F08-2F08	2F0A-2F0B	2F11-2F12	2F14-2F14	2F17-2F18	2F1C-2F1D	2F1F-2F20	2F23-2F26	2F28-2F29	2F2B-2F2B	2F2D-2F2D	2F2F-2F32	2F38-2F38	2F3C-2F40	2F42-2F4C	2F4F-2F52	2F54-2F58	2F5A-2F66	2F69-2F70	2F72-2F76	2F78-2F78	2F7A-2F7C
Noto Sans KR	400	/fonts/served/noto-sans-kr-97-400-normal.woff2	2479-2487	249C-24D1	24D3-24D7	24D9-24E9	24EB-24F4	2500-2501	2503-2503	250C-2513	2515-2516	2518-2540
Noto Sans KR	400	/fonts/served/noto-sans-kr-98-400-normal.woff2	215B-215E	2162-2169	2170-2179	2195-2199	21B0-21B4	21BC-21BC	21C0-21C0	21C4-21C5	21CD-21CD	21CF-21D4	21E0-21E3	21E6-21E9	2200-2200	2202-2203	2206-2209	220B-220C	220F-220F	2211-2211	2213-2213	221A-221A	221D-2220	2222-2222	2225-2227	2229-222C	222E-222E	2234-2237	223D-223D	2243-2243	2245-2245	2248-2248	2250-2253	225A-225A	2260-2262	2264-2267	226A-226B	226E-2273	2276-2277	2279-227B	2280-2287	228A-228B	2295-2297	22A3-22A5	22BB-22BC	22CE-22CF	22DA-22DB	22EE-22EF	2306-2306	2312-2312	2314-2314	2467-2478
Noto Sans KR	400	/fonts/served/noto-sans-kr-99-400-normal.woff2	81-82	84-84	A2-A5	A7-A8	AA-AA	AC-AD	B1-B3	B6-B6	B8-BA	BC-BE	C0-C0	C2-C2	C6-CB	CE-D0	D4-D4	D8-D9	DB-DC	DE-DF	E6-E6	EB-EB	EE-F0	F4-F4	F7-F9	FB-FB	FE-FF	111-111	126-127	132-133	138-138	13F-142	149-14B	152-153	166-167	2BC-2BC	2C7-2C7	2D0-2D0	2D8-2D9	2DB-2DD	391-394	396-3A1	3A3-3A9	3B2-3B6	3B8-3B8	3BC-3BC	3BE-3C1	3C3-3C9	2010-2010	2015-2016	2018-2019	201B-201B	201F-2021	2025-2025	2030-2030	2033-2036	203C-203C	203E-203E	2042-2042	2074-2074	207A-207F	2081-2084	2109-2109	2113-2113	2116-2116	2121-2121	2126-2126	212B-212B	2153-2154
Noto Sans KR	400	/fonts/served/noto-sans-kr-100-400-normal.woff2	E8-E8	2DA-2DA	2160-2160	2194-2194	3054-3054	3058-3058	306D-306D	3086-3086	308D-308D	30AC-30AC	30BB-30BB	30C4-30C4	30CD-30CE	30E2-30E2	3132-3132	3146-3146	3149-3149	339D-339D	4E3B-4E3B	4F0A-4F0A	4FDD-4FDD	4FE1-4FE1	5409-5409	540C-540C	5834-5834	592A-592B	5B9A-5B9A	5DDE-5DDE	5E0C-5E0C	5E73-5E73	5F0F-5F0F	60F3-60F3	653F-653F	661F-661F	662F-662F	667A-667A	683C-683C	6B4C-6B4C	6C11-6C11	767C-767C	76EE-76EE	76F4-76F4	77F3-77F3	79D1-79D1	7A7A-7A7A	7B2C-7B2C	7D22-7D22	8207-8207	8A00-8A00	8A71-8A71	9280-9280	9580-9580	958B-958B	96C6-96C6	9762-9762	98DF-98DF	9ED1-9ED1	AC2D-AC2D	ADC8-ADC8	ADD3-ADD3	AF48-AF48	B014-B014	B134-B135	B158-B158	B2AA-B2AA	B35F-B35F	B6A4-B6A4	B9CF-B9CF	BB63-BB63	BD23-BD23	BE91-BE91	C29B-C29B	C3F4-C3F4	C42C-C42C	C55C-C55C	C573-C573	C58F-C58F	C78C-C78C	C7DD-C7DD	C8F5-C8F5	CAD1-CAD1	CC48-CC48	CF10-CF10	CF20-CF20	D03C-D03C	D07D-D07D	D2A0-D2A0	D30E-D30E	D38D-D38D	D3A8-D3A8	D3C8-D3C8	D5E5-D5E5	D5F9-D5F9	D6E4-D6E4	F90A-F90A	FF02-FF02	FF1C-FF1C
Noto Sans KR	400	/fonts/served/noto-sans-kr-101-400-normal.woff2	3B1-3B1	2466-2466	25A1-25A1	25A3-25A3	261C-261C	3008-3009	305B-305B	305D-305D	3069-3069	30A7-30A7	30BA-30BA	30CF-30CF	30EF-30EF	3151-3151	3157-3157	4E4B-4E4B	4E5F-4E5F	4E8C-4E8C	4ECA-4ECA	4ED6-4ED6	4F5B-4F5B	50CF-50CF	5149-5149	5165-5165	5171-5171	5229-5229	529B-529B	5316-5316	539F-539F	53F2-53F2	571F-571F	5728-5728	58EB-58EB	591C-591C	5B78-5B78	5C11-5C11	5C55-5C55	5DDD-5DDD	5E02-5E02	5FB7-5FB7	60C5-60C5	610F-610F	611F-611F	6625-6625	66F8-66F8	6797-6797	679C-679C	682A-682A	6D2A-6D2A	706B-706B	7406-7406	767B-767B	76F8-76F8	77E5-77E5	7ACB-7ACB	898B-898B	8A69-8A69	8DEF-8DEF	8FD1-8FD1	901A-901A	90E8-90E8	91CD-91CD	975E-975E	AE14-AE14	AE6C-AE6C	AEC0-AEC0	AFC7-AFC7	AFC9-AFC9	B01C-B01C	B028-B028	B308-B308	B311-B311	B314-B314	B31C-B31C	B524-B524	B560-B560	B764-B764	B920-B920	B9E3-B9E3	BD48-BD48	BE7D-BE7D	C0DB-C0DB	C231-C231	C270-C270	C2E3-C2E3	C37D-C37D	C3ED-C3ED	C530-C530	C6A5-C6A5	C6DC-C6DC	C7A4-C7A4	C954-C954	C974-C974	D000-D000	D565-D565	D667-D667	D6C5-D6C5	D79D-D79D	FF1E-FF1E
Noto Sans KR	400	/fonts/served/noto-sans-kr-102-400-normal.woff2	131-131	2032-2032	2465-2465	2642-2642	3048-3048	3051-3051	3083-3084	308F-308F	30C0-30C0	30D1-30D1	30D3-30D3	30D6-30D6	30DF-30DF	30E7-30E7	3153-3153	4E16-4E16	4E8B-4E8B	4EE5-4EE5	5206-5206	52A0-52A0	52D5-52D5	53E4-53E4	53EF-53EF	54C1-54C1	57CE-57CE	597D-597D	5B8C-5B8C	5EA6-5EA6	5F8C-5F8C	5F97-5F97	6210-6210	6240-6240	624B-624B	6728-6728	6BD4-6BD4	7236-7236	7269-7269	7279-7279	738B-738B	7528-7528	7530-7530	767E-767E	798F-798F	8005-8005	8A18-8A18	90FD-90FD	91CC-91CC	9577-9577	9593-9593	98A8-98A8	AC20-AC20	ACF6-ACF6	AD90-AD90	AF5D-AF5D	AF80-AF80	AFCD-AFCD	AFF0-AFF0	B0A1-B0A1	B0B5-B0B5	B1FD-B1FD	B2FC-B2FC	B380-B380	B51B-B51B	B584-B584	B5B3-B5B3	B8FD-B8FD	B93C-B93C	B9F4-B9F4	BB44-BB44	BC08-BC08	BC27-BC27	BC49-BC49	BE55-BE55	BE64-BE64	BFB0-BFB0	BFC5-BFC5	C178-C178	C21F-C21F	C314-C314	C4F1-C4F1	C58D-C58D	C664-C664	C698-C698	C6A7-C6A7	C6C1-C6C1	C9ED-C9ED	CAC0-CAC0	CACC-CACC	CAD9-CAD9	CCB5-CCB5	CDCC-CDCC	D0E4-D0E4	D143-D143	D320-D320	D330-D330	D54D-D54D	FF06-FF06	FF1F-FF1F	FF5E-FF5E
Noto Sans KR	400	/fonts/served/noto-sans-kr-103-400-normal.woff2	B4-B4	20A9-20A9	20AC-20AC	2190-2190	24D8-24D8	2502-2502	2514-2514	2592-2592	25C7-25C8	2663-2663	3060-3060	3064-3064	3081-3081	3088-3088	30A3-30A3	30A6-30A6	30AA-30AA	30B5-30B5	30C7-30C7	30CA-30CB	30D0-30D0	30E3-30E3	30E5-30E5	339E-339E	4E09-4E09	4EAC-4EAC	4F5C-4F5C	5167-5168	516C-516C	51FA-51FA	5408-5408	540D-540D	591A-591A	5B57-5B57	6211-6211	65B9-65B9	660E-660E	6642-6642	6700-6700	6B63-6B63	6E2F-6E2F	7063-7063	7532-7532	793E-793E	81EA-81EA	8272-8272	82B1-82B1	897F-897F	8ECA-8ECA	91CE-91CE	AC38-AC38	AD76-AD76	AE84-AE84	AECC-AECC	B07D-B07D	B0B1-B0B1	B215-B215	B2A0-B2A0	B310-B310	B3D7-B3D7	B52A-B52A	B618-B618	B775-B775	B797-B797	BCD5-BCD5	BD59-BD59	BE80-BE80	BEA8-BEA8	BED1-BED1	BEE4-BEE5	C060-C060	C2EF-C2EF	C329-C329	C3DC-C3DC	C597-C597	C5BD-C5BD	C5E5-C5E5	C69C-C69C	C9D6-C9D6	CA29-CA29	CA5C-CA5C	CA84-CA84	CC39-CC39	CC3B-CC3B	CE89-CE89	CEE5-CEE5	CF65-CF65	CF85-CF85	D058-D058	D145-D145	D22D-D22D	D325-D325	D37D-D37D	D3AD-D3AD	D769-D769	FF0C-FF0C
Noto Sans KR	400	/fonts/served/noto-sans-kr-104-400-normal.woff2	2161-2161	2228-2228	2299-2299	2464-2464	2517-2517	2640-2640	3042-3042	304A-304A	3053-3053	3061-3061	307F-307F	3082-3082	308C-308C	3092-3092	30A8-30A8	30AB-30AB	30AD-30AD	30B0-30B0	30B3-30B3	30B7-30B7	30C1-30C1	30C6-30C6	30C9-30C9	30D5-30D5	30D7-30D7	30DE-30DE	30E0-30E1	30EC-30ED	4E0B-4E0B	4E0D-4E0D	4EE3-4EE3	53F0-53F0	548C-548C	5B89-5B89	5BB6-5BB6	5C0F-5C0F	611B-611B	6771-6771	6AA2-6AA2	6BCD-6BCD	6C34-6C34	6CD5-6CD5	6D77-6D77	767D-767D	795E-795E	8ECD-8ECD	9999-9999	9AD8-9AD8	AC07-AC07	AC1A-AC1A	AC40-AC40	AD0C-AD0C	AD88-AD88	ADA4-ADA4	AE01-AE01	AE65-AE65	AEBD-AEBD	AEC4-AEC4	AFE8-AFE8	B139-B139	B205-B205	B383-B383	B38C-B38C	B42C-B42C	B461-B461	B55C-B55C	B78F-B78F	B8FB-B8FB	B9F7-B9F7	BAFC-BAFC	BC99-BC99	BED8-BED8	BFCD-BFCD	C0BF-C0BF	C0F9-C0F9	C167-C167	C204-C204	C20F-C20F	C22F-C22F	C258-C258	C298-C298	C2BC-C2BC	C388-C388	C501-C501	C50C-C50C	C5B9-C5B9	C5CE-C5CE	C641-C641	C648-C648	C73D-C73D	CA50-CA50	CA61-CA61	CC4C-CC4C	CEAC-CEAC	D0D4-D0D4	D5F7-D5F7	D6D7-D6D7	FF1A-FF1A
Noto Sans KR	400	/fonts/served/noto-sans-kr-105-400-normal.woff2	2103-2103	2463-2463	25C6-25C6	25CB-25CB	266C-266C	3001-3001	300A-300A	3046-3046	304C-304D	304F-304F	3055-3055	3059-3059	3063-3063	3066-3068	306F-306F	3089-3089	30B8-30B8	30BF-30BF	314F-314F	4E0A-4E0A	570B-570B	5730-5730	5916-5916	5929-5929	5C71-5C71	5E74-5E74	5FC3-5FC3	601D-601D	6027-6027	63D0-63D0	6709-6709	6734-6734	751F-751F	7684-7684	82F1-82F1	9053-9053	91D1-91D1	97F3-97F3	AC2F-AC2F	AC4D-AC4D	ADC4-ADC4	ADE4-ADE4	AE41-AE41	AE4D-AE4E	AED1-AED1	AFB9-AFB9	B0E0-B0E0	B299-B299	B365-B365	B46C-B46C	B480-B480	B4C8-B4C8	B7B4-B7B4	B819-B819	B918-B918	BAAB-BAAB	BAB9-BAB9	BE8F-BE8F	BED7-BED7	C0EC-C0EC	C19F-C19F	C1A5-C1A5	C3D9-C3D9	C464-C464	C53D-C53D	C553-C553	C570-C570	C5CC-C5CC	C633-C633	C6A4-C6A4	C7A3-C7A3	C7A6-C7A6	C886-C886	C9D9-C9DA	C9EC-C9EC	CA0C-CA0C	CC21-CC21	CD1B-CD1B	CD78-CD78	CDC4-CDC4	CEF8-CEF8	CFE4-CFE4	D0A5-D0A5	D0B5-D0B5	D0EC-D0EC	D15D-D15D	D188-D188	D23C-D23C	D2AC-D2AC	D729-D729	D79B-D79B	FF01-FF01	FF08-FF09	FF5C-FF5C
Noto Sans KR	400	/fonts/served/noto-sans-kr-106-400-normal.woff2	2039-203A	223C-223C	25B3-25B3	25B7-25B7	25BD-25BD	25CF-25CF	266A-266A	3002-3002	300B-300B	304B-304B	3057-3057	305F-305F	306A-306B	307E-307E	308A-308B	3093-3093	30A2-30A2	30AF-30AF	30B9-30B9	30C3-30C3	30C8-30C8	30E9-30EB	33A1-33A1	4E00-4E00	524D-524D	5357-5357	5B50-5B50	7121-7121	884C-884C	9751-9751	AC94-AC94	AEBE-AEBE	AECD-AECD	AF08-AF08	AF41-AF41	AF49-AF49	B010-B010	B053-B053	B109-B109	B11B-B11B	B128-B128	B154-B154	B291-B291	B2E6-B2E6	B301-B301	B385-B385	B525-B525	B5B4-B5B4	B729-B729	B72F-B72F	B738-B738	B7FF-B7FF	B837-B837	B975-B975	BA67-BA67	BB47-BB47	BC1F-BC1F	BD90-BD90	BFD4-BFD4	C27C-C27C	C324-C324	C379-C379	C3E0-C3E0	C465-C465	C53B-C53B	C58C-C58C	C610-C610	C653-C653	C6CD-C6CD	C813-C813	C82F-C82F	C999-C999	C9E0-C9E0	CAC4-CAC4	CAD3-CAD3	CBD4-CBD4	CC10-CC10	CC22-CC22	CCB8-CCB8	CCBC-CCBC	CDA5-CDA5	CE84-CE84	CEA3-CEA3	CF67-CF67	CFE1-CFE1	D241-D241	D30D-D30D	D31C-D31C	D391-D391	D401-D401	D479-D479	D5C9-D5C9	D5DB-D5DB	D649-D649	D6D4-D6D4
Noto Sans KR	400	/fonts/served/noto-sans-kr-107-400-normal.woff2	B0-B0	E9-E9	2193-2193	2462-2462	260E-260E	261E-261E	300E-300F	3044-3044	30A4-30A4	30FB-30FC	314D-314D	5973-5973	6545-6545	6708-6708	7537-7537	AC89-AC89	AC9C-AC9C	ACC1-ACC1	AD04-AD04	AD75-AD75	AD7D-AD7D	AE45-AE45	AE61-AE61	AF42-AF42	B0AB-B0AB	B0AF-B0AF	B0B3-B0B3	B12C-B12C	B194-B194	B1A8-B1A8	B220-B220	B258-B258	B284-B284	B2FF-B2FF	B315-B315	B371-B371	B3D4-B3D5	B460-B460	B527-B527	B534-B534	B810-B810	B818-B818	B98E-B98E	BA55-BA55	BBAC-BBAC	BC0B-BC0B	BC40-BC40	BCA1-BCA1	BCCD-BCCD	BD93-BD93	BE54-BE54	BE5A-BE5A	BF08-BF08	BF50-BF50	BF55-BF55	BFDC-BFDC	C0C0-C0C0	C0D0-C0D0	C0F4-C0F4	C100-C100	C11E-C11E	C170-C170	C20D-C20D	C274-C274	C290-C290	C308-C308	C369-C369	C539-C539	C587-C587	C5FF-C5FF	C6EC-C6EC	C70C-C70C	C7AD-C7AD	C7C8-C7C8	C83C-C83C	C881-C881	CB48-CB48	CC60-CC60	CE69-CE69	CE6B-CE6B	CE75-CE75	CF04-CF04	CF08-CF08	CF55-CF55	CF70-CF70	CFFC-CFFC	D0B7-D0B7	D1A8-D1A8	D2C8-D2C8	D384-D384	D47C-D47C	D48B-D48B	D5DD-D5DD	D5E8-D5E8	D720-D720	D759-D759	F981-F981
Noto Sans KR	400	/fonts/served/noto-sans-kr-108-400-normal.woff2	E0-E0	E2-E2	395-395	3B7-3B7	3BA-3BA	2460-2461	25A0-25A0	3010-3011	306E-306E	30F3-30F3	314A-314A	314C-314C	5927-5927	65B0-65B0	7E41-7E41	97D3-97D3	9AD4-9AD4	AD49-AD49	AE0B-AE0B	AE0D-AE0D	AE43-AE43	AE5D-AE5D	AECF-AECF	AF3C-AF3C	AF64-AF64	AFD4-AFD4	B080-B080	B084-B084	B0C5-B0C5	B10C-B10C	B1E8-B1E8	B2AC-B2AC	B36E-B36E	B451-B451	B515-B515	B540-B540	B561-B561	B6AB-B6AB	B6B1-B6B1	B72C-B72C	B730-B730	B744-B744	B800-B800	B8EC-B8EC	B8F0-B8F0	B904-B904	B968-B968	B96D-B96D	B987-B987	B9D9-B9D9	BB36-BB36	BB49-BB49	BC2D-BC2D	BC43-BC43	BCF6-BCF6	BD89-BD89	BE57-BE57	BE61-BE61	BED4-BED4	C090-C090	C130-C130	C148-C148	C19C-C19C	C2F9-C2F9	C36C-C36C	C37C-C37C	C384-C384	C3DF-C3DF	C575-C575	C584-C584	C660-C660	C719-C719	C816-C816	CA4D-CA4D	CA54-CA54	CABC-CABC	CB49-CB49	CC14-CC14	CFF5-CFF5	D004-D004	D038-D038	D0B4-D0B4	D0D3-D0D3	D0E0-D0E0	D0ED-D0ED	D131-D131	D1B0-D1B0	D31F-D31F	D33D-D33D	D3A0-D3A0	D3AB-D3AB	D514-D514	D584-D584	D6A1-D6A1	D6CC-D6CC	D749-D749	D760-D760	D799-D799
Noto Sans KR	400	/fonts/served/noto-sans-kr-109-400-normal.woff2	24-24	60-60	3B9-3B9	3BB-3BB	3BD-3BD	2191-2191	2606-2606	300C-300D	3131-3131	3134-3134	3139-3139	3141-3142	3148-3148	3161-3161	3163-3163	321C-321C	4EBA-4EBA	5317-5317	AC31-AC31	AC77-AC77	AC9F-AC9F	ACB9-ACB9	ACF0-ACF1	ACFD-ACFD	AD73-AD73	AF3D-AF3D	B00C-B00C	B04A-B04A	B057-B057	B0C4-B0C4	B188-B188	B1CC-B1CC	B214-B214	B2DB-B2DB	B2EE-B2EE	B304-B304	B4ED-B4ED	B518-B518	B5BC-B5BC	B625-B625	B69C-B69D	B7AC-B7AC	B801-B801	B86C-B86C	B959-B959	B95C-B95C	B985-B985	BA48-BA48	BB58-BB58	BC0C-BC0C	BC38-BC38	BC85-BC85	BC9A-BC9A	BF40-BF40	C068-C068	C0BD-C0BD	C0CC-C0CC	C12F-C12F	C149-C149	C1E0-C1E0	C22B-C22B	C22D-C22D	C250-C250	C2FC-C2FC	C300-C300	C313-C313	C370-C370	C3D8-C3D8	C557-C557	C580-C580	C5E3-C5E3	C62E-C62E	C634-C634	C6F0-C6F0	C74D-C74D	C783-C783	C78E-C78E	C796-C796	C7BC-C7BC	C92C-C92C	CA4C-CA4C	CC1C-CC1C	CC54-CC54	CC59-CC59	CE04-CE04	CF30-CF30	CFC4-CFC4	D140-D140	D321-D321	D38C-D38C	D399-D399	D54F-D54F	D587-D587	D5D0-D5D0	D6E8-D6E8	D770-D770
Noto Sans KR	400	/fonts/served/noto-sans-kr-110-400-normal.woff2	D7-D7	EA-EA	FC-FC	2192-2192	25BC-25BC	3000-3000	3137-3137	3145-3145	315C-315C	7F8E-7F8E	AC13-AC13	AC71-AC71	AC90-AC90	ACB8-ACB8	ACE7-ACE7	AD7F-AD7F	AE50-AE50	AEF4-AEF4	AF34-AF34	AFBC-AFBC	B048-B048	B09A-B09A	B0AD-B0AD	B0BC-B0BC	B113-B113	B125-B125	B141-B141	B20C-B20C	B2D9-B2D9	B2ED-B2ED	B367-B367	B369-B369	B374-B374	B3CB-B3CB	B4EC-B4EC	B611-B611	B760-B760	B81B-B81B	B834-B834	B8B0-B8B0	B8E1-B8E1	B989-B989	B9D1-B9D1	B9E1-B9E1	B9FA-B9FA	BA4D-BA4D	BA78-BA78	BB35-BB35	BB54-BB54	BBF9-BBF9	BC11-BC11	BCB3-BCB3	BD05-BD05	BD95-BD95	BDD4-BDD4	BE10-BE10	BED0-BED0	BF51-BF51	C0D8-C0D8	C232-C232	C2B7-C2B7	C2EB-C2EB	C378-C378	C500-C500	C52C-C52C	C549-C549	C568-C568	C598-C598	C5C9-C5C9	C61B-C61B	C639-C639	C67C-C67C	C717-C717	C78A-C78A	C80A-C80A	C90C-C90D	C950-C950	C9E7-C9E7	CBE4-CBE4	CCA9-CCA9	CCE4-CCE4	CDB0-CDB0	CE78-CE78	CE94-CE94	CE98-CE98	CF8C-CF8C	D018-D018	D034-D034	D0F1-D0F1	D1B1-D1B1	D280-D280	D2F8-D2F8	D338-D338	D380-D380	D3B4-D3B4	D610-D610	D69F-D69F	D6FC-D6FC	D758-D758
Noto Sans KR	400	/fonts/served/noto-sans-kr-111-400-normal.woff2	E7-E7	2022-2022	203B-203B	25C0-25C0	2605-2605	2661-2661	3147-3147	318D-318D	672C-672C	8A9E-8A9E	ACAA-ACAA	ACBC-ACBC	AD1C-AD1C	AE4A-AE4A	AE5C-AE5C	B044-B044	B054-B054	B0C8-B0C9	B2A6-B2A6	B2D0-B2D0	B35C-B35C	B364-B364	B428-B428	B454-B454	B465-B465	B4B7-B4B7	B4E3-B4E3	B51C-B51C	B5A1-B5A1	B784-B784	B790-B790	B7AB-B7AB	B7F4-B7F4	B82C-B82C	B835-B835	B8E9-B8E9	B8F8-B8F8	B9D8-B9D8	B9F9-B9F9	BA5C-BA5C	BA64-BA64	BABD-BABD	BB18-BB18	BB3B-BB3B	BBFF-BBFF	BC0D-BC0D	BC45-BC45	BC97-BC97	BCBC-BCBC	BE45-BE45	BE75-BE75	BE7C-BE7C	BFCC-BFCC	C0B6-C0B6	C0F7-C0F7	C14B-C14B	C2B4-C2B4	C30D-C30D	C4F8-C4F8	C5BB-C5BB	C5D1-C5D1	C5E0-C5E0	C5EE-C5EE	C5FD-C5FD	C606-C606	C6C5-C6C5	C6E0-C6E0	C708-C708	C81D-C81D	C820-C820	C824-C824	C878-C878	C918-C918	C96C-C96C	C9E4-C9E4	C9F1-C9F1	CC2E-CC2E	CD09-CD09	CEA1-CEA1	CEF5-CEF5	CEF7-CEF7	CF64-CF64	CF69-CF69	CFE8-CFE8	D035-D035	D0AC-D0AC	D230-D230	D234-D234	D2F4-D2F4	D31D-D31D	D575-D575	D578-D578	D608-D608	D614-D614	D718-D718	D751-D751	D761-D761	D78C-D78C	D790-D790
Noto Sans KR	400	/fonts/served/noto-sans-kr-112-400-normal.woff2	2665-2665	3160-3160	4E2D-4E2D	6587-6587	65E5-65E5	AC12-AC12	AC14-AC14	AC16-AC16	AC81-AC81	AD34-AD34	ADE0-ADE0	AE54-AE54	AEBC-AEBC	AF2C-AF2C	AFC0-AFC0	AFC8-AFC8	B04C-B04C	B08C-B08C	B099-B099	B0A9-B0A9	B0AC-B0AC	B0AE-B0AE	B0B8-B0B8	B123-B123	B179-B179	B2E5-B2E5	B2F7-B2F7	B4C0-B4C0	B531-B531	B538-B538	B545-B545	B550-B550	B5A8-B5A8	B6F0-B6F0	B728-B728	B73B-B73B	B7AD-B7AD	B7ED-B7ED	B809-B809	B864-B864	B86D-B86D	B871-B871	B9BF-B9BF	B9F5-B9F5	BA40-BA40	BA4B-BA4B	BA58-BA58	BA87-BA87	BAAC-BAAC	BBC0-BBC0	BC16-BC16	BC34-BC34	BD07-BD07	BD99-BD99	BE59-BE59	BFD0-BFD0	C058-C058	C0E4-C0E4	C0F5-C0F5	C12D-C12D	C139-C139	C228-C228	C529-C529	C5C7-C5C7	C635-C635	C637-C637	C735-C735	C77D-C77D	C787-C787	C789-C789	C8C4-C8C4	C989-C989	C98C-C98C	C9D0-C9D0	C9D3-C9D3	CC0C-CC0C	CC99-CC99	CD0C-CD0C	CD2C-CD2C	CD98-CD98	CDA4-CDA4	CE59-CE59	CE60-CE60	CE6D-CE6D	CEA0-CEA0	D0D0-D0D1	D0D5-D0D5	D14D-D14D	D1A4-D1A4	D29C-D29C	D2F1-D2F1	D301-D301	D39C-D39C	D3BC-D3BC	D4E8-D4E8	D540-D540	D5EC-D5EC	D640-D640	D750-D750
Noto Sans KR	400	/fonts/served/noto-sans-kr-113-400-normal.woff2	5E-5E	25B2-25B2	25B6-25B6	314E-314E	AC24-AC24	ACE1-ACE1	ACE4-ACE4	AE68-AE68	AF2D-AF2D	B0D0-B0D0	B0E5-B0E5	B150-B150	B155-B155	B193-B193	B2C9-B2C9	B2DD-B2DD	B3C8-B3C8	B3FC-B3FC	B410-B410	B458-B458	B4DD-B4DD	B5A0-B5A0	B5A4-B5A4	B5BB-B5BB	B7B5-B7B5	B838-B838	B840-B840	B86F-B86F	B8F9-B8F9	B960-B960	B9E5-B9E5	BAB8-BAB8	BB50-BB50	BC1D-BC1D	BC24-BC25	BCA8-BCA8	BCBD-BCBD	BD04-BD04	BD10-BD10	BD24-BD24	BE48-BE48	BE5B-BE5B	BE68-BE68	C05C-C05C	C12C-C12C	C140-C140	C15C-C15C	C168-C168	C194-C194	C219-C219	C27D-C27D	C2A8-C2A8	C2F1-C2F1	C2F8-C2F8	C368-C368	C554-C555	C559-C559	C564-C564	C5D8-C5D8	C5FC-C5FC	C625-C625	C65C-C65C	C6B1-C6B1	C728-C728	C794-C794	C84C-C84C	C88C-C88C	C8E0-C8E0	C8FD-C8FD	C998-C998	C9DD-C9DD	CC0D-CC0D	CC30-CC30	CEEC-CEEC	CF13-CF13	CF1C-CF1C	CF5C-CF5C	D050-D050	D07C-D07C	D0A8-D0A8	D134-D134	D138-D138	D154-D154	D1F4-D1F4	D2BC-D2BC	D329-D329	D32C-D32C	D3D0-D3D0	D3F4-D3F4	D3FC-D3FC	D56B-D56B	D5CC-D5CC	D600-D601	D639-D639	D6C8-D6C8	D754-D754	D765-D765
Noto Sans KR	400	/fonts/served/noto-sans-kr-114-400-normal.woff2	3C-3D	2026-2026	24D2-24D2	314B-314B	AC11-AC11	ACF3-ACF3	AD74-AD74	AD81-AD81	ADF9-ADF9	AE34-AE34	AF43-AF43	AFB8-AFB8	B05D-B05D	B07C-B07C	B110-B110	B118-B118	B17C-B17C	B180-B180	B18D-B18D	B192-B192	B2CC-B2CC	B355-B355	B378-B378	B4A4-B4A4	B4EF-B4EF	B78D-B78D	B799-B799	B7A9-B7A9	B7FD-B7FD	B807-B807	B80C-B80C	B839-B839	B9B4-B9B4	B9DB-B9DB	BA3C-BA3C	BAB0-BAB0	BBA4-BBA4	BC94-BC94	BE4C-BE4C	C154-C154	C1C4-C1C4	C26C-C26C	C2AC-C2AC	C2ED-C2ED	C4F4-C4F4	C55E-C55E	C561-C561	C571-C571	C5B5-C5B5	C5C4-C5C4	C654-C655	C695-C695	C6E8-C6E8	C6F9-C6F9	C724-C724	C751-C751	C775-C775	C7A0-C7A0	C7C1-C7C1	C874-C874	C880-C880	C9D5-C9D5	C9F8-C9F8	CABD-CABD	CC29-CC29	CC2C-CC2C	CCA8-CCA8	CCAB-CCAB	CCD0-CCD0	CE21-CE21	CE35-CE35	CE7C-CE7C	CE90-CE90	CEE8-CEE8	CEF4-CEF4	CFE0-CFE0	D070-D070	D0B9-D0B9	D0C1-D0C1	D0C4-D0C4	D0C8-D0C8	D15C-D15C	D1A1-D1A1	D2C0-D2C0	D300-D300	D314-D314	D3ED-D3ED	D478-D478	D480-D480	D48D-D48D	D508-D508	D53D-D53D	D5E4-D5E4	D611-D611	D61C-D61C	D68D-D68D	D6A8-D6A8	D798-D798
Noto Sans KR	400	/fonts/served/noto-sans-kr-115-400-normal.woff2	23-23	25-25	5F-5F	A9-A9	AC08-AC08	AC78-AC78	ACA8-ACA8	ACAC-ACAC	ACE8-ACE8	AD70-AD70	ADC0-ADC0	ADDC-ADDC	B137-B137	B140-B140	B208-B208	B290-B290	B2F5-B2F5	B3C5-B3C5	B3CC-B3CC	B420-B420	B429-B429	B529-B529	B530-B530	B77D-B77D	B79C-B79C	B7A8-B7A8	B7C9-B7C9	B7F0-B7F0	B7FC-B7FC	B828-B828	B860-B860	B9AD-B9AD	B9C1-B9C1	B9C9-B9C9	B9DD-B9DE	B9E8-B9E8	BA38-BA39	BABB-BABB	BC00-BC00	BC8C-BC8C	BCA0-BCA0	BCA4-BCA4	BCD1-BCD1	BCFC-BCFC	BD09-BD09	BDF0-BDF0	BE60-BE60	C0AD-C0AD	C0B4-C0B4	C0BC-C0BC	C190-C190	C1FC-C1FC	C220-C220	C288-C288	C2B9-C2B9	C2F6-C2F6	C528-C528	C545-C545	C558-C558	C5BC-C5BC	C5D4-C5D4	C600-C600	C644-C644	C6C0-C6C0	C6C3-C6C3	C721-C721	C798-C798	C7A1-C7A1	C811-C811	C838-C838	C871-C871	C904-C904	C990-C990	C9DC-C9DC	CC38-CC38	CC44-CC44	CCA0-CCA0	CD1D-CD1D	CD95-CD95	CDA9-CDA9	CE5C-CE5C	CF00-CF00	CF58-CF58	D150-D150	D22C-D22C	D305-D305	D328-D328	D37C-D37C	D3F0-D3F0	D551-D551	D5A5-D5A5	D5C8-D5C8	D5D8-D5D8	D63C-D63C	D64D-D64D	D669-D669	D734-D734	D76C-D76C
Noto Sans KR	400	/fonts/served/noto-sans-kr-116-400-normal.woff2	26-26	2B-2B	3E-3E	40-40	7E-7E	AC01-AC01	AC19-AC19	AC1D-AC1D	ACA0-ACA0	ACA9-ACA9	ACB0-ACB0	AD8C-AD8C	AE09-AE09	AE38-AE38	AE40-AE40	AED8-AED8	B09C-B09C	B0A0-B0A0	B108-B108	B204-B204	B298-B298	B2D8-B2D8	B2EB-B2EC	B2F4-B2F4	B313-B313	B358-B358	B450-B450	B4E0-B4E0	B54C-B54C	B610-B610	B780-B780	B78C-B78C	B791-B791	B8E8-B8E8	B958-B958	B974-B974	B984-B984	B9B0-B9B0	B9BC-B9BD	B9CE-B9CE	BA70-BA70	BBFC-BBFC	BC0F-BC0F	BC15-BC15	BC1B-BC1B	BC31-BC31	BC95-BC95	BCC0-BCC0	BCC4-BCC4	BD81-BD81	BD88-BD88	C0C8-C0C8	C11D-C11D	C13C-C13C	C158-C158	C18D-C18D	C1A1-C1A1	C21C-C21C	C4F0-C4F0	C54A-C54A	C560-C560	C5B8-C5B8	C5C8-C5C8	C5F4-C5F4	C628-C628	C62C-C62C	C678-C678	C6CC-C6CC	C808-C808	C810-C810	C885-C885	C88B-C88B	C900-C900	C988-C988	C99D-C99D	C9C8-C9C8	CC3D-CC3E	CC45-CC45	CD08-CD08	CE20-CE20	CEE4-CEE4	D074-D074	D0A4-D0A4	D0DD-D0DD	D2B9-D2B9	D3B8-D3B8	D3C9-D3C9	D488-D488	D544-D544	D559-D559	D56D-D56D	D588-D588	D615-D615	D648-D648	D655-D655	D658-D658	D65C-D65C
Noto Sans KR	400	/fonts/served/noto-sans-kr-117-400-normal.woff2	D-D	48-48	7C-7C	AC10-AC10	AC15-AC15	AC74-AC74	AC80-AC80	AC83-AC83	ACC4-ACC4	AD11-AD11	AD50-AD50	AD6D-AD6D	ADFC-ADFC	AE00-AE00	AE08-AE08	AE4C-AE4C	B0A8-B0A8	B124-B124	B144-B144	B178-B178	B274-B274	B2A5-B2A5	B2E8-B2E8	B2F9-B2F9	B354-B354	B370-B370	B418-B418	B41C-B41C	B4F1-B4F1	B514-B514	B798-B798	B808-B808	B824-B825	B8CC-B8CC	B978-B978	B9D0-B9D0	B9E4-B9E4	BAA9-BAA9	BB3C-BB3C	BC18-BC18	BC1C-BC1C	BC30-BC30	BC84-BC84	BCF5-BCF5	BCF8-BCF8	BD84-BD84	BE0C-BE0C	BE14-BE14	C0B0-C0B0	C0C9-C0C9	C0DD-C0DD	C124-C124	C2DD-C2DD	C2E4-C2E4	C2EC-C2EC	C54C-C54C	C57C-C57D	C591-C591	C5C5-C5C6	C5ED-C5ED	C608-C608	C640-C640	C6B8-C6B8	C6D4-C6D4	C784-C784	C7AC-C7AC	C800-C801	C9C1-C9C1	C9D1-C9D1	CC28-CC28	CC98-CC98	CC9C-CC9C	CCAD-CCAD	CD5C-CD5C	CD94-CD94	CD9C-CD9C	CDE8-CDE8	CE68-CE68	CF54-CF54	D0DC-D0DC	D14C-D14C	D1A0-D1A0	D1B5-D1B5	D2F0-D2F0	D30C-D30C	D310-D310	D398-D398	D45C-D45C	D50C-D50C	D53C-D53C	D560-D560	D568-D568	D589-D589	D604-D604	D6C4-D6C4	D788-D788
Noto Sans KR	400	/fonts/served/noto-sans-kr-118-400-normal.woff2	39-39	49-49	4D-4E	A0-A0	AC04-AC04	AC1C-AC1C	AC70-AC70	AC8C-AC8C	ACBD-ACBD	ACF5-ACF5	ACFC-ACFC	AD00-AD00	AD6C-AD6C	ADF8-ADF8	B098-B098	B0B4-B0B4	B294-B294	B2C8-B2C8	B300-B300	B3C4-B3C4	B3D9-B3D9	B4DC-B4DC	B4E4-B4E4	B77C-B77C	B7EC-B7EC	B85D-B85D	B97C-B97C	B9C8-B9C8	B9CC-B9CC	BA54-BA54	BA74-BA74	BA85-BA85	BAA8-BAA8	BB34-BB34	BB38-BB38	BBF8-BBF8	BC14-BC14	BC29-BC29	BC88-BC88	BCF4-BCF4	BD80-BD80	BE44-BE44	C0C1-C0C1	C11C-C11C	C120-C120	C131-C131	C138-C138	C18C-C18C	C218-C218	C2B5-C2B5	C2E0-C2E0	C544-C544	C548-C548	C5B4-C5B4	C5D0-C5D0	C5EC-C5EC	C5F0-C5F0	C601-C601	C624-C624	C694-C694	C6A9-C6A9	C6B0-C6B0	C6B4-C6B4	C6D0-C6D0	C704-C704	C720-C720	C73C-C73C	C740-C740	C744-C744	C74C-C74C	C758-C758	C77C-C77C	C785-C785	C788-C788	C790-C791	C7A5-C7A5	C804-C804	C815-C815	C81C-C81C	C870-C870	C8FC-C8FC	C911-C911	C9C4-C9C4	CCB4-CCB4	CE58-CE58	CE74-CE74	D06C-D06C	D0C0-D0C0	D130-D130	D2B8-D2B8	D3EC-D3EC	D504-D504	D55C-D55C	D569-D569	D574-D574	D638-D638	D654-D654	D68C-D68C
Noto Sans KR	400	/fonts/served/noto-sans-kr-119-400-normal.woff2	20-22	27-2A	2C-38	3A-3B	3F-3F	41-47	4A-4C	4F-5D	61-7B	7D-7D	A1-A1	AB-AB	AE-AE	B7-B7	BB-BB	BF-BF	2013-2014	201C-201D	2122-2122	AC00-AC00	ACE0-ACE0	AE30-AE30	B2E4-B2E4	B85C-B85C	B9AC-B9AC	C0AC-C0AC	C2A4-C2A4	C2DC-C2DC	C774-C774	C778-C778	C9C0-C9C0	D558-D558
Noto Sans KR	700	/fonts/served/noto-sans-kr-0-700-normal.woff2	F9CA-FA0B	FF03-FF05	FF07-FF07	FF0A-FF0B	FF0D-FF19	FF1B-FF1B	FF1D-FF1D	FF20-FF5B	FF5D-FF5D	FFE0-FFE3	FFE5-FFE6
Noto Sans KR	700	/fonts/served/noto-sans-kr-1-700-normal.woff2	F92F-F980	F982-F9C9
Noto Sans KR	700	/fonts/served/noto-sans-kr-2-700-normal.woff2	D723-D728	D72A-D733	D735-D748	D74A-D74F	D752-D753	D755-D757	D75A-D75F	D762-D764	D766-D768	D76A-D76B	D76D-D76F	D771-D787	D789-D78B	D78D-D78F	D791-D797	D79A-D79A	D79C-D79C	D79E-D7A3	F900-F909	F90B-F92E
Noto Sans KR	700	/fonts/served/noto-sans-kr-3-700-normal.woff2	D679-D68B	D68E-D69E	D6A0-D6A0	D6A2-D6A7	D6A9-D6C3	D6C6-D6C7	D6C9-D6CB	D6CD-D6D3	D6D5-D6D6	D6D8-D6E3	D6E5-D6E7	D6E9-D6FB	D6FD-D717	D719-D71F	D721-D722
Noto Sans KR	700	/fonts/served/noto-sans-kr-4-700-normal.woff2	D5BC-D5C7	D5CA-D5CB	D5CD-D5CF	D5D1-D5D7	D5D9-D5DA	D5DC-D5DC	D5DE-D5E3	D5E6-D5E7	D5E9-D5EB	D5ED-D5F6	D5F8-D5F8	D5FA-D5FF	D602-D603	D605-D607	D609-D60F	D612-D613	D616-D61B	D61D-D637	D63A-D63B	D63D-D63F	D641-D647	D64A-D64C	D64E-D653	D656-D657	D659-D65B	D65D-D666	D668-D668	D66A-D678
Noto Sans KR	700	/fonts/served/noto-sans-kr-5-700-normal.woff2	D507-D507	D509-D50B	D50D-D513	D515-D53B	D53E-D53F	D541-D543	D545-D54C	D54E-D54E	D550-D550	D552-D557	D55A-D55B	D55D-D55F	D561-D564	D566-D567	D56A-D56A	D56C-D56C	D56E-D573	D576-D577	D579-D583	D585-D586	D58A-D5A4	D5A6-D5BB
Noto Sans KR	700	/fonts/served/noto-sans-kr-6-700-normal.woff2	D464-D477	D47A-D47B	D47D-D47F	D481-D487	D489-D48A	D48C-D48C	D48E-D4E7	D4E9-D503	D505-D506
Noto Sans KR	700	/fonts/served/noto-sans-kr-7-700-normal.woff2	D3BF-D3C7	D3CA-D3CF	D3D1-D3EB	D3EE-D3EF	D3F1-D3F3	D3F5-D3FB	D3FD-D400	D402-D45B	D45D-D463
Noto Sans KR	700	/fonts/served/noto-sans-kr-8-700-normal.woff2	D2FF-D2FF	D302-D304	D306-D30B	D30F-D30F	D311-D313	D315-D31B	D31E-D31E	D322-D324	D326-D327	D32A-D32B	D32D-D32F	D331-D337	D339-D33C	D33E-D37B	D37E-D37F	D381-D383	D385-D38B	D38E-D390	D392-D397	D39A-D39B	D39D-D39F	D3A1-D3A7	D3A9-D3AA	D3AC-D3AC	D3AE-D3B3	D3B5-D3B7	D3B9-D3BB	D3BD-D3BE
Noto Sans KR	700	/fonts/served/noto-sans-kr-9-700-normal.woff2	D257-D27F	D281-D29B	D29D-D29F	D2A1-D2AB	D2AD-D2B7	D2BA-D2BB	D2BD-D2BF	D2C1-D2C7	D2C9-D2EF	D2F2-D2F3	D2F5-D2F7	D2F9-D2FE
Noto Sans KR	700	/fonts/served/noto-sans-kr-10-700-normal.woff2	D1B4-D1B4	D1B6-D1F3	D1F5-D22B	D22E-D22F	D231-D233	D235-D23B	D23D-D240	D242-D256
Noto Sans KR	700	/fonts/served/noto-sans-kr-11-700-normal.woff2	D105-D12F	D132-D133	D135-D137	D139-D13F	D141-D142	D144-D144	D146-D14B	D14E-D14F	D151-D153	D155-D15B	D15E-D187	D189-D19F	D1A2-D1A3	D1A5-D1A7	D1A9-D1AF	D1B2-D1B3
Noto Sans KR	700	/fonts/served/noto-sans-kr-12-700-normal.woff2	D04B-D04F	D051-D057	D059-D06B	D06D-D06F	D071-D073	D075-D07B	D07E-D0A3	D0A6-D0A7	D0A9-D0AB	D0AD-D0B3	D0B6-D0B6	D0B8-D0B8	D0BA-D0BF	D0C2-D0C3	D0C5-D0C7	D0C9-D0CF	D0D2-D0D2	D0D6-D0DB	D0DE-D0DF	D0E1-D0E3	D0E5-D0EB	D0EE-D0F0	D0F2-D104
Noto Sans KR	700	/fonts/served/noto-sans-kr-13-700-normal.woff2	CFA2-CFC3	CFC5-CFDF	CFE2-CFE3	CFE5-CFE7	CFE9-CFF4	CFF6-CFFB	CFFD-CFFF	D001-D003	D005-D017	D019-D033	D036-D037	D039-D03B	D03D-D04A
Noto Sans KR	700	/fonts/served/noto-sans-kr-14-700-normal.woff2	CEF0-CEF3	CEF6-CEF6	CEF9-CEFF	CF01-CF03	CF05-CF07	CF09-CF0F	CF11-CF12	CF14-CF1B	CF1D-CF1F	CF21-CF2F	CF31-CF53	CF56-CF57	CF59-CF5B	CF5D-CF63	CF66-CF66	CF68-CF68	CF6A-CF6F	CF71-CF84	CF86-CF8B	CF8D-CFA1
Noto Sans KR	700	/fonts/served/noto-sans-kr-15-700-normal.woff2	CE3C-CE57	CE5A-CE5B	CE5D-CE5F	CE61-CE67	CE6A-CE6A	CE6C-CE6C	CE6E-CE73	CE76-CE77	CE79-CE7B	CE7D-CE83	CE85-CE88	CE8A-CE8F	CE91-CE93	CE95-CE97	CE99-CE9F	CEA2-CEA2	CEA4-CEAB	CEAD-CEE3	CEE6-CEE7	CEE9-CEEB	CEED-CEEF
Noto Sans KR	700	/fonts/served/noto-sans-kr-16-700-normal.woff2	CD92-CD93	CD96-CD97	CD99-CD9B	CD9D-CDA3	CDA6-CDA8	CDAA-CDAF	CDB1-CDC3	CDC5-CDCB	CDCD-CDE7	CDE9-CE03	CE05-CE1F	CE22-CE34	CE36-CE3B
Noto Sans KR	700	/fonts/served/noto-sans-kr-17-700-normal.woff2	CCEF-CD07	CD0A-CD0B	CD0D-CD1A	CD1C-CD1C	CD1E-CD2B	CD2D-CD5B	CD5D-CD77	CD79-CD91
Noto Sans KR	700	/fonts/served/noto-sans-kr-18-700-normal.woff2	CC3F-CC43	CC46-CC47	CC49-CC4B	CC4D-CC53	CC55-CC58	CC5A-CC5F	CC61-CC97	CC9A-CC9B	CC9D-CC9F	CCA1-CCA7	CCAA-CCAA	CCAC-CCAC	CCAE-CCB3	CCB6-CCB7	CCB9-CCBB	CCBD-CCCF	CCD1-CCE3	CCE5-CCEE
Noto Sans KR	700	/fonts/served/noto-sans-kr-19-700-normal.woff2	CB91-CBD3	CBD5-CBE3	CBE5-CC0B	CC0E-CC0F	CC11-CC13	CC15-CC1B	CC1D-CC20	CC23-CC27	CC2A-CC2B	CC2D-CC2D	CC2F-CC2F	CC31-CC37	CC3A-CC3A	CC3C-CC3C
Noto Sans KR	700	/fonts/served/noto-sans-kr-20-700-normal.woff2	CAF4-CB47	CB4A-CB90
Noto Sans KR	700	/fonts/served/noto-sans-kr-21-700-normal.woff2	CA4A-CA4B	CA4E-CA4F	CA51-CA53	CA55-CA5B	CA5D-CA60	CA62-CA83	CA85-CABB	CABE-CABF	CAC1-CAC3	CAC5-CACB	CACD-CAD0	CAD2-CAD2	CAD4-CAD8	CADA-CAF3
Noto Sans KR	700	/fonts/served/noto-sans-kr-22-700-normal.woff2	C996-C997	C99A-C99C	C99E-C9BF	C9C2-C9C3	C9C5-C9C7	C9C9-C9CF	C9D2-C9D2	C9D4-C9D4	C9D7-C9D8	C9DB-C9DB	C9DE-C9DF	C9E1-C9E3	C9E5-C9E6	C9E8-C9EB	C9EE-C9F0	C9F2-C9F7	C9F9-CA0B	CA0D-CA28	CA2A-CA49
Noto Sans KR	700	/fonts/served/noto-sans-kr-23-700-normal.woff2	C8E9-C8F4	C8F6-C8FB	C8FE-C8FF	C901-C903	C905-C90B	C90E-C910	C912-C917	C919-C92B	C92D-C94F	C951-C953	C955-C96B	C96D-C973	C975-C987	C98A-C98B	C98D-C98F	C991-C995
Noto Sans KR	700	/fonts/served/noto-sans-kr-24-700-normal.woff2	C841-C84B	C84D-C86F	C872-C873	C875-C877	C879-C87F	C882-C884	C887-C88A	C88D-C8C3	C8C5-C8DF	C8E1-C8E8
Noto Sans KR	700	/fonts/served/noto-sans-kr-25-700-normal.woff2	C779-C77B	C77E-C782	C786-C786	C78B-C78B	C78D-C78D	C78F-C78F	C792-C793	C795-C795	C797-C797	C799-C79F	C7A2-C7A2	C7A7-C7AB	C7AE-C7BB	C7BD-C7C0	C7C2-C7C7	C7C9-C7DC	C7DE-C7FF	C802-C803	C805-C807	C809-C809	C80B-C80F	C812-C812	C814-C814	C817-C81B	C81E-C81F	C821-C823	C825-C82E	C830-C837	C839-C83B	C83D-C840
Noto Sans KR	700	/fonts/served/noto-sans-kr-26-700-normal.woff2	C6BB-C6BF	C6C2-C6C2	C6C4-C6C4	C6C6-C6CB	C6CE-C6CF	C6D1-C6D3	C6D5-C6DB	C6DD-C6DF	C6E1-C6E7	C6E9-C6EB	C6ED-C6EF	C6F1-C6F8	C6FA-C703	C705-C707	C709-C70B	C70D-C716	C718-C718	C71A-C71F	C722-C723	C725-C727	C729-C734	C736-C73B	C73E-C73F	C741-C743	C745-C74B	C74E-C750	C752-C757	C759-C773	C776-C777
Noto Sans KR	700	/fonts/served/noto-sans-kr-27-700-normal.woff2	C5F5-C5FB	C5FE-C5FE	C602-C605	C607-C607	C609-C60F	C611-C61A	C61C-C623	C626-C627	C629-C62B	C62D-C62D	C62F-C632	C636-C636	C638-C638	C63A-C63F	C642-C643	C645-C647	C649-C652	C656-C65B	C65D-C65F	C661-C663	C665-C677	C679-C67B	C67D-C693	C696-C697	C699-C69B	C69D-C6A3	C6A6-C6A6	C6A8-C6A8	C6AA-C6AF	C6B2-C6B3	C6B5-C6B7	C6B9-C6BA
Noto Sans KR	700	/fonts/served/noto-sans-kr-28-700-normal.woff2	C517-C527	C52A-C52B	C52D-C52F	C531-C538	C53A-C53A	C53C-C53C	C53E-C543	C546-C547	C54B-C54B	C54D-C552	C556-C556	C55A-C55B	C55D-C55D	C55F-C55F	C562-C563	C565-C567	C569-C56F	C572-C572	C574-C574	C576-C57B	C57E-C57F	C581-C583	C585-C586	C588-C58B	C58E-C58E	C590-C590	C592-C596	C599-C5B3	C5B6-C5B7	C5BA-C5BA	C5BE-C5C3	C5CA-C5CB	C5CD-C5CD	C5CF-C5CF	C5D2-C5D3	C5D5-C5D7	C5D9-C5DF	C5E1-C5E2	C5E4-C5E4	C5E6-C5EB	C5EF-C5EF	C5F1-C5F3
Noto Sans KR	700	/fonts/served/noto-sans-kr-29-700-normal.woff2	C475-C4EF	C4F2-C4F3	C4F5-C4F7	C4F9-C4FF	C502-C50B	C50D-C516
Noto Sans KR	700	/fonts/served/noto-sans-kr-30-700-normal.woff2	C3D0-C3D7	C3DA-C3DB	C3DD-C3DE	C3E1-C3EC	C3EE-C3F3	C3F5-C42B	C42D-C463	C466-C474
Noto Sans KR	700	/fonts/served/noto-sans-kr-31-700-normal.woff2	C32B-C367	C36A-C36B	C36D-C36F	C371-C377	C37A-C37B	C37E-C383	C385-C387	C389-C3CF
Noto Sans KR	700	/fonts/served/noto-sans-kr-32-700-normal.woff2	C26A-C26B	C26D-C26F	C271-C273	C275-C27B	C27E-C287	C289-C28F	C291-C297	C299-C29A	C29C-C2A3	C2A5-C2A7	C2A9-C2AB	C2AD-C2B3	C2B6-C2B6	C2B8-C2B8	C2BA-C2BB	C2BD-C2DB	C2DE-C2DF	C2E1-C2E2	C2E5-C2EA	C2EE-C2EE	C2F0-C2F0	C2F2-C2F5	C2F7-C2F7	C2FA-C2FB	C2FD-C2FF	C301-C307	C309-C30C	C30E-C312	C315-C323	C325-C328	C32A-C32A
Noto Sans KR	700	/fonts/served/noto-sans-kr-33-700-normal.woff2	C1BC-C1C3	C1C5-C1DF	C1E1-C1FB	C1FD-C203	C205-C20C	C20E-C20E	C210-C217	C21A-C21B	C21D-C21E	C221-C227	C229-C22A	C22C-C22C	C22E-C22E	C230-C230	C233-C24F	C251-C257	C259-C269
Noto Sans KR	700	/fonts/served/noto-sans-kr-34-700-normal.woff2	C101-C11B	C11F-C11F	C121-C123	C125-C12B	C12E-C12E	C132-C137	C13A-C13B	C13D-C13F	C141-C147	C14A-C14A	C14C-C153	C155-C157	C159-C15B	C15D-C166	C169-C16F	C171-C177	C179-C18B	C18E-C18F	C191-C193	C195-C19B	C19D-C19E	C1A0-C1A0	C1A2-C1A4	C1A6-C1BB
Noto Sans KR	700	/fonts/served/noto-sans-kr-35-700-normal.woff2	C049-C057	C059-C05B	C05D-C05F	C061-C067	C069-C08F	C091-C0AB	C0AE-C0AF	C0B1-C0B3	C0B5-C0B5	C0B7-C0BB	C0BE-C0BE	C0C2-C0C7	C0CA-C0CB	C0CD-C0CF	C0D1-C0D7	C0D9-C0DA	C0DC-C0DC	C0DE-C0E3	C0E5-C0EB	C0ED-C0F3	C0F6-C0F6	C0F8-C0F8	C0FA-C0FF
Noto Sans KR	700	/fonts/served/noto-sans-kr-36-700-normal.woff2	BFA7-BFAF	BFB1-BFC4	BFC6-BFCB	BFCE-BFCF	BFD1-BFD3	BFD5-BFDB	BFDD-C048
Noto Sans KR	700	/fonts/served/noto-sans-kr-37-700-normal.woff2	BF07-BF07	BF09-BF3F	BF41-BF4F	BF52-BF54	BF56-BFA6
Noto Sans KR	700	/fonts/served/noto-sans-kr-38-700-normal.woff2	BE56-BE56	BE58-BE58	BE5C-BE5F	BE62-BE63	BE65-BE67	BE69-BE74	BE76-BE7B	BE7E-BE7F	BE81-BE8E	BE90-BE90	BE92-BEA7	BEA9-BECF	BED2-BED3	BED5-BED6	BED9-BEE3	BEE6-BF06
Noto Sans KR	700	/fonts/served/noto-sans-kr-39-700-normal.woff2	BDB0-BDD3	BDD5-BDEF	BDF1-BE0B	BE0D-BE0F	BE11-BE13	BE15-BE43	BE46-BE47	BE49-BE4B	BE4D-BE53
Noto Sans KR	700	/fonts/served/noto-sans-kr-40-700-normal.woff2	BD03-BD03	BD06-BD06	BD08-BD08	BD0A-BD0F	BD11-BD22	BD25-BD47	BD49-BD58	BD5A-BD7F	BD82-BD83	BD85-BD87	BD8A-BD8F	BD91-BD92	BD94-BD94	BD96-BD98	BD9A-BDAF
Noto Sans KR	700	/fonts/served/noto-sans-kr-41-700-normal.woff2	BC4E-BC83	BC86-BC87	BC89-BC8B	BC8D-BC93	BC96-BC96	BC98-BC98	BC9B-BC9F	BCA2-BCA3	BCA5-BCA7	BCA9-BCB2	BCB4-BCBB	BCBE-BCBF	BCC1-BCC3	BCC5-BCCC	BCCE-BCD0	BCD2-BCD4	BCD6-BCF3	BCF7-BCF7	BCF9-BCFB	BCFD-BD02
Noto Sans KR	700	/fonts/served/noto-sans-kr-42-700-normal.woff2	BB90-BBA3	BBA5-BBAB	BBAD-BBBF	BBC1-BBF7	BBFA-BBFB	BBFD-BBFE	BC01-BC07	BC09-BC0A	BC0E-BC0E	BC10-BC10	BC12-BC13	BC17-BC17	BC19-BC1A	BC1E-BC1E	BC20-BC23	BC26-BC26	BC28-BC28	BC2A-BC2C	BC2E-BC2F	BC32-BC33	BC35-BC37	BC39-BC3F	BC41-BC42	BC44-BC44	BC46-BC48	BC4A-BC4D
Noto Sans KR	700	/fonts/served/noto-sans-kr-43-700-normal.woff2	BAE6-BAFB	BAFD-BB17	BB19-BB33	BB37-BB37	BB39-BB3A	BB3D-BB43	BB45-BB46	BB48-BB48	BB4A-BB4F	BB51-BB53	BB55-BB57	BB59-BB62	BB64-BB8F
Noto Sans KR	700	/fonts/served/noto-sans-kr-44-700-normal.woff2	BA30-BA37	BA3A-BA3B	BA3D-BA3F	BA41-BA47	BA49-BA4A	BA4C-BA4C	BA4E-BA53	BA56-BA57	BA59-BA5B	BA5D-BA63	BA65-BA66	BA68-BA6F	BA71-BA73	BA75-BA77	BA79-BA84	BA86-BA86	BA88-BAA7	BAAA-BAAA	BAAD-BAAF	BAB1-BAB7	BABA-BABA	BABC-BABC	BABE-BAE5
Noto Sans KR	700	/fonts/served/noto-sans-kr-45-700-normal.woff2	B96E-B973	B976-B977	B979-B97B	B97D-B983	B986-B986	B988-B988	B98A-B98D	B98F-B9AB	B9AE-B9AF	B9B1-B9B3	B9B5-B9BB	B9BE-B9BE	B9C0-B9C0	B9C2-B9C7	B9CA-B9CB	B9CD-B9CD	B9D2-B9D7	B9DA-B9DA	B9DC-B9DC	B9DF-B9E0	B9E2-B9E2	B9E6-B9E7	B9E9-B9F3	B9F6-B9F6	B9F8-B9F8	B9FB-BA2F
Noto Sans KR	700	/fonts/served/noto-sans-kr-46-700-normal.woff2	B8BF-B8CB	B8CD-B8E0	B8E2-B8E7	B8EA-B8EB	B8ED-B8EF	B8F1-B8F7	B8FA-B8FA	B8FC-B8FC	B8FE-B903	B905-B917	B919-B91F	B921-B93B	B93D-B957	B95A-B95B	B95D-B95F	B961-B967	B969-B96C
Noto Sans KR	700	/fonts/served/noto-sans-kr-47-700-normal.woff2	B80D-B80F	B811-B817	B81A-B81A	B81C-B823	B826-B827	B829-B82B	B82D-B833	B836-B836	B83A-B83F	B841-B85B	B85E-B85F	B861-B863	B865-B86B	B86E-B86E	B870-B870	B872-B8AF	B8B1-B8BE
Noto Sans KR	700	/fonts/served/noto-sans-kr-48-700-normal.woff2	B74D-B75F	B761-B763	B765-B774	B776-B77B	B77E-B77F	B781-B783	B785-B78B	B78E-B78E	B792-B796	B79A-B79B	B79D-B7A7	B7AA-B7AA	B7AE-B7B3	B7B6-B7C8	B7CA-B7EB	B7EE-B7EF	B7F1-B7F3	B7F5-B7FB	B7FE-B7FE	B802-B806	B80A-B80B
Noto Sans KR	700	/fonts/served/noto-sans-kr-49-700-normal.woff2	B6A7-B6AA	B6AC-B6B0	B6B2-B6EF	B6F1-B727	B72A-B72B	B72D-B72E	B731-B737	B739-B73A	B73C-B743	B745-B74C
Noto Sans KR	700	/fonts/served/noto-sans-kr-50-700-normal.woff2	B605-B60F	B612-B617	B619-B624	B626-B69B	B69E-B6A3	B6A5-B6A6
Noto Sans KR	700	/fonts/served/noto-sans-kr-51-700-normal.woff2	B55F-B55F	B562-B583	B585-B59F	B5A2-B5A3	B5A5-B5A7	B5A9-B5B2	B5B5-B5BA	B5BD-B604
Noto Sans KR	700	/fonts/served/noto-sans-kr-52-700-normal.woff2	B4A5-B4B6	B4B8-B4BF	B4C1-B4C7	B4C9-B4DB	B4DE-B4DF	B4E1-B4E2	B4E5-B4EB	B4EE-B4EE	B4F0-B4F0	B4F2-B513	B516-B517	B519-B51A	B51D-B523	B526-B526	B528-B528	B52B-B52F	B532-B533	B535-B537	B539-B53F	B541-B544	B546-B54B	B54D-B54F	B551-B55B	B55D-B55E
Noto Sans KR	700	/fonts/served/noto-sans-kr-53-700-normal.woff2	B3F8-B3FB	B3FD-B40F	B411-B417	B419-B41B	B41D-B41F	B421-B427	B42A-B42B	B42D-B44F	B452-B453	B455-B457	B459-B45F	B462-B464	B466-B46B	B46D-B47F	B481-B4A3
Noto Sans KR	700	/fonts/served/noto-sans-kr-54-700-normal.woff2	B342-B353	B356-B357	B359-B35B	B35D-B35E	B360-B363	B366-B366	B368-B368	B36A-B36D	B36F-B36F	B372-B373	B375-B377	B379-B37F	B381-B382	B384-B384	B386-B38B	B38D-B3C3	B3C6-B3C7	B3C9-B3CA	B3CD-B3D3	B3D6-B3D6	B3D8-B3D8	B3DA-B3F7
Noto Sans KR	700	/fonts/served/noto-sans-kr-55-700-normal.woff2	B27C-B283	B285-B28F	B292-B293	B295-B297	B29A-B29F	B2A1-B2A4	B2A7-B2A9	B2AB-B2AB	B2AD-B2C7	B2CA-B2CB	B2CD-B2CF	B2D1-B2D7	B2DA-B2DA	B2DC-B2DC	B2DE-B2E3	B2E7-B2E7	B2E9-B2EA	B2EF-B2F3	B2F6-B2F6	B2F8-B2F8	B2FA-B2FB	B2FD-B2FE	B302-B303	B305-B307	B309-B30F	B312-B312	B316-B31B	B31D-B341
Noto Sans KR	700	/fonts/served/noto-sans-kr-56-700-normal.woff2	B1D6-B1E7	B1E9-B1FC	B1FE-B203	B206-B207	B209-B20B	B20D-B213	B216-B21F	B221-B257	B259-B273	B275-B27B
Noto Sans KR	700	/fonts/served/noto-sans-kr-57-700-normal.woff2	B120-B122	B126-B127	B129-B12B	B12D-B133	B136-B136	B138-B138	B13A-B13F	B142-B143	B145-B14F	B151-B153	B156-B157	B159-B177	B17A-B17B	B17D-B17F	B181-B187	B189-B18C	B18E-B191	B195-B1A7	B1A9-B1CB	B1CD-B1D5
Noto Sans KR	700	/fonts/served/noto-sans-kr-58-700-normal.woff2	B05F-B07B	B07E-B07F	B081-B083	B085-B08B	B08D-B097	B09B-B09B	B09D-B09F	B0A2-B0A7	B0AA-B0AA	B0B0-B0B0	B0B2-B0B2	B0B6-B0B7	B0B9-B0BB	B0BD-B0C3	B0C6-B0C7	B0CA-B0CF	B0D1-B0DF	B0E1-B0E4	B0E6-B107	B10A-B10B	B10D-B10F	B111-B112	B114-B117	B119-B11A	B11C-B11F
Noto Sans KR	700	/fonts/served/noto-sans-kr-59-700-normal.woff2	AFAC-AFB7	AFBA-AFBB	AFBD-AFBF	AFC1-AFC6	AFCA-AFCC	AFCE-AFD3	AFD5-AFE7	AFE9-AFEF	AFF1-B00B	B00D-B00F	B011-B013	B015-B01B	B01D-B027	B029-B043	B045-B047	B049-B049	B04B-B04B	B04D-B052	B055-B056	B058-B05C	B05E-B05E
Noto Sans KR	700	/fonts/served/noto-sans-kr-60-700-normal.woff2	AF03-AF07	AF09-AF2B	AF2E-AF33	AF35-AF3B	AF3E-AF40	AF44-AF47	AF4A-AF5C	AF5E-AF63	AF65-AF7F	AF81-AFAB
Noto Sans KR	700	/fonts/served/noto-sans-kr-61-700-normal.woff2	AE56-AE5B	AE5E-AE60	AE62-AE64	AE66-AE67	AE69-AE6B	AE6D-AE83	AE85-AEBB	AEBF-AEBF	AEC1-AEC3	AEC5-AECB	AECE-AECE	AED0-AED0	AED2-AED7	AED9-AEF3	AEF5-AF02
Noto Sans KR	700	/fonts/served/noto-sans-kr-62-700-normal.woff2	AD9C-ADA3	ADA5-ADBF	ADC1-ADC3	ADC5-ADC7	ADC9-ADD2	ADD4-ADDB	ADDD-ADDF	ADE1-ADE3	ADE5-ADF7	ADFA-ADFB	ADFD-ADFF	AE02-AE07	AE0A-AE0A	AE0C-AE0C	AE0E-AE13	AE15-AE2F	AE31-AE33	AE35-AE37	AE39-AE3F	AE42-AE42	AE44-AE44	AE46-AE49	AE4B-AE4B	AE4F-AE4F	AE51-AE53	AE55-AE55
Noto Sans KR	700	/fonts/served/noto-sans-kr-63-700-normal.woff2	ACE2-ACE3	ACE5-ACE6	ACE9-ACEF	ACF2-ACF2	ACF4-ACF4	ACF7-ACFB	ACFE-ACFF	AD01-AD03	AD05-AD0B	AD0D-AD10	AD12-AD1B	AD1D-AD33	AD35-AD48	AD4A-AD4F	AD51-AD6B	AD6E-AD6F	AD71-AD72	AD77-AD7C	AD7E-AD7E	AD80-AD80	AD82-AD87	AD89-AD8B	AD8D-AD8F	AD91-AD9B
Noto Sans KR	700	/fonts/served/noto-sans-kr-64-700-normal.woff2	AC25-AC2C	AC2E-AC2E	AC30-AC30	AC32-AC37	AC39-AC3F	AC41-AC4C	AC4E-AC6F	AC72-AC73	AC75-AC76	AC79-AC7F	AC82-AC82	AC84-AC88	AC8A-AC8B	AC8D-AC8F	AC91-AC93	AC95-AC9B	AC9D-AC9E	ACA1-ACA7	ACAB-ACAB	ACAD-ACAF	ACB1-ACB7	ACBA-ACBB	ACBE-ACC0	ACC2-ACC3	ACC5-ACDF
Noto Sans KR	700	/fonts/served/noto-sans-kr-65-700-normal.woff2	99DF-99DF	99ED-99ED	99F1-99F1	99FF-99FF	9A01-9A01	9A08-9A08	9A0E-9A0F	9A19-9A19	9A2B-9A2B	9A30-9A30	9A36-9A37	9A40-9A40	9A43-9A43	9A45-9A45	9A4D-9A4D	9A55-9A55	9A57-9A57	9A5A-9A5B	9A5F-9A5F	9A62-9A62	9A65-9A65	9A69-9A6A	9AA8-9AA8	9AB8-9AB8	9AD3-9AD3	9AE5-9AE5	9AEE-9AEE	9B1A-9B1A	9B27-9B27	9B2A-9B2A	9B31-9B31	9B3C-9B3C	9B41-9B45	9B4F-9B4F	9B54-9B54	9B5A-9B5A	9B6F-9B6F	9B8E-9B8E	9B91-9B91	9B9F-9B9F	9BAB-9BAB	9BAE-9BAE	9BC9-9BC9	9BD6-9BD6	9BE4-9BE4	9BE8-9BE8	9C0D-9C0D	9C10-9C10	9C12-9C12	9C15-9C15	9C25-9C25	9C32-9C32	9C3B-9C3B	9C47-9C47	9C49-9C49	9C57-9C57	9CE5-9CE5	9CE7-9CE7	9CE9-9CE9	9CF3-9CF4	9CF6-9CF6	9D09-9D09	9D1B-9D1B	9D26-9D26	9D28-9D28	9D3B-9D3B	9D51-9D51	9D5D-9D5D	9D60-9D61	9D6C-9D6C	9D72-9D72	9DA9-9DA9	9DAF-9DAF	9DB4-9DB4	9DC4-9DC4	9DD7-9DD7	9DF2-9DF2	9DF8-9DFA	9E1A-9E1A	9E1E-9E1E	9E75-9E75	9E79-9E79	9E7D-9E7D	9E7F-9E7F	9E92-9E93	9E97-9E97	9E9D-9E9D	9E9F-9E9F	9EA5-9EA5	9EB4-9EB5	9EBB-9EBB	9EBE-9EBE	9EC3-9EC3	9ECD-9ECE	9ED4-9ED4	9ED8-9ED8	9EDB-9EDC	9EDE-9EDE	9EE8-9EE8	9EF4-9EF4	9F07-9F08	9F0E-9F0E	9F13-9F13	9F20-9F20	9F3B-9F3B	9F4A-9F4B	9F4E-9F4E	9F52-9F52	9F5F-9F5F	9F61-9F61	9F67-9F67	9F6A-9F6A	9F6C-9F6C	9F77-9F77	9F8D-9F8D	9F90-9F90	9F95-9F95	9F9C-9F9C	AC02-AC03	AC05-AC06	AC09-AC0F	AC17-AC18	AC1B-AC1B	AC1E-AC1F	AC21-AC23
Noto Sans KR	700	/fonts/served/noto-sans-kr-66-700-normal.woff2	96A7-96A8	96AA-96AA	96B1-96B1	96B7-96B7	96BB-96BB	96C0-96C1	96C4-96C5	96C7-96C7	96C9-96C9	96CB-96CE	96D5-96D6	96D9-96D9	96DB-96DC	96E2-96E3	96E8-96EA	96EF-96F0	96F2-96F2	96F6-96F7	96F9-96F9	96FB-96FB	9700-9700	9706-9707	9711-9711	9713-9713	9716-9716	9719-9719	971C-971C	971E-971E	9727-9727	9730-9730	9732-9732	9739-9739	973D-973D	9742-9742	9744-9744	9748-9748	9756-9756	975C-975C	9761-9761	9769-9769	976D-976D	9774-9774	9777-9777	977A-977A	978B-978B	978D-978D	978F-978F	97A0-97A0	97A8-97A8	97AB-97AB	97AD-97AD	97C6-97C6	97CB-97CB	97DC-97DC	97F6-97F6	97FB-97FB	97FF-9803	9805-9806	9808-9808	980A-980A	980C-980C	9810-9813	9817-9818	982D-982D	9830-9830	9838-9839	983B-983B	9846-9846	984C-984E	9854-9854	9858-9858	985A-985A	985E-985E	9865-9865	9867-9867	986B-986B	986F-986F	98AF-98AF	98B1-98B1	98C4-98C4	98C7-98C7	98DB-98DC	98E1-98E2	98ED-98EF	98F4-98F4	98FC-98FE	9903-9903	9909-990A	990C-990C	9910-9910	9913-9913	9918-9918	991E-991E	9920-9920	9928-9928	9945-9945	9949-9949	994B-994D	9951-9952	9954-9954	9957-9957	9996-9996	999D-999D	99A5-99A5	99A8-99A8	99AC-99AE	99B1-99B1	99B3-99B4	99B9-99B9	99C1-99C1	99D0-99D2	99D5-99D5	99D9-99D9	99DD-99DD
Noto Sans KR	700	/fonts/served/noto-sans-kr-67-700-normal.woff2	920D-920D	9210-9212	9217-9217	921E-921E	9234-9234	923A-923A	923F-9240	9245-9245	9249-9249	9257-9257	925B-925B	925E-925E	9262-9262	9264-9266	9283-9283	9285-9285	9291-9291	9293-9293	9296-9296	9298-9298	929C-929C	92B3-92B3	92B6-92B7	92B9-92B9	92CC-92CC	92CF-92CF	92D2-92D2	92E4-92E4	92EA-92EA	92F8-92F8	92FC-92FC	9304-9304	9310-9310	9318-9318	931A-931A	931E-9322	9324-9324	9326-9326	9328-9328	932B-932B	932E-932F	9348-9348	934A-934B	934D-934D	9354-9354	935B-935B	936E-936E	9375-9375	937C-937C	937E-937E	938C-938C	9394-9394	9396-9396	939A-939A	93A3-93A3	93A7-93A7	93AC-93AD	93B0-93B0	93C3-93C3	93D1-93D1	93DE-93DE	93E1-93E1	93E4-93E4	93F6-93F6	9404-9404	9418-9418	9425-9425	942B-942B	9435-9435	9438-9438	9444-9444	9451-9452	945B-945B	947D-947D	947F-947F	9583-9583	9589-9589	958F-958F	9591-9592	9594-9594	9598-9598	95A3-95A5	95A8-95A8	95AD-95AD	95B1-95B1	95BB-95BC	95C7-95C7	95CA-95CA	95D4-95D6	95DC-95DC	95E1-95E2	961C-961C	9621-9621	962A-962A	962E-962E	9632-9632	963B-963B	963F-9640	9642-9642	9644-9644	964B-964D	9650-9650	965B-965F	9662-9664	966A-966A	9670-9670	9673-9673	9675-9678	967D-967D	9685-9686	968A-968B	968D-968E	9694-9695	9698-9699	969B-969C	96A3-96A3
Noto Sans KR	700	/fonts/served/noto-sans-kr-68-700-normal.woff2	8FA8-8FA8	8FAD-8FAD	8FAF-8FB2	8FC2-8FC2	8FC5-8FC5	8FCE-8FCE	8FD4-8FD4	8FE6-8FE6	8FEA-8FEB	8FED-8FED	8FF0-8FF0	8FF2-8FF2	8FF7-8FF7	8FF9-8FF9	8FFD-8FFD	9000-9003	9005-9006	9008-9008	900B-900B	900D-900D	900F-9011	9014-9015	9017-9017	9019-9019	901D-9023	902E-902E	9031-9032	9035-9035	9038-9038	903C-903C	903E-903E	9041-9042	9047-9047	904A-904B	904D-904E	9050-9051	9054-9055	9059-9059	905C-905E	9060-9061	9063-9063	9069-9069	906D-906F	9072-9072	9075-9075	9077-9078	907A-907A	907C-907D	907F-9084	9087-9088	908A-908A	908F-908F	9091-9091	9095-9095	9099-9099	90A2-90A3	90A6-90A6	90A8-90A8	90AA-90AA	90AF-90B1	90B5-90B5	90B8-90B8	90C1-90C1	90CA-90CA	90DE-90DE	90E1-90E1	90ED-90ED	90F5-90F5	9102-9102	9112-9112	9115-9115	9119-9119	9127-9127	912D-912D	9132-9132	9149-914E	9152-9152	9162-9162	9169-916A	916C-916C	9175-9175	9177-9178	9187-9187	9189-9189	918B-918B	918D-918D	9192-9192	919C-919C	91AB-91AC	91AE-91AF	91B1-91B1	91B4-91B5	91C0-91C0	91C7-91C7	91C9-91C9	91CB-91CB	91CF-91D0	91D7-91D8	91DC-91DD	91E3-91E3	91E7-91E7	91EA-91EA	91F5-91F5
Noto Sans KR	700	/fonts/served/noto-sans-kr-69-700-normal.woff2	8C6A-8C6B	8C79-8C7A	8C82-8C82	8C8A-8C8A	8C8C-8C8C	8C9D-8C9E	8CA0-8CA2	8CA7-8CAC	8CAF-8CB0	8CB3-8CB4	8CB6-8CB8	8CBB-8CBD	8CBF-8CC4	8CC7-8CC8	8CCA-8CCA	8CD1-8CD1	8CD3-8CD3	8CDA-8CDA	8CDC-8CDC	8CDE-8CDE	8CE0-8CE0	8CE2-8CE4	8CE6-8CE6	8CEA-8CEA	8CED-8CED	8CF4-8CF4	8CFB-8CFD	8D04-8D05	8D07-8D08	8D0A-8D0A	8D0D-8D0D	8D13-8D13	8D16-8D16	8D64-8D64	8D66-8D66	8D6B-8D6B	8D70-8D70	8D73-8D74	8D77-8D77	8D85-8D85	8D8A-8D8A	8D99-8D99	8DA3-8DA3	8DA8-8DA8	8DB3-8DB3	8DBA-8DBA	8DBE-8DBE	8DC6-8DC6	8DCB-8DCC	8DCF-8DCF	8DDB-8DDB	8DDD-8DDD	8DE1-8DE1	8DE3-8DE3	8DE8-8DE8	8DF3-8DF3	8E0A-8E0A	8E0F-8E10	8E1E-8E1E	8E2A-8E2A	8E30-8E30	8E35-8E35	8E42-8E42	8E44-8E44	8E47-8E4A	8E59-8E59	8E5F-8E60	8E74-8E74	8E76-8E76	8E81-8E81	8E87-8E87	8E8A-8E8A	8E8D-8E8D	8EAA-8EAC	8EC0-8EC0	8ECB-8ECC	8ED2-8ED2	8EDF-8EDF	8EEB-8EEB	8EF8-8EF8	8EFB-8EFB	8EFE-8EFE	8F03-8F03	8F05-8F05	8F09-8F09	8F12-8F15	8F1B-8F1F	8F26-8F27	8F29-8F2A	8F2F-8F2F	8F33-8F33	8F38-8F39	8F3B-8F3B	8F3E-8F3F	8F44-8F45	8F49-8F49	8F4D-8F4E	8F5D-8F5D	8F5F-8F5F	8F62-8F62	8F9B-8F9C	8FA3-8FA3	8FA6-8FA6
Noto Sans KR	700	/fonts/served/noto-sans-kr-70-700-normal.woff2	8941-8941	8944-8944	895F-895F	8964-8964	896A-896A	8972-8972	8981-8981	8983-8983	8986-8987	898F-898F	8993-8993	8996-8996	89A1-89A1	89A9-89AA	89B2-89B2	89BA-89BA	89BD-89BD	89C0-89C0	89D2-89D2	89E3-89E3	89F4-89F4	89F8-89F8	8A02-8A03	8A08-8A08	8A0A-8A0A	8A0C-8A0C	8A0E-8A0E	8A13-8A13	8A16-8A17	8A1B-8A1B	8A1D-8A1D	8A1F-8A1F	8A23-8A23	8A25-8A25	8A2A-8A2A	8A2D-8A2D	8A31-8A31	8A34-8A34	8A36-8A36	8A3A-8A3B	8A50-8A50	8A54-8A55	8A5B-8A5B	8A5E-8A5E	8A60-8A60	8A62-8A63	8A66-8A66	8A6D-8A6E	8A70-8A70	8A72-8A73	8A75-8A75	8A79-8A79	8A85-8A85	8A87-8A87	8A8C-8A8D	8A93-8A93	8A95-8A95	8A98-8A98	8AA0-8AA1	8AA3-8AA6	8AA8-8AA8	8AAA-8AAA	8AB0-8AB0	8AB2-8AB2	8AB9-8AB9	8ABC-8ABC	8ABE-8ABF	8AC2-8AC2	8AC4-8AC4	8AC7-8AC7	8ACB-8ACB	8ACD-8ACD	8ACF-8ACF	8AD2-8AD2	8AD6-8AD6	8ADB-8ADC	8AE1-8AE1	8AE6-8AE7	8AEA-8AEB	8AED-8AEE	8AF1-8AF1	8AF6-8AF8	8AFA-8AFA	8AFE-8AFE	8B00-8B02	8B04-8B04	8B0E-8B0E	8B10-8B10	8B14-8B14	8B16-8B17	8B19-8B1B	8B1D-8B1D	8B20-8B20	8B28-8B28	8B2B-8B2C	8B33-8B33	8B39-8B39	8B41-8B41	8B49-8B49	8B4E-8B4F	8B58-8B58	8B5A-8B5A	8B5C-8B5C	8B66-8B66	8B6C-8B6C	8B6F-8B70	8B74-8B74	8B77-8B77	8B7D-8B7D	8B80-8B80	8B8A-8B8A	8B90-8B90	8B92-8B93	8B96-8B96	8B9A-8B9A	8C37-8C37	8C3F-8C3F	8C41-8C41	8C46-8C46	8C48-8C48	8C4A-8C4A	8C4C-8C4C	8C55-8C55	8C5A-8C5A	8C61-8C61
Noto Sans KR	700	/fonts/served/noto-sans-kr-71-700-normal.woff2	858F-858F	8591-8591	8594-8594	859B-859B	85A6-85A6	85A8-85AA	85AF-85B0	85BA-85BA	85C1-85C1	85C9-85C9	85CD-85CF	85D5-85D5	85DC-85DD	85E4-85E5	85E9-85EA	85F7-85F7	85FA-85FB	85FF-85FF	8602-8602	8606-8607	860A-860A	8616-8617	861A-861A	862D-862D	863F-863F	864E-864E	8650-8650	8654-8655	865B-865C	865E-865F	8667-8667	8679-8679	868A-868A	868C-868C	8693-8693	86A3-86A4	86A9-86A9	86C7-86C7	86CB-86CB	86D4-86D4	86D9-86D9	86DB-86DB	86DF-86DF	86E4-86E4	86ED-86ED	86FE-86FE	8700-8700	8702-8703	8708-8708	8718-8718	871A-871A	871C-871C	874E-874E	8755-8755	8757-8757	875F-875F	8766-8766	8768-8768	8774-8774	8776-8776	8778-8778	8782-8782	878D-878D	879F-879F	87A2-87A2	87B3-87B3	87BA-87BA	87C4-87C4	87E0-87E0	87EC-87EC	87EF-87EF	87F2-87F2	87F9-87F9	87FB-87FB	87FE-87FE	8805-8805	881F-881F	8822-8823	8831-8831	8836-8836	883B-883B	8840-8840	8846-8846	884D-884D	8852-8853	8857-8857	8859-8859	885B-885B	885D-885D	8861-8863	8868-8868	886B-886B	8870-8870	8872-8872	8877-8877	887E-887F	8881-8882	8888-8888	888B-888B	888D-888D	8892-8892	8896-8897	889E-889E	88AB-88AB	88B4-88B4	88C1-88C2	88CF-88CF	88D4-88D5	88D9-88D9	88DC-88DD	88DF-88DF	88E1-88E1	88E8-88E8	88F3-88F5	88F8-88F8	88FD-88FD	8907-8907	8910-8910	8912-8913	8918-8919	8925-8925	892A-892A	8936-8936	8938-8938	893B-893B
Noto Sans KR	700	/fonts/served/noto-sans-kr-72-700-normal.woff2	82A6-82A6	82A9-82A9	82AC-82AF	82B3-82B3	82B7-82B9	82BB-82BD	82BF-82BF	82D1-82D2	82D4-82D5	82D7-82D7	82DB-82DB	82DE-82DF	82E1-82E1	82E5-82E7	82FD-82FE	8301-8305	8309-8309	8317-8317	8328-8328	832B-832B	832F-832F	8331-8331	8334-8336	8338-8339	8340-8340	8347-8347	8349-834A	834F-834F	8351-8352	8373-8373	8377-8377	837B-837B	8389-838A	838E-838E	8396-8396	8398-8398	839E-839E	83A2-83A2	83A9-83AB	83BD-83BD	83C1-83C1	83C5-83C5	83C9-83CA	83CC-83CC	83D3-83D3	83D6-83D6	83DC-83DC	83E9-83E9	83EB-83EB	83EF-83F2	83F4-83F4	83F9-83F9	83FD-83FD	8403-8404	840A-840A	840C-840E	8429-8429	842C-842C	8431-8431	8438-8438	843D-843D	8449-8449	8457-8457	845B-845B	8461-8461	8463-8463	8466-8466	846B-846C	846F-846F	8475-8475	847A-847A	8490-8490	8494-8494	8499-8499	849C-849C	84A1-84A1	84B2-84B2	84B8-84B8	84BB-84BC	84BF-84C0	84C2-84C2	84C4-84C4	84C6-84C6	84C9-84C9	84CB-84CB	84CD-84CD	84D1-84D1	84DA-84DA	84EC-84EC	84EE-84EE	84F4-84F4	84FC-84FC	8511-8511	8513-8514	8517-8518	851A-851A	851E-851E	8521-8521	8523-8523	8525-8525	852C-852D	852F-852F	853D-853D	853F-853F	8541-8541	8543-8543	8549-8549	854E-854E	8553-8553	8559-8559	8563-8563	8568-856A	856D-856D	8584-8584	8587-8587
Noto Sans KR	700	/fonts/served/noto-sans-kr-73-700-normal.woff2	8033-8033	8036-8036	803D-803D	803F-803F	8043-8043	8046-8046	804A-804A	8056-8056	8058-8058	805A-805A	805E-805E	806F-8070	8072-8073	8077-8077	807D-807F	8084-8087	8089-8089	808B-808C	8096-8096	809B-809B	809D-809D	80A1-80A2	80A5-80A5	80A9-80AA	80AF-80AF	80B1-80B2	80B4-80B4	80BA-80BA	80C3-80C4	80CC-80CC	80CE-80CE	80DA-80DB	80DE-80DE	80E1-80E1	80E4-80E5	80F1-80F1	80F4-80F4	80F8-80F8	80FD-80FD	8102-8102	8105-8108	810A-810A	8118-8118	811A-811B	8123-8123	8129-8129	812B-812B	812F-812F	8139-8139	813E-813E	814B-814B	814E-814E	8150-8151	8154-8155	8165-8166	816B-816B	8170-8171	8178-817A	817F-8180	8188-8188	818A-818A	818F-818F	819A-819A	819C-819D	81A0-81A0	81A3-81A3	81A8-81A8	81B3-81B3	81B5-81B5	81BA-81BA	81BD-81C0	81C2-81C2	81C6-81C6	81CD-81CD	81D8-81D8	81DF-81DF	81E3-81E3	81E5-81E5	81E7-81E8	81ED-81ED	81F3-81F4	81FA-81FC	81FE-81FE	8205-8205	8208-8208	820A-820A	820C-820D	8212-8212	821B-821C	821E-821F	8221-8221	822A-822C	8235-8237	8239-8239	8240-8240	8245-8245	8247-8247	8259-8259	8264-8264	8266-8266	826E-826F	8271-8271	8276-8276	8278-8278	827E-827E	828B-828B	828D-828E	8292-8292	8299-829A	829D-829D	829F-829F	82A5-82A5
Noto Sans KR	700	/fonts/served/noto-sans-kr-74-700-normal.woff2	7D2F-7D30	7D33-7D33	7D35-7D35	7D39-7D3A	7D42-7D46	7D50-7D50	7D5E-7D5E	7D61-7D62	7D66-7D66	7D68-7D68	7D6A-7D6A	7D6E-7D6E	7D71-7D73	7D76-7D76	7D79-7D79	7D7F-7D7F	7D8E-7D8F	7D93-7D93	7D9C-7D9C	7DA0-7DA0	7DA2-7DA2	7DAC-7DAD	7DB1-7DB2	7DB4-7DB5	7DB8-7DB8	7DBA-7DBB	7DBD-7DBF	7DC7-7DC7	7DCA-7DCB	7DD6-7DD6	7DD8-7DD8	7DDA-7DDA	7DDD-7DDE	7DE0-7DE1	7DE3-7DE3	7DE8-7DE9	7DEC-7DEC	7DEF-7DEF	7DF4-7DF4	7DFB-7DFB	7E09-7E0A	7E15-7E15	7E1B-7E1B	7E1D-7E1F	7E21-7E21	7E23-7E23	7E2B-7E2B	7E2E-7E2F	7E31-7E31	7E37-7E37	7E3D-7E3E	7E43-7E43	7E46-7E47	7E52-7E52	7E54-7E55	7E5E-7E5E	7E61-7E61	7E69-7E6B	7E6D-7E6D	7E70-7E70	7E79-7E79	7E7C-7E7C	7E82-7E82	7E8C-7E8C	7E8F-7E8F	7E93-7E93	7E96-7E96	7E98-7E98	7E9B-7E9C	7F36-7F36	7F38-7F38	7F3A-7F3A	7F4C-7F4C	7F50-7F50	7F54-7F55	7F6A-7F6B	7F6E-7F6E	7F70-7F70	7F72-7F72	7F75-7F75	7F77-7F77	7F79-7F79	7F85-7F85	7F88-7F88	7F8A-7F8A	7F8C-7F8C	7F94-7F94	7F9A-7F9A	7F9E-7F9E	7FA4-7FA4	7FA8-7FA9	7FB2-7FB2	7FB8-7FB9	7FBD-7FBD	7FC1-7FC1	7FC5-7FC5	7FCA-7FCA	7FCC-7FCC	7FCE-7FCE	7FD2-7FD2	7FD4-7FD5	7FDF-7FE1	7FE9-7FE9	7FEB-7FEB	7FF0-7FF0	7FF9-7FF9	7FFC-7FFC	8000-8001	8003-8003	8006-8006	8009-8009	800C-800C	8010-8010	8015-8015	8017-8018	802D-802D
Noto Sans KR	700	/fonts/served/noto-sans-kr-75-700-normal.woff2	7A49-7A49	7A4D-7A4E	7A57-7A57	7A61-7A62	7A69-7A69	7A6B-7A6B	7A70-7A70	7A74-7A74	7A76-7A76	7A79-7A79	7A7D-7A7D	7A7F-7A7F	7A81-7A81	7A84-7A84	7A88-7A88	7A92-7A93	7A95-7A95	7A98-7A98	7A9F-7A9F	7AA9-7AAA	7AAE-7AAF	7ABA-7ABA	7AC4-7AC5	7AC7-7AC7	7ACA-7ACA	7AD7-7AD7	7AD9-7AD9	7ADD-7ADD	7ADF-7AE0	7AE3-7AE3	7AE5-7AE5	7AEA-7AEA	7AED-7AED	7AEF-7AEF	7AF6-7AF6	7AF9-7AFA	7AFF-7AFF	7B0F-7B0F	7B11-7B11	7B19-7B19	7B1B-7B1B	7B1E-7B1E	7B20-7B20	7B26-7B26	7B2D-7B2D	7B39-7B39	7B46-7B46	7B49-7B49	7B4B-7B4D	7B4F-7B52	7B54-7B54	7B56-7B56	7B60-7B60	7B6C-7B6C	7B6E-7B6E	7B75-7B75	7B7D-7B7D	7B87-7B87	7B8B-7B8B	7B8F-7B8F	7B94-7B95	7B97-7B97	7B9A-7B9A	7B9D-7B9D	7BA1-7BA1	7BAD-7BAD	7BB1-7BB1	7BB4-7BB4	7BB8-7BB8	7BC0-7BC1	7BC4-7BC4	7BC6-7BC7	7BC9-7BC9	7BD2-7BD2	7BE0-7BE0	7BE4-7BE4	7BE9-7BE9	7C07-7C07	7C12-7C12	7C1E-7C1E	7C21-7C21	7C27-7C27	7C2A-7C2B	7C3D-7C3F	7C43-7C43	7C4C-7C4D	7C60-7C60	7C64-7C64	7C6C-7C6C	7C73-7C73	7C83-7C83	7C89-7C89	7C92-7C92	7C95-7C95	7C97-7C98	7C9F-7C9F	7CA5-7CA5	7CA7-7CA7	7CAE-7CAE	7CB1-7CB3	7CB9-7CB9	7CBE-7CBE	7CCA-7CCA	7CD6-7CD6	7CDE-7CE0	7CE7-7CE7	7CFB-7CFB	7CFE-7CFE	7D00-7D00	7D02-7D02	7D04-7D08	7D0A-7D0B	7D0D-7D0D	7D10-7D10	7D14-7D14	7D17-7D1B	7D20-7D21	7D2B-7D2C	7D2E-7D2E
Noto Sans KR	700	/fonts/served/noto-sans-kr-76-700-normal.woff2	7704-7704	7708-7709	770B-770B	771E-771E	7720-7720	7729-7729	7737-7738	773A-773A	773C-773C	7740-7740	774D-774D	775B-775B	7761-7761	7763-7763	7766-7766	776B-776B	7779-7779	777E-777F	778B-778B	7791-7791	779E-779E	77A5-77A5	77AC-77AD	77B0-77B0	77B3-77B3	77BB-77BC	77BF-77BF	77D7-77D7	77DB-77DC	77E2-77E3	77E9-77E9	77ED-77EF	7802-7802	7812-7812	7825-7827	782C-782C	7832-7832	7834-7834	7845-7845	784F-784F	785D-785D	786B-786C	786F-786F	787C-787C	7881-7881	7887-7887	788C-788E	7891-7891	7897-7897	78A3-78A3	78A7-78A7	78A9-78A9	78BA-78BC	78C1-78C1	78C5-78C5	78CA-78CB	78CE-78CE	78D0-78D0	78E8-78E8	78EC-78EC	78EF-78EF	78F5-78F5	78FB-78FB	7901-7901	790E-790E	7916-7916	792A-792C	793A-793A	7940-7941	7947-7949	7950-7950	7956-7957	795A-795D	7960-7960	7965-7965	7968-7968	796D-796D	797A-797A	797F-797F	7981-7981	798D-798E	7991-7991	79A6-79A7	79AA-79AA	79AE-79AE	79B1-79B1	79B3-79B3	79B9-79B9	79BD-79C1	79C9-79CB	79D2-79D2	79D5-79D5	79D8-79D8	79DF-79DF	79E4-79E4	79E6-79E7	79E9-79E9	79FB-79FB	7A00-7A00	7A05-7A05	7A08-7A08	7A0B-7A0B	7A0D-7A0D	7A14-7A14	7A17-7A17	7A19-7A1A	7A1C-7A1C	7A1F-7A20	7A2E-7A2E	7A31-7A31	7A36-7A37	7A3B-7A3D	7A3F-7A40	7A46-7A46
Noto Sans KR	700	/fonts/served/noto-sans-kr-77-700-normal.woff2	7482-7483	7487-7487	7489-7489	748B-748B	7498-7498	749C-749C	749E-749F	74A1-74A1	74A3-74A3	74A5-74A5	74A7-74A8	74AA-74AA	74B0-74B0	74B2-74B2	74B5-74B5	74B9-74B9	74BD-74BD	74BF-74BF	74C6-74C6	74CA-74CA	74CF-74CF	74D4-74D4	74D8-74D8	74DA-74DA	74DC-74DC	74E0-74E0	74E2-74E3	74E6-74E6	74EE-74EE	74F7-74F7	7501-7501	7504-7504	7511-7511	7515-7515	7518-7518	751A-751B	7523-7523	7525-7526	752B-752C	7531-7531	7533-7533	7538-7538	753A-753A	7547-7547	754C-754C	754F-754F	7551-7551	7553-7554	7559-7559	755B-755D	7562-7562	7565-7566	756A-756A	756F-7570	7575-7576	7578-7578	757A-757A	757F-757F	7586-7587	758A-758B	758E-758F	7591-7591	759D-759D	75A5-75A5	75AB-75AB	75B1-75B3	75B5-75B5	75B8-75B9	75BC-75BE	75C2-75C2	75C5-75C5	75C7-75C7	75CD-75CD	75D2-75D2	75D4-75D5	75D8-75D9	75DB-75DB	75E2-75E2	75F0-75F0	75F2-75F2	75F4-75F4	75FA-75FA	75FC-75FC	7600-7600	760D-760D	7619-7619	761F-7622	7624-7624	7626-7626	763B-763B	7642-7642	764C-764C	764E-764E	7652-7652	7656-7656	7661-7661	7664-7664	7669-7669	766C-766C	7670-7670	7672-7672	7678-7678	7686-7687	768E-768E	7690-7690	7693-7693	76AE-76AE	76BA-76BA	76BF-76BF	76C2-76C3	76C6-76C6	76C8-76C8	76CA-76CA	76D2-76D2	76D6-76D6	76DB-76DC	76DE-76DF	76E1-76E1	76E3-76E4	76E7-76E7	76F2-76F2	76FC-76FC	76FE-76FE	7701-7701
Noto Sans KR	700	/fonts/served/noto-sans-kr-78-700-normal.woff2	7230-7230	7232-7232	7235-7235	723A-723B	723D-723E	7240-7240	7246-7248	724C-724C	7252-7252	7258-7259	725B-725B	725D-725D	725F-725F	7261-7262	7267-7267	7272-7272	727D-727D	7280-7281	72A2-72A2	72A7-72A7	72AC-72AC	72AF-72AF	72C0-72C0	72C2-72C2	72C4-72C4	72CE-72CE	72D0-72D0	72D7-72D7	72D9-72D9	72E1-72E1	72E9-72E9	72F8-72F9	72FC-72FD	730A-730A	7316-7316	731B-731D	7325-7325	7329-732B	7336-7337	733E-733F	7344-7345	7350-7350	7352-7352	7357-7357	7368-7368	736A-736A	7370-7370	7372-7372	7375-7375	7378-7378	737A-737B	7384-7384	7386-7387	7389-7389	738E-738E	7394-7394	7396-7398	739F-739F	73A7-73A7	73A9-73A9	73AD-73AD	73B2-73B3	73B9-73B9	73C0-73C0	73C2-73C2	73C9-73CA	73CC-73CD	73CF-73CF	73D6-73D6	73D9-73D9	73DD-73DE	73E0-73E0	73E3-73E6	73E9-73EA	73ED-73ED	73F7-73F7	73F9-73F9	73FD-73FE	7401-7401	7403-7403	7405-7405	7407-7407	7409-7409	7413-7413	741B-741B	7420-7422	7425-7426	7428-7428	742A-742C	742E-7430	7433-7436	7438-7438	743A-743A	743F-7441	7443-7444	744B-744B	7455-7455	7457-7457	7459-745C	745E-7460	7462-7462	7464-7465	7468-746A	746F-746F	747E-747E
Noto Sans KR	700	/fonts/served/noto-sans-kr-79-700-normal.woff2	6F8D-6F8E	6F90-6F90	6F94-6F94	6F97-6F97	6FA3-6FA4	6FA7-6FA7	6FAE-6FAF	6FB1-6FB1	6FB3-6FB3	6FB9-6FB9	6FBE-6FBE	6FC0-6FC3	6FCA-6FCA	6FD5-6FD5	6FDA-6FDA	6FDF-6FE1	6FE4-6FE4	6FE9-6FE9	6FEB-6FEC	6FEF-6FEF	6FF1-6FF1	6FFE-6FFE	7001-7001	7005-7006	7009-7009	700B-700B	700F-700F	7011-7011	7015-7015	7018-7018	701A-701F	7023-7023	7027-7028	702F-702F	7037-7037	703E-703E	704C-704C	7050-7051	7058-7058	705D-705D	7070-7070	7078-7078	707C-707D	7085-7085	708A-708A	708E-708E	7092-7092	7098-709A	70A1-70A1	70A4-70A4	70AB-70AD	70AF-70AF	70B3-70B3	70B7-70B9	70C8-70C8	70CB-70CB	70CF-70CF	70D8-70D9	70DD-70DD	70DF-70DF	70F1-70F1	70F9-70F9	70FD-70FD	7104-7104	7109-7109	710C-710C	7119-711A	711E-711E	7126-7126	7130-7130	7136-7136	7147-7147	7149-714A	714C-714C	714E-714E	7150-7150	7156-7156	7159-7159	715C-715C	715E-715E	7164-7167	7169-7169	716C-716C	716E-716E	717D-717D	7184-7184	7189-718A	718F-718F	7192-7192	7194-7194	7199-7199	719F-719F	71A2-71A2	71AC-71AC	71B1-71B1	71B9-71BA	71BE-71BE	71C1-71C1	71C3-71C3	71C8-71C9	71CE-71CE	71D0-71D0	71D2-71D2	71D4-71D5	71DF-71DF	71E5-71E7	71ED-71EE	71FB-71FC	71FE-7200	7206-7206	7210-7210	721B-721B	722A-722A	722C-722D
Noto Sans KR	700	/fonts/served/noto-sans-kr-80-700-normal.woff2	6D5A-6D5A	6D5C-6D5C	6D63-6D63	6D66-6D66	6D69-6D6A	6D6C-6D6C	6D6E-6D6E	6D74-6D74	6D78-6D79	6D7F-6D7F	6D85-6D85	6D87-6D89	6D8C-6D8E	6D91-6D91	6D93-6D93	6D95-6D95	6DAF-6DAF	6DB2-6DB2	6DB5-6DB5	6DC0-6DC0	6DC3-6DC7	6DCB-6DCB	6DCF-6DCF	6DD1-6DD1	6DD8-6DDA	6DDE-6DDE	6DE1-6DE1	6DE8-6DE8	6DEA-6DEB	6DEE-6DEE	6DF1-6DF1	6DF3-6DF3	6DF5-6DF5	6DF7-6DFB	6E17-6E17	6E19-6E1B	6E1F-6E21	6E23-6E26	6E2B-6E2D	6E32-6E32	6E34-6E34	6E36-6E36	6E38-6E38	6E3A-6E3A	6E3C-6E3E	6E43-6E44	6E4A-6E4A	6E4D-6E4D	6E56-6E56	6E58-6E58	6E5B-6E5C	6E5E-6E5F	6E67-6E67	6E6B-6E6B	6E6E-6E6F	6E72-6E73	6E7A-6E7A	6E90-6E90	6E96-6E96	6E9C-6E9D	6E9F-6E9F	6EA2-6EA2	6EA5-6EA5	6EAA-6EAB	6EAF-6EAF	6EB1-6EB1	6EB6-6EB6	6EBA-6EBA	6EC2-6EC2	6EC4-6EC5	6EC9-6EC9	6ECB-6ECC	6ECE-6ECE	6ED1-6ED1	6ED3-6ED4	6EEF-6EEF	6EF4-6EF4	6EF8-6EF8	6EFE-6EFF	6F01-6F02	6F06-6F06	6F0F-6F0F	6F11-6F11	6F14-6F15	6F20-6F20	6F22-6F23	6F2B-6F2C	6F31-6F32	6F38-6F38	6F3F-6F3F	6F41-6F41	6F51-6F51	6F54-6F54	6F57-6F58	6F5A-6F5B	6F5E-6F5F	6F62-6F62	6F64-6F64	6F6D-6F6E	6F70-6F70	6F7A-6F7A	6F7C-6F7E	6F81-6F81	6F84-6F84	6F88-6F88
Noto Sans KR	700	/fonts/served/noto-sans-kr-81-700-normal.woff2	6ADA-6ADB	6AF6-6AF6	6AFB-6AFB	6B04-6B04	6B0A-6B0A	6B0C-6B0C	6B12-6B12	6B16-6B16	6B20-6B21	6B23-6B23	6B32-6B32	6B3A-6B3A	6B3D-6B3E	6B46-6B47	6B4E-6B4E	6B50-6B50	6B5F-6B5F	6B61-6B62	6B64-6B66	6B6A-6B6A	6B72-6B72	6B77-6B78	6B7B-6B7B	6B7F-6B7F	6B83-6B84	6B86-6B86	6B89-6B8A	6B96-6B96	6B98-6B98	6B9E-6B9E	6BAE-6BAF	6BB2-6BB2	6BB5-6BB5	6BB7-6BB7	6BBA-6BBA	6BBC-6BBC	6BBF-6BBF	6BC1-6BC1	6BC5-6BC6	6BCB-6BCB	6BCF-6BCF	6BD2-6BD3	6BD6-6BD8	6BDB-6BDB	6BEB-6BEC	6C08-6C08	6C0F-6C0F	6C13-6C13	6C23-6C23	6C37-6C38	6C3E-6C3E	6C40-6C42	6C4E-6C4E	6C50-6C50	6C55-6C55	6C57-6C57	6C5A-6C5A	6C5D-6C60	6C68-6C68	6C6A-6C6A	6C6D-6C6D	6C70-6C70	6C72-6C72	6C76-6C76	6C7A-6C7A	6C7D-6C7E	6C81-6C83	6C85-6C88	6C8C-6C8C	6C90-6C90	6C92-6C96	6C99-6C9B	6CAB-6CAB	6CAE-6CAE	6CB3-6CB3	6CB8-6CB9	6CBB-6CBF	6CC1-6CC2	6CC4-6CC4	6CC9-6CCA	6CCC-6CCC	6CD3-6CD3	6CD7-6CD7	6CDB-6CDB	6CE1-6CE3	6CE5-6CE5	6CE8-6CE8	6CEB-6CEB	6CEE-6CF0	6CF3-6CF3	6D0B-6D0C	6D11-6D11	6D17-6D17	6D19-6D19	6D1B-6D1B	6D1E-6D1E	6D25-6D25	6D27-6D27	6D29-6D29	6D32-6D32	6D35-6D36	6D38-6D39	6D3B-6D3B	6D3D-6D3E	6D41-6D41	6D59-6D59
Noto Sans KR	700	/fonts/served/noto-sans-kr-82-700-normal.woff2	67F0-67F1	67F3-67F6	67FB-67FB	67FE-67FE	6812-6813	6816-6817	6821-6822	682F-682F	6838-6839	683D-683D	6840-6843	6848-6848	684E-684E	6850-6851	6853-6854	686D-686D	6876-6876	687F-687F	6881-6881	6885-6885	688F-688F	6893-6894	6897-6897	689D-689D	689F-689F	68A1-68A2	68A7-68A8	68AD-68AD	68AF-68B1	68B3-68B3	68B5-68B6	68C4-68C5	68C9-68C9	68CB-68CB	68CD-68CD	68D2-68D2	68D5-68D5	68D7-68D8	68DA-68DA	68DF-68E0	68E7-68E8	68EE-68EE	68F2-68F2	68F9-68FA	6900-6900	6905-6905	690D-690E	6912-6912	6927-6927	6930-6930	693D-693D	693F-693F	694A-694A	6953-6955	6957-6957	6959-695A	695E-695E	6960-6963	6968-6968	696B-696B	696D-696F	6975-6975	6977-6979	6995-6995	699B-699C	69A5-69A5	69A7-69A7	69AE-69AE	69B4-69B4	69BB-69BB	69C1-69C1	69C3-69C3	69CB-69CD	69D0-69D0	69E8-69E8	69EA-69EA	69FB-69FB	69FD-69FD	69FF-69FF	6A02-6A02	6A0A-6A0A	6A11-6A11	6A13-6A13	6A17-6A17	6A19-6A19	6A1E-6A1F	6A21-6A21	6A23-6A23	6A35-6A35	6A38-6A3A	6A3D-6A3D	6A44-6A44	6A48-6A48	6A4B-6A4B	6A52-6A53	6A58-6A59	6A5F-6A5F	6A61-6A61	6A6B-6A6B	6A80-6A80	6A84-6A84	6A89-6A89	6A8D-6A8E	6A97-6A97	6A9C-6A9C	6AA3-6AA3	6AB3-6AB3	6ABB-6ABB	6AC2-6AC3	6AD3-6AD3
Noto Sans KR	700	/fonts/served/noto-sans-kr-83-700-normal.woff2	6607-6607	6609-660A	660C-660C	660F-6611	6613-6615	661E-661E	6620-6620	6627-6628	662D-662D	6630-6631	6634-6634	6636-6636	663A-663B	6641-6641	6643-6644	6649-6649	664B-664B	664F-664F	6659-6659	665B-665B	665D-665F	6664-6669	666B-666B	666E-666F	6673-6674	6676-6678	6684-6684	6687-6689	668E-668E	6690-6691	6696-6698	669D-669D	66A0-66A0	66A2-66A2	66AB-66AB	66AE-66AE	66B2-66B4	66B9-66B9	66BB-66BB	66BE-66BE	66C4-66C4	66C6-66C7	66C9-66C9	66D6-66D6	66D9-66D9	66DC-66DD	66E0-66E0	66E6-66E6	66F0-66F0	66F2-66F4	66F7-66F7	66F9-66FA	66FC-66FC	66FE-66FF	6703-6703	670B-670B	670D-670D	6714-6715	6717-6717	671B-671B	671D-671F	6726-6727	672A-672B	672D-672E	6731-6731	6736-6736	673A-673A	673D-673D	6746-6746	6749-6749	674E-6751	6753-6753	6756-6756	675C-675C	675E-675F	676D-676D	676F-6770	6773-6773	6775-6775	6777-6777	677B-677B	677E-677F	6787-6787	6789-6789	678B-678B	678F-6790	6793-6793	6795-6795	679A-679A	679D-679D	67AF-67B0	67B3-67B3	67B6-67B8	67BE-67BE	67C4-67C4	67CF-67D4	67DA-67DA	67DD-67DD	67E9-67E9	67EC-67EC	67EF-67EF
Noto Sans KR	700	/fonts/served/noto-sans-kr-84-700-normal.woff2	6392-6392	6396-6396	6398-6398	639B-639B	63A0-63A2	63A5-63A5	63A7-63AA	63C0-63C0	63C4-63C4	63C6-63C6	63CF-63CF	63D6-63D6	63DA-63DB	63E1-63E1	63ED-63EE	63F4-63F4	63F6-63F7	640D-640D	640F-640F	6414-6414	6416-6417	641C-641C	6422-6422	642C-642D	643A-643A	643E-643E	6458-6458	6460-6460	6469-6469	646F-646F	6478-647A	6488-6488	6491-6493	649A-649A	649E-649E	64A4-64A5	64AB-64AB	64AD-64AE	64B0-64B0	64B2-64B2	64BB-64BB	64C1-64C1	64C4-64C5	64C7-64C7	64CA-64CA	64CD-64CE	64D2-64D2	64D4-64D4	64D8-64D8	64DA-64DA	64E1-64E2	64E5-64E7	64EC-64EC	64F2-64F2	64F4-64F4	64FA-64FA	64FE-64FE	6500-6500	6504-6504	6518-6518	651D-651D	6523-6523	652A-652C	652F-652F	6536-6539	653B-653B	653E-653E	6548-6548	654D-654F	6551-6551	6556-6557	655E-655E	6562-6563	6566-6566	656C-656D	6572-6572	6574-6575	6577-6578	657E-657E	6582-6583	6585-6585	658C-658C	6590-6591	6597-6597	6599-6599	659B-659C	659F-659F	65A1-65A1	65A4-65A5	65A7-65A7	65AB-65AC	65AF-65AF	65B7-65B7	65BC-65BD	65C1-65C1	65C5-65C5	65CB-65CC	65CF-65CF	65D2-65D2	65D7-65D7	65E0-65E0	65E3-65E3	65E6-65E6	65E8-65E9	65EC-65ED	65F1-65F1	65F4-65F4	65FA-65FD	65FF-65FF	6606-6606
Noto Sans KR	700	/fonts/served/noto-sans-kr-85-700-normal.woff2	614C-614C	6153-6153	6155-6155	6158-6159	615D-615D	615F-615F	6162-6164	6167-6168	616B-616B	616E-616E	6170-6170	6176-6177	617D-617E	6181-6182	618A-618A	618E-618E	6190-6191	6194-6194	6198-619A	61A4-61A4	61A7-61A7	61A9-61A9	61AB-61AC	61AE-61AE	61B2-61B2	61B6-61B6	61BA-61BA	61BE-61BE	61C3-61C3	61C7-61CB	61E6-61E6	61F2-61F2	61F6-61F8	61FA-61FA	61FC-61FC	61FF-6200	6207-6208	620A-620A	620C-620E	6212-6212	6216-6216	621A-621A	621F-621F	6221-6221	622A-622A	622E-622E	6230-6231	6234-6234	6236-6236	623E-623F	6241-6241	6247-6249	624D-624D	6253-6253	6258-6258	626E-626E	6271-6271	6276-6276	6279-6279	627C-627C	627F-6280	6284-6284	6289-628A	6291-6292	6295-6295	6297-6298	629B-629B	62AB-62AB	62B1-62B1	62B5-62B5	62B9-62B9	62BC-62BD	62C2-62C2	62C7-62C9	62CC-62CD	62CF-62D0	62D2-62D4	62D6-62D9	62DB-62DC	62EC-62EF	62F1-62F1	62F3-62F3	62F7-62F7	62FE-62FF	6301-6301	6307-6307	6309-6309	6311-6311	632B-632B	632F-632F	633A-633B	633D-633E	6349-6349	634C-634C	634F-6350	6355-6355	6367-6368	636E-636E	6372-6372	6377-6377	637A-637B	637F-637F	6383-6383	6388-6389	638C-638C
Noto Sans KR	700	/fonts/served/noto-sans-kr-86-700-normal.woff2	5F11-5F11	5F13-5F15	5F17-5F18	5F1B-5F1B	5F1F-5F1F	5F26-5F27	5F29-5F29	5F31-5F31	5F35-5F35	5F3A-5F3A	5F3C-5F3C	5F48-5F48	5F4A-5F4A	5F4C-5F4C	5F4E-5F4E	5F56-5F57	5F59-5F59	5F5B-5F5B	5F62-5F62	5F66-5F67	5F69-5F6D	5F70-5F71	5F77-5F77	5F79-5F79	5F7C-5F7C	5F7F-5F81	5F85-5F85	5F87-5F87	5F8A-5F8B	5F90-5F92	5F98-5F99	5F9E-5F9E	5FA0-5FA1	5FA8-5FAA	5FAE-5FAE	5FB5-5FB5	5FB9-5FB9	5FBD-5FBD	5FC5-5FC5	5FCC-5FCD	5FD6-5FD9	5FE0-5FE0	5FEB-5FEB	5FF5-5FF5	5FFD-5FFD	5FFF-5FFF	600F-600F	6012-6012	6016-6016	601C-601C	6020-6021	6025-6025	6028-6028	602A-602A	602F-602F	6041-6043	604D-604D	6050-6050	6052-6052	6055-6055	6059-6059	605D-605D	6062-6065	6068-606A	606C-606D	606F-6070	6085-6085	6089-6089	608C-608D	6094-6094	6096-6096	609A-609B	609F-60A0	60A3-60A4	60A7-60A7	60B0-60B0	60B2-60B4	60B6-60B6	60B8-60B8	60BC-60BD	60C7-60C7	60D1-60D1	60DA-60DA	60DC-60DC	60DF-60E1	60F0-60F1	60F6-60F6	60F9-60FB	6101-6101	6106-6106	6108-6109	610D-610E	6115-6115	611A-611A	6127-6127	6130-6130	6134-6134	6137-6137	613C-613C	613E-613F	6142-6142	6144-6144	6147-6148	614A-614B
Noto Sans KR	700	/fonts/served/noto-sans-kr-87-700-normal.woff2	5C40-5C40	5C45-5C46	5C48-5C48	5C4B-5C4B	5C4D-5C4E	5C51-5C51	5C5B-5C5B	5C60-5C60	5C62-5C62	5C64-5C65	5C6C-5C6C	5C6F-5C6F	5C79-5C79	5C90-5C91	5CA1-5CA1	5CA9-5CA9	5CAB-5CAC	5CB1-5CB1	5CB3-5CB3	5CB5-5CB5	5CB7-5CB8	5CBA-5CBA	5CBE-5CBE	5CC0-5CC0	5CD9-5CD9	5CE0-5CE0	5CE8-5CE8	5CEF-5CF0	5CF4-5CF4	5CF6-5CF6	5CFB-5CFB	5CFD-5CFD	5D07-5D07	5D0D-5D0E	5D11-5D11	5D14-5D14	5D16-5D17	5D19-5D19	5D27-5D27	5D29-5D29	5D4B-5D4C	5D50-5D50	5D69-5D69	5D6C-5D6C	5D6F-5D6F	5D87-5D87	5D8B-5D8B	5D9D-5D9D	5DA0-5DA0	5DA2-5DA2	5DAA-5DAA	5DB8-5DB8	5DBA-5DBA	5DBC-5DBD	5DCD-5DCD	5DD2-5DD2	5DD6-5DD6	5DE1-5DE2	5DE5-5DE8	5DEB-5DEB	5DEE-5DEE	5DF1-5DF4	5DF7-5DF7	5DFD-5DFE	5E03-5E03	5E06-5E06	5E11-5E11	5E16-5E16	5E19-5E19	5E1B-5E1B	5E1D-5E1D	5E25-5E25	5E2B-5E2B	5E2D-5E2D	5E33-5E33	5E36-5E36	5E38-5E38	5E3D-5E3D	5E3F-5E40	5E44-5E45	5E47-5E47	5E4C-5E4C	5E55-5E55	5E5F-5E5F	5E61-5E63	5E72-5E72	5E77-5E79	5E7B-5E7E	5E84-5E84	5E87-5E87	5E8A-5E8A	5E8F-5E8F	5E95-5E95	5E97-5E97	5E9A-5E9A	5E9C-5E9C	5EA0-5EA0	5EA7-5EA7	5EAB-5EAB	5EAD-5EAD	5EB5-5EB8	5EBE-5EBE	5EC2-5EC2	5EC8-5ECA	5ED0-5ED0	5ED3-5ED3	5ED6-5ED6	5EDA-5EDB	5EDF-5EE0	5EE2-5EE3	5EEC-5EEC	5EF3-5EF3	5EF6-5EF7	5EFA-5EFB	5F01-5F01	5F04-5F04	5F0A-5F0A
Noto Sans KR	700	/fonts/served/noto-sans-kr-88-700-normal.woff2	59BE-59BE	59C3-59C3	59C6-59C6	59C9-59C9	59CB-59CB	59D0-59D1	59D3-59D4	59D9-59DA	59DC-59DD	59E6-59E6	59E8-59E8	59EA-59EA	59EC-59EC	59EE-59EE	59F8-59F8	59FB-59FB	59FF-59FF	5A01-5A01	5A03-5A03	5A11-5A11	5A18-5A18	5A1B-5A1C	5A1F-5A20	5A25-5A25	5A29-5A29	5A36-5A36	5A3C-5A3C	5A41-5A41	5A46-5A46	5A49-5A49	5A5A-5A5A	5A62-5A62	5A66-5A66	5A92-5A92	5A9A-5A9B	5AA4-5AA4	5AC1-5AC2	5AC4-5AC4	5AC9-5AC9	5ACC-5ACC	5AE1-5AE1	5AE6-5AE6	5AE9-5AE9	5B05-5B05	5B09-5B09	5B0B-5B0C	5B16-5B16	5B2A-5B2A	5B40-5B40	5B43-5B43	5B51-5B51	5B54-5B55	5B58-5B58	5B5A-5B5A	5B5C-5B5D	5B5F-5B5F	5B63-5B64	5B69-5B69	5B6B-5B6B	5B70-5B71	5B75-5B75	5B7A-5B7A	5B7C-5B7C	5B85-5B85	5B87-5B88	5B8B-5B8B	5B8F-5B8F	5B93-5B93	5B95-5B99	5B9B-5B9C	5BA2-5BA6	5BAC-5BAC	5BAE-5BAE	5BB0-5BB0	5BB3-5BB5	5BB8-5BB9	5BBF-5BC0	5BC2-5BC7	5BCC-5BCC	5BD0-5BD0	5BD2-5BD4	5BD7-5BD7	5BDE-5BDF	5BE1-5BE2	5BE4-5BE9	5BEB-5BEC	5BEE-5BEF	5BF5-5BF6	5BF8-5BF8	5BFA-5BFA	5C01-5C01	5C04-5C04	5C07-5C0B	5C0D-5C0E	5C16-5C16	5C19-5C19	5C24-5C24	5C28-5C28	5C31-5C31	5C38-5C3C	5C3E-5C3F
Noto Sans KR	700	/fonts/served/noto-sans-kr-89-700-normal.woff2	5703-5704	5708-5708	570D-570D	5712-5713	5716-5716	5718-5718	572D-572D	573B-573B	5740-5740	5742-5742	5747-5747	574A-574A	574D-574E	5750-5751	5761-5761	5764-5764	5766-5766	576A-576A	576E-576E	5770-5770	5775-5775	577C-577C	5782-5782	5788-5788	578B-578B	5793-5793	57A0-57A0	57A2-57A3	57C3-57C3	57C7-57C8	57CB-57CB	57DF-57E0	57F0-57F0	57F4-57F4	57F7-57F7	57F9-57FA	57FC-57FC	5800-5800	5802-5802	5805-5806	5808-580A	581E-581E	5821-5821	5824-5824	5827-5827	582A-582A	582F-5831	5835-5835	583A-583A	584A-584B	584F-584F	5851-5851	5854-5854	5857-5858	585A-585A	585E-585E	5861-5862	5864-5864	5875-5875	5879-5879	587C-587C	587E-587E	5883-5883	5885-5885	5889-5889	5893-5893	589C-589C	589E-589F	58A8-58A9	58AE-58AE	58B3-58B3	58BA-58BB	58BE-58BE	58C1-58C1	58C5-58C5	58C7-58C7	58CE-58CE	58D1-58D1	58D3-58D3	58D5-58D5	58D8-58D9	58DE-58DF	58E4-58E4	58EC-58EC	58EF-58EF	58F9-58FB	58FD-58FD	590F-590F	5914-5915	5919-5919	5922-5922	592D-592E	5931-5931	5937-5937	593E-593E	5944-5944	5947-5949	594E-5951	5954-5955	5957-5957	595A-595A	5960-5960	5962-5962	5967-5967	596A-596E	5974-5974	5978-5978	5982-5984	598A-598A	5993-5993	5996-5997	5999-5999	59A5-59A5	59A8-59A8	59AC-59AC	59B9-59B9	59BB-59BB
Noto Sans KR	700	/fonts/served/noto-sans-kr-90-700-normal.woff2	539A-539A	53A0-53A0	53A5-53A6	53AD-53AD	53BB-53BB	53C3-53C3	53C8-53CB	53CD-53CD	53D4-53D4	53D6-53D7	53DB-53DB	53E1-53E3	53E5-53E5	53E9-53ED	53F1-53F1	53F3-53F3	53F8-53F8	5403-5404	540A-540A	540E-5411	541B-541B	541D-541D	541F-5420	5426-5426	5429-5429	542B-542B	5433-5433	5438-5439	543B-543C	543E-543E	5442-5442	5448-5448	544A-544A	5451-5451	5468-5468	546A-546A	5471-5471	5473-5473	5475-5475	547B-547D	5480-5480	5486-5486	548E-548E	5490-5490	54A4-54A4	54A8-54A8	54AB-54AC	54B3-54B3	54B8-54B8	54BD-54BD	54C0-54C0	54C4-54C4	54C8-54C9	54E1-54E1	54E5-54E5	54E8-54E8	54ED-54EE	54F2-54F2	54FA-54FA	5504-5504	5506-5507	550E-550E	5510-5510	551C-551C	552F-552F	5531-5531	5535-5535	553E-553E	5544-5544	5546-5546	554F-554F	5553-5553	5556-5556	555E-555E	5563-5563	557C-557C	5580-5580	5584-5584	5586-5587	5589-558A	5598-559A	559C-559D	55A7-55A7	55A9-55AC	55AE-55AE	55C5-55C5	55C7-55C7	55D4-55D4	55DA-55DA	55DC-55DC	55DF-55DF	55E3-55E4	55FD-55FE	5606-5606	5609-5609	5614-5614	5617-5617	562F-562F	5632-5632	5634-5634	5636-5636	5653-5653	5668-5668	566B-566B	5674-5674	5686-5686	56A5-56A5	56AC-56AC	56AE-56AE	56B4-56B4	56BC-56BC	56CA-56CA	56CD-56CD	56D1-56D1	56DA-56DB	56DE-56DE	56E0-56E0	56F0-56F0	56F9-56FA
Noto Sans KR	700	/fonts/served/noto-sans-kr-91-700-normal.woff2	516E-516E	5175-5178	517C-517C	5180-5180	5186-5186	518A-518A	518D-518D	5192-5192	5195-5195	5197-5197	51A0-51A0	51A5-51A5	51AA-51AA	51AC-51AC	51B6-51B7	51BD-51BD	51C4-51C4	51C6-51C6	51C9-51C9	51CB-51CD	51DC-51DE	51E1-51E1	51F0-51F1	51F6-51F6	51F8-51F9	51FD-51FD	5200-5200	5203-5203	5207-5208	520A-520A	520E-520E	5211-5211	5217-5217	521D-521D	5224-5225	522A-522A	522E-522E	5230-5230	5236-523B	5243-5243	5247-5247	524A-524C	5254-5254	5256-5256	525B-525B	525D-525D	5261-5261	5269-526A	526F-526F	5272-5272	5275-5275	527D-527D	527F-527F	5283-5283	5287-5289	528D-528D	5291-5292	529F-529F	52A3-52A4	52A9-52AB	52BE-52BE	52C1-52C1	52C3-52C3	52C5-52C5	52C7-52C7	52C9-52C9	52CD-52CD	52D2-52D2	52D6-52D6	52D8-52D9	52DB-52DB	52DD-52DF	52E2-52E4	52F3-52F3	52F5-52F5	52F8-52F8	52FA-52FB	52FE-52FF	5305-5305	5308-5308	530D-530D	530F-5310	5315-5315	5319-5319	5320-5321	5323-5323	532A-532A	532F-532F	5339-5339	533F-5341	5343-5344	5347-534A	534D-534D	5351-5354	535A-535A	535C-535C	535E-535E	5360-5360	5366-5366	5368-5368	536F-5371	5374-5375	5377-5377	537D-537D	537F-537F	5384-5384	5393-5393	5398-5398
Noto Sans KR	700	/fonts/served/noto-sans-kr-92-700-normal.woff2	4F43-4F43	4F46-4F48	4F4D-4F51	4F55-4F55	4F59-4F5A	4F69-4F69	4F6F-4F70	4F73-4F73	4F76-4F76	4F7A-4F7A	4F7E-4F7F	4F81-4F81	4F83-4F84	4F86-4F86	4F88-4F88	4F8A-4F8B	4F8D-4F8D	4F8F-4F8F	4F91-4F91	4F96-4F96	4F98-4F98	4F9B-4F9B	4F9D-4F9D	4FAE-4FAF	4FB5-4FB6	4FBF-4FBF	4FC2-4FC4	4FC9-4FCA	4FCE-4FCE	4FD1-4FD1	4FD3-4FD4	4FD7-4FD7	4FDA-4FDA	4FDF-4FE0	4FEE-4FEF	4FF1-4FF1	4FF3-4FF3	4FF5-4FF5	4FF8-4FF8	4FFA-4FFA	5002-5002	5006-5006	5009-5009	500B-500B	500D-500D	5011-5012	5016-5016	5019-501A	501C-501C	501E-501F	5021-5021	5023-5024	5026-5028	502A-502D	503B-503B	5043-5043	5047-5049	504F-504F	5055-5055	505A-505A	505C-505C	5065-5065	5074-5076	5078-5078	5080-5080	5085-5085	508D-508D	5091-5091	5098-5099	50AC-50AD	50B2-50B3	50B5-50B5	50B7-50B7	50BE-50BE	50C5-50C5	50C9-50CA	50D1-50D1	50D5-50D6	50DA-50DA	50DE-50DE	50E5-50E5	50E7-50E7	50ED-50ED	50F9-50F9	50FB-50FB	50FF-5101	5104-5104	5106-5106	5109-5109	5112-5112	511F-511F	5121-5121	512A-512A	5132-5132	5137-5137	513A-513A	513C-513C	5140-5141	5143-5148	514B-514E	5152-5152	515C-515C	5162-5162	5169-516B	516D-516D
Noto Sans KR	700	/fonts/served/noto-sans-kr-93-700-normal.woff2	338C-339C	339F-33A0	33A2-33CB	33CF-33D0	33D3-33D3	33D6-33D6	33D8-33D8	33DB-33DD	4E01-4E01	4E03-4E03	4E07-4E08	4E11-4E11	4E14-4E15	4E18-4E19	4E1E-4E1E	4E32-4E32	4E38-4E39	4E42-4E43	4E45-4E45	4E4D-4E4F	4E56-4E56	4E58-4E59	4E5D-4E5E	4E6B-4E6B	4E6D-4E6D	4E73-4E73	4E76-4E77	4E7E-4E7E	4E82-4E82	4E86-4E86	4E88-4E88	4E8E-4E8E	4E90-4E92	4E94-4E95	4E98-4E98	4E9B-4E9B	4E9E-4E9E	4EA1-4EA2	4EA4-4EA6	4EA8-4EA8	4EAB-4EAB	4EAD-4EAE	4EB6-4EB6	4EC0-4EC1	4EC4-4EC4	4EC7-4EC7	4ECB-4ECB	4ECD-4ECD	4ED4-4ED5	4ED7-4ED9	4EDD-4EDD	4EDF-4EDF	4EE4-4EE4	4EF0-4EF0	4EF2-4EF2	4EF6-4EF7	4EFB-4EFB	4F01-4F01	4F09-4F09	4F0B-4F0B	4F0D-4F11	4F2F-4F2F	4F34-4F34	4F36-4F36	4F38-4F38	4F3A-4F3A	4F3C-4F3D
Noto Sans KR	700	/fonts/served/noto-sans-kr-94-700-normal.woff2	3136-3136	3138-3138	313A-3140	3143-3144	3150-3150	3152-3152	3154-3156	3158-315B	315D-315F	3162-3162	3164-318C	318E-318E	3200-321B	3231-3231	3239-3239	3251-325A	3260-327B	327E-327F	328A-3290	3294-3294	329E-329E	32A5-32A5	3380-3384	3388-338B
Noto Sans KR	700	/fonts/served/noto-sans-kr-95-700-normal.woff2	2F7D-2F7D	2F7F-2F8B	2F8E-2F90	2F92-2F97	2F99-2FA0	2FA2-2FA3	2FA5-2FA9	2FAC-2FB1	2FB3-2FBC	2FC1-2FCA	2FCD-2FD4	3003-3003	3012-3019	301C-301C	301E-3020	3036-3036	3041-3041	3043-3043	3045-3045	3047-3047	3049-3049	304E-304E	3050-3050	3052-3052	3056-3056	305A-305A	305C-305C	305E-305E	3062-3062	3065-3065	306C-306C	3070-307D	3080-3080	3085-3085	3087-3087	308E-308E	3090-3091	30A1-30A1	30A5-30A5	30A9-30A9	30AE-30AE	30B1-30B2	30B4-30B4	30B6-30B6	30BC-30BE	30C2-30C2	30C5-30C5	30CC-30CC	30D2-30D2	30D4-30D4	30D8-30DD	30E4-30E4	30E6-30E6	30E8-30E8	30EE-30EE	30F0-30F2	30F4-30F6	3133-3133	3135-3135
Noto Sans KR	700	/fonts/served/noto-sans-kr-96-700-normal.woff2	2541-254B	25A4-25A9	25B1-25B1	25B5-25B5	25B9-25B9	25BF-25BF	25C1-25C1	25C3-25C3	25C9-25CA	25CC-25CC	25CE-25CE	25D0-25D1	25E6-25E6	25EF-25EF	260F-260F	261D-261D	261F-261F	262F-262F	2660-2660	2664-2664	2667-2669	266D-266D	266F-266F	2716-2716	271A-271A	273D-273D	2756-2756	2776-277F	278A-2793	2963-2963	2965-2965	2AC5-2AC6	2ACB-2ACC	2F00-2F00	2F04-2F04	2F06-2F06	2F08-2F08	2F0A-2F0B	2F11-2F12	2F14-2F14	2F17-2F18	2F1C-2F1D	2F1F-2F20	2F23-2F26	2F28-2F29	2F2B-2F2B	2F2D-2F2D	2F2F-2F32	2F38-2F38	2F3C-2F40	2F42-2F4C	2F4F-2F52	2F54-2F58	2F5A-2F66	2F69-2F70	2F72-2F76	2F78-2F78	2F7A-2F7C
Noto Sans KR	700	/fonts/served/noto-sans-kr-97-700-normal.woff2	2479-2487	249C-24D1	24D3-24D7	24D9-24E9	24EB-24F4	2500-2501	2503-2503	250C-2513	2515-2516	2518-2540
Noto Sans KR	700	/fonts/served/noto-sans-kr-98-700-normal.woff2	215B-215E	2162-2169	2170-2179	2195-2199	21B0-21B4	21BC-21BC	21C0-21C0	21C4-21C5	21CD-21CD	21CF-21D4	21E0-21E3	21E6-21E9	2200-2200	2202-2203	2206-2209	220B-220C	220F-220F	2211-2211	2213-2213	221A-221A	221D-2220	2222-2222	2225-2227	2229-222C	222E-222E	2234-2237	223D-223D	2243-2243	2245-2245	2248-2248	2250-2253	225A-225A	2260-2262	2264-2267	226A-226B	226E-2273	2276-2277	2279-227B	2280-2287	228A-228B	2295-2297	22A3-22A5	22BB-22BC	22CE-22CF	22DA-22DB	22EE-22EF	2306-2306	2312-2312	2314-2314	2467-2478
Noto Sans KR	700	/fonts/served/noto-sans-kr-99-700-normal.woff2	81-82	84-84	A2-A5	A7-A8	AA-AA	AC-AD	B1-B3	B6-B6	B8-BA	BC-BE	C0-C0	C2-C2	C6-CB	CE-D0	D4-D4	D8-D9	DB-DC	DE-DF	E6-E6	EB-EB	EE-F0	F4-F4	F7-F9	FB-FB	FE-FF	111-111	126-127	132-133	138-138	13F-142	149-14B	152-153	166-167	2BC-2BC	2C7-2C7	2D0-2D0	2D8-2D9	2DB-2DD	391-394	396-3A1	3A3-3A9	3B2-3B6	3B8-3B8	3BC-3BC	3BE-3C1	3C3-3C9	2010-2010	2015-2016	2018-2019	201B-201B	201F-2021	2025-2025	2030-2030	2033-2036	203C-203C	203E-203E	2042-2042	2074-2074	207A-207F	2081-2084	2109-2109	2113-2113	2116-2116	2121-2121	2126-2126	212B-212B	2153-2154
Noto Sans KR	700	/fonts/served/noto-sans-kr-100-700-normal.woff2	E8-E8	2DA-2DA	2160-2160	2194-2194	3054-3054	3058-3058	306D-306D	3086-3086	308D-308D	30AC-30AC	30BB-30BB	30C4-30C4	30CD-30CE	30E2-30E2	3132-3132	3146-3146	3149-3149	339D-339D	4E3B-4E3B	4F0A-4F0A	4FDD-4FDD	4FE1-4FE1	5409-5409	540C-540C	5834-5834	592A-592B	5B9A-5B9A	5DDE-5DDE	5E0C-5E0C	5E73-5E73	5F0F-5F0F	60F3-60F3	653F-653F	661F-661F	662F-662F	667A-667A	683C-683C	6B4C-6B4C	6C11-6C11	767C-767C	76EE-76EE	76F4-76F4	77F3-77F3	79D1-79D1	7A7A-7A7A	7B2C-7B2C	7D22-7D22	8207-8207	8A00-8A00	8A71-8A71	9280-9280	9580-9580	958B-958B	96C6-96C6	9762-9762	98DF-98DF	9ED1-9ED1	AC2D-AC2D	ADC8-ADC8	ADD3-ADD3	AF48-AF48	B014-B014	B134-B135	B158-B158	B2AA-B2AA	B35F-B35F	B6A4-B6A4	B9CF-B9CF	BB63-BB63	BD23-BD23	BE91-BE91	C29B-C29B	C3F4-C3F4	C42C-C42C	C55C-C55C	C573-C573	C58F-C58F	C78C-C78C	C7DD-C7DD	C8F5-C8F5	CAD1-CAD1	CC48-CC48	CF10-CF10	CF20-CF20	D03C-D03C	D07D-D07D	D2A0-D2A0	D30E-D30E	D38D-D38D	D3A8-D3A8	D3C8-D3C8	D5E5-D5E5	D5F9-D5F9	D6E4-D6E4	F90A-F90A	FF02-FF02	FF1C-FF1C
Noto Sans KR	700	/fonts/served/noto-sans-kr-101-700-normal.woff2	3B1-3B1	2466-2466	25A1-25A1	25A3-25A3	261C-261C	3008-3009	305B-305B	305D-305D	3069-3069	30A7-30A7	30BA-30BA	30CF-30CF	30EF-30EF	3151-3151	3157-3157	4E4B-4E4B	4E5F-4E5F	4E8C-4E8C	4ECA-4ECA	4ED6-4ED6	4F5B-4F5B	50CF-50CF	5149-5149	5165-5165	5171-5171	5229-5229	529B-529B	5316-5316	539F-539F	53F2-53F2	571F-571F	5728-5728	58EB-58EB	591C-591C	5B78-5B78	5C11-5C11	5C55-5C55	5DDD-5DDD	5E02-5E02	5FB7-5FB7	60C5-60C5	610F-610F	611F-611F	6625-6625	66F8-66F8	6797-6797	679C-679C	682A-682A	6D2A-6D2A	706B-706B	7406-7406	767B-767B	76F8-76F8	77E5-77E5	7ACB-7ACB	898B-898B	8A69-8A69	8DEF-8DEF	8FD1-8FD1	901A-901A	90E8-90E8	91CD-91CD	975E-975E	AE14-AE14	AE6C-AE6C	AEC0-AEC0	AFC7-AFC7	AFC9-AFC9	B01C-B01C	B028-B028	B308-B308	B311-B311	B314-B314	B31C-B31C	B524-B524	B560-B560	B764-B764	B920-B920	B9E3-B9E3	BD48-BD48	BE7D-BE7D	C0DB-C0DB	C231-C231	C270-C270	C2E3-C2E3	C37D-C37D	C3ED-C3ED	C530-C530	C6A5-C6A5	C6DC-C6DC	C7A4-C7A4	C954-C954	C974-C974	D000-D000	D565-D565	D667-D667	D6C5-D6C5	D79D-D79D	FF1E-FF1E
Noto Sans KR	700	/fonts/served/noto-sans-kr-102-700-normal.woff2	131-131	2032-2032	2465-2465	2642-2642	3048-3048	3051-3051	3083-3084	308F-308F	30C0-30C0	30D1-30D1	30D3-30D3	30D6-30D6	30DF-30DF	30E7-30E7	3153-3153	4E16-4E16	4E8B-4E8B	4EE5-4EE5	5206-5206	52A0-52A0	52D5-52D5	53E4-53E4	53EF-53EF	54C1-54C1	57CE-57CE	597D-597D	5B8C-5B8C	5EA6-5EA6	5F8C-5F8C	5F97-5F97	6210-6210	6240-6240	624B-624B	6728-6728	6BD4-6BD4	7236-7236	7269-7269	7279-7279	738B-738B	7528-7528	7530-7530	767E-767E	798F-798F	8005-8005	8A18-8A18	90FD-90FD	91CC-91CC	9577-9577	9593-9593	98A8-98A8	AC20-AC20	ACF6-ACF6	AD90-AD90	AF5D-AF5D	AF80-AF80	AFCD-AFCD	AFF0-AFF0	B0A1-B0A1	B0B5-B0B5	B1FD-B1FD	B2FC-B2FC	B380-B380	B51B-B51B	B584-B584	B5B3-B5B3	B8FD-B8FD	B93C-B93C	B9F4-B9F4	BB44-BB44	BC08-BC08	BC27-BC27	BC49-BC49	BE55-BE55	BE64-BE64	BFB0-BFB0	BFC5-BFC5	C178-C178	C21F-C21F	C314-C314	C4F1-C4F1	C58D-C58D	C664-C664	C698-C698	C6A7-C6A7	C6C1-C6C1	C9ED-C9ED	CAC0-CAC0	CACC-CACC	CAD9-CAD9	CCB5-CCB5	CDCC-CDCC	D0E4-D0E4	D143-D143	D320-D320	D330-D330	D54D-D54D	FF06-FF06	FF1F-FF1F	FF5E-FF5E
Noto Sans KR	700	/fonts/served/noto-sans-kr-103-700-normal.woff2	B4-B4	20A9-20A9	20AC-20AC	2190-2190	24D8-24D8	2502-2502	2514-2514	2592-2592	25C7-25C8	2663-2663	3060-3060	3064-3064	3081-3081	3088-3088	30A3-30A3	30A6-30A6	30AA-30AA	30B5-30B5	30C7-30C7	30CA-30CB	30D0-30D0	30E3-30E3	30E5-30E5	339E-339E	4E09-4E09	4EAC-4EAC	4F5C-4F5C	5167-5168	516C-516C	51FA-51FA	5408-5408	540D-540D	591A-591A	5B57-5B57	6211-6211	65B9-65B9	660E-660E	6642-6642	6700-6700	6B63-6B63	6E2F-6E2F	7063-7063	7532-7532	793E-793E	81EA-81EA	8272-8272	82B1-82B1	897F-897F	8ECA-8ECA	91CE-91CE	AC38-AC38	AD76-AD76	AE84-AE84	AECC-AECC	B07D-B07D	B0B1-B0B1	B215-B215	B2A0-B2A0	B310-B310	B3D7-B3D7	B52A-B52A	B618-B618	B775-B775	B797-B797	BCD5-BCD5	BD59-BD59	BE80-BE80	BEA8-BEA8	BED1-BED1	BEE4-BEE5	C060-C060	C2EF-C2EF	C329-C329	C3DC-C3DC	C597-C597	C5BD-C5BD	C5E5-C5E5	C69C-C69C	C9D6-C9D6	CA29-CA29	CA5C-CA5C	CA84-CA84	CC39-CC39	CC3B-CC3B	CE89-CE89	CEE5-CEE5	CF65-CF65	CF85-CF85	D058-D058	D145-D145	D22D-D22D	D325-D325	D37D-D37D	D3AD-D3AD	D769-D769	FF0C-FF0C
Noto Sans KR	700	/fonts/served/noto-sans-kr-104-700-normal.woff2	2161-2161	2228-2228	2299-2299	2464-2464	2517-2517	2640-2640	3042-3042	304A-304A	3053-3053	3061-3061	307F-307F	3082-3082	308C-308C	3092-3092	30A8-30A8	30AB-30AB	30AD-30AD	30B0-30B0	30B3-30B3	30B7-30B7	30C1-30C1	30C6-30C6	30C9-30C9	30D5-30D5	30D7-30D7	30DE-30DE	30E0-30E1	30EC-30ED	4E0B-4E0B	4E0D-4E0D	4EE3-4EE3	53F0-53F0	548C-548C	5B89-5B89	5BB6-5BB6	5C0F-5C0F	611B-611B	6771-6771	6AA2-6AA2	6BCD-6BCD	6C34-6C34	6CD5-6CD5	6D77-6D77	767D-767D	795E-795E	8ECD-8ECD	9999-9999	9AD8-9AD8	AC07-AC07	AC1A-AC1A	AC40-AC40	AD0C-AD0C	AD88-AD88	ADA4-ADA4	AE01-AE01	AE65-AE65	AEBD-AEBD	AEC4-AEC4	AFE8-AFE8	B139-B139	B205-B205	B383-B383	B38C-B38C	B42C-B42C	B461-B461	B55C-B55C	B78F-B78F	B8FB-B8FB	B9F7-B9F7	BAFC-BAFC	BC99-BC99	BED8-BED8	BFCD-BFCD	C0BF-C0BF	C0F9-C0F9	C167-C167	C204-C204	C20F-C20F	C22F-C22F	C258-C258	C298-C298	C2BC-C2BC	C388-C388	C501-C501	C50C-C50C	C5B9-C5B9	C5CE-C5CE	C641-C641	C648-C648	C73D-C73D	CA50-CA50	CA61-CA61	CC4C-CC4C	CEAC-CEAC	D0D4-D0D4	D5F7-D5F7	D6D7-D6D7	FF1A-FF1A
Noto Sans KR	700	/fonts/served/noto-sans-kr-105-700-normal.woff2	2103-2103	2463-2463	25C6-25C6	25CB-25CB	266C-266C	3001-3001	300A-300A	3046-3046	304C-304D	304F-304F	3055-3055	3059-3059	3063-3063	3066-3068	306F-306F	3089-3089	30B8-30B8	30BF-30BF	314F-314F	4E0A-4E0A	570B-570B	5730-5730	5916-5916	5929-5929	5C71-5C71	5E74-5E74	5FC3-5FC3	601D-601D	6027-6027	63D0-63D0	6709-6709	6734-6734	751F-751F	7684-7684	82F1-82F1	9053-9053	91D1-91D1	97F3-97F3	AC2F-AC2F	AC4D-AC4D	ADC4-ADC4	ADE4-ADE4	AE41-AE41	AE4D-AE4E	AED1-AED1	AFB9-AFB9	B0E0-B0E0	B299-B299	B365-B365	B46C-B46C	B480-B480	B4C8-B4C8	B7B4-B7B4	B819-B819	B918-B918	BAAB-BAAB	BAB9-BAB9	BE8F-BE8F	BED7-BED7	C0EC-C0EC	C19F-C19F	C1A5-C1A5	C3D9-C3D9	C464-C464	C53D-C53D	C553-C553	C570-C570	C5CC-C5CC	C633-C633	C6A4-C6A4	C7A3-C7A3	C7A6-C7A6	C886-C886	C9D9-C9DA	C9EC-C9EC	CA0C-CA0C	CC21-CC21	CD1B-CD1B	CD78-CD78	CDC4-CDC4	CEF8-CEF8	CFE4-CFE4	D0A5-D0A5	D0B5-D0B5	D0EC-D0EC	D15D-D15D	D188-D188	D23C-D23C	D2AC-D2AC	D729-D729	D79B-D79B	FF01-FF01	FF08-FF09	FF5C-FF5C
Noto Sans KR	700	/fonts/served/noto-sans-kr-106-700-normal.woff2	2039-203A	223C-223C	25B3-25B3	25B7-25B7	25BD-25BD	25CF-25CF	266A-266A	3002-3002	300B-300B	304B-304B	3057-3057	305F-305F	306A-306B	307E-307E	308A-308B	3093-3093	30A2-30A2	30AF-30AF	30B9-30B9	30C3-30C3	30C8-30C8	30E9-30EB	33A1-33A1	4E00-4E00	524D-524D	5357-5357	5B50-5B50	7121-7121	884C-884C	9751-9751	AC94-AC94	AEBE-AEBE	AECD-AECD	AF08-AF08	AF41-AF41	AF49-AF49	B010-B010	B053-B053	B109-B109	B11B-B11B	B128-B128	B154-B154	B291-B291	B2E6-B2E6	B301-B301	B385-B385	B525-B525	B5B4-B5B4	B729-B729	B72F-B72F	B738-B738	B7FF-B7FF	B837-B837	B975-B975	BA67-BA67	BB47-BB47	BC1F-BC1F	BD90-BD90	BFD4-BFD4	C27C-C27C	C324-C324	C379-C379	C3E0-C3E0	C465-C465	C53B-C53B	C58C-C58C	C610-C610	C653-C653	C6CD-C6CD	C813-C813	C82F-C82F	C999-C999	C9E0-C9E0	CAC4-CAC4	CAD3-CAD3	CBD4-CBD4	CC10-CC10	CC22-CC22	CCB8-CCB8	CCBC-CCBC	CDA5-CDA5	CE84-CE84	CEA3-CEA3	CF67-CF67	CFE1-CFE1	D241-D241	D30D-D30D	D31C-D31C	D391-D391	D401-D401	D479-D479	D5C9-D5C9	D5DB-D5DB	D649-D649	D6D4-D6D4
Noto Sans KR	700	/fonts/served/noto-sans-kr-107-700-normal.woff2	B0-B0	E9-E9	2193-2193	2462-2462	260E-260E	261E-261E	300E-300F	3044-3044	30A4-30A4	30FB-30FC	314D-314D	5973-5973	6545-6545	6708-6708	7537-7537	AC89-AC89	AC9C-AC9C	ACC1-ACC1	AD04-AD04	AD75-AD75	AD7D-AD7D	AE45-AE45	AE61-AE61	AF42-AF42	B0AB-B0AB	B0AF-B0AF	B0B3-B0B3	B12C-B12C	B194-B194	B1A8-B1A8	B220-B220	B258-B258	B284-B284	B2FF-B2FF	B315-B315	B371-B371	B3D4-B3D5	B460-B460	B527-B527	B534-B534	B810-B810	B818-B818	B98E-B98E	BA55-BA55	BBAC-BBAC	BC0B-BC0B	BC40-BC40	BCA1-BCA1	BCCD-BCCD	BD93-BD93	BE54-BE54	BE5A-BE5A	BF08-BF08	BF50-BF50	BF55-BF55	BFDC-BFDC	C0C0-C0C0	C0D0-C0D0	C0F4-C0F4	C100-C100	C11E-C11E	C170-C170	C20D-C20D	C274-C274	C290-C290	C308-C308	C369-C369	C539-C539	C587-C587	C5FF-C5FF	C6EC-C6EC	C70C-C70C	C7AD-C7AD	C7C8-C7C8	C83C-C83C	C881-C881	CB48-CB48	CC60-CC60	CE69-CE69	CE6B-CE6B	CE75-CE75	CF04-CF04	CF08-CF08	CF55-CF55	CF70-CF70	CFFC-CFFC	D0B7-D0B7	D1A8-D1A8	D2C8-D2C8	D384-D384	D47C-D47C	D48B-D48B	D5DD-D5DD	D5E8-D5E8	D720-D720	D759-D759	F981-F981
Noto Sans KR	700	/fonts/served/noto-sans-kr-108-700-normal.woff2	E0-E0	E2-E2	395-395	3B7-3B7	3BA-3BA	2460-2461	25A0-25A0	3010-3011	306E-306E	30F3-30F3	314A-314A	314C-314C	5927-5927	65B0-65B0	7E41-7E41	97D3-97D3	9AD4-9AD4	AD49-AD49	AE0B-AE0B	AE0D-AE0D	AE43-AE43	AE5D-AE5D	AECF-AECF	AF3C-AF3C	AF64-AF64	AFD4-AFD4	B080-B080	B084-B084	B0C5-B0C5	B10C-B10C	B1E8-B1E8	B2AC-B2AC	B36E-B36E	B451-B451	B515-B515	B540-B540	B561-B561	B6AB-B6AB	B6B1-B6B1	B72C-B72C	B730-B730	B744-B744	B800-B800	B8EC-B8EC	B8F0-B8F0	B904-B904	B968-B968	B96D-B96D	B987-B987	B9D9-B9D9	BB36-BB36	BB49-BB49	BC2D-BC2D	BC43-BC43	BCF6-BCF6	BD89-BD89	BE57-BE57	BE61-BE61	BED4-BED4	C090-C090	C130-C130	C148-C148	C19C-C19C	C2F9-C2F9	C36C-C36C	C37C-C37C	C384-C384	C3DF-C3DF	C575-C575	C584-C584	C660-C660	C719-C719	C816-C816	CA4D-CA4D	CA54-CA54	CABC-CABC	CB49-CB49	CC14-CC14	CFF5-CFF5	D004-D004	D038-D038	D0B4-D0B4	D0D3-D0D3	D0E0-D0E0	D0ED-D0ED	D131-D131	D1B0-D1B0	D31F-D31F	D33D-D33D	D3A0-D3A0	D3AB-D3AB	D514-D514	D584-D584	D6A1-D6A1	D6CC-D6CC	D749-D749	D760-D760	D799-D799
Noto Sans KR	700	/fonts/served/noto-sans-kr-109-700-normal.woff2	24-24	60-60	3B9-3B9	3BB-3BB	3BD-3BD	2191-2191	2606-2606	300C-300D	3131-3131	3134-3134	3139-3139	3141-3142	3148-3148	3161-3161	3163-3163	321C-321C	4EBA-4EBA	5317-5317	AC31-AC31	AC77-AC77	AC9F-AC9F	ACB9-ACB9	ACF0-ACF1	ACFD-ACFD	AD73-AD73	AF3D-AF3D	B00C-B00C	B04A-B04A	B057-B057	B0C4-B0C4	B188-B188	B1CC-B1CC	B214-B214	B2DB-B2DB	B2EE-B2EE	B304-B304	B4ED-B4ED	B518-B518	B5BC-B5BC	B625-B625	B69C-B69D	B7AC-B7AC	B801-B801	B86C-B86C	B959-B959	B95C-B95C	B985-B985	BA48-BA48	BB58-BB58	BC0C-BC0C	BC38-BC38	BC85-BC85	BC9A-BC9A	BF40-BF40	C068-C068	C0BD-C0BD	C0CC-C0CC	C12F-C12F	C149-C149	C1E0-C1E0	C22B-C22B	C22D-C22D	C250-C250	C2FC-C2FC	C300-C300	C313-C313	C370-C370	C3D8-C3D8	C557-C557	C580-C580	C5E3-C5E3	C62E-C62E	C634-C634	C6F0-C6F0	C74D-C74D	C783-C783	C78E-C78E	C796-C796	C7BC-C7BC	C92C-C92C	CA4C-CA4C	CC1C-CC1C	CC54-CC54	CC59-CC59	CE04-CE04	CF30-CF30	CFC4-CFC4	D140-D140	D321-D321	D38C-D38C	D399-D399	D54F-D54F	D587-D587	D5D0-D5D0	D6E8-D6E8	D770-D770
Noto Sans KR	700	/fonts/served/noto-sans-kr-110-700-normal.woff2	D7-D7	EA-EA	FC-FC	2192-2192	25BC-25BC	3000-3000	3137-3137	3145-3145	315C-315C	7F8E-7F8E	AC13-AC13	AC71-AC71	AC90-AC90	ACB8-ACB8	ACE7-ACE7	AD7F-AD7F	AE50-AE50	AEF4-AEF4	AF34-AF34	AFBC-AFBC	B048-B048	B09A-B09A	B0AD-B0AD	B0BC-B0BC	B113-B113	B125-B125	B141-B141	B20C-B20C	B2D9-B2D9	B2ED-B2ED	B367-B367	B369-B369	B374-B374	B3CB-B3CB	B4EC-B4EC	B611-B611	B760-B760	B81B-B81B	B834-B834	B8B0-B8B0	B8E1-B8E1	B989-B989	B9D1-B9D1	B9E1-B9E1	B9FA-B9FA	BA4D-BA4D	BA78-BA78	BB35-BB35	BB54-BB54	BBF9-BBF9	BC11-BC11	BCB3-BCB3	BD05-BD05	BD95-BD95	BDD4-BDD4	BE10-BE10	BED0-BED0	BF51-BF51	C0D8-C0D8	C232-C232	C2B7-C2B7	C2EB-C2EB	C378-C378	C500-C500	C52C-C52C	C549-C549	C568-C568	C598-C598	C5C9-C5C9	C61B-C61B	C639-C639	C67C-C67C	C717-C717	C78A-C78A	C80A-C80A	C90C-C90D	C950-C950	C9E7-C9E7	CBE4-CBE4	CCA9-CCA9	CCE4-CCE4	CDB0-CDB0	CE78-CE78	CE94-CE94	CE98-CE98	CF8C-CF8C	D018-D018	D034-D034	D0F1-D0F1	D1B1-D1B1	D280-D280	D2F8-D2F8	D338-D338	D380-D380	D3B4-D3B4	D610-D610	D69F-D69F	D6FC-D6FC	D758-D758
Noto Sans KR	700	/fonts/served/noto-sans-kr-111-700-normal.woff2	E7-E7	2022-2022	203B-203B	25C0-25C0	2605-2605	2661-2661	3147-3147	318D-318D	672C-672C	8A9E-8A9E	ACAA-ACAA	ACBC-ACBC	AD1C-AD1C	AE4A-AE4A	AE5C-AE5C	B044-B044	B054-B054	B0C8-B0C9	B2A6-B2A6	B2D0-B2D0	B35C-B35C	B364-B364	B428-B428	B454-B454	B465-B465	B4B7-B4B7	B4E3-B4E3	B51C-B51C	B5A1-B5A1	B784-B784	B790-B790	B7AB-B7AB	B7F4-B7F4	B82C-B82C	B835-B835	B8E9-B8E9	B8F8-B8F8	B9D8-B9D8	B9F9-B9F9	BA5C-BA5C	BA64-BA64	BABD-BABD	BB18-BB18	BB3B-BB3B	BBFF-BBFF	BC0D-BC0D	BC45-BC45	BC97-BC97	BCBC-BCBC	BE45-BE45	BE75-BE75	BE7C-BE7C	BFCC-BFCC	C0B6-C0B6	C0F7-C0F7	C14B-C14B	C2B4-C2B4	C30D-C30D	C4F8-C4F8	C5BB-C5BB	C5D1-C5D1	C5E0-C5E0	C5EE-C5EE	C5FD-C5FD	C606-C606	C6C5-C6C5	C6E0-C6E0	C708-C708	C81D-C81D	C820-C820	C824-C824	C878-C878	C918-C918	C96C-C96C	C9E4-C9E4	C9F1-C9F1	CC2E-CC2E	CD09-CD09	CEA1-CEA1	CEF5-CEF5	CEF7-CEF7	CF64-CF64	CF69-CF69	CFE8-CFE8	D035-D035	D0AC-D0AC	D230-D230	D234-D234	D2F4-D2F4	D31D-D31D	D575-D575	D578-D578	D608-D608	D614-D614	D718-D718	D751-D751	D761-D761	D78C-D78C	D790-D790
Noto Sans KR	700	/fonts/served/noto-sans-kr-112-700-normal.woff2	2665-2665	3160-3160	4E2D-4E2D	6587-6587	65E5-65E5	AC12-AC12	AC14-AC14	AC16-AC16	AC81-AC81	AD34-AD34	ADE0-ADE0	AE54-AE54	AEBC-AEBC	AF2C-AF2C	AFC0-AFC0	AFC8-AFC8	B04C-B04C	B08C-B08C	B099-B099	B0A9-B0A9	B0AC-B0AC	B0AE-B0AE	B0B8-B0B8	B123-B123	B179-B179	B2E5-B2E5	B2F7-B2F7	B4C0-B4C0	B531-B531	B538-B538	B545-B545	B550-B550	B5A8-B5A8	B6F0-B6F0	B728-B728	B73B-B73B	B7AD-B7AD	B7ED-B7ED	B809-B809	B864-B864	B86D-B86D	B871-B871	B9BF-B9BF	B9F5-B9F5	BA40-BA40	BA4B-BA4B	BA58-BA58	BA87-BA87	BAAC-BAAC	BBC0-BBC0	BC16-BC16	BC34-BC34	BD07-BD07	BD99-BD99	BE59-BE59	BFD0-BFD0	C058-C058	C0E4-C0E4	C0F5-C0F5	C12D-C12D	C139-C139	C228-C228	C529-C529	C5C7-C5C7	C635-C635	C637-C637	C735-C735	C77D-C77D	C787-C787	C789-C789	C8C4-C8C4	C989-C989	C98C-C98C	C9D0-C9D0	C9D3-C9D3	CC0C-CC0C	CC99-CC99	CD0C-CD0C	CD2C-CD2C	CD98-CD98	CDA4-CDA4	CE59-CE59	CE60-CE60	CE6D-CE6D	CEA0-CEA0	D0D0-D0D1	D0D5-D0D5	D14D-D14D	D1A4-D1A4	D29C-D29C	D2F1-D2F1	D301-D301	D39C-D39C	D3BC-D3BC	D4E8-D4E8	D540-D540	D5EC-D5EC	D640-D640	D750-D750
Noto Sans KR	700	/fonts/served/noto-sans-kr-113-700-normal.woff2	5E-5E	25B2-25B2	25B6-25B6	314E-314E	AC24-AC24	ACE1-ACE1	ACE4-ACE4	AE68-AE68	AF2D-AF2D	B0D0-B0D0	B0E5-B0E5	B150-B150	B155-B155	B193-B193	B2C9-B2C9	B2DD-B2DD	B3C8-B3C8	B3FC-B3FC	B410-B410	B458-B458	B4DD-B4DD	B5A0-B5A0	B5A4-B5A4	B5BB-B5BB	B7B5-B7B5	B838-B838	B840-B840	B86F-B86F	B8F9-B8F9	B960-B960	B9E5-B9E5	BAB8-BAB8	BB50-BB50	BC1D-BC1D	BC24-BC25	BCA8-BCA8	BCBD-BCBD	BD04-BD04	BD10-BD10	BD24-BD24	BE48-BE48	BE5B-BE5B	BE68-BE68	C05C-C05C	C12C-C12C	C140-C140	C15C-C15C	C168-C168	C194-C194	C219-C219	C27D-C27D	C2A8-C2A8	C2F1-C2F1	C2F8-C2F8	C368-C368	C554-C555	C559-C559	C564-C564	C5D8-C5D8	C5FC-C5FC	C625-C625	C65C-C65C	C6B1-C6B1	C728-C728	C794-C794	C84C-C84C	C88C-C88C	C8E0-C8E0	C8FD-C8FD	C998-C998	C9DD-C9DD	CC0D-CC0D	CC30-CC30	CEEC-CEEC	CF13-CF13	CF1C-CF1C	CF5C-CF5C	D050-D050	D07C-D07C	D0A8-D0A8	D134-D134	D138-D138	D154-D154	D1F4-D1F4	D2BC-D2BC	D329-D329	D32C-D32C	D3D0-D3D0	D3F4-D3F4	D3FC-D3FC	D56B-D56B	D5CC-D5CC	D600-D601	D639-D639	D6C8-D6C8	D754-D754	D765-D765
Noto Sans KR	700	/fonts/served/noto-sans-kr-114-700-normal.woff2	3C-3D	2026-2026	24D2-24D2	314B-314B	AC11-AC11	ACF3-ACF3	AD74-AD74	AD81-AD81	ADF9-ADF9	AE34-AE34	AF43-AF43	AFB8-AFB8	B05D-B05D	B07C-B07C	B110-B110	B118-B118	B17C-B17C	B180-B180	B18D-B18D	B192-B192	B2CC-B2CC	B355-B355	B378-B378	B4A4-B4A4	B4EF-B4EF	B78D-B78D	B799-B799	B7A9-B7A9	B7FD-B7FD	B807-B807	B80C-B80C	B839-B839	B9B4-B9B4	B9DB-B9DB	BA3C-BA3C	BAB0-BAB0	BBA4-BBA4	BC94-BC94	BE4C-BE4C	C154-C154	C1C4-C1C4	C26C-C26C	C2AC-C2AC	C2ED-C2ED	C4F4-C4F4	C55E-C55E	C561-C561	C571-C571	C5B5-C5B5	C5C4-C5C4	C654-C655	C695-C695	C6E8-C6E8	C6F9-C6F9	C724-C724	C751-C751	C775-C775	C7A0-C7A0	C7C1-C7C1	C874-C874	C880-C880	C9D5-C9D5	C9F8-C9F8	CABD-CABD	CC29-CC29	CC2C-CC2C	CCA8-CCA8	CCAB-CCAB	CCD0-CCD0	CE21-CE21	CE35-CE35	CE7C-CE7C	CE90-CE90	CEE8-CEE8	CEF4-CEF4	CFE0-CFE0	D070-D070	D0B9-D0B9	D0C1-D0C1	D0C4-D0C4	D0C8-D0C8	D15C-D15C	D1A1-D1A1	D2C0-D2C0	D300-D300	D314-D314	D3ED-D3ED	D478-D478	D480-D480	D48D-D48D	D508-D508	D53D-D53D	D5E4-D5E4	D611-D611	D61C-D61C	D68D-D68D	D6A8-D6A8	D798-D798
Noto Sans KR	700	/fonts/served/noto-sans-kr-115-700-normal.woff2	23-23	25-25	5F-5F	A9-A9	AC08-AC08	AC78-AC78	ACA8-ACA8	ACAC-ACAC	ACE8-ACE8	AD70-AD70	ADC0-ADC0	ADDC-ADDC	B137-B137	B140-B140	B208-B208	B290-B290	B2F5-B2F5	B3C5-B3C5	B3CC-B3CC	B420-B420	B429-B429	B529-B529	B530-B530	B77D-B77D	B79C-B79C	B7A8-B7A8	B7C9-B7C9	B7F0-B7F0	B7FC-B7FC	B828-B828	B860-B860	B9AD-B9AD	B9C1-B9C1	B9C9-B9C9	B9DD-B9DE	B9E8-B9E8	BA38-BA39	BABB-BABB	BC00-BC00	BC8C-BC8C	BCA0-BCA0	BCA4-BCA4	BCD1-BCD1	BCFC-BCFC	BD09-BD09	BDF0-BDF0	BE60-BE60	C0AD-C0AD	C0B4-C0B4	C0BC-C0BC	C190-C190	C1FC-C1FC	C220-C220	C288-C288	C2B9-C2B9	C2F6-C2F6	C528-C528	C545-C545	C558-C558	C5BC-C5BC	C5D4-C5D4	C600-C600	C644-C644	C6C0-C6C0	C6C3-C6C3	C721-C721	C798-C798	C7A1-C7A1	C811-C811	C838-C838	C871-C871	C904-C904	C990-C990	C9DC-C9DC	CC38-CC38	CC44-CC44	CCA0-CCA0	CD1D-CD1D	CD95-CD95	CDA9-CDA9	CE5C-CE5C	CF00-CF00	CF58-CF58	D150-D150	D22C-D22C	D305-D305	D328-D328	D37C-D37C	D3F0-D3F0	D551-D551	D5A5-D5A5	D5C8-D5C8	D5D8-D5D8	D63C-D63C	D64D-D64D	D669-D669	D734-D734	D76C-D76C
Noto Sans KR	700	/fonts/served/noto-sans-kr-116-700-normal.woff2	26-26	2B-2B	3E-3E	40-40	7E-7E	AC01-AC01	AC19-AC19	AC1D-AC1D	ACA0-ACA0	ACA9-ACA9	ACB0-ACB0	AD8C-AD8C	AE09-AE09	AE38-AE38	AE40-AE40	AED8-AED8	B09C-B09C	B0A0-B0A0	B108-B108	B204-B204	B298-B298	B2D8-B2D8	B2EB-B2EC	B2F4-B2F4	B313-B313	B358-B358	B450-B450	B4E0-B4E0	B54C-B54C	B610-B610	B780-B780	B78C-B78C	B791-B791	B8E8-B8E8	B958-B958	B974-B974	B984-B984	B9B0-B9B0	B9BC-B9BD	B9CE-B9CE	BA70-BA70	BBFC-BBFC	BC0F-BC0F	BC15-BC15	BC1B-BC1B	BC31-BC31	BC95-BC95	BCC0-BCC0	BCC4-BCC4	BD81-BD81	BD88-BD88	C0C8-C0C8	C11D-C11D	C13C-C13C	C158-C158	C18D-C18D	C1A1-C1A1	C21C-C21C	C4F0-C4F0	C54A-C54A	C560-C560	C5B8-C5B8	C5C8-C5C8	C5F4-C5F4	C628-C628	C62C-C62C	C678-C678	C6CC-C6CC	C808-C808	C810-C810	C885-C885	C88B-C88B	C900-C900	C988-C988	C99D-C99D	C9C8-C9C8	CC3D-CC3E	CC45-CC45	CD08-CD08	CE20-CE20	CEE4-CEE4	D074-D074	D0A4-D0A4	D0DD-D0DD	D2B9-D2B9	D3B8-D3B8	D3C9-D3C9	D488-D488	D544-D544	D559-D559	D56D-D56D	D588-D588	D615-D615	D648-D648	D655-D655	D658-D658	D65C-D65C
Noto Sans KR	700	/fonts/served/noto-sans-kr-117-700-normal.woff2	D-D	48-48	7C-7C	AC10-AC10	AC15-AC15	AC74-AC74	AC80-AC80	AC83-AC83	ACC4-ACC4	AD11-AD11	AD50-AD50	AD6D-AD6D	ADFC-ADFC	AE00-AE00	AE08-AE08	AE4C-AE4C	B0A8-B0A8	B124-B124	B144-B144	B178-B178	B274-B274	B2A5-B2A5	B2E8-B2E8	B2F9-B2F9	B354-B354	B370-B370	B418-B418	B41C-B41C	B4F1-B4F1	B514-B514	B798-B798	B808-B808	B824-B825	B8CC-B8CC	B978-B978	B9D0-B9D0	B9E4-B9E4	BAA9-BAA9	BB3C-BB3C	BC18-BC18	BC1C-BC1C	BC30-BC30	BC84-BC84	BCF5-BCF5	BCF8-BCF8	BD84-BD84	BE0C-BE0C	BE14-BE14	C0B0-C0B0	C0C9-C0C9	C0DD-C0DD	C124-C124	C2DD-C2DD	C2E4-C2E4	C2EC-C2EC	C54C-C54C	C57C-C57D	C591-C591	C5C5-C5C6	C5ED-C5ED	C608-C608	C640-C640	C6B8-C6B8	C6D4-C6D4	C784-C784	C7AC-C7AC	C800-C801	C9C1-C9C1	C9D1-C9D1	CC28-CC28	CC98-CC98	CC9C-CC9C	CCAD-CCAD	CD5C-CD5C	CD94-CD94	CD9C-CD9C	CDE8-CDE8	CE68-CE68	CF54-CF54	D0DC-D0DC	D14C-D14C	D1A0-D1A0	D1B5-D1B5	D2F0-D2F0	D30C-D30C	D310-D310	D398-D398	D45C-D45C	D50C-D50C	D53C-D53C	D560-D560	D568-D568	D589-D589	D604-D604	D6C4-D6C4	D788-D788
Noto Sans KR	700	/fonts/served/noto-sans-kr-118-700-normal.woff2	39-39	49-49	4D-4E	A0-A0	AC04-AC04	AC1C-AC1C	AC70-AC70	AC8C-AC8C	ACBD-ACBD	ACF5-ACF5	ACFC-ACFC	AD00-AD00	AD6C-AD6C	ADF8-ADF8	B098-B098	B0B4-B0B4	B294-B294	B2C8-B2C8	B300-B300	B3C4-B3C4	B3D9-B3D9	B4DC-B4DC	B4E4-B4E4	B77C-B77C	B7EC-B7EC	B85D-B85D	B97C-B97C	B9C8-B9C8	B9CC-B9CC	BA54-BA54	BA74-BA74	BA85-BA85	BAA8-BAA8	BB34-BB34	BB38-BB38	BBF8-BBF8	BC14-BC14	BC29-BC29	BC88-BC88	BCF4-BCF4	BD80-BD80	BE44-BE44	C0C1-C0C1	C11C-C11C	C120-C120	C131-C131	C138-C138	C18C-C18C	C218-C218	C2B5-C2B5	C2E0-C2E0	C544-C544	C548-C548	C5B4-C5B4	C5D0-C5D0	C5EC-C5EC	C5F0-C5F0	C601-C601	C624-C624	C694-C694	C6A9-C6A9	C6B0-C6B0	C6B4-C6B4	C6D0-C6D0	C704-C704	C720-C720	C73C-C73C	C740-C740	C744-C744	C74C-C74C	C758-C758	C77C-C77C	C785-C785	C788-C788	C790-C791	C7A5-C7A5	C804-C804	C815-C815	C81C-C81C	C870-C870	C8FC-C8FC	C911-C911	C9C4-C9C4	CCB4-CCB4	CE58-CE58	CE74-CE74	D06C-D06C	D0C0-D0C0	D130-D130	D2B8-D2B8	D3EC-D3EC	D504-D504	D55C-D55C	D569-D569	D574-D574	D638-D638	D654-D654	D68C-D68C
Noto Sans KR	700	/fonts/served/noto-sans-kr-119-700-normal.woff2	20-22	27-2A	2C-38	3A-3B	3F-3F	41-47	4A-4C	4F-5D	61-7B	7D-7D	A1-A1	AB-AB	AE-AE	B7-B7	BB-BB	BF-BF	2013-2014	201C-201D	2122-2122	AC00-AC00	ACE0-ACE0	AE30-AE30	B2E4-B2E4	B85C-B85C	B9AC-B9AC	C0AC-C0AC	C2A4-C2A4	C2DC-C2DC	C774-C774	C778-C778	C9C0-C9C0	D558-D558
Noto Sans SC	400	/fonts/served/noto-sans-sc-4-400-normal.woff2	1F1E9-1F1F5	1F1F7-1F1FF	1F21A-1F21A	1F232-1F232	1F234-1F237	1F250-1F251	1F300-1F300	1F302-1F308	1F30A-1F311	1F315-1F315	1F319-1F320	1F324-1F324	1F327-1F327	1F32A-1F32A	1F32C-1F32D	1F330-1F357	1F359-1F37E
Noto Sans SC	400	/fonts/served/noto-sans-sc-5-400-normal.woff2	FEE3-FEE3	FEF3-FEF3	FF03-FF04	FF07-FF07	FF0A-FF0A	FF17-FF19	FF1C-FF1D	FF20-FF3A	FF3C-FF3C	FF3E-FF5B	FF5D-FF5D	FF61-FF65	FF67-FF6A	FF6C-FF6C	FF6F-FF78	FF7A-FF7D	FF80-FF84	FF86-FF86	FF89-FF8E	FF92-FF92	FF97-FF9B	FF9D-FF9F	FFE0-FFE4	FFE6-FFE6	FFE9-FFE9	FFEB-FFEB	FFED-FFED	FFFC-FFFC	1F004-1F004	1F170-1F171	1F192-1F195	1F198-1F19A	1F1E6-1F1E8
Noto Sans SC	400	/fonts/served/noto-sans-sc-6-400-normal.woff2	F0A7-F0A7	F0B2-F0B2	F0B7-F0B7	F0C9-F0C9	F0D8-F0D8	F0DA-F0DA	F0DC-F0DD	F0E0-F0E0	F0E6-F0E6	F0EB-F0EB	F0FC-F0FC	F101-F101	F104-F105	F107-F107	F10B-F10B	F11B-F11B	F14B-F14B	F18A-F18A	F193-F193	F1D6-F1D7	F244-F244	F27A-F27A	F296-F296	F2AE-F2AE	F471-F471	F4B3-F4B3	F610-F611	F880-F881	F8EC-F8EC	F8F5-F8F5	F8FF-F8FF	F901-F901	F90A-F90A	F92C-F92D	F934-F934	F937-F937	F941-F941	F965-F965	F967-F967	F969-F969	F96B-F96B	F96F-F96F	F974-F974	F978-F979	F97E-F97E	F981-F981	F98A-F98A	F98E-F98E	F997-F997	F99C-F99C	F9B2-F9B2	F9B5-F9B5	F9BA-F9BA	F9BE-F9BE	F9CA-F9CA	F9D0-F9D1	F9DD-F9DD	F9E0-F9E1	F9E4-F9E4	F9F7-F9F7	FA00-FA01	FA08-FA08	FA0A-FA0A	FA11-FA11	FB01-FB02	FDFC-FDFC	FE0E-FE0E	FE30-FE31	FE33-FE44	FE49-FE52	FE54-FE57	FE59-FE66	FE68-FE6B	FE8E-FE8E	FE92-FE93	FEAE-FEAE	FEB8-FEB8	FECB-FECC	FEE0-FEE0
Noto Sans SC	400	/fonts/served/noto-sans-sc-21-400-normal.woff2	9F3D-9F3E	9F41-9F41	9F4A-9F4B	9F51-9F52	9F61-9F63	9F66-9F67	9F80-9F81	9F83-9F83	9F85-9F8D	9F90-9F91	9F94-9F96	9F98-9F98	9F9B-9F9C	9F9E-9F9E	9FA0-9FA0	9FA2-9FA2	9FF4-9FF4	A001-A001	A007-A007	A025-A025	A046-A047	A057-A057	A072-A072	A078-A079	A083-A083	A085-A085	A100-A100	A118-A118	A132-A132	A134-A134	A1F4-A1F4	A242-A242	A4A6-A4A6	A4AA-A4AA	A4B0-A4B1	A4B3-A4B3	A9C1-A9C2	AC00-AC01	AC04-AC04	AC08-AC08	AC10-AC11	AC13-AC16	AC19-AC19	AC1C-AC1D	AC24-AC24	AC70-AC71	AC74-AC74	AC77-AC78	AC80-AC81	AC83-AC83	AC8C-AC8C	AC90-AC90	AC9F-ACA0	ACA8-ACA9	ACAC-ACAC	ACB0-ACB0	ACBD-ACBD	ACC1-ACC1	ACC4-ACC4	ACE0-ACE1	ACE4-ACE4	ACE8-ACE8	ACF3-ACF3	ACF5-ACF5	ACFC-ACFD	AD00-AD00	AD0C-AD0C	AD11-AD11	AD1C-AD1C	AD34-AD34	AD50-AD50	AD64-AD64	AD6C-AD6C	AD70-AD70	AD74-AD74	AD7F-AD7F	AD81-AD81	AD8C-AD8C	ADC0-ADC0	ADC8-ADC8	ADDC-ADDC	ADE0-ADE0	ADF8-ADF9	ADFC-ADFC	AE00-AE00	AE08-AE09	AE0B-AE0B	AE30-AE30	AE34-AE34	AE38-AE38	AE40-AE40	AE4A-AE4A	AE4C-AE4C	AE54-AE54	AE68-AE68	AEBC-AEBC	AED8-AED8	AF2C-AF2D	AF34-AF34
Noto Sans SC	400	/fonts/served/noto-sans-sc-22-400-normal.woff2	9DFA-9DFA	9E0A-9E0A	9E11-9E11	9E1A-9E1A	9E1E-9E1E	9E20-9E20	9E22-9E22	9E28-9E2C	9E2E-9E33	9E35-9E3B	9E3E-9E3E	9E40-9E44	9E46-9E4E	9E51-9E51	9E53-9E53	9E55-9E58	9E5A-9E5C	9E5E-9E63	9E66-9E6E	9E71-9E71	9E73-9E73	9E75-9E75	9E78-9E79	9E7C-9E7E	9E82-9E82	9E86-9E88	9E8B-9E8C	9E90-9E91	9E93-9E93	9E95-9E95	9E97-9E97	9E9D-9E9D	9EA4-9EA5	9EA9-9EAA	9EB4-9EB5	9EB8-9EBA	9EBC-9EBF	9EC3-9EC3	9EC9-9EC9	9ECD-9ECD	9ED0-9ED0	9ED2-9ED3	9ED5-9ED6	9ED9-9ED9	9EDC-9EDD	9EDF-9EE0	9EE2-9EE2	9EE5-9EE5	9EE7-9EEA	9EEF-9EEF	9EF1-9EF1	9EF3-9EF4	9EF6-9EF6	9EF9-9EF9	9EFB-9EFC	9EFE-9EFE	9F0B-9F0B	9F0D-9F0D	9F10-9F10	9F14-9F14	9F17-9F17	9F19-9F19	9F22-9F22	9F29-9F29	9F2C-9F2C	9F2F-9F2F	9F31-9F31	9F37-9F37	9F39-9F39
Noto Sans SC	400	/fonts/served/noto-sans-sc-23-400-normal.woff2	9C3B-9C3B	9C40-9C40	9C47-9C49	9C53-9C53	9C57-9C57	9C64-9C64	9C72-9C72	9C77-9C78	9C7B-9C7B	9C7F-9C80	9C82-9C83	9C85-9C8C	9C8E-9C92	9C94-9C9B	9C9E-9CA3	9CA5-9CA7	9CA9-9CA9	9CAB-9CAB	9CAD-9CAE	9CB1-9CB7	9CB9-9CBD	9CBF-9CC0	9CC3-9CC3	9CC5-9CC7	9CC9-9CD1	9CD3-9CDA	9CDC-9CDD	9CDF-9CDF	9CE1-9CE3	9CE5-9CE5	9CE9-9CE9	9CEE-9CEF	9CF3-9CF4	9CF6-9CF6	9CFC-9CFD	9D02-9D02	9D08-9D09	9D12-9D12	9D1B-9D1B	9D1E-9D1E	9D26-9D26	9D28-9D28	9D37-9D37	9D3B-9D3B	9D3F-9D3F	9D51-9D51	9D59-9D59	9D5C-9D5D	9D5F-9D61	9D6C-9D6C	9D70-9D70	9D72-9D72	9D7A-9D7A	9D7E-9D7E	9D84-9D84	9D89-9D89	9D8F-9D8F	9D92-9D92	9DAF-9DAF	9DB4-9DB4	9DB8-9DB8	9DBC-9DBC	9DC4-9DC4	9DC7-9DC7	9DC9-9DC9	9DD7-9DD7	9DDF-9DDF	9DF2-9DF2	9DF9-9DF9
Noto Sans SC	400	/fonts/served/noto-sans-sc-24-400-normal.woff2	9A5F-9A5F	9A62-9A62	9A65-9A65	9A69-9A69	9A6B-9A6B	9A6E-9A6E	9A75-9A75	9A77-9A7A	9A7D-9A7D	9A80-9A80	9A83-9A83	9A85-9A85	9A87-9A8A	9A8D-9A8E	9A90-9A90	9A92-9A93	9A95-9A96	9A98-9A99	9A9B-9AA2	9AA5-9AA5	9AA7-9AA7	9AAF-9AB1	9AB5-9AB6	9AB9-9ABA	9ABC-9ABC	9AC0-9AC4	9AC8-9AC8	9ACB-9ACC	9ACE-9ACF	9AD1-9AD2	9AD9-9AD9	9ADF-9ADF	9AE1-9AE1	9AE3-9AE3	9AEA-9AEB	9AED-9AEF	9AF4-9AF4	9AF9-9AF9	9AFB-9AFB	9B03-9B04	9B06-9B06	9B08-9B08	9B0D-9B0D	9B0F-9B10	9B13-9B13	9B18-9B18	9B1A-9B1A	9B1F-9B1F	9B22-9B23	9B25-9B25	9B27-9B28	9B2A-9B2A	9B2F-9B2F	9B31-9B32	9B3B-9B3B	9B43-9B43	9B46-9B49	9B4D-9B4E	9B51-9B51	9B56-9B56	9B58-9B58	9B5A-9B5A	9B5C-9B5C	9B5F-9B5F	9B61-9B62	9B6F-9B6F	9B77-9B77	9B80-9B80	9B88-9B88	9B8B-9B8B	9B8E-9B8E	9B91-9B91	9B9F-9BA0	9BA8-9BA8	9BAA-9BAB	9BAD-9BAE	9BB0-9BB1	9BB8-9BB8	9BC9-9BCA	9BD3-9BD3	9BD6-9BD6	9BDB-9BDB	9BE8-9BE8	9BF0-9BF1	9C02-9C02	9C10-9C10	9C15-9C15	9C24-9C24	9C2D-9C2D	9C32-9C32	9C39-9C39
Noto Sans SC	400	/fonts/served/noto-sans-sc-25-400-normal.woff2	98C8-98C8	98CF-98D6	98DA-98DB	98DD-98DD	98E1-98E2	98E7-98EA	98EC-98EC	98EE-98EF	98F2-98F2	98F4-98F4	98FC-98FE	9903-9903	9905-9905	9908-9908	990A-990A	990C-990D	9913-9914	9918-9918	991A-991B	991E-991E	9921-9921	9928-9928	992C-992C	992E-992E	9935-9935	9938-9939	993D-993E	9945-9945	994B-994C	9951-9952	9954-9955	9957-9957	995E-995E	9963-9963	9966-9969	996B-996C	996F-996F	9974-9975	9977-9979	997D-997E	9980-9981	9983-9984	9987-9987	998A-998B	998D-9991	9993-9995	9997-9998	99A5-99A5	99AB-99AE	99B1-99B1	99B3-99B4	99BC-99BC	99BF-99BF	99C1-99C1	99C3-99C6	99CC-99CC	99D0-99D0	99D2-99D2	99D5-99D5	99DB-99DB	99DD-99DD	99E1-99E1	99ED-99ED	99F1-99F1	99FF-99FF	9A01-9A01	9A03-9A04	9A0E-9A0F	9A11-9A13	9A19-9A19	9A1B-9A1B	9A28-9A28	9A2B-9A2B	9A30-9A30	9A32-9A32	9A37-9A37	9A40-9A40	9A45-9A45	9A4A-9A4A	9A4D-9A4E	9A52-9A52	9A55-9A55	9A57-9A57	9A5A-9A5B
Noto Sans SC	400	/fonts/served/noto-sans-sc-26-400-normal.woff2	972A-972A	972D-972D	9730-9730	973D-973D	9742-9742	9744-9744	9748-9749	9750-9751	975A-975C	9763-9763	9765-9766	976C-976D	9773-9773	9776-9776	977A-977A	977C-977C	9784-9785	978E-978F	9791-9792	9794-9795	9798-9798	979A-979A	979E-979E	97A3-97A3	97A5-97A6	97A8-97A8	97AB-97AC	97AE-97AF	97B2-97B2	97B4-97B4	97C6-97C6	97CB-97CC	97D3-97D3	97D8-97D8	97DC-97DC	97E1-97E1	97EA-97EB	97EE-97EE	97FB-97FB	97FE-97FF	9801-9803	9805-9806	9808-9808	980C-980C	9810-9814	9817-9818	981E-981E	9820-9821	9824-9824	9828-9828	982B-982D	9830-9830	9834-9834	9838-9839	983C-983C	9846-9846	984D-984F	9851-9852	9854-9855	9857-9858	985A-985B	9862-9863	9865-9865	9867-9867	986B-986B	986F-9871	9877-9878	987C-987C	9880-9880	9883-9883	9885-9885	9889-9889	988B-988F	9893-9895	9899-989B	989E-989F	98A1-98A2	98A5-98A7	98A9-98A9	98AF-98AF	98B1-98B1	98B6-98B6	98BA-98BA	98BE-98BE	98C3-98C4	98C6-98C7
Noto Sans SC	400	/fonts/served/noto-sans-sc-27-400-normal.woff2	95B9-95CA	95CC-95CD	95D4-95D6	95D8-95D8	95E1-95E2	95E9-95E9	95F0-95F1	95F3-95F3	95F6-95F6	95FC-95FC	95FE-95FF	9602-9604	9606-960D	960F-960F	9611-9613	9615-9617	9619-961B	961D-961D	9621-9621	9628-9628	962F-962F	963C-963E	9641-9642	9649-9649	9654-9654	965B-965F	9661-9661	9663-9663	9665-9665	9667-9668	966C-966C	9670-9670	9672-9674	9678-9678	967A-967A	967D-967D	9682-9682	9685-9685	9688-9688	968A-968A	968D-968E	9695-9695	9697-9698	969E-969E	96A0-96A0	96A3-96A4	96A8-96A8	96AA-96AA	96B0-96B1	96B3-96B4	96B7-96B9	96BB-96BD	96C9-96C9	96CB-96CB	96CE-96CE	96D1-96D2	96D6-96D6	96D9-96D9	96DB-96DC	96DE-96DE	96E0-96E0	96E3-96E3	96E9-96E9	96EB-96EB	96F0-96F2	96F9-96F9	96FF-96FF	9701-9702	9705-9705	9708-9708	970A-970A	970E-970F	9711-9711	9719-9719	9727-9727
Noto Sans SC	400	/fonts/served/noto-sans-sc-28-400-normal.woff2	94E7-94EC	94EE-94F1	94F3-94F3	94F5-94F5	94F7-94F7	94F9-94F9	94FB-94FD	94FF-94FF	9503-9504	9506-9507	9509-950A	950D-950F	9511-9518	951A-9520	9522-9522	9528-952D	9530-953A	953C-953F	9543-9546	9548-9550	9552-9555	9557-955B	955D-9568	956A-956D	9570-9574	9583-9583	9586-9586	9589-9589	958E-958F	9591-9592	9594-9594	9598-9599	959E-95A0	95A2-95A6	95A8-95B2	95B4-95B4	95B8-95B8
Noto Sans SC	400	/fonts/served/noto-sans-sc-29-400-normal.woff2	9410-941A	941C-942B	942D-942E	9432-9433	9435-9435	9438-9438	943A-943A	943E-943E	9444-9444	944A-944A	9451-9452	945A-945A	9462-9463	9465-9465	9470-9487	948A-9492	9494-9498	949A-949A	949C-949D	94A1-94A1	94A3-94A4	94A8-94A8	94AA-94AD	94AF-94AF	94B2-94B2	94B4-94BA	94BC-94C0	94C4-94C4	94C6-94DB	94DE-94E6
Noto Sans SC	400	/fonts/served/noto-sans-sc-30-400-normal.woff2	92B7-92B7	92B9-92B9	92C1-92C1	92C5-92C6	92C8-92C8	92CC-92CC	92D0-92D0	92D2-92D2	92E4-92E4	92EA-92EA	92EC-92ED	92F0-92F0	92F3-92F3	92F8-92F8	92FC-92FC	9304-9304	9306-9306	9310-9310	9312-9312	9315-9315	9318-9318	931A-931A	931E-931E	9320-9322	9324-9324	9326-9329	932B-932C	932F-932F	9331-9332	9335-9336	933E-933E	9340-9341	934A-9360	9362-9363	9365-936B	936E-936E	9375-9375	937E-937E	9382-9382	938A-938A	938C-938C	938F-938F	9393-9394	9396-9397	939A-939A	93A2-93A2	93A7-93A7	93AC-93CD	93D0-93D1	93D6-93D8	93DE-93DF	93E1-93E2	93E4-93E4	93F8-93F8	93FB-93FB	93FD-93FD	940E-940F
Noto Sans SC	400	/fonts/served/noto-sans-sc-31-400-normal.woff2	914C-914C	914E-9150	9154-9154	9157-9157	915A-915A	915D-915E	9161-9164	9169-9169	9170-9170	9172-9172	9174-9174	9179-917A	917D-917E	9182-9183	9185-9185	918C-918D	9190-9191	919A-919A	919C-919C	91A1-91A4	91A8-91A8	91AA-91AF	91B4-91B5	91B8-91B8	91BA-91BA	91BE-91BE	91C0-91C1	91C6-91C6	91C8-91C8	91CB-91CB	91D0-91D0	91D2-91D2	91D7-91D8	91DD-91DD	91E3-91E3	91E6-91E7	91ED-91ED	91F0-91F0	91F5-91F5	91F9-91F9	9200-9200	9205-9205	9207-920A	920D-920E	9210-9210	9214-9215	921C-921C	921E-921E	9221-9221	9223-9227	9229-922A	922D-922D	9234-9235	9237-9237	9239-923A	923C-9240	9244-9246	9249-9249	924E-924F	9251-9251	9253-9253	9257-9257	925B-925B	925E-925E	9262-9262	9264-9266	9268-9268	926C-926C	926F-926F	9271-9271	927B-927B	927E-927E	9280-9280	9283-9283	9285-928A	928E-928E	9291-9291	9293-9293	9296-9296	9298-9298	929C-929D	92A8-92A8	92AB-92AE	92B3-92B3	92B6-92B6
Noto Sans SC	400	/fonts/served/noto-sans-sc-32-400-normal.woff2	8FE2-8FE5	8FE8-8FE9	8FEE-8FEE	8FF3-8FF4	8FF8-8FF8	8FFA-8FFA	9004-9004	900B-900B	9011-9011	9015-9016	901E-901E	9021-9021	9026-9026	902D-902D	902F-902F	9031-9031	9035-9036	9039-903A	9041-9041	9044-9046	904A-904A	904F-9052	9054-9055	9058-9059	905B-905E	9060-9062	9068-9069	906F-906F	9072-9072	9074-9074	9076-907A	907C-907D	9081-9081	9083-9083	9085-9085	9087-908B	908F-908F	9095-9095	9097-9097	9099-909B	909D-909D	90A0-90A1	90A8-90A9	90AC-90AC	90B0-90B0	90B2-90B4	90B6-90B6	90B8-90B8	90BA-90BA	90BD-90BE	90C3-90C5	90C7-90C8	90CF-90D0	90D3-90D3	90D5-90D5	90D7-90D7	90DA-90DC	90DE-90DE	90E2-90E2	90E4-90E4	90E6-90E7	90EA-90EB	90EF-90EF	90F4-90F5	90F7-90F7	90FE-9100	9104-9104	9109-9109	910C-910C	9112-9112	9114-9115	9118-9118	911C-911C	911E-911E	9120-9120	9122-9123	9127-9127	912D-912D	912F-9132	9139-913A	9143-9143	9146-9146	9149-914A
Noto Sans SC	400	/fonts/served/noto-sans-sc-33-400-normal.woff2	8E2D-8E31	8E34-8E35	8E39-8E3A	8E3D-8E3D	8E40-8E42	8E47-8E47	8E49-8E4B	8E50-8E53	8E59-8E5A	8E5F-8E60	8E64-8E64	8E69-8E69	8E6C-8E6C	8E70-8E70	8E74-8E74	8E76-8E76	8E7A-8E7C	8E7F-8E7F	8E84-8E85	8E87-8E87	8E89-8E89	8E8B-8E8B	8E8D-8E8D	8E8F-8E90	8E94-8E94	8E99-8E99	8E9C-8E9C	8E9E-8E9E	8EAA-8EAA	8EAC-8EAC	8EB0-8EB0	8EB6-8EB6	8EC0-8EC0	8EC6-8EC6	8ECA-8ECE	8ED2-8ED2	8EDA-8EDA	8EDF-8EDF	8EE2-8EE2	8EEB-8EEB	8EF8-8EF8	8EFB-8EFE	8F03-8F03	8F09-8F09	8F0B-8F0B	8F12-8F15	8F1B-8F1B	8F1D-8F1D	8F1F-8F1F	8F29-8F2A	8F2F-8F2F	8F36-8F36	8F38-8F38	8F3B-8F3B	8F3E-8F3F	8F44-8F45	8F49-8F49	8F4D-8F4E	8F5F-8F5F	8F6B-8F6B	8F6D-8F6D	8F71-8F73	8F75-8F76	8F78-8F7A	8F7C-8F7C	8F7E-8F7E	8F81-8F82	8F84-8F84	8F87-8F87	8F8A-8F8B	8F8D-8F8F	8F94-8F95	8F97-8F9A	8FA6-8FA6	8FAD-8FAF	8FB2-8FB2	8FB5-8FB7	8FBA-8FBC	8FBF-8FBF	8FC2-8FC2	8FCB-8FCB	8FCD-8FCD	8FD3-8FD3	8FD5-8FD5	8FD7-8FD7	8FDA-8FDA
Noto Sans SC	400	/fonts/served/noto-sans-sc-34-400-normal.woff2	8CAF-8CB0	8CB3-8CB4	8CB6-8CB9	8CBB-8CBD	8CBF-8CC4	8CC7-8CC8	8CCA-8CCA	8CCD-8CCD	8CD1-8CD1	8CD3-8CD3	8CDB-8CDC	8CDE-8CDE	8CE0-8CE0	8CE2-8CE4	8CE6-8CE8	8CEA-8CEA	8CED-8CED	8CF4-8CF4	8CF8-8CF8	8CFA-8CFA	8CFC-8CFD	8D04-8D05	8D07-8D08	8D0A-8D0A	8D0D-8D0D	8D0F-8D0F	8D13-8D14	8D16-8D16	8D1B-8D1B	8D20-8D20	8D2E-8D2E	8D30-8D30	8D32-8D33	8D36-8D36	8D3B-8D3B	8D3D-8D3D	8D40-8D40	8D42-8D43	8D45-8D46	8D48-8D4A	8D4D-8D4D	8D51-8D51	8D53-8D53	8D55-8D55	8D59-8D59	8D5C-8D5D	8D5F-8D5F	8D61-8D61	8D66-8D67	8D6A-8D6A	8D6D-8D6D	8D71-8D71	8D73-8D73	8D84-8D84	8D90-8D91	8D94-8D95	8D99-8D99	8DA8-8DA8	8DAF-8DAF	8DB1-8DB1	8DB5-8DB5	8DB8-8DB8	8DBA-8DBA	8DBC-8DBC	8DBF-8DBF	8DC2-8DC2	8DC4-8DC4	8DC6-8DC6	8DCB-8DCB	8DCE-8DCF	8DD6-8DD7	8DDA-8DDB	8DDE-8DDE	8DE1-8DE1	8DE3-8DE4	8DE9-8DE9	8DEB-8DEC	8DF0-8DF1	8DF6-8DFD	8E05-8E05	8E07-8E07	8E09-8E0A	8E0C-8E0C	8E0E-8E0E	8E10-8E10	8E14-8E14	8E1D-8E1F	8E23-8E23	8E26-8E26	8E2B-8E2C
Noto Sans SC	400	/fonts/served/noto-sans-sc-35-400-normal.woff2	8B5E-8B5E	8B60-8B60	8B6C-8B6C	8B6F-8B70	8B72-8B72	8B74-8B74	8B77-8B77	8B7D-8B7D	8B80-8B80	8B83-8B83	8B8A-8B8A	8B8C-8B8C	8B90-8B90	8B93-8B93	8B99-8B9A	8BA0-8BA0	8BA3-8BA3	8BA5-8BA7	8BAA-8BAC	8BB3-8BB5	8BB7-8BB7	8BB9-8BB9	8BC2-8BC3	8BC5-8BC5	8BCB-8BCC	8BCE-8BD0	8BD2-8BD4	8BD6-8BD6	8BD8-8BD9	8BDC-8BDC	8BDF-8BDF	8BE3-8BE4	8BE7-8BE9	8BEB-8BEC	8BEE-8BEE	8BF0-8BF0	8BF2-8BF3	8BF6-8BF6	8BF9-8BF9	8BFC-8BFD	8BFF-8C00	8C02-8C02	8C04-8C04	8C06-8C07	8C0C-8C0C	8C0F-8C0F	8C11-8C12	8C14-8C1B	8C1D-8C21	8C24-8C25	8C27-8C27	8C2A-8C2C	8C2E-8C30	8C32-8C36	8C3F-8C3F	8C47-8C4C	8C4E-8C50	8C54-8C56	8C62-8C62	8C68-8C68	8C6C-8C6C	8C73-8C73	8C78-8C78	8C7A-8C7A	8C82-8C82	8C85-8C85	8C89-8C8A	8C8D-8C8E	8C90-8C90	8C93-8C94	8C98-8C98	8C9D-8C9E	8CA0-8CA2	8CA7-8CAC
Noto Sans SC	400	/fonts/served/noto-sans-sc-36-400-normal.woff2	8A02-8A03	8A07-8A0A	8A0E-8A0F	8A13-8A13	8A15-8A18	8A1A-8A1B	8A1D-8A1D	8A1F-8A1F	8A22-8A23	8A25-8A25	8A2B-8A2B	8A2D-8A2D	8A31-8A31	8A33-8A34	8A36-8A38	8A3A-8A3A	8A3C-8A3C	8A3E-8A3E	8A40-8A41	8A46-8A46	8A48-8A48	8A50-8A50	8A52-8A52	8A54-8A55	8A58-8A58	8A5B-8A5B	8A5D-8A63	8A66-8A66	8A69-8A6B	8A6D-8A6E	8A70-8A70	8A72-8A73	8A7A-8A7A	8A85-8A85	8A87-8A87	8A8A-8A8A	8A8C-8A8D	8A90-8A92	8A95-8A95	8A98-8A98	8AA0-8AA1	8AA3-8AA6	8AA8-8AA9	8AAC-8AAE	8AB0-8AB0	8AB2-8AB2	8AB8-8AB9	8ABC-8ABC	8ABE-8ABF	8AC7-8AC7	8ACF-8ACF	8AD2-8AD2	8AD6-8AD7	8ADB-8ADC	8ADF-8ADF	8AE1-8AE1	8AE6-8AE8	8AEB-8AEB	8AED-8AEE	8AF1-8AF1	8AF3-8AF4	8AF7-8AF8	8AFA-8AFA	8AFE-8AFE	8B00-8B02	8B07-8B07	8B0A-8B0A	8B0C-8B0C	8B0E-8B0E	8B10-8B10	8B17-8B17	8B19-8B19	8B1B-8B1B	8B1D-8B1D	8B20-8B21	8B26-8B26	8B28-8B28	8B2C-8B2C	8B33-8B33	8B39-8B39	8B3E-8B3F	8B41-8B41	8B45-8B45	8B49-8B49	8B4C-8B4C	8B4F-8B4F	8B57-8B58	8B5A-8B5A	8B5C-8B5C
Noto Sans SC	400	/fonts/served/noto-sans-sc-37-400-normal.woff2	8869-886A	886E-886F	8872-8872	8879-8879	887D-887F	8882-8882	8884-8886	8888-8888	888F-888F	8892-8893	889B-889B	88A2-88A2	88A4-88A4	88A6-88A6	88A8-88A8	88AA-88AA	88AE-88AE	88B1-88B1	88B4-88B4	88B7-88B7	88BC-88BC	88C0-88C0	88C6-88C9	88CE-88CF	88D1-88D3	88D8-88D8	88DB-88DD	88DF-88DF	88E1-88E3	88E5-88E5	88E8-88E8	88EC-88EC	88F0-88F1	88F3-88F4	88FC-88FE	8900-8900	8902-8902	8906-8907	8909-890C	8912-8915	8918-891B	8921-8921	8925-8925	892B-892B	8930-8930	8932-8932	8934-8934	8936-8936	893B-893B	893D-893D	8941-8941	894C-894C	8955-8956	8959-8959	895C-895C	895E-8960	8966-8966	896A-896A	896C-896C	896F-8970	8972-8972	897B-897B	897E-897E	8980-8980	8983-8983	8985-8985	8987-8988	898C-898C	898F-898F	8993-8993	8997-8997	899A-899A	89A1-89A1	89A7-89A7	89A9-89AA	89B2-89B3	89B7-89B7	89C0-89C0	89C7-89C7	89CA-89CC	89CE-89D1	89D6-89D6	89DA-89DA	89DC-89DC	89DE-89DE	89E5-89E5	89E7-89E7	89EB-89EB	89EF-89EF	89F1-89F1	89F3-89F4	89F8-89F8	89FF-89FF	8A01-8A01
Noto Sans SC	400	/fonts/served/noto-sans-sc-38-400-normal.woff2	86E4-86E4	86E6-86E6	86E9-86E9	86ED-86ED	86EF-86F4	86F8-86F9	86FB-86FB	86FE-86FE	8703-8703	8706-870A	870D-870D	8711-8713	871A-871A	871E-871E	8722-8723	8725-8725	8729-8729	872E-872E	8731-8731	8734-8734	8737-8737	873A-873B	873E-8740	8742-8742	8747-8748	8753-8753	8755-8755	8757-8758	875D-875D	875F-875F	8762-8766	8768-8768	876E-876E	8770-8770	8772-8772	8775-8775	8778-8778	877B-877E	8782-8782	8785-8785	8788-8788	878B-878B	8793-8793	8797-8797	879A-879A	879E-87A0	87A2-87A3	87A8-87A8	87AB-87AD	87AF-87AF	87B3-87B3	87B5-87B5	87BD-87BD	87C0-87C0	87C4-87C4	87C6-87C6	87CA-87CB	87D1-87D2	87DB-87DC	87DE-87DE	87E0-87E0	87E5-87E5	87EA-87EA	87EC-87EC	87EE-87EE	87F2-87F3	87FB-87FB	87FD-87FE	8802-8803	8805-8805	880A-880B	880D-880D	8813-8816	8819-8819	881B-881B	881F-881F	8821-8821	8823-8823	8831-8832	8835-8836	8839-8839	883B-883C	8844-8844	8846-8846	884A-884A	884E-884E	8852-8853	8855-8855	8859-8859	885B-885B	885D-885E	8862-8862	8864-8864
Noto Sans SC	400	/fonts/served/noto-sans-sc-39-400-normal.woff2	8532-8532	8534-8535	8538-853A	853C-853C	8543-8543	8545-8545	8548-8548	854E-854E	8553-8553	8556-8557	8559-8559	855E-855E	8561-8561	8564-8565	8568-856A	856D-856D	856F-8570	8572-8572	8576-8576	8579-857B	8580-8580	8585-8586	8588-8588	858A-858A	858F-858F	8591-8591	8594-8594	8599-8599	859C-859C	85A2-85A2	85A4-85A4	85A6-85A6	85A8-85A9	85AB-85AC	85AE-85AE	85B7-85B9	85BE-85BE	85C1-85C1	85C7-85C7	85CD-85CD	85D0-85D0	85D3-85D3	85D5-85D5	85DC-85DD	85DF-85E0	85E5-85E6	85E8-85EA	85F4-85F4	85F9-85F9	85FE-85FF	8602-8602	8605-8607	860A-860B	8616-8616	8618-8618	861A-861A	8627-8627	8629-8629	862D-862D	8638-8638	863C-863C	863F-863F	864D-864D	864F-864F	8652-8655	865B-865C	865F-865F	8662-8662	8667-8667	866C-866C	866E-866E	8671-8671	8675-8675	867A-867C	867F-867F	868B-868B	868D-868D	8693-8693	869C-869D	86A1-86A1	86A3-86A4	86A7-86A9	86AC-86AC	86AF-86B1	86B4-86B6	86BA-86BA	86C0-86C0	86C4-86C4	86C6-86C6	86C9-86CA	86CD-86D1	86D4-86D4	86D8-86D8	86DE-86DF
Noto Sans SC	400	/fonts/served/noto-sans-sc-40-400-normal.woff2	83B4-83B4	83B6-83B6	83B8-83B8	83BA-83BA	83BC-83BD	83BF-83C0	83C2-83C2	83C5-83C5	83C8-83C9	83CB-83CB	83D1-83D1	83D3-83D6	83D8-83D8	83DB-83DB	83DD-83DD	83DF-83DF	83E1-83E1	83E5-83E5	83EA-83EB	83F0-83F0	83F4-83F4	83F8-83F9	83FB-83FB	83FD-83FD	83FF-83FF	8401-8401	8406-8406	840A-840B	840F-840F	8411-8411	8418-8418	841C-841C	8420-8420	8422-8424	8426-8426	8429-8429	842C-842C	8438-8439	843B-843C	843F-843F	8446-8447	8449-8449	844E-844E	8451-8452	8456-8456	8459-845A	845C-845C	8462-8462	8466-8466	846D-846D	846F-8470	8473-8473	8476-8478	847A-847A	847D-847D	8484-8485	8487-8487	8489-8489	848C-848C	848E-848E	8490-8490	8493-8494	8497-8497	849B-849B	849E-849F	84A1-84A1	84A5-84A5	84A8-84A8	84AF-84AF	84B4-84B4	84B9-84BF	84C1-84C2	84C5-84C7	84CA-84CB	84CD-84CD	84D0-84D1	84D3-84D3	84D6-84D6	84DF-84E0	84E2-84E3	84E5-84E7	84EE-84EE	84F3-84F3	84F6-84F6	84FA-84FA	84FC-84FC	84FF-8500	850C-850C	8511-8511	8514-8515	8517-8518	851F-851F	8523-8523	8525-8526	8529-8529	852B-852B	852D-852D
Noto Sans SC	400	/fonts/served/noto-sans-sc-41-400-normal.woff2	82A9-82AB	82AE-82AE	82B0-82B0	82B2-82B2	82B4-82B6	82BC-82BC	82BE-82BE	82C0-82C2	82C4-82C8	82CA-82CC	82CE-82CE	82D0-82D0	82D2-82D3	82D5-82D6	82D8-82D9	82DC-82DE	82E0-82E4	82E7-82E7	82E9-82EB	82ED-82EE	82F3-82F4	82F7-82F8	82FA-8301	8306-8308	830C-830D	830F-830F	8311-8311	8313-8315	8318-8318	831A-831B	831D-831D	8324-8324	8327-8327	832A-832A	832C-832D	832F-832F	8331-8334	833A-833C	8340-8340	8343-8345	8347-8348	834A-834A	834C-834C	834F-834F	8351-8351	8356-8356	8358-835C	835E-835E	8360-8360	8364-8366	8368-836A	836C-836E	8373-8373	8378-8378	837B-837D	837F-8380	8382-8382	8388-8388	838A-838B	8392-8392	8394-8394	8396-8396	8398-8399	839B-839C	83A0-83A0	83A2-83A3	83A8-83AA	83AE-83B0	83B3-83B3
Noto Sans SC	400	/fonts/served/noto-sans-sc-42-400-normal.woff2	814D-814E	8151-8151	8153-8153	8158-815A	815E-815E	8160-8160	8166-8169	816B-816B	816D-816D	8171-8171	8173-8174	8178-8178	817C-817D	8182-8182	8188-8188	8191-8191	8198-819B	81A0-81A0	81A3-81A3	81A5-81A6	81A9-81A9	81B6-81B6	81BA-81BB	81BD-81BD	81BF-81BF	81C1-81C1	81C3-81C3	81C6-81C6	81C9-81CA	81CC-81CD	81D1-81D1	81D3-81D4	81D8-81D8	81DB-81DC	81DE-81DF	81E5-81E5	81E7-81E9	81EB-81EC	81EE-81EF	81F5-81F5	81F8-81F8	81FA-81FA	81FC-81FC	81FE-81FE	8200-8202	8204-8204	8208-820A	820E-8210	8216-8218	821B-821C	8221-8224	8226-8228	822B-822B	822D-822D	822F-822F	8232-8234	8237-8238	823A-823B	823E-823E	8244-8244	8249-8249	824B-824B	824F-824F	8259-825A	825F-825F	8266-8266	8268-8268	826E-826E	8271-8271	8276-8279	827D-827D	827F-827F	8283-8284	8288-828A	828D-8291	8293-8294	8296-8298	829F-82A1	82A3-82A4	82A7-82A8
Noto Sans SC	400	/fonts/served/noto-sans-sc-43-400-normal.woff2	7FFA-7FFA	7FFE-7FFE	8004-8004	8006-8006	800B-800B	800E-800E	8011-8012	8014-8014	8016-8016	8018-8019	801C-801C	801E-801E	8026-802A	8031-8031	8034-8035	8037-8037	8043-8043	804B-804B	804D-804D	8052-8052	8056-8056	8059-8059	805E-805E	8061-8061	8068-8069	806E-8074	8076-8078	807C-8080	8082-8082	8084-8085	8088-8088	808F-808F	8093-8093	809C-809C	809F-809F	80AB-80AB	80AD-80AE	80B1-80B1	80B6-80B8	80BC-80BD	80C2-80C2	80C4-80C4	80CA-80CA	80CD-80CD	80D1-80D1	80D4-80D4	80D7-80D7	80D9-80DB	80DD-80DD	80E0-80E0	80E4-80E5	80E7-80ED	80EF-80F1	80F3-80F4	80FC-80FC	8101-8101	8104-8105	8107-8108	810C-810E	8112-8115	8117-8119	811B-811F	8121-8130	8132-8134	8137-8137	8139-8139	813F-8140	8142-8142	8146-8146	8148-8148
Noto Sans SC	400	/fonts/served/noto-sans-sc-44-400-normal.woff2	7ED7-7ED7	7EDB-7EDB	7EE0-7EE2	7EE5-7EE6	7EE8-7EE8	7EEB-7EEB	7EF0-7EF2	7EF6-7EF6	7EFA-7EFB	7EFE-7EFE	7F01-7F04	7F08-7F08	7F0A-7F12	7F17-7F17	7F19-7F19	7F1B-7F1C	7F1F-7F1F	7F21-7F23	7F25-7F28	7F2A-7F33	7F35-7F37	7F3D-7F3D	7F42-7F42	7F44-7F45	7F4C-7F4D	7F52-7F52	7F54-7F54	7F58-7F59	7F5D-7F5D	7F5F-7F61	7F63-7F63	7F65-7F65	7F68-7F68	7F70-7F71	7F73-7F75	7F77-7F77	7F79-7F79	7F7D-7F7E	7F85-7F86	7F88-7F89	7F8B-7F8C	7F90-7F91	7F94-7F96	7F98-7F9B	7F9D-7F9D	7F9F-7F9F	7FA3-7FA3	7FA7-7FA9	7FAC-7FB2	7FB4-7FB4	7FB6-7FB6	7FB8-7FB8	7FBC-7FBC	7FBF-7FC0	7FC3-7FC3	7FCA-7FCA	7FCC-7FCC	7FCE-7FCE	7FD2-7FD2	7FD5-7FD5	7FD9-7FDB	7FDF-7FDF	7FE3-7FE3	7FE5-7FE7	7FE9-7FE9	7FEB-7FEC	7FEE-7FEF	7FF1-7FF1	7FF3-7FF4	7FF9-7FF9
Noto Sans SC	400	/fonts/served/noto-sans-sc-45-400-normal.woff2	7DC4-7DC4	7DC7-7DC8	7DCA-7DCD	7DCF-7DCF	7DD1-7DD2	7DD4-7DD4	7DD6-7DD8	7DDA-7DE0	7DE2-7DE6	7DE8-7DED	7DEF-7DEF	7DF1-7DF5	7DF7-7DF7	7DF9-7DF9	7DFB-7DFC	7DFE-7E02	7E04-7E04	7E08-7E0B	7E12-7E12	7E1B-7E1B	7E1E-7E1E	7E20-7E20	7E22-7E23	7E26-7E26	7E29-7E29	7E2B-7E2B	7E2E-7E2F	7E31-7E31	7E37-7E37	7E39-7E3E	7E40-7E40	7E43-7E44	7E46-7E47	7E4A-7E4B	7E4D-7E4E	7E51-7E51	7E54-7E56	7E58-7E5B	7E5D-7E5E	7E61-7E61	7E66-7E67	7E69-7E6B	7E6D-7E6D	7E70-7E70	7E73-7E73	7E77-7E77	7E79-7E79	7E7B-7E7D	7E81-7E82	7E8C-7E8D	7E8F-7E8F	7E92-7E94	7E96-7E96	7E98-7E98	7E9A-7E9C	7E9E-7E9F	7EA1-7EA1	7EA3-7EA3	7EA5-7EA5	7EA8-7EA9	7EAB-7EAB	7EAD-7EAE	7EB0-7EB0	7EBB-7EBB	7EBE-7EBE	7EC0-7EC2	7EC9-7EC9	7ECB-7ECC	7ED0-7ED0	7ED4-7ED4
Noto Sans SC	400	/fonts/served/noto-sans-sc-46-400-normal.woff2	7CCC-7CCD	7CD7-7CD7	7CDC-7CDC	7CDE-7CDE	7CE0-7CE0	7CE4-7CE5	7CE7-7CE8	7CEC-7CEC	7CF0-7CF0	7CF5-7CF9	7CFC-7CFC	7CFE-7CFE	7D00-7D00	7D04-7D0B	7D0D-7D0D	7D10-7D14	7D17-7D19	7D1B-7D1F	7D21-7D21	7D24-7D26	7D28-7D2A	7D2C-7D2E	7D30-7D31	7D33-7D33	7D35-7D36	7D38-7D3A	7D40-7D40	7D42-7D44	7D46-7D46	7D4B-7D4C	7D4F-7D4F	7D51-7D51	7D54-7D56	7D58-7D58	7D5B-7D5C	7D5E-7D5E	7D61-7D63	7D66-7D66	7D68-7D68	7D6A-7D6C	7D6F-7D6F	7D71-7D73	7D75-7D77	7D79-7D7A	7D7E-7D7E	7D81-7D81	7D84-7D8B	7D8D-7D8D	7D8F-7D8F	7D91-7D91	7D94-7D94	7D96-7D96	7D98-7D9A	7D9C-7DA0	7DA2-7DA2	7DA6-7DA6	7DAA-7DB1	7DB4-7DB8	7DBA-7DBF	7DC1-7DC1
Noto Sans SC	400	/fonts/served/noto-sans-sc-47-400-normal.woff2	7BC3-7BC4	7BC6-7BC6	7BC8-7BCC	7BD1-7BD1	7BD3-7BD4	7BD9-7BDA	7BDD-7BDD	7BE0-7BE1	7BE4-7BE6	7BE9-7BEA	7BEF-7BEF	7BF4-7BF4	7BF6-7BF6	7BFC-7BFC	7BFE-7BFE	7C01-7C01	7C03-7C03	7C07-7C08	7C0A-7C0D	7C0F-7C0F	7C11-7C11	7C15-7C16	7C19-7C19	7C1E-7C21	7C23-7C24	7C26-7C26	7C28-7C33	7C35-7C35	7C37-7C3B	7C3D-7C3E	7C40-7C41	7C43-7C43	7C47-7C48	7C4C-7C4C	7C50-7C50	7C53-7C54	7C59-7C59	7C5F-7C60	7C63-7C65	7C6C-7C6C	7C6E-7C6E	7C72-7C72	7C74-7C74	7C79-7C7A	7C7C-7C7C	7C81-7C82	7C84-7C85	7C88-7C88	7C8A-7C91	7C93-7C96	7C99-7C99	7C9B-7C9E	7CA0-7CA2	7CA6-7CA9	7CAC-7CAC	7CAF-7CB3	7CB5-7CB7	7CBA-7CBD	7CBF-7CC2	7CC5-7CC5	7CC7-7CC9
Noto Sans SC	400	/fonts/served/noto-sans-sc-48-400-normal.woff2	7ACA-7ACA	7AD1-7AD2	7ADA-7ADD	7AE1-7AE1	7AE4-7AE4	7AE6-7AE6	7AF4-7AF7	7AFA-7AFB	7AFD-7B0A	7B0C-7B0C	7B0E-7B0F	7B13-7B13	7B15-7B16	7B18-7B19	7B1E-7B20	7B22-7B25	7B29-7B2B	7B2D-7B2E	7B30-7B3B	7B3E-7B3F	7B41-7B42	7B44-7B47	7B4A-7B4A	7B4C-7B50	7B58-7B58	7B5A-7B5A	7B5C-7B5C	7B60-7B60	7B66-7B67	7B69-7B69	7B6C-7B6F	7B72-7B76	7B7B-7B7D	7B7F-7B7F	7B82-7B82	7B85-7B85	7B87-7B87	7B8B-7B96	7B98-7B99	7B9B-7B9F	7BA2-7BA4	7BA6-7BAC	7BAE-7BB0	7BB4-7BB4	7BB7-7BB9	7BBB-7BBB	7BC0-7BC1
Noto Sans SC	400	/fonts/served/noto-sans-sc-49-400-normal.woff2	797C-797C	797E-7980	7982-7982	7986-7987	7989-798E	7992-7992	7994-7995	7997-7998	799A-799C	799F-799F	79A3-79A6	79A8-79AC	79AE-79B1	79B3-79B5	79B8-79B8	79BA-79BA	79BF-79BF	79C2-79C2	79C6-79C6	79C8-79C8	79CF-79CF	79D5-79D6	79DD-79DE	79E3-79E3	79E7-79E8	79EB-79EB	79ED-79ED	79F4-79F4	79F7-79F8	79FA-79FA	79FE-79FE	7A02-7A03	7A05-7A05	7A0A-7A0A	7A14-7A14	7A17-7A17	7A19-7A19	7A1C-7A1C	7A1E-7A1F	7A23-7A23	7A25-7A26	7A2C-7A2C	7A2E-7A2E	7A30-7A32	7A36-7A37	7A39-7A39	7A3C-7A3C	7A40-7A40	7A42-7A42	7A47-7A47	7A49-7A49	7A4C-7A4F	7A51-7A51	7A55-7A55	7A5B-7A5B	7A5D-7A5E	7A62-7A63	7A66-7A66	7A68-7A69	7A6B-7A6B	7A70-7A70	7A78-7A78	7A80-7A80	7A85-7A88	7A8A-7A8A	7A90-7A90	7A93-7A96	7A98-7A98	7A9B-7A9C	7A9E-7A9E	7AA0-7AA1	7AA3-7AA3	7AA8-7AAA	7AAC-7AB0	7AB3-7AB3	7AB8-7AB8	7ABA-7ABA	7ABD-7ABF	7AC4-7AC5	7AC7-7AC8
Noto Sans SC	400	/fonts/served/noto-sans-sc-50-400-normal.woff2	783E-783E	7841-7844	7847-7849	784B-784C	784E-7854	7856-7857	7859-785A	7865-7865	7869-786A	786D-786D	786F-786F	7876-7877	787C-787C	787E-787F	7881-7881	7887-7889	7893-7894	7898-789E	78A1-78A1	78A3-78A3	78A5-78A5	78A9-78A9	78AD-78AD	78B2-78B2	78B4-78B4	78B6-78B6	78B9-78BA	78BC-78BC	78BF-78BF	78C3-78C3	78C9-78C9	78CB-78CB	78D0-78D2	78D4-78D4	78D9-78DA	78DC-78DC	78DE-78DE	78E1-78E1	78E5-78E6	78EA-78EA	78EC-78EC	78EF-78EF	78F1-78F2	78F4-78F4	78FA-78FB	78FE-78FE	7901-7902	7905-7905	7907-7907	7909-7909	790B-790C	790E-790E	7910-7910	7913-7913	7919-791B	791E-791F	7921-7921	7924-7924	7926-7926	792A-792B	7934-7934	7936-7936	7939-7939	793B-793B	793D-793D	7940-7940	7942-7943	7945-7947	7949-794A	794C-794C	794E-7951	7953-7955	7957-795A	795C-795C	795F-7960	7962-7962	7964-7964	7966-7967	7969-7969	796B-796B	796F-796F	7972-7972	7974-7974	7979-7979	797B-797B
Noto Sans SC	400	/fonts/served/noto-sans-sc-51-400-normal.woff2	770F-770F	7712-7712	7714-7714	7716-7716	7719-771B	771E-771E	7721-7722	7726-7726	7728-7728	772B-7730	7732-7736	7739-773A	773D-773F	7743-7743	7746-7747	774C-774F	7751-7752	7758-775A	775C-775E	7762-7762	7765-7766	7768-776A	776C-776D	7771-7772	777A-777A	777C-777E	7780-7780	7785-7785	7787-7787	778B-778D	778F-7791	7793-7793	779E-77A0	77A2-77A2	77A5-77A5	77AD-77AD	77AF-77AF	77B4-77B7	77BD-77C0	77C2-77C2	77C5-77C5	77C7-77C7	77CD-77CD	77D6-77D7	77D9-77DA	77DD-77DE	77E7-77E7	77EA-77EA	77EC-77EC	77EF-77EF	77F8-77F8	77FB-77FB	77FD-77FE	7800-7800	7803-7803	7806-7806	7809-7809	780F-7812	7815-7815	7817-7818	781A-781F	7821-7823	7825-7827	7829-7829	782B-7830	7832-7833	7835-7835	7837-7837	7839-783C
Noto Sans SC	400	/fonts/served/noto-sans-sc-52-400-normal.woff2	760A-760E	7610-7619	761B-761D	761F-7622	7625-7625	7627-762A	762E-7630	7632-7635	7638-763A	763C-763D	763F-7640	7642-7643	7647-7648	764D-764E	7652-7652	7654-7654	7658-7658	765A-765A	765C-765C	765E-765F	7661-7663	7665-7665	7669-7669	766C-766C	766E-766F	7671-7673	7675-7676	7678-767A	767F-767F	7681-7681	7683-7683	7688-7688	768A-768C	768E-768E	7690-7692	7695-7695	7698-7698	769A-769B	769D-76A0	76A2-76A2	76A4-76A7	76AB-76AC	76AF-76B0	76B2-76B2	76B4-76B5	76BA-76BB	76BF-76BF	76C2-76C3	76C5-76C5	76C9-76C9	76CC-76CE	76DC-76DE	76E1-76EA	76F1-76F1	76F9-76FB	76FD-76FD	76FF-7700	7703-7704	7707-7708	770C-770E
Noto Sans SC	400	/fonts/served/noto-sans-sc-53-400-normal.woff2	74EF-74EF	74F4-74F4	74FF-74FF	7501-7501	7503-7503	7505-7505	7508-7508	750D-750D	750F-750F	7511-7511	7513-7513	7515-7515	7517-7517	7519-7519	7521-7527	752A-752A	752C-752D	752F-752F	7534-7534	7536-7536	753A-753A	753E-753E	7540-7540	7544-7544	7547-754B	754D-754E	7550-7553	7556-7557	755A-755B	755D-755E	7560-7560	7562-7562	7564-7564	7566-7568	756B-756C	756F-7573	7575-7575	7579-757C	757E-757F	7581-7584	7587-7587	7589-758E	7590-7590	7592-7592	7594-7594	7596-7596	7599-759A	759D-759D	759F-75A0	75A3-75A3	75A5-75A5	75A8-75A8	75AC-75AD	75B0-75B1	75B3-75B5	75B8-75B8	75BD-75BD	75C1-75C4	75C8-75CA	75CC-75CD	75D4-75D4	75D6-75D6	75D9-75D9	75DE-75DE	75E0-75E0	75E2-75E4	75E6-75EA	75F1-75F3	75F7-75F7	75F9-75FA	75FC-75FC	75FE-7601	7603-7603	7605-7606	7608-7609
Noto Sans SC	400	/fonts/served/noto-sans-sc-54-400-normal.woff2	73E7-73EA	73EE-73F0	73F2-73F2	73F4-73F5	73F7-73F7	73F9-73FA	73FC-73FD	73FF-7402	7404-7404	7407-7408	740A-740F	7418-7418	741A-741C	741E-741E	7424-7425	7428-7429	742C-7430	7432-7432	7435-7436	7438-743B	743E-7441	7443-7446	7448-7448	744A-744B	7452-7452	7457-7457	745B-745B	745D-745D	7460-7460	7462-7465	7467-746A	746D-746D	746F-746F	7471-7471	7473-7474	7477-7477	747A-747A	747E-747E	7481-7482	7484-7484	7486-7486	7488-748B	748E-748F	7493-7493	7498-7498	749A-749A	749C-74A0	74A3-74A3	74A6-74A6	74A9-74AA	74AE-74AE	74B0-74B2	74B6-74B6	74B8-74BA	74BD-74BD	74BF-74BF	74C1-74C1	74C3-74C3	74C5-74C5	74C8-74C8	74CA-74CA	74CC-74CC	74CF-74CF	74D1-74D2	74D4-74D5	74D8-74DB	74DE-74E0	74E2-74E2	74E4-74E5	74E7-74E9	74EE-74EE
Noto Sans SC	400	/fonts/served/noto-sans-sc-55-400-normal.woff2	72DD-72DF	72E1-72E1	72E5-72E6	72E8-72E8	72EF-72F0	72F2-72F4	72F6-72F7	72F9-72FB	72FD-72FD	7300-7304	7307-7307	730A-730C	7313-7317	731D-7322	7327-7327	7329-7329	732C-732D	7330-7331	7333-7333	7335-7337	7339-7339	733D-733E	7340-7340	7342-7342	7344-7345	734A-734A	734D-7350	7352-7352	7355-7355	7357-7357	7359-7359	735F-7360	7362-7363	7365-7365	7368-7368	736C-736D	736F-7370	7372-7372	7374-7376	7378-7378	737A-737B	737D-737E	7382-7383	7386-7386	7388-7388	738A-738A	738C-7393	7395-7395	7397-739A	739C-739C	739E-739E	73A0-73A3	73A5-73A8	73AA-73AA	73AD-73AD	73B1-73B1	73B3-73B3	73B6-73B7	73B9-73B9	73C2-73C2	73C5-73C9	73CC-73CC	73CE-73D0	73D2-73D2	73D6-73D6	73D9-73D9	73DB-73DE	73E3-73E3	73E5-73E6
Noto Sans SC	400	/fonts/served/noto-sans-sc-56-400-normal.woff2	719C-719C	71A0-71A0	71A4-71A5	71A8-71A8	71AF-71AF	71B1-71BC	71BE-71BE	71C1-71C2	71C4-71C4	71C8-71CB	71CE-71D0	71D2-71D2	71D4-71D4	71D9-71DA	71DC-71DC	71DF-71E0	71E6-71E8	71EA-71EA	71ED-71EE	71F4-71F4	71F6-71F6	71F9-71F9	71FB-71FC	71FF-7200	7207-7207	720C-720D	7210-7210	7216-7216	721A-721E	7223-7223	7228-7228	722B-722B	722D-722E	7230-7230	7232-7232	723A-723C	723E-7242	7246-7246	724B-724B	724D-724E	7252-7252	7256-7256	7258-7258	725A-725A	725C-725D	7260-7260	7264-7266	726A-726A	726C-726C	726E-726F	7271-7271	7273-7274	7278-7278	727B-727B	727D-727E	7281-7282	7284-7284	7287-7287	728A-728A	728D-728D	728F-728F	7292-7292	729B-729B	729F-72A0	72A7-72A7	72AD-72AE	72B0-72B5	72B7-72B8	72BA-72BE	72C0-72C1	72C3-72C3	72C5-72C6	72C8-72C8	72CC-72CE	72D2-72D2	72D6-72D6	72DB-72DB
Noto Sans SC	400	/fonts/served/noto-sans-sc-57-400-normal.woff2	7005-7006	7009-7009	700B-700B	700D-700D	7015-7015	7018-7018	701B-701B	701D-701F	7023-7023	7026-7028	702C-702C	702E-7030	7035-7035	7037-7037	7039-703A	703C-703E	7044-7044	7049-704B	704F-704F	7051-7051	7058-7058	705A-705A	705C-705E	7061-7061	7064-7064	7066-7066	706C-706C	707D-707D	7080-7081	7085-7086	708A-708A	708F-708F	7091-7091	7094-7095	7098-7099	709C-709D	709F-709F	70A4-70A4	70A9-70AA	70AF-70B2	70B4-70B7	70BB-70BB	70C0-70C0	70C3-70C3	70C7-70C7	70CB-70CB	70CE-70CF	70D4-70D4	70D9-70DA	70DC-70DD	70E0-70E0	70E9-70E9	70EC-70EC	70F7-70F7	70FA-70FA	70FD-70FD	70FF-70FF	7104-7104	7108-7109	710C-710C	7110-7110	7113-7114	7116-7118	711C-711C	711E-711E	7120-7120	712E-712F	7131-7131	713C-713C	7142-7142	7144-7147	7149-714B	7150-7150	7152-7152	7155-7156	7159-715A	715C-715C	7161-7161	7165-7166	7168-7169	716D-716D	7173-7174	7176-7176	7178-7178	717A-717A	717D-717D	717F-7180	7184-7184	7186-7188	7192-7192	7198-7198
Noto Sans SC	400	/fonts/served/noto-sans-sc-58-400-normal.woff2	6ED8-6ED9	6EDB-6EDB	6EDD-6EDD	6EDF-6EE0	6EE2-6EE2	6EE6-6EE6	6EEA-6EEA	6EEC-6EEC	6EEE-6EEF	6EF2-6EF3	6EF7-6EFA	6EFE-6EFE	6F01-6F01	6F03-6F03	6F08-6F09	6F15-6F16	6F19-6F19	6F22-6F25	6F28-6F2A	6F2C-6F2D	6F2F-6F2F	6F31-6F32	6F36-6F38	6F3F-6F3F	6F43-6F46	6F48-6F48	6F4B-6F4B	6F4E-6F4F	6F51-6F51	6F54-6F57	6F59-6F5B	6F5E-6F5F	6F61-6F61	6F64-6F67	6F69-6F6C	6F6F-6F72	6F74-6F76	6F78-6F7E	6F80-6F83	6F86-6F86	6F89-6F89	6F8B-6F8D	6F90-6F90	6F92-6F92	6F94-6F94	6F97-6F98	6F9B-6F9B	6FA3-6FA5	6FA7-6FA7	6FAA-6FAA	6FAF-6FAF	6FB1-6FB1	6FB4-6FB4	6FB6-6FB6	6FB9-6FB9	6FC1-6FCB	6FD1-6FD3	6FD5-6FD5	6FDB-6FDB	6FDE-6FE1	6FE4-6FE4	6FE9-6FE9	6FEB-6FEC	6FEE-6FF1	6FFA-6FFA	6FFE-6FFE
Noto Sans SC	400	/fonts/served/noto-sans-sc-59-400-normal.woff2	6DC3-6DC3	6DC5-6DC6	6DC9-6DC9	6DCC-6DCC	6DCF-6DCF	6DD2-6DD3	6DD6-6DD6	6DD9-6DDE	6DE0-6DE0	6DE4-6DE4	6DE6-6DE6	6DE8-6DEA	6DEC-6DEC	6DEF-6DF0	6DF5-6DF6	6DF8-6DF8	6DFA-6DFA	6DFC-6DFC	6E03-6E04	6E07-6E09	6E0B-6E0C	6E0E-6E0E	6E11-6E11	6E13-6E13	6E15-6E16	6E19-6E1B	6E1E-6E1F	6E22-6E22	6E25-6E27	6E2B-6E2C	6E36-6E37	6E39-6E3A	6E3C-6E41	6E44-6E45	6E47-6E47	6E49-6E4B	6E4D-6E4E	6E51-6E51	6E53-6E55	6E5C-6E5F	6E61-6E63	6E65-6E67	6E6A-6E6B	6E6D-6E70	6E72-6E74	6E76-6E78	6E7C-6E7C	6E80-6E82	6E86-6E87	6E89-6E89	6E8D-6E8D	6E8F-6E8F	6E96-6E96	6E98-6E98	6E9D-6E9F	6EA1-6EA1	6EA5-6EA7	6EAB-6EAB	6EB1-6EB2	6EB4-6EB4	6EB7-6EB7	6EBB-6EBD	6EBF-6EC6	6EC8-6EC9	6ECC-6ECC	6ECF-6ED0	6ED3-6ED4	6ED7-6ED7
Noto Sans SC	400	/fonts/served/noto-sans-sc-60-400-normal.woff2	6CB2-6CB2	6CB4-6CB5	6CB7-6CB7	6CBA-6CBA	6CBC-6CBD	6CC1-6CC3	6CC5-6CC7	6CD0-6CD4	6CD6-6CD7	6CD9-6CDA	6CDE-6CE0	6CE4-6CE4	6CE6-6CE6	6CE9-6CE9	6CEB-6CEF	6CF1-6CF2	6CF6-6CF7	6CFA-6CFA	6CFE-6CFE	6D03-6D05	6D07-6D08	6D0A-6D0A	6D0C-6D0C	6D0E-6D11	6D13-6D14	6D16-6D16	6D18-6D1A	6D1C-6D1C	6D1F-6D1F	6D22-6D23	6D26-6D29	6D2B-6D2B	6D2E-6D30	6D33-6D33	6D35-6D36	6D38-6D3A	6D3C-6D3C	6D3F-6D3F	6D42-6D44	6D48-6D49	6D4D-6D4D	6D50-6D50	6D52-6D52	6D54-6D54	6D56-6D58	6D5A-6D5C	6D5E-6D5E	6D60-6D61	6D63-6D65	6D67-6D67	6D6C-6D6D	6D6F-6D6F	6D75-6D75	6D7B-6D7D	6D87-6D87	6D8A-6D8A	6D8E-6D8E	6D90-6D9A	6D9C-6DA0	6DA2-6DA3	6DA7-6DA7	6DAA-6DAC	6DAE-6DAE	6DB3-6DB4	6DB6-6DB6	6DB8-6DB8	6DBC-6DBC	6DBF-6DBF	6DC2-6DC2
Noto Sans SC	400	/fonts/served/noto-sans-sc-61-400-normal.woff2	6B85-6B86	6B89-6B89	6B8D-6B8D	6B91-6B93	6B95-6B95	6B97-6B98	6B9A-6B9B	6B9E-6B9E	6BA1-6BA4	6BA9-6BAA	6BAD-6BAD	6BAF-6BB0	6BB2-6BB3	6BBA-6BBD	6BC0-6BC0	6BC2-6BC2	6BC6-6BC6	6BCA-6BCC	6BCE-6BCE	6BD0-6BD1	6BD3-6BD3	6BD6-6BD8	6BDA-6BDA	6BE1-6BE1	6BE6-6BE6	6BEC-6BEC	6BF1-6BF1	6BF3-6BF5	6BF9-6BF9	6BFD-6BFD	6C05-6C08	6C0D-6C0D	6C10-6C10	6C15-6C1A	6C21-6C21	6C23-6C26	6C29-6C2D	6C30-6C33	6C35-6C37	6C39-6C3A	6C3C-6C3F	6C46-6C46	6C4A-6C4C	6C4E-6C50	6C54-6C54	6C56-6C56	6C59-6C5C	6C5E-6C5E	6C63-6C63	6C67-6C69	6C6B-6C6B	6C6D-6C6D	6C6F-6C6F	6C72-6C74	6C78-6C7A	6C7C-6C7C	6C84-6C87	6C8B-6C8C	6C8F-6C8F	6C91-6C91	6C93-6C96	6C98-6C98	6C9A-6C9A	6C9D-6C9D	6CA2-6CA4	6CA8-6CA9	6CAC-6CAE	6CB1-6CB1
Noto Sans SC	400	/fonts/served/noto-sans-sc-62-400-normal.woff2	6A01-6A01	6A06-6A06	6A09-6A09	6A0B-6A0B	6A11-6A11	6A13-6A13	6A17-6A19	6A1B-6A1B	6A1E-6A1E	6A23-6A23	6A28-6A29	6A2B-6A2B	6A2F-6A30	6A35-6A35	6A38-6A40	6A46-6A48	6A4A-6A4B	6A4E-6A4E	6A50-6A50	6A52-6A52	6A5B-6A5B	6A5E-6A5E	6A62-6A62	6A65-6A67	6A6B-6A6B	6A79-6A79	6A7C-6A7C	6A7E-6A7F	6A84-6A84	6A86-6A86	6A8E-6A8E	6A90-6A91	6A94-6A94	6A97-6A97	6A9C-6A9C	6A9E-6A9E	6AA0-6AA0	6AA2-6AA2	6AA4-6AA4	6AA9-6AA9	6AAB-6AAB	6AAE-6AB0	6AB2-6AB3	6AB5-6AB5	6AB7-6AB8	6ABA-6ABB	6ABD-6ABD	6ABF-6ABF	6AC2-6AC4	6AC6-6AC6	6AC8-6AC8	6ACC-6ACC	6ACE-6ACE	6AD2-6AD3	6AD8-6ADC	6ADF-6AE0	6AE4-6AE5	6AE7-6AE8	6AFB-6AFB	6B04-6B05	6B0D-6B13	6B16-6B17	6B19-6B19	6B24-6B25	6B2C-6B2C	6B37-6B39	6B3B-6B3B	6B3D-6B3D	6B43-6B43	6B46-6B46	6B4E-6B4E	6B50-6B50	6B53-6B54	6B58-6B59	6B5B-6B5B	6B60-6B60	6B69-6B69	6B6D-6B6D	6B6F-6B70	6B73-6B74	6B77-6B7A	6B80-6B84
Noto Sans SC	400	/fonts/served/noto-sans-sc-63-400-normal.woff2	68E1-68E1	68E3-68E4	68E6-68ED	68EF-68F0	68F2-68F2	68F4-68F4	68F6-68F7	68F9-68F9	68FB-68FD	68FF-6902	6906-6908	690B-690B	6910-6910	691A-691C	691F-6920	6924-6925	692A-692A	692D-692D	6934-6934	6939-6939	693C-6945	694A-694B	6952-6954	6957-6957	6959-6959	695B-695B	695D-695D	695F-695F	6962-6964	6966-6966	6968-696C	696E-696F	6971-6971	6973-6974	6978-6979	697D-697D	697F-6980	6985-6985	6987-698A	698D-698E	6994-6999	699B-699B	69A3-69A4	69A6-69A7	69AB-69AB	69AD-69AE	69B1-69B1	69B7-69B7	69BB-69BC	69C1-69C1	69C3-69C5	69C7-69C7	69CA-69CE	69D0-69D1	69D3-69D4	69D7-69DA	69E0-69E0	69E4-69E4	69E6-69E6	69EC-69ED	69F1-69F3	69F8-69F8	69FA-69FC	69FE-6A00
Noto Sans SC	400	/fonts/served/noto-sans-sc-64-400-normal.woff2	6792-6793	6796-6796	6798-6798	679E-67A1	67A5-67A5	67A7-67A9	67AC-67AD	67B0-67B1	67B3-67B3	67B5-67B5	67B7-67B7	67B9-67B9	67BB-67BC	67C0-67C1	67C3-67C3	67C5-67CA	67D1-67D2	67D7-67D9	67DD-67DF	67E2-67E4	67E6-67E9	67F0-67F0	67F5-67F5	67F7-67F8	67FA-67FB	67FD-67FE	6800-6801	6803-6804	6806-6806	6809-680A	680C-680C	680E-680E	6812-6812	681D-681F	6822-6822	6824-6829	682B-682D	6831-6835	683B-683B	683E-683E	6840-6841	6844-6845	6849-6849	684E-684E	6853-6853	6855-6856	685C-685D	685F-6862	6864-6864	6866-6868	686B-686B	686F-686F	6872-6872	6874-6874	6877-6877	687F-687F	6883-6883	6886-6886	688F-688F	689B-689B	689F-68A0	68A2-68A3	68B1-68B1	68B6-68B6	68B9-68BA	68BC-68BF	68C1-68C4	68C6-68C6	68C8-68C8	68CA-68CA	68CC-68CC	68D0-68D1	68D3-68D3	68D7-68D7	68DD-68DD	68DF-68DF
Noto Sans SC	400	/fonts/served/noto-sans-sc-65-400-normal.woff2	663A-663B	663D-663D	6641-6641	6644-6645	6649-6649	664C-664C	664F-664F	6654-6654	6659-6659	665B-665B	665D-665E	6660-6667	6669-6669	666B-666C	6671-6671	6673-6673	6677-6679	667C-667C	6680-6681	6684-6685	6688-6689	668B-668E	6690-6690	6692-6692	6695-6695	6698-6698	669A-669A	669D-669D	669F-66A0	66A2-66A3	66A6-66A6	66AA-66AB	66B1-66B2	66B5-66B5	66B8-66B9	66BB-66BB	66BE-66BE	66C1-66C1	66C6-66C9	66CC-66CC	66D5-66D8	66DA-66DC	66DE-66E2	66E8-66EA	66EC-66EC	66F1-66F1	66F3-66F3	66F7-66F7	66FA-66FA	66FD-66FD	6702-6702	6705-6705	670A-670A	670F-6710	6713-6713	6715-6715	6719-6719	6722-6723	6725-6727	6729-6729	672D-672E	6732-6733	6736-6736	6739-6739	673B-673B	673F-673F	6744-6744	6748-6748	674C-674D	6753-6753	6755-6755	6762-6762	6767-6767	6769-676C	676E-676E	6772-6773	6775-6775	6777-6777	677A-677D	6782-6783	6787-6787	678A-678D	678F-678F
Noto Sans SC	400	/fonts/served/noto-sans-sc-66-400-normal.woff2	64F8-64F8	64FA-64FA	64FC-64FC	64FE-64FF	6503-6503	6509-6509	650F-650F	6514-6514	6518-6518	651C-651E	6522-6525	652A-652C	652E-652E	6530-6532	6534-6535	6537-6538	653A-653A	653C-653D	6542-6542	6549-654B	654D-654E	6553-6555	6557-6558	655D-655D	6564-6564	6569-6569	656B-656B	656D-656F	6571-6571	6573-6573	6575-6576	6578-657E	6581-6583	6585-6586	6589-6589	658E-658F	6592-6593	6595-6596	659B-659B	659D-659D	659F-65A1	65A3-65A3	65AB-65AC	65B2-65B2	65B6-65B7	65BA-65BB	65BE-65C0	65C2-65C4	65C6-65C8	65CC-65CC	65CE-65CE	65D0-65D0	65D2-65D3	65D6-65D6	65DB-65DB	65DD-65DD	65E1-65E1	65E3-65E3	65EE-65F0	65F3-65F5	65F8-65F8	65FB-65FC	65FE-6600	6603-6603	6607-6607	6609-6609	660B-660B	6610-6611	6619-661A	661C-661E	6621-6621	6624-6624	6626-6626	662A-662C	662E-662E	6630-6631	6633-6634	6636-6636
Noto Sans SC	400	/fonts/served/noto-sans-sc-67-400-normal.woff2	63BC-63BC	63BE-63BE	63C0-63C0	63C3-63C4	63C6-63C6	63C8-63C8	63CD-63CE	63D1-63D1	63D6-63D6	63DA-63DB	63DE-63DE	63E0-63E0	63E3-63E3	63E9-63EA	63EE-63EE	63F2-63F2	63F5-63FA	63FC-63FC	63FE-6400	6406-6406	640B-640D	6410-6410	6414-6414	6416-6417	641B-641B	6420-6423	6425-6428	642A-642A	6431-6432	6434-6437	643D-6442	6445-6445	6448-6448	6450-6452	645B-645F	6462-6462	6465-6465	6468-6468	646D-646D	646F-6471	6473-6473	6477-6477	6479-647D	6482-6485	6487-6488	648C-648C	6490-6490	6493-6493	6496-649A	649D-649D	64A0-64A0	64A5-64A5	64AB-64AC	64B1-64B7	64B9-64BB	64BE-64C1	64C4-64C4	64C7-64C7	64C9-64CB	64D0-64D0	64D4-64D4	64D7-64D8	64DA-64DA	64DE-64DE	64E0-64E2	64E4-64E4	64E9-64E9	64EC-64EC	64F0-64F2	64F4-64F4	64F7-64F7
Noto Sans SC	400	/fonts/served/noto-sans-sc-68-400-normal.woff2	623B-623B	623D-623E	6243-6243	6246-6246	6248-6249	624C-624C	6255-6255	6259-6259	625E-625E	6260-6261	6265-6266	626A-626A	6271-6271	627A-627A	627C-627D	6283-6283	6286-6286	6289-6289	628E-628E	6294-6294	629C-629C	629E-629F	62A1-62A1	62A8-62A8	62BA-62BB	62BF-62BF	62C2-62C2	62C4-62C4	62C8-62C8	62CA-62CB	62CE-62CF	62D1-62D1	62D7-62D7	62D9-62DA	62DD-62DD	62E0-62E1	62E3-62E4	62E7-62E7	62EB-62EB	62EE-62EE	62F0-62F0	62F4-62F6	6308-6308	630A-630E	6310-6310	6312-6313	6317-6317	6319-6319	631B-631B	631D-631F	6322-6322	6326-6326	6329-6329	6331-6332	6334-6337	6339-6339	633B-633C	633E-6340	6343-6343	6347-6347	634B-634E	6354-6354	635C-635D	6368-6369	636D-636D	636F-6372	6376-6376	637A-637B	637D-637D	6382-6383	6387-6387	638A-638B	638D-638E	6391-6391	6393-6397	6399-6399	639B-639B	639E-639F	63A1-63A1	63A3-63A4	63AC-63AE	63B1-63B5	63B7-63BB
Noto Sans SC	400	/fonts/served/noto-sans-sc-69-400-normal.woff2	60FA-60FA	6100-6100	6106-6106	610D-610E	6112-6112	6114-6115	6119-6119	611C-611C	6120-6120	6122-6123	6126-6126	6128-6130	6136-6137	613A-613A	613D-613E	6144-6144	6146-6147	614A-614B	6151-6151	6153-6153	6158-6158	615A-615A	615C-615D	615F-615F	6161-6161	6163-6165	616B-616C	616E-616E	6171-6171	6173-6177	617E-617E	6182-6182	6187-6187	618A-618A	618D-618E	6190-6191	6194-6194	6199-619A	619C-619C	619F-619F	61A1-61A1	61A3-61A4	61A7-61A9	61AB-61AD	61B2-61B3	61B5-61B7	61BA-61BB	61BF-61BF	61C3-61C4	61C6-61C7	61C9-61CB	61D0-61D1	61D3-61D4	61D7-61D7	61DA-61DA	61DF-61E1	61E6-61E6	61EE-61EE	61F0-61F0	61F2-61F2	61F6-61F8	61FA-61FA	61FC-61FE	6200-6200	6206-6207	6209-6209	620B-620B	620D-620E	6213-6215	6217-6217	6219-6219	621B-6223	6225-6226	622C-622C	622E-6230	6232-6232	6238-6238
Noto Sans SC	400	/fonts/served/noto-sans-sc-70-400-normal.woff2	5FD1-5FD6	5FDA-5FDE	5FE1-5FE2	5FE4-5FE5	5FEA-5FEA	5FED-5FEE	5FF1-5FF3	5FF6-5FF6	5FF8-5FF8	5FFB-5FFB	5FFE-5FFF	6002-6006	600A-600A	600D-600D	600F-600F	6014-6014	6019-6019	601B-601B	6020-6020	6023-6023	6026-6026	6029-6029	602B-602B	602E-602F	6031-6031	6033-6033	6035-6035	6039-6039	603F-603F	6041-6043	6046-6046	604F-604F	6053-6054	6058-605B	605D-605E	6060-6060	6063-6063	6065-6065	6067-6067	606A-606C	6075-6075	6078-6079	607B-607B	607D-607D	607F-607F	6083-6083	6085-6087	608A-608A	608C-608C	608E-608F	6092-6093	6095-6097	609B-609D	60A2-60A2	60A7-60A7	60A9-60AB	60AD-60AD	60AF-60B1	60B3-60B6	60B8-60B8	60BB-60BB	60BD-60BE	60C0-60C3	60C6-60C9	60CB-60CB	60CE-60CE	60D3-60D4	60D7-60DB	60DD-60DD	60E1-60E4	60E6-60E6	60EA-60EA	60EC-60EE	60F0-60F1	60F4-60F4	60F6-60F6
Noto Sans SC	400	/fonts/served/noto-sans-sc-71-400-normal.woff2	5EA3-5EA5	5EA8-5EA8	5EAB-5EAB	5EAF-5EAF	5EB3-5EB3	5EB5-5EB6	5EB9-5EB9	5EBE-5EBE	5EC1-5EC3	5EC6-5EC6	5EC8-5EC8	5ECB-5ECC	5ED1-5ED2	5ED4-5ED4	5ED9-5EDB	5EDD-5EDD	5EDF-5EE0	5EE2-5EE3	5EE8-5EE8	5EEA-5EEA	5EEC-5EEC	5EEF-5EF0	5EF3-5EF4	5EF8-5EF8	5EFB-5EFC	5EFE-5EFF	5F01-5F01	5F07-5F07	5F0B-5F0E	5F10-5F12	5F14-5F14	5F1A-5F1A	5F22-5F22	5F28-5F29	5F2C-5F2D	5F35-5F36	5F38-5F38	5F3B-5F43	5F45-5F4A	5F4C-5F4E	5F50-5F50	5F54-5F54	5F56-5F59	5F5B-5F5F	5F61-5F61	5F63-5F63	5F65-5F65	5F67-5F68	5F6B-5F6B	5F6E-5F6F	5F72-5F78	5F7A-5F7A	5F7E-5F7F	5F82-5F83	5F87-5F87	5F89-5F8A	5F8D-5F8D	5F91-5F91	5F93-5F93	5F95-5F95	5F98-5F99	5F9C-5F9C	5F9E-5F9E	5FA0-5FA0	5FA6-5FA9	5FAC-5FAD	5FAF-5FAF	5FB3-5FB5	5FB9-5FB9	5FBC-5FBC	5FC4-5FC4	5FC9-5FC9	5FCB-5FCB	5FCE-5FD0
Noto Sans SC	400	/fonts/served/noto-sans-sc-72-400-normal.woff2	5D32-5D34	5D3C-5D3E	5D41-5D44	5D46-5D48	5D4A-5D4B	5D4E-5D4E	5D50-5D50	5D52-5D52	5D55-5D58	5D5A-5D5D	5D68-5D69	5D6B-5D6C	5D6F-5D6F	5D74-5D74	5D7F-5D7F	5D82-5D89	5D8B-5D8C	5D8F-5D8F	5D92-5D93	5D99-5D99	5D9D-5D9D	5DB2-5DB2	5DB6-5DB7	5DBA-5DBA	5DBC-5DBD	5DC2-5DC3	5DC6-5DC7	5DC9-5DC9	5DCC-5DCC	5DD2-5DD2	5DD4-5DD4	5DD6-5DD8	5DDB-5DDC	5DE3-5DE3	5DED-5DED	5DEF-5DEF	5DF3-5DF3	5DF6-5DF6	5DFA-5DFD	5DFF-5E00	5E07-5E07	5E0F-5E0F	5E11-5E11	5E13-5E14	5E19-5E1B	5E22-5E22	5E25-5E25	5E28-5E28	5E2A-5E2A	5E2F-5E31	5E33-5E34	5E36-5E36	5E39-5E3C	5E3E-5E3E	5E40-5E40	5E44-5E44	5E46-5E48	5E4C-5E4C	5E4F-5E4F	5E53-5E54	5E57-5E57	5E59-5E59	5E5B-5E5B	5E5E-5E5F	5E61-5E61	5E63-5E63	5E6A-5E6B	5E75-5E75	5E77-5E77	5E79-5E7A	5E7E-5E7E	5E80-5E81	5E83-5E83	5E85-5E85	5E87-5E87	5E8B-5E8B	5E91-5E92	5E96-5E96	5E98-5E98	5E9B-5E9B	5E9D-5E9D	5EA0-5EA2
Noto Sans SC	400	/fonts/served/noto-sans-sc-73-400-normal.woff2	5BF5-5BF6	5BFE-5BFE	5C02-5C03	5C05-5C05	5C07-5C09	5C0B-5C0C	5C0E-5C0E	5C10-5C10	5C12-5C13	5C15-5C15	5C17-5C17	5C19-5C19	5C1B-5C1C	5C1E-5C1F	5C22-5C22	5C25-5C25	5C28-5C28	5C2A-5C2B	5C2F-5C30	5C37-5C37	5C3B-5C3B	5C43-5C44	5C46-5C47	5C4D-5C4D	5C50-5C50	5C59-5C59	5C5B-5C5C	5C62-5C64	5C66-5C66	5C6C-5C6C	5C6E-5C6E	5C74-5C74	5C78-5C7E	5C80-5C80	5C83-5C84	5C88-5C88	5C8B-5C8D	5C91-5C91	5C94-5C96	5C98-5C99	5C9C-5C9C	5C9E-5C9E	5CA1-5CA3	5CAB-5CAC	5CB1-5CB1	5CB5-5CB5	5CB7-5CB7	5CBA-5CBA	5CBD-5CBF	5CC1-5CC1	5CC3-5CC4	5CC7-5CC7	5CCB-5CCB	5CD2-5CD2	5CD8-5CD9	5CDF-5CE0	5CE3-5CE6	5CE8-5CEA	5CED-5CED	5CEF-5CEF	5CF3-5CF4	5CF6-5CF6	5CF8-5CF8	5CFD-5CFD	5D00-5D04	5D06-5D06	5D08-5D08	5D0B-5D0D	5D0F-5D13	5D15-5D15	5D17-5D1A	5D1D-5D22	5D24-5D27	5D2E-5D31
Noto Sans SC	400	/fonts/served/noto-sans-sc-74-400-normal.woff2	5AB2-5AB2	5AB4-5AB5	5AB7-5ABA	5ABD-5ABF	5AC3-5AC4	5AC6-5AC8	5ACA-5ACB	5ACD-5ACD	5ACF-5AD2	5AD4-5AD4	5AD8-5ADA	5ADC-5ADC	5ADF-5AE2	5AE4-5AE4	5AE6-5AE6	5AE8-5AE8	5AEA-5AED	5AF0-5AF3	5AF5-5AF5	5AF9-5AFB	5AFD-5AFD	5B01-5B01	5B05-5B05	5B08-5B08	5B0B-5B0C	5B11-5B11	5B16-5B17	5B1B-5B1B	5B21-5B22	5B24-5B24	5B27-5B2E	5B30-5B30	5B32-5B32	5B34-5B34	5B36-5B38	5B3E-5B40	5B43-5B43	5B45-5B45	5B4A-5B4B	5B51-5B53	5B56-5B56	5B5A-5B5B	5B62-5B62	5B65-5B65	5B67-5B67	5B6A-5B6E	5B70-5B71	5B73-5B73	5B7A-5B7B	5B7F-5B80	5B84-5B84	5B8D-5B8D	5B91-5B91	5B93-5B95	5B9F-5B9F	5BA5-5BA6	5BAC-5BAC	5BAE-5BAE	5BB8-5BB8	5BC0-5BC0	5BC3-5BC3	5BCB-5BCB	5BD0-5BD1	5BD4-5BD8	5BDA-5BDC	5BE2-5BE2	5BE4-5BE7	5BE9-5BE9	5BEB-5BEC	5BEE-5BF0	5BF2-5BF3
Noto Sans SC	400	/fonts/served/noto-sans-sc-75-400-normal.woff2	5981-5981	598F-598F	5997-5998	599A-599A	599C-599D	59A0-59A1	59A3-59A4	59A7-59A7	59AA-59AD	59AF-59AF	59B2-59B3	59B5-59B6	59B8-59B8	59BA-59BA	59BD-59BE	59C0-59C1	59C3-59C4	59C7-59CA	59CC-59CD	59CF-59CF	59D2-59D2	59D5-59D6	59D8-59D9	59DB-59DB	59DD-59E0	59E2-59E7	59E9-59EB	59EE-59EE	59F1-59F1	59F3-59F3	59F5-59F5	59F7-59F9	59FD-59FD	5A06-5A06	5A08-5A0A	5A0C-5A0D	5A11-5A13	5A15-5A16	5A1A-5A1B	5A21-5A23	5A2D-5A2F	5A32-5A32	5A38-5A38	5A3C-5A3C	5A3E-5A45	5A47-5A47	5A4A-5A4A	5A4C-5A4D	5A4F-5A51	5A53-5A53	5A55-5A57	5A5E-5A5E	5A60-5A60	5A62-5A62	5A65-5A67	5A6A-5A6A	5A6C-5A6D	5A72-5A73	5A75-5A76	5A79-5A7C	5A81-5A84	5A8C-5A8C	5A8E-5A8E	5A93-5A93	5A96-5A97	5A9C-5A9C	5A9E-5A9E	5AA0-5AA0	5AA3-5AA4	5AAA-5AAA	5AAE-5AAF	5AB1-5AB1
Noto Sans SC	400	/fonts/served/noto-sans-sc-76-400-normal.woff2	5831-5831	583A-583A	583D-583D	583F-5842	5844-5846	5848-5848	584A-584A	584D-584D	5852-5852	5857-5857	5859-585A	585C-585D	5862-5862	5868-5869	586C-586D	586F-5873	5875-5875	5879-5879	587D-587E	5880-5881	5888-588A	588D-588D	5892-5892	5896-5898	589A-589A	589C-589D	58A0-58A1	58A3-58A3	58A6-58A6	58A9-58A9	58AB-58AE	58B0-58B0	58B3-58B3	58BB-58BF	58C2-58C3	58C5-58C8	58CA-58CA	58CC-58CC	58CE-58CE	58D1-58D3	58D5-58D5	58D8-58D9	58DE-58DF	58E2-58E2	58E9-58E9	58EC-58EC	58EF-58EF	58F1-58F2	58F5-58F5	58F7-58F8	58FA-58FA	58FD-58FD	5900-5900	5902-5902	5906-5906	5908-590C	590E-590E	5910-5910	5914-5914	5919-5919	591B-591B	591D-591E	5920-5920	5922-5925	5928-5928	592C-592D	592F-592F	5932-5932	5936-5936	593C-593C	593E-593E	5940-5942	5944-5944	594C-594D	5950-5950	5953-5953	5958-5958	595A-595A	5961-5961	5966-5968	596A-596A	596C-596E	5977-5977	597B-597C
Noto Sans SC	400	/fonts/served/noto-sans-sc-77-400-normal.woff2	570A-570A	570C-570D	570F-570F	5712-5713	5718-5719	571C-571C	571E-571E	5725-5725	5727-5727	5729-572A	572C-572C	572E-572F	5734-5735	5739-5739	573B-573B	5741-5741	5743-5743	5745-5745	5749-5749	574C-574D	575C-575C	5763-5763	5768-5769	576B-576B	576D-576E	5770-5770	5773-5773	5775-5775	5777-5777	577B-577C	5785-5786	5788-5788	578C-578C	578E-578F	5793-5795	5799-57A1	57A3-57A4	57A6-57AA	57AC-57AD	57AF-57B2	57B4-57B6	57B8-57B9	57BD-57BF	57C2-57C2	57C4-57C8	57CC-57CD	57CF-57CF	57D2-57D2	57D5-57DE	57E1-57E2	57E4-57E5	57E7-57E7	57EB-57EB	57ED-57ED	57EF-57EF	57F4-57F8	57FC-57FD	5800-5801	5803-5803	5805-5805	5807-5807	5809-5809	580B-580E	5811-5811	5814-5814	5819-5819	581B-5820	5822-5823	5825-5826	582C-582C	582F-582F
Noto Sans SC	400	/fonts/served/noto-sans-sc-78-400-normal.woff2	5605-5606	5608-5608	560C-560D	560F-560F	5614-5614	5616-5617	561A-561A	561C-561C	561E-561E	5621-5625	5627-5627	5629-5629	562B-5630	5636-5636	5638-563A	563C-563C	5640-5642	5649-5649	564C-5650	5653-5655	5657-565B	5660-5660	5663-5664	5666-5666	566B-566B	566F-5671	5673-567C	567E-567E	5684-5687	568C-568C	568E-5693	5695-5695	5697-5697	569B-569C	569E-569F	56A1-56A2	56A4-56A9	56AC-56AF	56B1-56B1	56B4-56B4	56B6-56B8	56BF-56BF	56C1-56C3	56C9-56C9	56CD-56CD	56D1-56D1	56D4-56D4	56D6-56D9	56DD-56DD	56DF-56DF	56E1-56E1	56E3-56E6	56E8-56EC	56EE-56EF	56F1-56F3	56F5-56F5	56F7-56F9	56FC-56FC	56FF-5700	5703-5704	5709-5709
Noto Sans SC	400	/fonts/served/noto-sans-sc-79-400-normal.woff2	5519-5519	551B-551B	551D-551E	5520-5520	5522-5523	5526-5527	552A-552C	5530-5530	5532-5535	5537-5538	553B-5541	5543-5544	5547-5549	554B-554B	554D-554D	5550-5550	5553-5553	5555-5558	555B-555F	5567-5569	556B-5572	5574-5577	557B-557C	557E-557F	5581-5581	5583-5583	5585-5586	5588-5588	558B-558C	558E-5591	5593-5593	5599-559A	559F-559F	55A5-55A6	55A8-55AC	55AE-55AE	55B0-55B3	55B6-55B6	55B9-55BA	55BC-55BE	55C4-55C4	55C6-55C7	55C9-55C9	55CC-55D2	55D4-55DB	55DD-55DF	55E1-55E1	55E3-55E6	55EA-55EE	55F0-55F3	55F5-55F7	55FB-55FB	55FE-55FE	5600-5601
Noto Sans SC	400	/fonts/served/noto-sans-sc-80-400-normal.woff2	53FB-5400	5402-5402	5405-5407	540B-540B	540F-540F	5412-5412	5414-5414	5416-5416	5418-541A	541D-541D	5420-5423	5425-5425	5429-542A	542D-542E	5431-5433	5436-5436	543D-543D	543F-543F	5442-5443	5449-5449	544B-544C	544E-544E	5451-5454	5456-5456	5459-5459	545B-545C	5461-5461	5463-5464	546A-5472	5474-5474	5476-5478	547A-547A	547E-5484	5486-5486	548A-548A	548D-548E	5490-5491	5494-5494	5497-5499	549B-549B	549D-549D	54A1-54A7	54A9-54A9	54AB-54AB	54AD-54AD	54B4-54B5	54B9-54B9	54BB-54BB	54BE-54BF	54C2-54C3	54C9-54CC	54CF-54D0	54D3-54D3	54D5-54D6	54D9-54DA	54DC-54DE	54E2-54E2	54E7-54E7	54F3-54F4	54F8-54F9	54FD-54FF	5501-5501	5504-5506	550C-550F	5511-5514	5516-5517
Noto Sans SC	400	/fonts/served/noto-sans-sc-81-400-normal.woff2	52A2-52A2	52A6-52A7	52AC-52AD	52AF-52AF	52B4-52B5	52B9-52B9	52BB-52BC	52BE-52BE	52C1-52C1	52C5-52C5	52CA-52CA	52CD-52CD	52D0-52D0	52D6-52D7	52D9-52D9	52DB-52DB	52DD-52DE	52E0-52E0	52E2-52E3	52E5-52E5	52E7-52F0	52F2-52F3	52F5-52F9	52FB-52FC	5302-5302	5304-5304	530B-530B	530D-530D	530F-5310	5315-5315	531A-531A	531C-531D	5321-5321	5323-5323	5326-5326	532E-5331	5338-5338	533C-533E	5340-5340	5344-5345	534B-534D	5350-5350	5354-5354	5358-5358	535D-535F	5363-5363	5368-5369	536C-536C	536E-536F	5372-5372	5379-537B	537D-537D	538D-538E	5390-5390	5393-5394	5396-5396	539B-539D	53A0-53A1	53A3-53A5	53A9-53A9	53AD-53AE	53B0-53B0	53B2-53B3	53B5-53B8	53BC-53BC	53BE-53BE	53C1-53C1	53C3-53C7	53CE-53CF	53D2-53D3	53D5-53D5	53DA-53DA	53DE-53DF	53E1-53E2	53E7-53E9	53F1-53F1	53F4-53F5	53FA-53FA
Noto Sans SC	400	/fonts/served/noto-sans-sc-82-400-normal.woff2	5110-5110	5113-5113	5115-5115	5117-5118	511A-511C	511E-511F	5121-5121	5128-5128	512B-512D	5131-5135	5137-5139	513C-513C	5140-5140	5142-5142	5147-5147	514C-514C	514E-5150	5155-5158	5162-5162	5169-5169	5172-5172	517F-517F	5181-5184	5186-5187	518B-518B	518F-518F	5191-5191	5195-5197	519A-519A	51A2-51A3	51A6-51AB	51AD-51AE	51B1-51B1	51B4-51B4	51BC-51BD	51BF-51BF	51C3-51C3	51C7-51C8	51CA-51CB	51CD-51CE	51D4-51D4	51D6-51D6	51DB-51DC	51E6-51E6	51E8-51EB	51F1-51F1	51F5-51F5	51FC-51FC	51FF-51FF	5202-5202	5205-5205	5208-5208	520B-520B	520D-520E	5215-5216	5228-5228	522A-522A	522C-522D	5233-5233	523C-523D	523F-5240	5245-5245	5247-5247	5249-5249	524B-524C	524E-524E	5250-5250	525B-525F	5261-5261	5263-5264	5270-5270	5273-5273	5275-5275	5277-5277	527D-527D	527F-527F	5281-5285	5287-5287	5289-5289	528B-528B	528D-528D	528F-528F	5291-5293	529A-529A
Noto Sans SC	400	/fonts/served/noto-sans-sc-83-400-normal.woff2	4FE3-4FE4	4FE6-4FE6	4FE8-4FE8	4FEB-4FED	4FF3-4FF3	4FF5-4FF6	4FF8-4FF8	4FFE-4FFE	5001-5001	5005-5006	5009-5009	500C-500C	500F-500F	5013-5018	501B-501E	5022-5025	5027-5028	502B-502E	5030-5030	5033-5034	5036-5039	503B-503B	5041-5043	5045-5046	5048-504A	504C-504E	5051-5051	5053-5053	5055-5057	505B-505B	505E-505E	5060-5060	5062-5063	5067-5067	506A-506A	506C-506C	5070-5072	5074-5075	5078-5078	507B-507B	507D-507E	5080-5080	5088-5089	5091-5092	5095-5095	5097-509E	50A2-50A3	50A5-50A7	50A9-50A9	50AD-50AD	50B3-50B3	50B5-50B5	50B7-50B7	50BA-50BA	50BE-50BE	50C4-50C5	50C7-50C7	50CA-50CA	50CD-50CD	50D1-50D1	50D5-50D6	50DA-50DA	50DE-50DE	50E5-50E6	50EC-50EE	50F0-50F1	50F3-50F3	50F9-50FB	50FE-5102	5104-5104	5106-5107	5109-510B	510D-510D	510F-510F
Noto Sans SC	400	/fonts/served/noto-sans-sc-84-400-normal.woff2	4EB8-4EB9	4EBB-4EBE	4EC2-4EC4	4EC8-4EC9	4ECC-4ECC	4ECF-4ED0	4ED2-4ED2	4EDA-4EDB	4EDD-4EE1	4EE6-4EE9	4EEB-4EEB	4EEE-4EEF	4EF3-4EF5	4EF8-4EFA	4EFC-4EFC	4F00-4F00	4F03-4F05	4F08-4F09	4F0B-4F0B	4F0E-4F0E	4F12-4F13	4F15-4F15	4F1B-4F1B	4F1D-4F1D	4F21-4F22	4F25-4F25	4F27-4F29	4F2B-4F2E	4F31-4F33	4F36-4F37	4F39-4F39	4F3E-4F3E	4F40-4F41	4F43-4F43	4F47-4F49	4F54-4F54	4F57-4F58	4F5D-4F5E	4F61-4F62	4F64-4F65	4F67-4F67	4F6A-4F6A	4F6E-4F6F	4F72-4F72	4F74-4F7E	4F80-4F82	4F84-4F84	4F89-4F8A	4F8E-4F98	4F9E-4F9E	4FA1-4FA1	4FA5-4FA5	4FA9-4FAA	4FAC-4FAC	4FB3-4FB3	4FB6-4FB8	4FBD-4FBD	4FC2-4FC2	4FC5-4FC6	4FCD-4FCE	4FD0-4FD1	4FD3-4FD3	4FDA-4FDC	4FDF-4FE0	4FE2-4FE2
Noto Sans SC	400	/fonts/served/noto-sans-sc-85-400-normal.woff2	3127-3129	3131-3131	3134-3134	3137-3137	3139-3139	3141-3142	3145-3145	3147-3148	314B-314B	314D-314E	315C-315C	3160-3161	3163-3164	3186-3186	318D-318D	3192-3192	3196-3198	319E-319F	3220-3229	3231-3231	3268-3268	3297-3297	3299-3299	32A3-32A3	338E-338F	3395-3395	339C-339E	33C4-33C4	33D1-33D2	33D5-33D5	3434-3434	34DC-34DC	34EE-34EE	353E-353E	355D-355D	3566-3566	3575-3575	3592-3592	35A0-35A1	35AD-35AD	35CE-35CE	36A2-36A2	36AB-36AB	38A8-38A8	3DAB-3DAB	3DE7-3DE7	3DEB-3DEB	3E1A-3E1A	3F1B-3F1B	3F6D-3F6D	4495-4495	4723-4723	48FA-48FA	4CA3-4CA3	4E02-4E02	4E04-4E06	4E0C-4E0C	4E0F-4E0F	4E15-4E15	4E17-4E17	4E1F-4E21	4E26-4E26	4E29-4E29	4E2C-4E2C	4E2F-4E2F	4E31-4E31	4E35-4E35	4E37-4E37	4E3C-4E3C	4E3F-4E42	4E44-4E44	4E46-4E47	4E57-4E57	4E5A-4E5C	4E64-4E65	4E67-4E67	4E69-4E69	4E6D-4E6D	4E78-4E78	4E7F-4E82	4E85-4E85	4E87-4E87	4E8A-4E8A	4E8D-4E8D	4E93-4E93	4E96-4E96	4E98-4E99	4E9C-4E9C	4E9E-4EA0	4EA2-4EA3	4EA5-4EA5	4EB0-4EB1	4EB3-4EB6
Noto Sans SC	400	/fonts/served/noto-sans-sc-86-400-normal.woff2	279C-279C	279F-27A2	27A4-27A5	27A8-27A8	27B0-27B0	27B2-27B3	27B9-27B9	27E8-27E9	27F6-27F6	2800-2800	28EC-28EC	2913-2913	2921-2922	2934-2935	2A2F-2A2F	2B05-2B07	2B50-2B50	2B55-2B55	2BC5-2BC6	2E1C-2E1D	2EBB-2EBB	2F00-2F00	2F08-2F08	2F24-2F24	2F2D-2F2D	2F2F-2F30	2F3C-2F3C	2F45-2F45	2F63-2F64	2F74-2F74	2F83-2F83	2F8F-2F8F	2FBC-2FBC	3003-3003	3005-3007	3012-3013	301C-301E	3021-3021	3023-3024	3030-3030	3034-3035	3041-3041	3043-3043	3045-3045	3047-3047	3049-3049	3056-3056	3058-3058	305C-305C	305E-305E	3062-3062	306C-306C	3074-3074	3077-3077	307A-307A	307C-307D	3080-3080	308E-308E	3090-3091	3099-309B	309D-309E	30A5-30A5	30BC-30BC	30BE-30BE	30C2-30C2	30C5-30C5	30CC-30CC	30D8-30D8	30E2-30E2	30E8-30E8	30EE-30EE	30F0-30F2	30F4-30F6	30FD-30FE	3105-3126
Noto Sans SC	400	/fonts/served/noto-sans-sc-87-400-normal.woff2	2650-2655	2658-2658	265A-265B	265D-265E	2660-266D	266F-266F	267B-267B	2688-2688	2693-2696	2698-2699	269C-269C	26A0-26A1	26A4-26A4	26AA-26AB	26BD-26BE	26C4-26C5	26D4-26D4	26E9-26E9	26F0-26F1	26F3-26F3	26F5-26F5	26FD-26FD	2702-2702	2704-2706	2708-270F	2712-2718	271A-271B	271D-271D	271F-271F	2721-2721	2724-2730	2732-2734	273A-273A	273D-2744	2747-2749	274C-274C	274E-274F	2753-2757	275B-275B	275D-275E	2763-2763	2765-2767	276E-276F	2776-277E	2780-2782	278A-278C	278E-278E	2794-2796
Noto Sans SC	400	/fonts/served/noto-sans-sc-88-400-normal.woff2	254B-254B	2550-2551	2554-2554	2557-2557	255A-255B	255D-255D	255F-2560	2562-2563	2565-2567	2569-256A	256C-2572	2579-2579	2580-2595	25A1-25A1	25A3-25A3	25A9-25AD	25B0-25B0	25B3-25BB	25BD-25C2	25C4-25C4	25C8-25CB	25CD-25CD	25D0-25D1	25D4-25D5	25D8-25D8	25DC-25E6	25EA-25EB	25EF-25EF	25FE-25FE	2600-2604	2609-2609	260E-260F	2611-2611	2614-2615	2618-2618	261A-2620	2622-2623	262A-262A	262D-2630	2639-2640	2642-2642	2648-264F
Noto Sans SC	400	/fonts/served/noto-sans-sc-89-400-normal.woff2	23E9-23E9	23F0-23F0	23F3-23F3	2445-2445	2449-2449	2465-2471	2474-249B	24B8-24B8	24C2-24C2	24C7-24C7	24C9-24C9	24D0-24D0	24D2-24D2	24D4-24D4	24D8-24D8	24DD-24DE	24E3-24E3	24E6-24E6	24E8-24E8	2500-2509	250B-2526	2528-2534	2536-2537	253B-2548	254A-254A
Noto Sans SC	400	/fonts/served/noto-sans-sc-90-400-normal.woff2	207B-2083	208C-208E	2092-2092	20A6-20A6	20A8-20AD	20AF-20AF	20B1-20B1	20B4-20B5	20B8-20BA	20BD-20BD	20DB-20DB	20DD-20DD	20E0-20E0	20E3-20E3	2105-2105	2109-2109	2113-2113	2116-2117	2120-2121	2126-2126	212B-212B	2133-2133	2139-2139	2194-2194	2196-2199	21A0-21A0	21A9-21AA	21AF-21AF	21B3-21B3	21B5-21B5	21BA-21BB	21C4-21C4	21CA-21CA	21CC-21CC	21D0-21D4	21E1-21E1	21E6-21E9	2200-2200	2202-2202	2205-2208	220F-220F	2211-2212	2215-2215	2217-2219	221D-2220	2223-2223	2225-2225	2227-222B	222E-222E	2234-2237	223C-223D	2248-2248	224C-224C	2252-2252	2256-2256	2260-2261	2266-2267	226A-226B	226E-226F	2282-2283	2295-2295	2297-2297	2299-2299	22A5-22A5	22B0-22B1	22B9-22B9	22BF-22BF	22C5-22C6	22EF-22EF	2304-2304	2307-2307	230B-230B	2312-2314	2318-2318	231A-231B	2323-2323	239B-239B	239D-239E	23A0-23A0
Noto Sans SC	400	/fonts/served/noto-sans-sc-91-400-normal.woff2	1D34-1D35	1D38-1D3A	1D3C-1D3C	1D3F-1D40	1D49-1D49	1D4E-1D4F	1D52-1D52	1D55-1D55	1D5B-1D5B	1D5E-1D5E	1D9C-1D9C	1DA0-1DA0	1DC4-1DC5	1E69-1E69	1E73-1E73	1EA0-1EA9	1EAB-1EAD	1EAF-1EAF	1EB1-1EB1	1EB3-1EB3	1EB5-1EB5	1EB7-1EB7	1EB9-1EB9	1EBB-1EBB	1EBD-1EBE	1EC0-1EC3	1EC5-1EC6	1EC9-1ECD	1ECF-1ED3	1ED5-1ED5	1ED7-1EDF	1EE1-1EE1	1EE3-1EE3	1EE5-1EEB	1EED-1EED	1EEF-1EF1	1EF3-1EF3	1EF7-1EF7	1EF9-1EF9	1F62-1F62	1F7B-1F7B	2001-2002	2004-2006	2009-200A	200C-2012	2015-2016	201A-201A	201E-2021	2023-2023	2025-2025	2027-2028	202A-202D	202F-2030	2032-2033	2035-2035	2038-2038	203C-203C	203E-203F	2043-2044	2049-2049	204D-204E	2060-2061	2070-2070	2074-2078	207A-207A
Noto Sans SC	400	/fonts/served/noto-sans-sc-97-400-normal.woff2	2AE-2B3	2B5-2BF	2C2-2C3	2C6-2D1	2D8-2DA	2DC-2DC	2E1-2E3	2E5-2E5	2EB-2EB	2EE-2F0	2F2-2F7	2F9-2FF	302-30D	311-311	31B-31B	321-325	327-329	32B-32C	32E-32F	331-339	33C-33D	33F-33F	348-348	352-352	35C-35C	35E-35F	361-361	363-363	368-368	36C-36C	36F-36F	530-540	55D-55E	561-561	563-563	565-565	56B-56B	56E-579
Noto Sans SC	400	/fonts/served/noto-sans-sc-98-400-normal.woff2	176-17F	192-192	194-194	19A-19B	19D-19D	1A0-1A1	1A3-1A4	1AA-1AA	1AC-1AD	1AF-1BF	1D2-1D2	1D4-1D4	1D6-1D6	1D8-1D8	1DA-1DA	1DC-1DC	1E3-1E3	1E7-1E7	1E9-1E9	1EE-1EE	1F0-1F1	1F3-1F3	1F5-1FF	219-21B	221-221	223-226	228-228	22B-22B	22F-22F	231-231	234-237	23A-23B	23D-23D	250-252	254-255	259-25E	261-263	265-265	268-268	26A-26B	26F-277	279-279	27B-280	282-283	285-285	28A-28A	28C-28C	28F-28F	292-292	294-296	298-29A	29C-29C	29F-29F	2A1-2A4	2A6-2A7	2A9-2A9	2AB-2AB
Noto Sans SC	400	/fonts/served/noto-sans-sc-99-400-normal.woff2	A1-A4	A6-A8	AA-AA	AC-AC	AF-AF	B1-B1	B3-B6	B8-BA	BC-D6	D8-DE	E6-E6	EB-EB	EE-F0	F5-F5	F7-F8	FB-FB	FD-100	102-102	104-107	10D-10D	10F-112	115-115	117-117	119-119	11B-11B	11E-11F	121-121	123-123	125-127	129-12A	12D-12D	12F-13F	141-142	144-144	146-146	14B-14C	14F-153	158-15B	15E-160	163-165	168-16A	16D-175
Noto Sans SC	400	/fonts/served/noto-sans-sc-100-400-normal.woff2	221A-221A	2264-2264	2464-2464	25A0-25A0	3008-3008	4E10-4E10	512A-512A	5152-5152	5201-5201	5241-5241	5352-5352	549A-549A	54B2-54B2	54C6-54C6	54D7-54D7	54E1-54E1	5509-5509	55C5-55C5	560E-560E	5618-5618	565C-565C	56BC-56BC	5716-5716	576F-576F	5784-5784	57A2-57A2	589F-589F	5A20-5A20	5A25-5A25	5A29-5A29	5A34-5A34	5A7F-5A7F	5AC9-5AC9	5AD6-5AD6	5B09-5B09	5B5C-5B5C	5BC7-5BC7	5C27-5C27	5D2D-5D2D	5DCD-5DCD	5F1B-5F1B	5F37-5F37	604D-604D	6055-6055	6073-6073	60EB-60EB	61FF-61FF	620C-620C	62C7-62C7	62ED-62ED	6320-6320	6345-6345	6390-6390	63B0-63B0	64AE-64AE	64C2-64C2	64D2-64D2	6556-6556	663C-663C	667E-667E	66D9-66D9	66F8-66F8	6756-6756	6789-6789	689D-689D	68F1-68F1	695E-695E	6975-6975	6A1F-6A1F	6B0A-6B0A	6B61-6B61	6B87-6B87	6C5D-6C5D	6C7E-6C7E	6C92-6C92	6D31-6D31	6DF9-6DF9	6E0D-6E0D	6E2D-6E2D	6F3E-6F3E	70B3-70B3	70BD-70BD	70CA-70CA	70E8-70E8	725F-725F	72E9-72E9	733F-733F	7396-7396	739F-739F	7459-745A	74A7-74A7	75A1-75A1	75F0-75F0	76CF-76CF	76D4-76D4	7729-7729	77AA-77AA	77B0-77B0	77E3-77E3	780C-780C	78D5-78D5	7941-7941	7977-7977	797A-797A	79C3-79C3	7A20-7A20	7A92-7A92	7B71-7B71	7BF1-7BF1	7C9F-7C9F	7EB6-7EB6	7ECA-7ECA	7EF7-7EF7	7F07-7F07	7F09-7F09	7F15-7F15	7F81-7F81	7FB9-7FB9	8038-8038	8098-8098	80B4-80B4	8110-8110	814B-814C	816E-816E	818A-818A	8205-8205	8235-8235	828B-828B	82A5-82A5	82B7-82B7	82D4-82D4	82DB-82DB	82DF-82DF	8317-8317	8338-8338	8385-8386	83C1-83C1	83CF-83CF	8537-8537	853B-853B	854A-854A	8715-8715	8783-8783	892A-892A	8A71-8A71	8AAA-8AAA	8D58-8D58	8DBE-8DBE	8F67-8F67	8FAB-8FAB	8FC4-8FC4	8FE6-8FE6	9023-9023	9084-9084	9091-9091	916A-916A	91C9-91C9	91DC-91DC	94B3-94B3	9502-9502	9523-9523	9551-9551	956F-956F	960E-960E	962A-962A	962E-962E	9647-9647	96F3-96F3	9739-9739	97A0-97A0	97ED-97ED	983B-983B	985E-985E	988A-988A	9A6F-9A6F	9A8B-9A8B	9AB7-9AB7	9AC5-9AC5	9E25-9E25	E608-E608	FF06-FF06	FF14-FF16
Noto Sans SC	400	/fonts/served/noto-sans-sc-101-400-normal.woff2	161-161	926-926	928-928	939-939	93F-940	94D-94D	E17-E17	E22-E22	E44-E44	2463-2463	25C7-25C7	25CE-25CE	2764-2764	3009-3009	3016-3017	4E4D-4E4D	4E53-4E53	4F5A-4F5A	4F70-4F70	4FAE-4FAE	4FD8-4FD8	4FFA-4FFA	5011-5011	501A-501A	516E-516E	51C4-51C4	5225-5225	5364-5364	547B-547B	5495-5495	54E8-54E8	54EE-54EE	5594-5594	55D3-55D3	55DC-55DC	55FD-55FD	5662-5662	5669-5669	566C-566C	5742-5742	5824-5824	5834-5834	598A-598A	5992-5992	59A9-59A9	5A04-5A04	5B75-5B75	5B7D-5B7D	5BC5-5BC5	5C49-5C49	5C90-5C90	5E1C-5E1C	5E27-5E27	5E2B-5E2B	5E37-5E37	5E90-5E90	618B-618B	61F5-61F5	620A-620A	6273-6273	62F7-62F7	6342-6342	6401-6402	6413-6413	6512-6512	655B-655B	65A7-65A7	65F1-65F1	65F7-65F7	665F-665F	6687-6687	66A7-66A7	673D-673D	67B8-67B8	6854-6854	68D8-68D8	68FA-68FA	696D-696D	6A02-6A02	6A0A-6A0A	6A80-6A80	6B7C-6B7C	6BD9-6BD9	6C2E-6C2E	6C76-6C76	6CF8-6CF8	6D4A-6D4A	6D85-6D85	6E24-6E24	6E32-6E32	6EC7-6EC7	6ED5-6ED5	6F88-6F88	700F-700F	701A-701A	7078-7078	707C-707C	70AC-70AC	70C1-70C1	7409-7409	7422-7422	7480-7480	74A8-74A8	752B-752B	7574-7574	7656-7656	7699-7699	7737-7737	785D-785D	78BE-78BE	79B9-79B9	7A3D-7A3D	7A91-7A91	7A9F-7A9F	7AE3-7AE3	7B77-7B77	7C3F-7C3F	7D1A-7D1A	7D50-7D50	7D93-7D93	803F-803F	8042-8042	808B-808B	8236-8236	82B8-82B9	82EF-82EF	8309-8309	836B-836B	83EF-83EF	8431-8431	85C9-85C9	865E-865E	868C-868C	8759-8759	8760-8760	8845-8845	89BA-89BA	8A2A-8A2A	8C41-8C41	8CEC-8CEC	8D2C-8D2C	8D4E-8D4E	8E66-8E66	8E6D-8E6D	8EAF-8EAF	902E-902E	914B-914B	916E-916E	919B-919B	949B-949B	94A0-94A0	94B0-94B0	9541-9542	9556-9556	95EB-95EB	95F5-95F5	964B-964B	968B-968B	96CC-96CD	96CF-96CF	9704-9704	9713-9713	9890-9890	98A8-98A8	9985-9985	9992-9992	9A6D-9A6D	9A81-9A81	9A86-9A86	9AB8-9AB8	9CA4-9CA4	9F9A-9F9A	E606-E607	E60A-E60A	E60C-E60C	E60E-E60E	FE0F-FE0F	FF02-FF02	FF1E-FF1E	FF3D-FF3D
Noto Sans SC	400	/fonts/served/noto-sans-sc-102-400-normal.woff2	10C-10C	627-629	639-639	644-644	64A-64A	203B-203B	2265-2265	2573-2573	25B2-25B2	3448-3449	4E1E-4E1E	4E5E-4E5E	4F3A-4F3A	4F5F-4F5F	4FEA-4FEA	5026-5026	508D-508D	5189-5189	5254-5254	5288-5288	52D8-52D8	52FA-52FA	5306-5306	5308-5308	5384-5384	53ED-53ED	543C-543C	5450-5450	5455-5455	5466-5466	54C4-54C4	5578-5578	55A7-55A7	561F-561F	5631-5631	572D-572D	575F-575F	57AE-57AE	57E0-57E0	5830-5830	594E-594E	5984-5984	5993-5993	5BDD-5BDD	5C0D-5C0D	5C7F-5C7F	5C82-5C82	5E62-5E62	5ED3-5ED3	5F08-5F08	607A-607A	60BC-60BC	60DF-60DF	625B-625B	6292-6292	62E2-62E2	6363-6363	6467-6467	6714-6714	675E-675E	6771-6771	67A2-67A2	67FF-67FF	6805-6805	6813-6813	6869-6869	68A7-68A7	68E0-68E0	6930-6930	6986-6986	69A8-69A8	69DF-69DF	6A44-6A44	6A5F-6A5F	6C13-6C13	6C1F-6C1F	6C22-6C22	6C2F-6C2F	6C40-6C40	6C81-6C81	6C9B-6C9B	6CA5-6CA5	6DA4-6DA4	6DF3-6DF3	6E85-6E85	6EBA-6EBA	6F13-6F13	6F33-6F33	6F62-6F62	715E-715E	72C4-72C4	73D1-73D1	73FE-73FE	7405-7405	7455-7455	7487-7487	7578-7578	75A4-75A4	75EB-75EB	7693-7693	7738-7738	7741-7741	776B-776B	7792-7792	77A7-77A7	77A9-77A9	77B3-77B3	788C-788C	7984-7984	79A7-79A7	79E4-79E4	7A1A-7A1A	7A57-7A57	7AA6-7AA6	7B0B-7B0B	7B5D-7B5D	7C27-7C27	7C7D-7C7D	7CAA-7CAA	7CD9-7CD9	7CEF-7CEF	7EDA-7EDA	7EDE-7EDE	7F24-7F24	8046-8046	80FA-80FA	81B3-81B3	81FB-81FB	8207-8207	8258-8258	8335-8335	8339-8339	8354-8354	840E-840E	85B0-85B0	85FB-85FB	8695-8695	86AA-86AA	8717-8717	8749-8749	874C-874C	8996-8996	89BD-89BD	89C5-89C5	8BDB-8BDB	8BF5-8BF5	8C5A-8C5A	8D3F-8D3F	8D9F-8D9F	8E44-8E44	8FED-8FED	9005-9005	9019-9019	904E-904E	9082-9082	90AF-90AF	90DD-90DD	90E1-90E1	90F8-90F8	9119-9119	916F-916F	9176-9176	949E-949E	94A7-94A7	94C2-94C2	9525-9525	9580-9580	95DC-95DC	96E2-96E2	96FB-96FB	9A7C-9A7C	9A7F-9A7F	9B41-9B41	9CA8-9CA8	9CC4-9CC4	9CDE-9CDE	9E92-9E92	9EDE-9EDE	E60B-E60B	E610-E610	FF10-FF10	FF13-FF13	FF3B-FF3B	F012B-F012B
Noto Sans SC	400	/fonts/served/noto-sans-sc-103-400-normal.woff2	60-60	631-631	2606-2606	3014-3015	309C-309C	33A1-33A1	4E52-4E52	4EC6-4EC6	4F86-4F86	4F8D-4F8D	4FDE-4FDE	4FEF-4FEF	500B-500B	502A-502A	515C-515C	518A-518A	51A5-51A5	51F3-51F3	5243-5243	52C9-52C9	52D5-52D5	53A2-53A2	53EE-53EE	54CE-54CE	54FA-54FA	54FC-54FC	5580-5580	5587-5587	563F-563F	56DA-56DA	5792-5792	5815-5815	5960-5960	59D7-59D7	5A1F-5A1F	5B78-5B78	5B9B-5B9B	5BE1-5BE1	5C4E-5C4E	5C51-5C51	5C6F-5C6F	5C9A-5C9A	5CFB-5CFB	5D16-5D16	5ED6-5ED6	5F27-5F27	5F6A-5F6A	5F6C-5F6C	603C-603C	609A-609A	6168-6168	61C8-61C8	6236-6236	62D0-62D0	62F1-62F1	62FD-62FD	631A-631A	6328-6328	632B-632B	6346-6346	638F-638F	63A0-63A0	63C9-63C9	655E-655E	6590-6590	6615-6615	6627-6627	66AE-66AE	66E6-66E6	66F0-66F0	6703-6703	67DA-67DA	67EC-67EC	6816-6816	6893-6893	68AD-68AD	68F5-68F5	6977-6977	6984-6984	69DB-69DB	6B72-6B72	6BB7-6BB7	6CE3-6CE3	6CFB-6CFB	6D47-6D47	6DA1-6DA1	6DC4-6DC4	6E43-6E43	6EAF-6EAF	6EFF-6EFF	6F8E-6F8E	7011-7011	7063-7063	7076-7076	7096-7096	70BA-70BA	70DB-70DB	70EF-70EF	7119-711A	7172-7172	718F-718F	7194-7194	727A-727A	72D9-72D9	72ED-72ED	7325-7325	73AE-73AE	73BA-73BA	73C0-73C0	7410-7410	7426-7426	7554-7554	7576-7576	75AE-75AE	75B9-75B9	762B-762B	766B-766B	7682-7682	7750-7750	7779-7779	7784-7784	77EB-77EB	77EE-77EE	78F7-78F7	79E9-79E9	7A79-7A79	7B1B-7B1B	7B28-7B28	7BF7-7BF7	7DB2-7DB2	7EC5-7EC5	7EEE-7EEE	7F14-7F14	7F1A-7F1A	7FE1-7FE1	8087-8087	809B-809B	8231-8231	830E-830E	835F-835F	83E9-83E9	849C-849C	851A-851A	868A-868A	8718-8718	874E-874E	8822-8822	8910-8910	8944-8944	8A3B-8A3B	8BB6-8BB6	8BBC-8BBC	8D50-8D50	8E72-8E72	8F9C-8F9C	900D-900D	904B-904B	9063-9063	90A2-90A2	90B9-90B9	94F2-94F2	952F-952F	9576-9577	9593-9593	95F8-95F8	961C-961C	9631-9631	969B-969B	96A7-96A7	96C1-96C1	9716-9716	9761-9761	97AD-97AD	97E7-97E7	98A4-98A4	997A-997A	9A73-9A73	9B44-9B44	9E3D-9E3D	9ECF-9ECF	9ED4-9ED4	FF11-FF12	FFFD-FFFD
Noto Sans SC	400	/fonts/served/noto-sans-sc-104-400-normal.woff2	2003-2003	2193-2193	2462-2462	4E19-4E19	4E2B-4E2B	4E36-4E36	4EA8-4EA8	4ED1-4ED1	4ED7-4ED7	4F51-4F51	4F63-4F63	4F83-4F83	50E7-50E7	5112-5112	5167-5167	51A4-51A4	51B6-51B6	5239-5239	5265-5265	532A-532A	5351-5351	537F-537F	5401-5401	548F-548F	5492-5492	54AF-54AF	54B3-54B3	54BD-54BD	54D1-54D1	54DF-54DF	554F-554F	5564-5564	5598-5598	5632-5632	56A3-56A3	56E7-56E7	574E-574E	575D-575E	57D4-57D4	584C-584C	58E4-58E4	5937-5937	5955-5955	5A05-5A05	5A49-5A49	5AC2-5AC2	5BB0-5BB0	5C39-5C39	5C61-5C61	5D0E-5D0E	5DE9-5DE9	5E9A-5E9A	5EB8-5EB8	5F0A-5F0A	5F13-5F13	5F8C-5F8C	608D-608D	611B-611B	6127-6127	62A0-62A0	634F-634F	635E-635E	63FD-63FD	6577-6577	658B-658B	65BC-65BC	660A-660A	6643-6643	6656-6656	6760-6760	67AF-67AF	67C4-67C4	67E0-67E0	6817-6817	68CD-68CD	690E-690E	6960-6960	69B4-69B4	6A71-6A71	6AAC-6AAC	6B67-6B67	6BB4-6BB4	6C55-6C55	6C70-6C70	6C82-6C82	6CA6-6CA6	6CB8-6CB8	6CBE-6CBE	6E9C-6E9C	6EDE-6EDE	6EE5-6EE5	6F4D-6F4D	6F84-6F84	6F9C-6F9C	7115-7115	7121-7121	722A-722A	7261-7261	7272-7272	7280-7280	72F8-72F8	7504-7504	754F-754F	75D8-75D8	767C-767C	76EF-76EF	778E-778E	77BB-77BB	77F6-77F6	786B-786B	78B1-78B1	7948-7948	7985-7985	79BE-79BE	7A83-7A83	7A8D-7A8D	7EAC-7EAC	7EEF-7EEF	7EF8-7EF8	7EFD-7EFD	7F00-7F00	803D-803D	8086-8086	810A-810A	8165-8165	819D-819D	81A8-81A8	8214-8214	829C-829C	831C-831C	8328-8328	832B-832B	8367-8367	83E0-83E0	83F1-83F1	8403-8403	846B-846B	8475-8475	84B2-84B2	8513-8513	8574-8574	85AF-85AF	86D9-86D9	86DB-86DB	8ACB-8ACB	8BBD-8BBD	8BE0-8BE1	8C0E-8C0E	8D29-8D29	8D63-8D63	8E81-8E81	8F7F-8F7F	9032-9032	9042-9042	90B1-90B1	90B5-90B5	9165-9165	9175-9175	94A6-94A6	94C5-94C5	950C-950C	9540-9540	9610-9610	9699-9699	96C7-96C7	973E-973E	978D-978D	97EC-97EC	97F6-97F6	984C-984C	987D-987D	9882-9882	9965-9965	996A-996A	9972-9972	9A8F-9A8F	9AD3-9AD3	9AE6-9AE6	9CB8-9CB8	9EDB-9EDB	E600-E600	E60F-E60F	E611-E611	FF05-FF05	FF0B-FF0B
Noto Sans SC	400	/fonts/served/noto-sans-sc-105-400-normal.woff2	5E-5E	2190-2190	250A-250A	25BC-25BC	25CF-25CF	300F-300F	4E56-4E56	4EA9-4EA9	4F3D-4F3D	4F6C-4F6C	4F88-4F88	4FA8-4FA8	4FCF-4FCF	5029-5029	5188-5188	51F9-51F9	5203-5203	524A-524A	5256-5256	529D-529D	5375-5375	53DB-53DB	541F-541F	5435-5435	5457-5457	548B-548B	54B1-54B1	54C7-54C7	54D4-54D4	54E9-54E9	556A-556A	5589-5589	55BB-55BB	55E8-55E8	55EF-55EF	563B-563B	566A-566A	576A-576A	58F9-58F9	598D-598D	599E-599E	59A8-59A8	5A9B-5A9B	5AE3-5AE3	5BDE-5BDE	5C4C-5C4C	5C60-5C60	5D1B-5D1B	5DEB-5DEB	5DF7-5DF7	5E18-5E18	5F26-5F26	5F64-5F64	601C-601C	6084-6084	60E9-60E9	614C-614C	61BE-61BE	6208-6208	621A-621A	6233-6233	6254-6254	62D8-62D8	62E6-62E6	62EF-62EF	6323-6323	632A-632A	633D-633D	6361-6361	6380-6380	6405-6405	640F-640F	6614-6614	6642-6642	6657-6657	67A3-67A3	6808-6808	683D-683D	6850-6850	6897-6897	68B3-68B3	68B5-68B5	68D5-68D5	6A58-6A58	6B47-6B47	6B6A-6B6A	6C28-6C28	6C90-6C90	6CA7-6CA7	6CF5-6CF5	6D51-6D51	6DA9-6DA9	6DC7-6DC7	6DD1-6DD1	6E0A-6E0A	6E5B-6E5B	6F47-6F47	6F6D-6F6D	70AD-70AD	70F9-70F9	710A-710A	7130-7130	71AC-71AC	745F-745F	7476-7476	7490-7490	7529-7529	7538-7538	75D2-75D2	7696-7696	76B1-76B1	76FC-76FC	777F-777F	77DC-77DC	789F-789F	795B-795B	79BD-79BD	79C9-79C9	7A3B-7A3B	7A46-7A46	7AA5-7AA5	7AD6-7AD6	7CA5-7CA5	7CB9-7CB9	7CDF-7CDF	7D6E-7D6E	7F06-7F06	7F38-7F38	7FA1-7FA1	7FC1-7FC1	8015-8015	803B-803B	80A2-80A2	80AA-80AA	8116-8116	813E-813E	82AD-82AD	82BD-82BD	8305-8305	8346-8346	846C-846C	8549-8549	859B-859B	8611-8611	8680-8680	87F9-87F9	884D-884D	8877-8877	888D-888D	88D4-88D4	898B-898B	8A79-8A79	8A93-8A93	8C05-8C05	8C0D-8C0D	8C26-8C26	8D1E-8D1E	8D31-8D31	8D81-8D81	8E22-8E22	8F90-8F90	8F96-8F96	90CA-90CA	916C-916C	917F-917F	9187-9187	918B-918B	9499-9499	94A9-94A9	9524-9524	958B-958B	9600-9600	9640-9640	96B6-96B6	96EF-96EF	98D9-98D9	9976-9976	997F-997F	9A74-9A74	9A84-9A84	9C8D-9C8D	9E26-9E26	9E9F-9E9F	AD6D-AD6D	C5B4-C5B4	D55C-D55C	FF0F-FF0F
Noto Sans SC	400	/fonts/served/noto-sans-sc-106-400-normal.woff2	B0-B0	2191-2191	2460-2461	25C6-25C6	300E-300E	4E1B-4E1B	4E7E-4E7E	4ED5-4ED5	4EF2-4EF2	4F10-4F10	4F1E-4F1E	4F50-4F50	4FA6-4FA6	4FAF-4FAF	5021-5021	50F5-50F5	5179-5179	5180-5180	51D1-51D1	522E-522E	52A3-52A3	52C3-52C3	52CB-52CB	5300-5300	5319-5319	5320-5320	5349-5349	5395-5395	53D9-53D9	541E-541E	5428-5428	543E-543E	54C0-54C0	54D2-54D2	570B-570B	5858-5858	58F6-58F6	5974-5974	59A5-59A5	59E8-59E8	59EC-59EC	5A36-5A36	5A9A-5A9A	5AB3-5AB3	5B99-5B99	5BAA-5BAA	5CE1-5CE1	5D14-5D14	5D4C-5D4C	5DC5-5DC5	5DE2-5DE2	5E99-5E99	5E9E-5E9E	5F18-5F18	5F66-5F66	5F70-5F70	6070-6070	60D5-60D5	60E7-60E7	6101-6101	611A-611A	6241-6241	6252-6252	626F-626F	6296-6296	62BC-62BC	62CC-62CC	63A9-63A9	644A-644A	6454-6454	64A9-64A9	64B8-64B8	6500-6500	6572-6572	65A5-65A5	65A9-65A9	65EC-65EC	660F-660F	6749-6749	6795-6795	67AB-67AB	68DA-68DA	6912-6912	6BBF-6BBF	6BEF-6BEF	6CAB-6CAB	6CCA-6CCA	6CCC-6CCC	6CFC-6CFC	6D3D-6D3D	6D78-6D78	6DEE-6DEE	6E17-6E17	6E34-6E34	6E83-6E83	6EA2-6EA2	6EB6-6EB6	6F20-6F20	6FA1-6FA1	707F-707F	70D8-70D8	70EB-70EB	714C-714C	714E-714E	7235-7235	7239-7239	73CA-73CA	743C-743C	745C-745C	7624-7624	763E-763E	76F2-76F2	77DB-77DB	77E9-77E9	780D-780D	7838-7838	7845-7845	78CA-78CA	796D-796D	7A84-7A84	7AED-7AED	7B3C-7B3C	7EB2-7EB2	7F05-7F05	7F20-7F20	7F34-7F34	7F62-7F62	7FC5-7FC5	7FD8-7FD8	7FF0-7FF0	800D-800D	8036-8036	80BA-80BA	80BE-80BE	80C0-80C1	8155-8155	817A-817A	8180-8180	81E3-81E3	8206-8206	8247-8247	8270-8270	8299-8299	8304-8304	8393-8393	83B9-83B9	83CA-83CA	840D-840D	8427-8427	8469-8469	8471-8471	84C4-84C4	84EC-84EC	853D-853D	8681-8682	8721-8721	8854-8854	88D5-88D5	88F9-88F9	8BC0-8BC0	8C0A-8C0A	8C29-8C29	8C2D-8C2D	8D41-8D41	8DEA-8DEA	8EB2-8EB2	8F9F-8F9F	903B-903B	903E-903E	9102-9102	9493-9493	94A5-94A5	94F8-94F8	95EF-95EF	95F7-95F7	9706-9706	9709-9709	9774-9774	9887-9887	98A0-98A0	9E64-9E64	9F9F-9F9F	E601-E601	E603-E603
Noto Sans SC	400	/fonts/served/noto-sans-sc-107-400-normal.woff2	200B-200B	2103-2103	4E18-4E18	4E27-4E28	4E38-4E38	4E59-4E59	4E8F-4E8F	4EAD-4EAD	4EC7-4EC7	4FE9-4FE9	503A-503A	5085-5085	5146-5146	51AF-51AF	51F8-51F8	52AB-52AB	5339-5339	535C-535C	5378-5378	538C-538C	5398-5398	53F9-53F9	5415-5415	5475-5475	54AA-54AA	54AC-54AC	54B8-54B8	5582-5582	5760-5760	5764-5764	57CB-57CB	5835-5835	5885-5885	5951-5951	5983-5983	59DA-59DA	5A77-5A77	5B5D-5B5D	5B5F-5B5F	5BB5-5BB5	5BC2-5BC2	5BE8-5BE8	5BFA-5BFA	5C2C-5C2C	5C34-5C34	5C41-5C41	5C48-5C48	5C65-5C65	5CAD-5CAD	5E06-5E06	5E42-5E42	5EF7-5EF7	5F17-5F17	5F25-5F25	5F6D-5F6D	5F79-5F79	6028-6028	6064-6064	6068-6068	606D-606D	607C-607C	6094-6094	6109-6109	6124-6124	6247-6247	626D-626D	6291-6291	629A-629A	62AC-62AC	62B9-62B9	62FE-62FE	6324-6324	6349-6349	6367-6367	6398-6398	6495-6495	64A4-64A4	64B0-64B0	64BC-64BC	64CE-64CE	658C-658C	65ED-65ED	6602-6602	6674-6674	6691-6691	66A8-66A8	674F-674F	679A-679A	67EF-67EF	67F4-67F4	680B-680B	6876-6876	68A8-68A8	6A59-6A59	6A61-6A61	6B20-6B20	6BC5-6BC5	6D12-6D12	6D46-6D46	6D8C-6D8C	6DC0-6DC0	6E14-6E14	6E23-6E23	6F06-6F06	7164-7164	716E-716E	7199-7199	71E5-71E5	72AC-72AC	742A-742A	755C-755C	75AB-75AB	75B2-75B2	75F4-75F4	7897-7897	78B3-78B3	78C5-78C5	7978-7978	79FD-79FD	7A74-7A74	7B4B-7B4B	7B5B-7B5B	7ECE-7ECE	7ED2-7ED2	7EE3-7EE3	7EF3-7EF3	7F50-7F50	7F55-7F55	7F9E-7F9E	7FE0-7FE0	809D-809D	8106-8106	814A-814A	8154-8154	817B-817B	818F-818F	81C2-81C2	81ED-81ED	821F-821F	82A6-82A6	82D1-82D1	8302-8302	83C7-83C7	845B-845B	848B-848B	84C9-84C9	85E4-85E4	86EE-86EE	8700-8700	8774-8774	886C-886C	8881-8881	8C1C-8C1C	8C79-8C79	8D2A-8D2A	8D3C-8D3C	8EBA-8EBA	8F70-8F70	8FA9-8FA9	8FB1-8FB1	900A-900A	9017-9017	901D-901D	9022-9022	906E-906E	946B-946B	94DD-94DD	94ED-94ED	953B-953B	95FA-95FA	95FD-95FD	964C-964C	96C0-96C0	971C-971C	971E-971E	9753-9753	9756-9756	97E6-97E6	9881-9881	9B4F-9B4F	9E2D-9E2D	9F0E-9F0E	E602-E602	E604-E605	FF5C-FF5C
Noto Sans SC	400	/fonts/served/noto-sans-sc-108-400-normal.woff2	24-24	4E08-4E08	4E43-4E43	4E4F-4E4F	4EF0-4EF0	4F2A-4F2A	507F-507F	50AC-50AC	50BB-50BB	5151-5151	51BB-51BB	51F6-51F6	51FD-51FD	5272-5272	52FE-52FE	5362-5362	53C9-53C9	53D4-53D4	53E0-53E0	543B-543B	54F2-54F2	5507-5507	5524-5524	558A-558A	55B5-55B5	561B-561B	56CA-56CA	5782-5782	57C3-57C3	5893-5893	5915-5915	5949-5949	5962-5962	59AE-59AE	59DC-59DC	59FB-59FB	5BD3-5BD3	5C38-5C38	5CB3-5CB3	5D07-5D07	5D29-5D29	5DE1-5DE1	5DFE-5DFE	5E15-5E15	5ECA-5ECA	5F2F-5F2F	5F7C-5F7C	5FCC-5FCC	6021-6021	609F-609F	60F9-60F9	6108-6108	6148-6148	6155-6155	6170-6170	61D2-61D2	6251-6251	629B-629B	62AB-62AB	62E8-62E8	62F3-62F3	6321-6321	6350-6350	6566-6566	659C-659C	65E8-65E8	6635-6635	6655-6655	6670-6670	66F9-66F9	6734-6734	679D-679D	6851-6851	6905-6905	6B49-6B49	6B96-6B96	6C1B-6C1B	6C41-6C41	6C6A-6C6A	6C83-6C83	6CF3-6CF3	6D9B-6D9B	6DCB-6DCB	6E1D-6E1D	6E20-6E21	6EAA-6EAA	6EE4-6EE4	6EE9-6EE9	6F58-6F58	70E4-70E4	722C-722C	7262-7262	7267-7267	72B9-72B9	72E0-72E0	72EE-72EE	72F1-72F1	7334-7334	73AB-73AB	7433-7433	7470-7470	758F-758F	75D5-75D5	764C-764C	7686-7686	76C6-76C6	76FE-76FE	7720-7720	77E2-77E2	7802-7802	7816-7816	788D-788D	7891-7891	7A00-7A00	7A9D-7A9D	7B52-7B52	7BAD-7BAD	7C98-7C98	7CCA-7CCA	7EBA-7EBA	7EEA-7EEA	7EF5-7EF5	7F1D-7F1D	7F69-7F69	806A-806A	809A-809A	80BF-80BF	80C3-80C3	81C0-81C0	820C-820C	82AC-82AC	82AF-82AF	82CD-82CD	82D7-82D7	838E-838E	839E-839E	8404-8404	84B8-84B8	852C-852C	8587-8587	85AA-85AA	8650-8650	8679-8679	86C7-86C7	8702-8702	87BA-87BA	886B-886B	8870-8870	8C10-8C10	8C23-8C23	8C6B-8C6B	8D3E-8D3E	8D4B-8D4C	8D64-8D64	8D6B-8D6B	8D74-8D74	8E29-8E29	8F69-8F69	8F74-8F74	8FB0-8FB0	8FDF-8FDF	901B-901B	9038-9038	9093-9093	90AA-90AA	9171-9171	9489-9489	94AE-94AE	94C3-94C3	9508-9508	9510-9510	9601-9601	9614-9614	9675-9675	97F5-97F5	9888-9888	98D8-98D8	9971-9971	9AA4-9AA4	9E3F-9E3F	9E45-9E45	9E4F-9E4F	9E70-9E70	9F7F-9F7F	E715-E715
Noto Sans SC	400	/fonts/served/noto-sans-sc-109-400-normal.woff2	A5-A5	2022-2022	2192-2192	2605-2605	4E11-4E11	4E22-4E22	4E32-4E32	4F0D-4F0D	4F0F-4F0F	4F69-4F69	4FF1-4FF1	50B2-50B2	5154-5154	51DD-51DD	51F0-51F0	5211-5211	5269-5269	533F-533F	5366-5367	5389-5389	5413-5413	5440-5440	5446-5446	5561-5561	574A-574A	5751-5751	57AB-57AB	5806-5806	5821-5821	582A-582A	58F3-58F3	5938-5938	5948-5948	5978-5978	59D1-59D1	5A03-5A03	5A07-5A07	5AC1-5AC1	5ACC-5ACC	5AE9-5AE9	5BB4-5BB4	5BC4-5BC4	5C3F-5C3F	5E3D-5E3D	5E7D-5E7D	5F92-5F92	5FAA-5FAA	5FE0-5FE0	5FFD-5FFD	6016-6016	60A0-60A0	60DC-60DC	60E8-60E8	614E-614E	6212-6212	6284-6284	62C6-62C6	62D3-62D4	63F4-63F4	642C-642C	6478-6478	6491-6492	64E6-64E6	6591-6591	65A4-65A4	664B-664B	6735-6735	6746-6746	67F1-67F1	67F3-67F3	6842-6842	68AF-68AF	68C9-68C9	68CB-68CB	6A31-6A31	6B3A-6B3A	6BC1-6BC1	6C0F-6C0F	6C27-6C27	6C57-6C57	6CC4-6CC4	6CE5-6CE5	6D2A-6D2A	6D66-6D66	6D69-6D69	6DAF-6DAF	6E58-6E58	6ECB-6ECB	6EF4-6EF4	707E-707E	7092-7092	70AB-70AB	71D5-71D5	7275-7275	7384-7384	73B2-73B2	7434-7434	74E6-74E6	74F7-74F7	75BC-75BC	76C8-76C8	76D0-76D0	7709-7709	77AC-77AC	7855-7855	78A7-78A7	78C1-78C1	7A77-7A77	7B79-7B79	7C92-7C92	7CAE-7CAE	7CD5-7CD5	7EA4-7EA4	7EB5-7EB5	7EBD-7EBD	7F5A-7F5A	7FD4-7FD4	7FFC-7FFC	8083-8083	8096-8096	80A0-80A0	80D6-80D6	80DE-80DE	8102-8102	8109-8109	810F-810F	8179-8179	8292-8292	82B3-82B3	8352-8352	8361-8361	83CC-83CC	841D-841D	8461-8461	8482-8482	8521-8521	857E-857E	866B-866B	8776-8776	8896-8896	889C-889C	88F8-88F8	8A9E-8A9E	8BC8-8BC8	8BF8-8BF8	8C0B-8C0B	8C28-8C28	8D2B-8D2B	8D2F-8D2F	8D37-8D37	8D3A-8D3A	8D54-8D54	8DC3-8DC3	8DCC-8DCC	8DF5-8DF5	8E0F-8E0F	8E48-8E48	8F86-8F86	8F88-8F88	8F9E-8F9E	8FC1-8FC1	8FC8-8FC8	8FEB-8FEB	9065-9065	90A6-90A6	90BB-90BB	90C1-90C1	94DC-94DC	9521-9521	9676-9676	96D5-96D5	970D-970D	9897-9897	997C-997C	9A70-9A70	9A76-9A76	9A9A-9A9A	9AD4-9AD4	9E23-9E23	9E7F-9E7F	9F3B-9F3B	E675-E675	E6B9-E6B9	FFE5-FFE5
Noto Sans SC	400	/fonts/served/noto-sans-sc-110-400-normal.woff2	300C-300D	4E54-4E54	4E58-4E58	4E95-4E95	4EC1-4EC1	4F2F-4F2F	4F38-4F38	4FA3-4FA3	4FCA-4FCA	503E-503E	5141-5141	5144-5144	517C-517C	51CC-51CC	51ED-51ED	5242-5242	52B2-52B2	52D2-52D2	52E4-52E4	540A-540A	5439-5439	5448-5448	5496-5496	54ED-54ED	5565-5565	5761-5761	5766-5766	58EE-58EE	593A-593A	594B-594B	594F-594F	5954-5954	5996-5996	59C6-59C6	59FF-59FF	5B64-5B64	5BFF-5BFF	5C18-5C18	5C1D-5C1D	5C97-5C97	5CA9-5CA9	5CB8-5CB8	5E9F-5E9F	5EC9-5EC9	5F04-5F04	5F7B-5F7B	5FA1-5FA1	5FCD-5FCD	6012-6012	60A6-60A6	60AC-60AC	60B2-60B2	60EF-60EF	626E-626E	6270-6270	6276-6276	62D6-62D6	62DC-62DC	6316-6316	632F-632F	633A-633A	6355-6355	63AA-63AA	6447-6447	649E-649E	64C5-64C5	654C-654C	65C1-65C1	65CB-65CB	65E6-65E6	6606-6606	6731-6731	675C-675C	67CF-67CF	67DC-67DC	6846-6846	6B8B-6B8B	6BEB-6BEB	6C61-6C61	6C88-6C88	6CBF-6CBF	6CDB-6CDB	6CEA-6CEA	6D45-6D45	6D53-6D53	6D74-6D74	6D82-6D82	6DA8-6DA8	6DB5-6DB5	6DEB-6DEB	6EDA-6EDA	6EE8-6EE8	6F0F-6F0F	706D-706D	708E-708E	70AE-70AE	70BC-70BC	70C2-70C2	70E6-70E6	7237-7238	72FC-72FC	730E-730E	731B-731B	739B-739B	73BB-73BB	7483-7483	74DC-74DC	74F6-74F6	7586-7586	7626-7626	775B-775B	77FF-77FF	788E-788E	78B0-78B0	7956-7956	7965-7965	79E6-79E6	7AF9-7AF9	7BEE-7BEE	7C97-7C97	7EB1-7EB1	7EB7-7EB7	7ED1-7ED1	7ED5-7ED5	7F6A-7F6A	7F72-7F72	7FBD-7FBD	8017-8017	808C-808C	80A9-80A9	80C6-80C6	80CE-80CE	8150-8150	8170-8170	819C-819C	820D-820D	8230-8230	8239-8239	827E-827E	8377-8377	8389-8389	83B2-83B2	8428-8428	8463-8463	867E-867E	88C2-88C2	88D9-88D9	8986-8986	8BCA-8BCA	8BDE-8BDE	8C13-8C13	8C8C-8C8C	8D21-8D21	8D24-8D24	8D56-8D56	8D60-8D60	8D8B-8D8B	8DB4-8DB4	8E2A-8E2A	8F68-8F68	8F89-8F89	8F9B-8F9B	8FA8-8FA8	8FBD-8FBD	9003-9003	90CE-90CE	90ED-90ED	9189-9189	94BB-94BB	9505-9505	95F9-95F9	963B-963B	9655-9655	966A-966A	9677-9677	96FE-96FE	9896-9896	99A8-99A8	9A71-9A71	9A82-9A82	9A91-9A91	9B45-9B45	9ECE-9ECE	9F20-9F20	FEFF-FEFF	FF0D-FF0D
Noto Sans SC	400	/fonts/served/noto-sans-sc-111-400-normal.woff2	4E4C-4E4C	4E88-4E88	4EA1-4EA1	4EA6-4EA6	4ED3-4ED4	4EFF-4EFF	4F30-4F30	4FA7-4FA7	4FC4-4FC4	4FD7-4FD7	500D-500D	504F-504F	5076-5077	517D-517D	5192-5192	51C9-51C9	51EF-51EF	5238-5238	5251-5251	526A-526A	52C7-52C7	52DF-52DF	52FF-52FF	53A6-53A6	53A8-53A8	53EC-53EC	5410-5410	559D-559D	55B7-55B7	5634-5634	573E-573E	5783-5783	585E-585E	586B-586B	58A8-58A8	5999-5999	59D3-59D3	5A1C-5A1C	5A46-5A46	5B54-5B55	5B85-5B85	5B8B-5B8B	5B8F-5B8F	5BBF-5BBF	5BD2-5BD2	5C16-5C16	5C24-5C24	5E05-5E05	5E45-5E45	5E7C-5E7C	5E84-5E84	5F03-5F03	5F1F-5F1F	5F31-5F31	5F84-5F84	5F90-5F90	5FBD-5FBD	5FC6-5FC6	5FD9-5FD9	5FE7-5FE7	6052-6052	6062-6062	6089-6089	60A3-60A3	60D1-60D1	6167-6167	622A-622A	6234-6234	624E-624E	6269-6269	626C-626C	62B5-62B5	62D2-62D2	6325-6325	63E1-63E1	643A-643A	6446-6446	6562-6562	656C-656C	65E2-65E2	65FA-65FA	660C-660C	6628-6628	6652-6652	6668-6668	6676-6676	66FC-66FC	66FF-66FF	6717-6717	676D-676D	67AA-67AA	67D4-67D4	6843-6843	6881-6881	68D2-68D2	695A-695A	69FD-69FD	6A2A-6A2A	6B8A-6B8A	6C60-6C60	6C64-6C64	6C9F-6C9F	6CAA-6CAA	6CC9-6CC9	6CE1-6CE1	6CFD-6CFD	6D1B-6D1B	6D1E-6D1E	6D6E-6D6E	6DE1-6DE1	6E10-6E10	6E7F-6E7F	6F5C-6F5C	704C-704C	7070-7070	7089-7089	70B8-70B8	718A-718A	71C3-71C3	723D-723D	732A-732A	73CD-73CD	7518-7518	756A-756A	75AF-75AF	75BE-75BE	75C7-75C7	76D2-76D2	76D7-76D7	7763-7763	78E8-78E8	795D-795D	79DF-79DF	7C4D-7C4D	7D2F-7D2F	7EE9-7EE9	7F13-7F13	7F8A-7F8A	8000-8000	8010-8010	80AF-80AF	80F6-80F6	80F8-80F8	8212-8212	8273-8273	82F9-82F9	83AB-83AB	83B1-83B1	83F2-83F2	8584-8584	871C-871C	8861-8861	888B-888B	88C1-88C1	88E4-88E4	8BD1-8BD1	8BF1-8BF1	8C31-8C31	8D5A-8D5A	8D75-8D76	8DE8-8DE8	8F85-8F85	8FA3-8FA3	8FC5-8FC5	9006-9006	903C-903C	904D-904D	9075-9075	9178-9178	9274-9274	950B-950B	9526-9526	95EA-95EA	9636-9636	9686-9686	978B-978B	987F-987F	9A7E-9A7E	9B42-9B42	9E1F-9E1F	9EA6-9EA6	9F13-9F13	9F84-9F84	FF5E-FF5E
Noto Sans SC	400	/fonts/served/noto-sans-sc-112-400-normal.woff2	23-23	3D-3D	4E01-4E01	4E39-4E39	4E73-4E73	4ECD-4ECD	4ED9-4ED9	4EEA-4EEA	4F0A-4F0A	4F1F-4F1F	4F5B-4F5B	4FA0-4FA0	4FC3-4FC3	501F-501F	50A8-50A8	515A-515A	5175-5175	51A0-51A0	51C0-51C0	51E1-51E1	51E4-51E4	5200-5200	520A-520A	5224-5224	523A-523A	52AA-52AA	52B1-52B1	52B3-52B3	5348-5348	5353-5353	5360-5360	5371-5371	5377-5377	539A-539A	541B-541B	5434-5434	547C-547C	54E6-54E6	5510-5510	5531-5531	5609-5609	56F0-56F0	56FA-56FA	5733-5733	574F-574F	5851-5851	5854-5854	5899-5899	58C1-58C1	592E-592E	5939-5939	5976-5976	5986-5986	59BB-59BB	5A18-5A18	5A74-5A74	5B59-5B59	5B87-5B87	5B97-5B97	5BA0-5BA0	5BAB-5BAB	5BBD-5BBE	5BF8-5BF8	5C0A-5C0A	5C3A-5C3A	5C4A-5C4A	5E16-5E16	5E1D-5E1D	5E2D-5E2D	5E8A-5E8A	6015-6015	602A-602A	6050-6050	6069-6069	6162-6162	61C2-61C2	6293-6293	6297-6297	62B1-62B1	62BD-62BD	62DF-62DF	62FC-62FC	6302-6302	635F-635F	638C-638C	63ED-63ED	6458-6458	6469-6469	6563-6563	6620-6620	6653-6653	6696-6697	66DD-66DD	675F-675F	676F-6770	67D0-67D0	67D3-67D3	684C-684C	6865-6865	6885-6885	68B0-68B0	68EE-68EE	690D-690D	6B23-6B23	6B32-6B32	6BD5-6BD5	6C89-6C89	6D01-6D01	6D25-6D25	6D89-6D89	6DA6-6DA6	6DB2-6DB2	6DF7-6DF7	6ED1-6ED1	6F02-6F02	70C8-70C8	70DF-70DF	70E7-70E7	7126-7126	7236-7236	7259-7259	731C-731C	745E-745E	74E3-74E3	751A-751A	751C-751C	7532-7532	7545-7545	75DB-75DB	7761-7761	7A0D-7A0D	7B51-7B51	7CA4-7CA4	7CD6-7CD6	7D2B-7D2B	7EA0-7EA0	7EB9-7EB9	7ED8-7ED8	7F18-7F18	7F29-7F29	8033-8033	804A-804A	80A4-80A5	80E1-80E1	817F-817F	829D-829D	82E6-82E6	8336-8336	840C-840C	8499-8499	864E-864E	8651-8651	865A-865A	88AD-88AD	89E6-89E6	8BD7-8BD7	8BFA-8BFA	8C37-8C37	8D25-8D25	8D38-8D38	8DDD-8DDD	8FEA-8FEA	9010-9010	9012-9012	906D-906D	907F-9080	90D1-90D1	9177-9177	91CA-91CA	94FA-94FA	9501-9501	9634-9635	9694-9694	9707-9707	9738-9738	9769-9769	9A7B-9A7B	9A97-9A97	9AA8-9AA8	9B3C-9B3C	9C81-9C81	9ED8-9ED8
Noto Sans SC	400	/fonts/served/noto-sans-sc-113-400-normal.woff2	26-26	3C-3C	D7-D7	4E4E-4E4E	4E61-4E61	4E71-4E71	4EBF-4EBF	4EE4-4EE4	4F26-4F26	5012-5012	51AC-51AC	51B0-51B0	51B2-51B2	51B7-51B7	5218-5218	521A-521A	5220-5220	5237-5237	523B-523B	526F-526F	5385-5385	53BF-53BF	53E5-53E5	53EB-53EB	53F3-53F3	53F6-53F6	5409-5409	5438-5438	54C8-54C8	54E5-54E5	552F-552F	5584-5584	5706-5706	5723-5723	5750-5750	575A-575A	5987-5988	59B9-59B9	59D0-59D0	59D4-59D4	5B88-5B88	5B9C-5B9C	5BDF-5BDF	5BFB-5BFB	5C01-5C01	5C04-5C04	5C3E-5C3E	5C4B-5C4B	5C4F-5C4F	5C9B-5C9B	5CF0-5CF0	5DDD-5DDD	5DE6-5DE6	5DE8-5DE8	5E01-5E01	5E78-5E78	5E7B-5E7B	5E9C-5E9C	5EAD-5EAD	5EF6-5EF6	5F39-5F39	5FD8-5FD8	6000-6000	6025-6025	604B-604B	6076-6076	613F-613F	6258-6258	6263-6263	6267-6267	6298-6298	62A2-62A2	62E5-62E5	62EC-62EC	6311-6311	6377-6377	6388-6389	63A2-63A2	63D2-63D2	641E-641E	642D-642D	654F-654F	6551-6551	6597-6597	65CF-65CF	65D7-65D7	65E7-65E7	6682-6682	66F2-66F2	671D-671D	672B-672B	6751-6751	6768-6768	6811-6811	6863-6863	6982-6982	6BD2-6BD2	6CF0-6CF0	6D0B-6D0B	6D17-6D17	6D59-6D59	6DD8-6DD8	6DFB-6DFB	6E7E-6E7E	6F6E-6F6E	6FB3-6FB3	706F-706F	719F-719F	72AF-72AF	72D0-72D0	72D7-72D7	732B-732B	732E-732E	7389-7389	73E0-73E0	7530-7530	7687-7687	76D6-76D6	76DB-76DB	7840-7840	786C-786C	79CB-79CB	79D2-79D2	7A0E-7A0E	7A33-7A33	7A3F-7A3F	7A97-7A97	7ADE-7ADF	7B26-7B26	7E41-7E41	7EC3-7EC3	7F3A-7F3A	8089-8089	80DC-80DC	811A-811A	8131-8131	8138-8138	821E-821E	8349-8349	83DC-83DC	8457-8457	867D-867D	86CB-86CB	8A89-8A89	8BA8-8BA8	8BAD-8BAD	8BEF-8BEF	8BFE-8BFE	8C6A-8C6A	8D1D-8D1D	8D4F-8D4F	8D62-8D62	8DD1-8DD1	8DF3-8DF3	8F6E-8F6E	8FF9-8FF9	900F-900F	9014-9014	9057-9057	9192-9192	91CE-91CE	9488-9488	94A2-94A2	9547-9547	955C-955C	95F2-95F2	9644-9644	964D-964D	96C4-96C5	96E8-96E8	96F6-96F7	9732-9732	9759-9759	9760-9760	987A-987A	989C-989C	9910-9910	996D-996E	9B54-9B54	9E21-9E21	9EBB-9EBB	9F50-9F50
Noto Sans SC	400	/fonts/served/noto-sans-sc-114-400-normal.woff2	7E-7E	2026-2026	4E03-4E03	4E25-4E25	4E30-4E30	4E34-4E34	4E45-4E45	4E5D-4E5D	4E89-4E89	4EAE-4EAE	4ED8-4ED8	4F11-4F11	4F19-4F19	4F24-4F24	4F34-4F34	4F59-4F59	4F73-4F73	4F9D-4F9D	4FB5-4FB5	5047-5047	505C-505C	5170-5170	519C-519C	51CF-51CF	5267-5267	5356-5356	5374-5374	5382-5382	538B-538B	53E6-53E6	5426-5426	542B-542B	542F-542F	5462-5462	5473-5473	554A-554A	5566-5566	5708-5708	571F-571F	5757-5757	57DF-57DF	57F9-57F9	5802-5802	590F-590F	591C-591C	591F-591F	592B-592B	5965-5965	5979-5979	5A01-5A01	5A5A-5A5A	5B69-5B69	5B81-5B81	5BA1-5BA1	5BA3-5BA3	5C3C-5C3C	5C42-5C42	5C81-5C81	5DE7-5DE7	5DEE-5DEE	5E0C-5E0C	5E10-5E10	5E55-5E55	5E86-5E86	5E8F-5E8F	5EA7-5EA7	5F02-5F02	5F52-5F52	5F81-5F81	5FF5-5FF5	60CA-60CA	60E0-60E0	6279-6279	62C5-62C5	62FF-62FF	63CF-63CF	6444-6444	64CD-64CD	653B-653B	65BD-65BD	65E9-65E9	665A-665A	66B4-66B4	66FE-66FE	6728-6728	6740-6740	6742-6742	677E-677E	67B6-67B6	680F-680F	68A6-68A6	68C0-68C0	699C-699C	6B4C-6B4C	6B66-6B66	6B7B-6B7B	6BCD-6BCD	6BDB-6BDB	6C38-6C38	6C47-6C47	6C49-6C49	6CB3-6CB3	6CB9-6CB9	6CE2-6CE2	6D32-6D32	6D3E-6D3E	6D4F-6D4F	6E56-6E56	6FC0-6FC0	7075-7075	7206-7206	725B-725B	72C2-72C2	73ED-73ED	7565-7565	7591-7591	7597-7597	75C5-75C5	76AE-76AE	76D1-76D1	76DF-76DF	7834-7834	7968-7968	7981-7981	79C0-79C0	7A7F-7A7F	7A81-7A81	7AE5-7AE5	7B14-7B14	7C89-7C89	7D27-7D27	7EAF-7EAF	7EB3-7EB3	7EB8-7EB8	7EC7-7EC7	7EE7-7EE7	7EFF-7EFF	7F57-7F57	7FFB-7FFB	805A-805A	80A1-80A1	822C-822C	82CF-82CF	82E5-82E5	8363-8363	836F-836F	84DD-84DD	878D-878D	8840-8840	8857-8857	8863-8863	8865-8865	8B66-8B66	8BB2-8BB2	8BDA-8BDA	8C01-8C01	8C08-8C08	8C46-8C46	8D1F-8D1F	8D35-8D35	8D5B-8D5B	8D5E-8D5E	8DA3-8DA3	8DDF-8DDF	8F93-8F93	8FDD-8FDD	8FF0-8FF0	8FF7-8FF7	8FFD-8FFD	9000-9000	9047-9047	9152-9152	949F-949F	94C1-94C1	94F6-94F6	9646-9646	9648-9648	9669-9669	969C-969C	96EA-96EA	97E9-97E9	987B-987B	987E-987E	989D-989D	9970-9970	9986-9986	9C7C-9C7C	9C9C-9C9C
Noto Sans SC	400	/fonts/served/noto-sans-sc-115-400-normal.woff2	25-25	4E14-4E14	4E1D-4E1D	4E3D-4E3D	4E49-4E49	4E60-4E60	4E9A-4E9A	4EB2-4EB2	4EC5-4EC5	4EFD-4EFD	4F3C-4F3C	4F4F-4F4F	4F8B-4F8B	4FBF-4FBF	5019-5019	5145-5145	514B-514B	516B-516B	516D-516D	5174-5174	5178-5178	517B-517B	5199-5199	519B-519B	51B3-51B3	51B5-51B5	5207-5207	5212-5212	5219-5219	521D-521D	52BF-52BF	533B-533B	5343-5343	5347-5347	534A-534A	536B-536B	5370-5370	53E4-53E4	53F2-53F2	5403-5403	542C-542C	547D-547D	54A8-54A8	54CD-54CD	54EA-54EA	552E-552E	56F4-56F4	5747-5747	575B-575B	5883-5883	589E-589E	5931-5931	5947-5947	5956-5957	5A92-5A92	5B63-5B63	5B83-5B83	5BA4-5BA4	5BB3-5BB3	5BCC-5BCC	5C14-5C14	5C1A-5C1A	5C3D-5C3D	5C40-5C40	5C45-5C45	5C5E-5C5E	5DF4-5DF4	5E72-5E72	5E95-5E95	5F80-5F80	5F85-5F85	5FB7-5FB7	5FD7-5FD7	601D-601D	626B-626B	627F-627F	62C9-62C9	62CD-62CD	6309-6309	63A7-63A7	6545-6545	65AD-65AD	65AF-65AF	65C5-65C5	666E-666E	667A-667A	670B-670B	671B-671B	674E-674E	677F-677F	6781-6781	6790-6790	6797-6797	6821-6821	6838-6839	697C-697C	6B27-6B27	6B62-6B62	6BB5-6BB5	6C7D-6C7D	6C99-6C99	6D4E-6D4E	6D6A-6D6A	6E29-6E29	6E2F-6E2F	6EE1-6EE1	6F14-6F14	6F2B-6F2B	72B6-72B6	72EC-72EC	7387-7387	7533-7533	753B-753B	76CA-76CA	76D8-76D8	7701-7701	773C-773C	77ED-77ED	77F3-77F3	7814-7814	793C-793C	79BB-79BB	79C1-79C1	79D8-79D8	79EF-79EF	79FB-79FB	7A76-7A76	7B11-7B11	7B54-7B54	7B56-7B56	7B97-7B97	7BC7-7BC7	7C73-7C73	7D20-7D20	7EAA-7EAA	7EC8-7EC8	7EDD-7EDD	7EED-7EED	7EFC-7EFC	7FA4-7FA4	804C-804C	8058-8058	80CC-80CC	8111-8111	817E-817E	826F-826F	8303-8303	843D-843D	89C9-89C9	89D2-89D2	8BA2-8BA2	8BBF-8BBF	8BC9-8BC9	8BCD-8BCD	8BE6-8BE6	8C22-8C22	8C61-8C61	8D22-8D22	8D26-8D27	8D8A-8D8A	8F6F-8F6F	8F7B-8F7B	8F83-8F83	8F91-8F91	8FB9-8FB9	8FD4-8FD4	8FDC-8FDC	9002-9002	94B1-94B1	9519-9519	95ED-95ED	961F-961F	9632-9633	963F-963F	968F-9690	96BE-96BE	9876-9876	9884-9884	98DE-98DE	9988-9988	9999-9999	9EC4-9EC4	FF1B-FF1B
Noto Sans SC	400	/fonts/served/noto-sans-sc-116-400-normal.woff2	2B-2B	40-40	3000-3000	300A-300B	4E16-4E16	4E66-4E66	4E70-4E70	4E91-4E92	4E94-4E94	4E9B-4E9B	4EC0-4EC0	4ECA-4ECA	4F01-4F01	4F17-4F18	4F46-4F46	4F4E-4F4E	4F9B-4F9B	4FEE-4FEE	503C-503C	5065-5065	50CF-50CF	513F-513F	5148-5148	518D-518D	51C6-51C6	51E0-51E0	5217-5217	529E-529F	5341-5341	534F-534F	5361-5361	5386-5386	53C2-53C2	53C8-53C8	53CC-53CC	53D7-53D8	5404-5404	5411-5411	5417-5417	5427-5427	5468-5468	559C-559C	5668-5668	56E0-56E0	56E2-56E2	56ED-56ED	5740-5740	57FA-57FA	58EB-58EB	5904-5904	592A-592A	59CB-59CB	5A31-5A31	5B58-5B58	5B9D-5B9D	5BC6-5BC6	5C71-5C71	5DDE-5DDE	5DF1-5DF1	5E08-5E08	5E26-5E26	5E2E-5E2E	5E93-5E93	5E97-5E97	5EB7-5EB7	5F15-5F15	5F20-5F20	5F3A-5F3A	5F62-5F62	5F69-5F69	5F88-5F88	5F8B-5F8B	5FC5-5FC5	600E-600E	620F-620F	6218-6218	623F-623F	627E-627E	628A-628A	62A4-62A4	62DB-62DB	62E9-62E9	6307-6307	6362-6362	636E-636E	64AD-64AD	6539-6539	653F-653F	6548-6548	6574-6574	6613-6613	6625-6625	663E-663E	666F-666F	672A-672A	6750-6750	6784-6784	6A21-6A21	6B3E-6B3E	6B65-6B65	6BCF-6BCF	6C11-6C11	6C5F-6C5F	6D4B-6D4B	6DF1-6DF1	706B-706B	7167-7167	724C-724C	738B-738B	73A9-73A9	73AF-73AF	7403-7403	7537-7537	754C-754C	7559-7559	767D-767D	7740-7740	786E-786E	795E-795E	798F-798F	79F0-79F0	7AEF-7AEF	7B7E-7B7E	7BB1-7BB1	7EA2-7EA2	7EA6-7EA6	7EC4-7EC4	7EC6-7EC6	7ECD-7ECD	7EDC-7EDC	7EF4-7EF4	8003-8003	80B2-80B2	81F3-81F4	822A-822A	827A-827A	82F1-82F1	83B7-83B7	8425-8425	89C2-89C2	89C8-89C8	8BA9-8BA9	8BB8-8BB8	8BC6-8BC6	8BD5-8BD5	8BE2-8BE2	8BE5-8BE5	8BED-8BED	8C03-8C03	8D23-8D23	8D2D-8D2D	8D34-8D34	8D70-8D70	8DB3-8DB3	8FBE-8FBE	8FCE-8FCE	8FD1-8FD1	8FDE-8FDE	9001-9001	901F-9020	90A3-90A3	914D-914D	91C7-91C7	94FE-94FE	9500-9500	952E-952E	9605-9605	9645-9645	9662-9662	9664-9664	9700-9700	9752-9752	975E-975E	97F3-97F3	9879-9879	9886-9886	98DF-98DF	9A6C-9A6C	9A8C-9A8C	9ED1-9ED1	9F99-9F99
Noto Sans SC	400	/fonts/served/noto-sans-sc-117-400-normal.woff2	4E-4E	201C-201D	3010-3011	4E07-4E07	4E1C-4E1C	4E24-4E24	4E3E-4E3E	4E48-4E48	4E50-4E50	4E5F-4E5F	4E8B-4E8C	4EA4-4EA4	4EAB-4EAC	4ECB-4ECB	4ECE-4ECE	4ED6-4ED6	4EE3-4EE3	4EF6-4EF7	4EFB-4EFB	4F20-4F20	4F55-4F55	4F7F-4F7F	4FDD-4FDD	505A-505A	5143-5143	5149-5149	514D-514D	5171-5171	5177-5177	518C-518C	51FB-51FB	521B-521B	5229-5229	522B-522B	52A9-52A9	5305-5305	5317-5317	534E-534E	5355-5355	5357-5357	535A-535A	5373-5373	539F-539F	53BB-53BB	53CA-53CA	53CD-53CD	53D6-53D6	53E3-53E3	53EA-53EA	53F0-53F0	5458-5458	5546-5546	56DB-56DB	573A-573A	578B-578B	57CE-57CE	58F0-58F0	590D-590D	5934-5934	5973-5973	5B57-5B57	5B8C-5B8C	5B98-5B98	5BB9-5BB9	5BFC-5BFC	5C06-5C06	5C11-5C11	5C31-5C31	5C55-5C55	5DF2-5DF2	5E03-5E03	5E76-5E76	5E94-5E94	5EFA-5EFA	5F71-5F71	5F97-5F97	5FEB-5FEB	6001-6001	603B-603B	60F3-60F3	611F-611F	6216-6216	624D-624D	6253-6253	6295-6295	6301-6301	6392-6392	641C-641C	652F-652F	653E-653E	6559-6559	6599-6599	661F-661F	671F-671F	672F-672F	6761-6761	67E5-67E5	6807-6807	6837-6837	683C-683C	6848-6848	6B22-6B22	6B64-6B64	6BD4-6BD4	6C14-6C14	6C34-6C34	6C42-6C42	6CA1-6CA1	6D41-6D41	6D77-6D77	6D88-6D88	6E05-6E05	6E38-6E38	6E90-6E90	7136-7136	7231-7231	7531-7531	767E-767E	76EE-76EE	76F4-76F4	771F-771F	7801-7801	793A-793A	79CD-79CD	7A0B-7A0B	7A7A-7A7A	7ACB-7ACB	7AE0-7AE0	7B2C-7B2C	7B80-7B80	7BA1-7BA1	7CBE-7CBE	7D22-7D22	7EA7-7EA7	7ED3-7ED3	7ED9-7ED9	7EDF-7EDF	7F16-7F16	7F6E-7F6E	8001-8001	800C-800C	8272-8272	8282-8282	82B1-82B1	8350-8350	88AB-88AB	88C5-88C5	897F-897F	89C1-89C1	89C4-89C4	89E3-89E3	8A00-8A00	8BA1-8BA1	8BA4-8BA4	8BAE-8BB0	8BBE-8BBE	8BC1-8BC1	8BC4-8BC4	8BFB-8BFB	8D28-8D28	8D39-8D39	8D77-8D77	8D85-8D85	8DEF-8DEF	8EAB-8EAB	8F66-8F66	8F6C-8F6C	8F7D-8F7D	8FD0-8FD0	9009-9009	90AE-90AE	90FD-90FD	91CC-91CD	91CF-91CF	95FB-95FB	9650-9650	96C6-96C6	9891-9891	98CE-98CE	FF1F-FF1F
Noto Sans SC	400	/fonts/served/noto-sans-sc-118-400-normal.woff2	D-D	3E-3E	5F-5F	7C-7C	A0-A0	A9-A9	4E09-4E0B	4E0D-4E0E	4E13-4E13	4E1A-4E1A	4E2A-4E2A	4E3A-4E3B	4E4B-4E4B	4E86-4E86	4E8E-4E8E	4EA7-4EA7	4EBA-4EBA	4EE5-4EE5	4EEC-4EEC	4F1A-4F1A	4F4D-4F4D	4F53-4F53	4F5C-4F5C	4F60-4F60	4FE1-4FE1	5165-5165	5168-5168	516C-516C	5173-5173	5176-5176	5185-5185	51FA-51FA	5206-5206	5230-5230	5236-5236	524D-524D	529B-529B	52A0-52A1	52A8-52A8	5316-5316	533A-533A	53CB-53CB	53D1-53D1	53EF-53EF	53F7-53F8	5408-5408	540C-540E	544A-544A	548C-548C	54C1-54C1	56DE-56DE	56FD-56FE	5728-5728	5730-5730	5907-5907	5916-5916	591A-591A	5927-5927	5929-5929	597D-597D	5982-5982	5B50-5B50	5B66-5B66	5B89-5B89	5B9A-5B9A	5B9E-5B9E	5BA2-5BA2	5BB6-5BB6	5BF9-5BF9	5C0F-5C0F	5DE5-5DE5	5E02-5E02	5E38-5E38	5E73-5E74	5E7F-5E7F	5EA6-5EA6	5F00-5F00	5F0F-5F0F	5F53-5F53	5F55-5F55	5FAE-5FAE	5FC3-5FC3	6027-6027	606F-606F	60A8-60A8	60C5-60C5	610F-610F	6210-6211	6237-6237	6240-6240	624B-624B	6280-6280	62A5-62A5	63A5-63A5	63A8-63A8	63D0-63D0	6536-6536	6570-6570	6587-6587	65B9-65B9	65E0-65E0	65F6-65F6	660E-660E	662D-662D	662F-662F	66F4-66F4	6700-6700	670D-670D	672C-672C	673A-673A	6743-6743	6765-6765	679C-679C	682A-682A	6B21-6B21	6B63-6B63	6CBB-6CBB	6CD5-6CD5	6CE8-6CE8	6D3B-6D3B	70ED-70ED	7247-7248	7269-7269	7279-7279	73B0-73B0	7406-7406	751F-751F	7528-7528	7535-7535	767B-767B	76F8-76F8	770B-770B	77E5-77E5	793E-793E	79D1-79D1	7AD9-7AD9	7B49-7B49	7C7B-7C7B	7CFB-7CFB	7EBF-7EBF	7ECF-7ECF	7F8E-7F8E	8005-8005	8054-8054	80FD-80FD	81EA-81EA	85CF-85CF	884C-884C	8868-8868	8981-8981	89C6-89C6	8BBA-8BBA	8BDD-8BDD	8BF4-8BF4	8BF7-8BF7	8D44-8D44	8FC7-8FC7	8FD8-8FD9	8FDB-8FDB	901A-901A	9053-9053	90E8-90E8	91D1-91D1	957F-957F	95E8-95E8	95EE-95EE	95F4-95F4	9762-9762	9875-9875	9898-9898	9996-9996	9AD8-9AD8	FF01-FF01	FF08-FF09
Noto Sans SC	400	/fonts/served/noto-sans-sc-119-400-normal.woff2	20-22	27-2A	2C-3B	3F-3F	41-4D	4F-5D	61-7B	7D-7D	AB-AB	AE-AE	B2-B2	B7-B7	BB-BB	DF-E5	E7-EA	EC-ED	F1-F4	F6-F6	F9-FA	FC-FC	101-101	103-103	113-113	12B-12B	148-148	14D-14D	16B-16B	1CE-1CE	1D0-1D0	300-301	1EBF-1EBF	1EC7-1EC7	2013-2014	2039-203A	2122-2122	3001-3002	3042-3042	3044-3044	3046-3046	3048-3048	304A-3055	3057-3057	3059-305B	305D-305D	305F-3061	3063-306B	306D-3073	3075-3076	3078-3079	307B-307B	307E-307F	3081-308D	308F-308F	3092-3093	30A1-30A4	30A6-30BB	30BD-30BD	30BF-30C1	30C3-30C4	30C6-30CB	30CD-30D7	30D9-30E1	30E3-30E7	30E9-30ED	30EF-30EF	30F3-30F3	30FB-30FC	4E00-4E00	4E2D-4E2D	65B0-65B0	65E5-65E5	6708-6709	70B9-70B9	7684-7684	7F51-7F51	FF0C-FF0C	FF0E-FF0E	FF1A-FF1A
Noto Sans SC	700	/fonts/served/noto-sans-sc-4-700-normal.woff2	1F1E9-1F1F5	1F1F7-1F1FF	1F21A-1F21A	1F232-1F232	1F234-1F237	1F250-1F251	1F300-1F300	1F302-1F308	1F30A-1F311	1F315-1F315	1F319-1F320	1F324-1F324	1F327-1F327	1F32A-1F32A	1F32C-1F32D	1F330-1F357	1F359-1F37E
Noto Sans SC	700	/fonts/served/noto-sans-sc-5-700-normal.woff2	FEE3-FEE3	FEF3-FEF3	FF03-FF04	FF07-FF07	FF0A-FF0A	FF17-FF19	FF1C-FF1D	FF20-FF3A	FF3C-FF3C	FF3E-FF5B	FF5D-FF5D	FF61-FF65	FF67-FF6A	FF6C-FF6C	FF6F-FF78	FF7A-FF7D	FF80-FF84	FF86-FF86	FF89-FF8E	FF92-FF92	FF97-FF9B	FF9D-FF9F	FFE0-FFE4	FFE6-FFE6	FFE9-FFE9	FFEB-FFEB	FFED-FFED	FFFC-FFFC	1F004-1F004	1F170-1F171	1F192-1F195	1F198-1F19A	1F1E6-1F1E8
Noto Sans SC	700	/fonts/served/noto-sans-sc-6-700-normal.woff2	F0A7-F0A7	F0B2-F0B2	F0B7-F0B7	F0C9-F0C9	F0D8-F0D8	F0DA-F0DA	F0DC-F0DD	F0E0-F0E0	F0E6-F0E6	F0EB-F0EB	F0FC-F0FC	F101-F101	F104-F105	F107-F107	F10B-F10B	F11B-F11B	F14B-F14B	F18A-F18A	F193-F193	F1D6-F1D7	F244-F244	F27A-F27A	F296-F296	F2AE-F2AE	F471-F471	F4B3-F4B3	F610-F611	F880-F881	F8EC-F8EC	F8F5-F8F5	F8FF-F8FF	F901-F901	F90A-F90A	F92C-F92D	F934-F934	F937-F937	F941-F941	F965-F965	F967-F967	F969-F969	F96B-F96B	F96F-F96F	F974-F974	F978-F979	F97E-F97E	F981-F981	F98A-F98A	F98E-F98E	F997-F997	F99C-F99C	F9B2-F9B2	F9B5-F9B5	F9BA-F9BA	F9BE-F9BE	F9CA-F9CA	F9D0-F9D1	F9DD-F9DD	F9E0-F9E1	F9E4-F9E4	F9F7-F9F7	FA00-FA01	FA08-FA08	FA0A-FA0A	FA11-FA11	FB01-FB02	FDFC-FDFC	FE0E-FE0E	FE30-FE31	FE33-FE44	FE49-FE52	FE54-FE57	FE59-FE66	FE68-FE6B	FE8E-FE8E	FE92-FE93	FEAE-FEAE	FEB8-FEB8	FECB-FECC	FEE0-FEE0
Noto Sans SC	700	/fonts/served/noto-sans-sc-21-700-normal.woff2	9F3D-9F3E	9F41-9F41	9F4A-9F4B	9F51-9F52	9F61-9F63	9F66-9F67	9F80-9F81	9F83-9F83	9F85-9F8D	9F90-9F91	9F94-9F96	9F98-9F98	9F9B-9F9C	9F9E-9F9E	9FA0-9FA0	9FA2-9FA2	9FF4-9FF4	A001-A001	A007-A007	A025-A025	A046-A047	A057-A057	A072-A072	A078-A079	A083-A083	A085-A085	A100-A100	A118-A118	A132-A132	A134-A134	A1F4-A1F4	A242-A242	A4A6-A4A6	A4AA-A4AA	A4B0-A4B1	A4B3-A4B3	A9C1-A9C2	AC00-AC01	AC04-AC04	AC08-AC08	AC10-AC11	AC13-AC16	AC19-AC19	AC1C-AC1D	AC24-AC24	AC70-AC71	AC74-AC74	AC77-AC78	AC80-AC81	AC83-AC83	AC8C-AC8C	AC90-AC90	AC9F-ACA0	ACA8-ACA9	ACAC-ACAC	ACB0-ACB0	ACBD-ACBD	ACC1-ACC1	ACC4-ACC4	ACE0-ACE1	ACE4-ACE4	ACE8-ACE8	ACF3-ACF3	ACF5-ACF5	ACFC-ACFD	AD00-AD00	AD0C-AD0C	AD11-AD11	AD1C-AD1C	AD34-AD34	AD50-AD50	AD64-AD64	AD6C-AD6C	AD70-AD70	AD74-AD74	AD7F-AD7F	AD81-AD81	AD8C-AD8C	ADC0-ADC0	ADC8-ADC8	ADDC-ADDC	ADE0-ADE0	ADF8-ADF9	ADFC-ADFC	AE00-AE00	AE08-AE09	AE0B-AE0B	AE30-AE30	AE34-AE34	AE38-AE38	AE40-AE40	AE4A-AE4A	AE4C-AE4C	AE54-AE54	AE68-AE68	AEBC-AEBC	AED8-AED8	AF2C-AF2D	AF34-AF34
Noto Sans SC	700	/fonts/served/noto-sans-sc-22-700-normal.woff2	9DFA-9DFA	9E0A-9E0A	9E11-9E11	9E1A-9E1A	9E1E-9E1E	9E20-9E20	9E22-9E22	9E28-9E2C	9E2E-9E33	9E35-9E3B	9E3E-9E3E	9E40-9E44	9E46-9E4E	9E51-9E51	9E53-9E53	9E55-9E58	9E5A-9E5C	9E5E-9E63	9E66-9E6E	9E71-9E71	9E73-9E73	9E75-9E75	9E78-9E79	9E7C-9E7E	9E82-9E82	9E86-9E88	9E8B-9E8C	9E90-9E91	9E93-9E93	9E95-9E95	9E97-9E97	9E9D-9E9D	9EA4-9EA5	9EA9-9EAA	9EB4-9EB5	9EB8-9EBA	9EBC-9EBF	9EC3-9EC3	9EC9-9EC9	9ECD-9ECD	9ED0-9ED0	9ED2-9ED3	9ED5-9ED6	9ED9-9ED9	9EDC-9EDD	9EDF-9EE0	9EE2-9EE2	9EE5-9EE5	9EE7-9EEA	9EEF-9EEF	9EF1-9EF1	9EF3-9EF4	9EF6-9EF6	9EF9-9EF9	9EFB-9EFC	9EFE-9EFE	9F0B-9F0B	9F0D-9F0D	9F10-9F10	9F14-9F14	9F17-9F17	9F19-9F19	9F22-9F22	9F29-9F29	9F2C-9F2C	9F2F-9F2F	9F31-9F31	9F37-9F37	9F39-9F39
Noto Sans SC	700	/fonts/served/noto-sans-sc-23-700-normal.woff2	9C3B-9C3B	9C40-9C40	9C47-9C49	9C53-9C53	9C57-9C57	9C64-9C64	9C72-9C72	9C77-9C78	9C7B-9C7B	9C7F-9C80	9C82-9C83	9C85-9C8C	9C8E-9C92	9C94-9C9B	9C9E-9CA3	9CA5-9CA7	9CA9-9CA9	9CAB-9CAB	9CAD-9CAE	9CB1-9CB7	9CB9-9CBD	9CBF-9CC0	9CC3-9CC3	9CC5-9CC7	9CC9-9CD1	9CD3-9CDA	9CDC-9CDD	9CDF-9CDF	9CE1-9CE3	9CE5-9CE5	9CE9-9CE9	9CEE-9CEF	9CF3-9CF4	9CF6-9CF6	9CFC-9CFD	9D02-9D02	9D08-9D09	9D12-9D12	9D1B-9D1B	9D1E-9D1E	9D26-9D26	9D28-9D28	9D37-9D37	9D3B-9D3B	9D3F-9D3F	9D51-9D51	9D59-9D59	9D5C-9D5D	9D5F-9D61	9D6C-9D6C	9D70-9D70	9D72-9D72	9D7A-9D7A	9D7E-9D7E	9D84-9D84	9D89-9D89	9D8F-9D8F	9D92-9D92	9DAF-9DAF	9DB4-9DB4	9DB8-9DB8	9DBC-9DBC	9DC4-9DC4	9DC7-9DC7	9DC9-9DC9	9DD7-9DD7	9DDF-9DDF	9DF2-9DF2	9DF9-9DF9
Noto Sans SC	700	/fonts/served/noto-sans-sc-24-700-normal.woff2	9A5F-9A5F	9A62-9A62	9A65-9A65	9A69-9A69	9A6B-9A6B	9A6E-9A6E	9A75-9A75	9A77-9A7A	9A7D-9A7D	9A80-9A80	9A83-9A83	9A85-9A85	9A87-9A8A	9A8D-9A8E	9A90-9A90	9A92-9A93	9A95-9A96	9A98-9A99	9A9B-9AA2	9AA5-9AA5	9AA7-9AA7	9AAF-9AB1	9AB5-9AB6	9AB9-9ABA	9ABC-9ABC	9AC0-9AC4	9AC8-9AC8	9ACB-9ACC	9ACE-9ACF	9AD1-9AD2	9AD9-9AD9	9ADF-9ADF	9AE1-9AE1	9AE3-9AE3	9AEA-9AEB	9AED-9AEF	9AF4-9AF4	9AF9-9AF9	9AFB-9AFB	9B03-9B04	9B06-9B06	9B08-9B08	9B0D-9B0D	9B0F-9B10	9B13-9B13	9B18-9B18	9B1A-9B1A	9B1F-9B1F	9B22-9B23	9B25-9B25	9B27-9B28	9B2A-9B2A	9B2F-9B2F	9B31-9B32	9B3B-9B3B	9B43-9B43	9B46-9B49	9B4D-9B4E	9B51-9B51	9B56-9B56	9B58-9B58	9B5A-9B5A	9B5C-9B5C	9B5F-9B5F	9B61-9B62	9B6F-9B6F	9B77-9B77	9B80-9B80	9B88-9B88	9B8B-9B8B	9B8E-9B8E	9B91-9B91	9B9F-9BA0	9BA8-9BA8	9BAA-9BAB	9BAD-9BAE	9BB0-9BB1	9BB8-9BB8	9BC9-9BCA	9BD3-9BD3	9BD6-9BD6	9BDB-9BDB	9BE8-9BE8	9BF0-9BF1	9C02-9C02	9C10-9C10	9C15-9C15	9C24-9C24	9C2D-9C2D	9C32-9C32	9C39-9C39
Noto Sans SC	700	/fonts/served/noto-sans-sc-25-700-normal.woff2	98C8-98C8	98CF-98D6	98DA-98DB	98DD-98DD	98E1-98E2	98E7-98EA	98EC-98EC	98EE-98EF	98F2-98F2	98F4-98F4	98FC-98FE	9903-9903	9905-9905	9908-9908	990A-990A	990C-990D	9913-9914	9918-9918	991A-991B	991E-991E	9921-9921	9928-9928	992C-992C	992E-992E	9935-9935	9938-9939	993D-993E	9945-9945	994B-994C	9951-9952	9954-9955	9957-9957	995E-995E	9963-9963	9966-9969	996B-996C	996F-996F	9974-9975	9977-9979	997D-997E	9980-9981	9983-9984	9987-9987	998A-998B	998D-9991	9993-9995	9997-9998	99A5-99A5	99AB-99AE	99B1-99B1	99B3-99B4	99BC-99BC	99BF-99BF	99C1-99C1	99C3-99C6	99CC-99CC	99D0-99D0	99D2-99D2	99D5-99D5	99DB-99DB	99DD-99DD	99E1-99E1	99ED-99ED	99F1-99F1	99FF-99FF	9A01-9A01	9A03-9A04	9A0E-9A0F	9A11-9A13	9A19-9A19	9A1B-9A1B	9A28-9A28	9A2B-9A2B	9A30-9A30	9A32-9A32	9A37-9A37	9A40-9A40	9A45-9A45	9A4A-9A4A	9A4D-9A4E	9A52-9A52	9A55-9A55	9A57-9A57	9A5A-9A5B
Noto Sans SC	700	/fonts/served/noto-sans-sc-26-700-normal.woff2	972A-972A	972D-972D	9730-9730	973D-973D	9742-9742	9744-9744	9748-9749	9750-9751	975A-975C	9763-9763	9765-9766	976C-976D	9773-9773	9776-9776	977A-977A	977C-977C	9784-9785	978E-978F	9791-9792	9794-9795	9798-9798	979A-979A	979E-979E	97A3-97A3	97A5-97A6	97A8-97A8	97AB-97AC	97AE-97AF	97B2-97B2	97B4-97B4	97C6-97C6	97CB-97CC	97D3-97D3	97D8-97D8	97DC-97DC	97E1-97E1	97EA-97EB	97EE-97EE	97FB-97FB	97FE-97FF	9801-9803	9805-9806	9808-9808	980C-980C	9810-9814	9817-9818	981E-981E	9820-9821	9824-9824	9828-9828	982B-982D	9830-9830	9834-9834	9838-9839	983C-983C	9846-9846	984D-984F	9851-9852	9854-9855	9857-9858	985A-985B	9862-9863	9865-9865	9867-9867	986B-986B	986F-9871	9877-9878	987C-987C	9880-9880	9883-9883	9885-9885	9889-9889	988B-988F	9893-9895	9899-989B	989E-989F	98A1-98A2	98A5-98A7	98A9-98A9	98AF-98AF	98B1-98B1	98B6-98B6	98BA-98BA	98BE-98BE	98C3-98C4	98C6-98C7
Noto Sans SC	700	/fonts/served/noto-sans-sc-27-700-normal.woff2	95B9-95CA	95CC-95CD	95D4-95D6	95D8-95D8	95E1-95E2	95E9-95E9	95F0-95F1	95F3-95F3	95F6-95F6	95FC-95FC	95FE-95FF	9602-9604	9606-960D	960F-960F	9611-9613	9615-9617	9619-961B	961D-961D	9621-9621	9628-9628	962F-962F	963C-963E	9641-9642	9649-9649	9654-9654	965B-965F	9661-9661	9663-9663	9665-9665	9667-9668	966C-966C	9670-9670	9672-9674	9678-9678	967A-967A	967D-967D	9682-9682	9685-9685	9688-9688	968A-968A	968D-968E	9695-9695	9697-9698	969E-969E	96A0-96A0	96A3-96A4	96A8-96A8	96AA-96AA	96B0-96B1	96B3-96B4	96B7-96B9	96BB-96BD	96C9-96C9	96CB-96CB	96CE-96CE	96D1-96D2	96D6-96D6	96D9-96D9	96DB-96DC	96DE-96DE	96E0-96E0	96E3-96E3	96E9-96E9	96EB-96EB	96F0-96F2	96F9-96F9	96FF-96FF	9701-9702	9705-9705	9708-9708	970A-970A	970E-970F	9711-9711	9719-9719	9727-9727
Noto Sans SC	700	/fonts/served/noto-sans-sc-28-700-normal.woff2	94E7-94EC	94EE-94F1	94F3-94F3	94F5-94F5	94F7-94F7	94F9-94F9	94FB-94FD	94FF-94FF	9503-9504	9506-9507	9509-950A	950D-950F	9511-9518	951A-9520	9522-9522	9528-952D	9530-953A	953C-953F	9543-9546	9548-9550	9552-9555	9557-955B	955D-9568	956A-956D	9570-9574	9583-9583	9586-9586	9589-9589	958E-958F	9591-9592	9594-9594	9598-9599	959E-95A0	95A2-95A6	95A8-95B2	95B4-95B4	95B8-95B8
Noto Sans SC	700	/fonts/served/noto-sans-sc-29-700-normal.woff2	9410-941A	941C-942B	942D-942E	9432-9433	9435-9435	9438-9438	943A-943A	943E-943E	9444-9444	944A-944A	9451-9452	945A-945A	9462-9463	9465-9465	9470-9487	948A-9492	9494-9498	949A-949A	949C-949D	94A1-94A1	94A3-94A4	94A8-94A8	94AA-94AD	94AF-94AF	94B2-94B2	94B4-94BA	94BC-94C0	94C4-94C4	94C6-94DB	94DE-94E6
Noto Sans SC	700	/fonts/served/noto-sans-sc-30-700-normal.woff2	92B7-92B7	92B9-92B9	92C1-92C1	92C5-92C6	92C8-92C8	92CC-92CC	92D0-92D0	92D2-92D2	92E4-92E4	92EA-92EA	92EC-92ED	92F0-92F0	92F3-92F3	92F8-92F8	92FC-92FC	9304-9304	9306-9306	9310-9310	9312-9312	9315-9315	9318-9318	931A-931A	931E-931E	9320-9322	9324-9324	9326-9329	932B-932C	932F-932F	9331-9332	9335-9336	933E-933E	9340-9341	934A-9360	9362-9363	9365-936B	936E-936E	9375-9375	937E-937E	9382-9382	938A-938A	938C-938C	938F-938F	9393-9394	9396-9397	939A-939A	93A2-93A2	93A7-93A7	93AC-93CD	93D0-93D1	93D6-93D8	93DE-93DF	93E1-93E2	93E4-93E4	93F8-93F8	93FB-93FB	93FD-93FD	940E-940F
Noto Sans SC	700	/fonts/served/noto-sans-sc-31-700-normal.woff2	914C-914C	914E-9150	9154-9154	9157-9157	915A-915A	915D-915E	9161-9164	9169-9169	9170-9170	9172-9172	9174-9174	9179-917A	917D-917E	9182-9183	9185-9185	918C-918D	9190-9191	919A-919A	919C-919C	91A1-91A4	91A8-91A8	91AA-91AF	91B4-91B5	91B8-91B8	91BA-91BA	91BE-91BE	91C0-91C1	91C6-91C6	91C8-91C8	91CB-91CB	91D0-91D0	91D2-91D2	91D7-91D8	91DD-91DD	91E3-91E3	91E6-91E7	91ED-91ED	91F0-91F0	91F5-91F5	91F9-91F9	9200-9200	9205-9205	9207-920A	920D-920E	9210-9210	9214-9215	921C-921C	921E-921E	9221-9221	9223-9227	9229-922A	922D-922D	9234-9235	9237-9237	9239-923A	923C-9240	9244-9246	9249-9249	924E-924F	9251-9251	9253-9253	9257-9257	925B-925B	925E-925E	9262-9262	9264-9266	9268-9268	926C-926C	926F-926F	9271-9271	927B-927B	927E-927E	9280-9280	9283-9283	9285-928A	928E-928E	9291-9291	9293-9293	9296-9296	9298-9298	929C-929D	92A8-92A8	92AB-92AE	92B3-92B3	92B6-92B6
Noto Sans SC	700	/fonts/served/noto-sans-sc-32-700-normal.woff2	8FE2-8FE5	8FE8-8FE9	8FEE-8FEE	8FF3-8FF4	8FF8-8FF8	8FFA-8FFA	9004-9004	900B-900B	9011-9011	9015-9016	901E-901E	9021-9021	9026-9026	902D-902D	902F-902F	9031-9031	9035-9036	9039-903A	9041-9041	9044-9046	904A-904A	904F-9052	9054-9055	9058-9059	905B-905E	9060-9062	9068-9069	906F-906F	9072-9072	9074-9074	9076-907A	907C-907D	9081-9081	9083-9083	9085-9085	9087-908B	908F-908F	9095-9095	9097-9097	9099-909B	909D-909D	90A0-90A1	90A8-90A9	90AC-90AC	90B0-90B0	90B2-90B4	90B6-90B6	90B8-90B8	90BA-90BA	90BD-90BE	90C3-90C5	90C7-90C8	90CF-90D0	90D3-90D3	90D5-90D5	90D7-90D7	90DA-90DC	90DE-90DE	90E2-90E2	90E4-90E4	90E6-90E7	90EA-90EB	90EF-90EF	90F4-90F5	90F7-90F7	90FE-9100	9104-9104	9109-9109	910C-910C	9112-9112	9114-9115	9118-9118	911C-911C	911E-911E	9120-9120	9122-9123	9127-9127	912D-912D	912F-9132	9139-913A	9143-9143	9146-9146	9149-914A
Noto Sans SC	700	/fonts/served/noto-sans-sc-33-700-normal.woff2	8E2D-8E31	8E34-8E35	8E39-8E3A	8E3D-8E3D	8E40-8E42	8E47-8E47	8E49-8E4B	8E50-8E53	8E59-8E5A	8E5F-8E60	8E64-8E64	8E69-8E69	8E6C-8E6C	8E70-8E70	8E74-8E74	8E76-8E76	8E7A-8E7C	8E7F-8E7F	8E84-8E85	8E87-8E87	8E89-8E89	8E8B-8E8B	8E8D-8E8D	8E8F-8E90	8E94-8E94	8E99-8E99	8E9C-8E9C	8E9E-8E9E	8EAA-8EAA	8EAC-8EAC	8EB0-8EB0	8EB6-8EB6	8EC0-8EC0	8EC6-8EC6	8ECA-8ECE	8ED2-8ED2	8EDA-8EDA	8EDF-8EDF	8EE2-8EE2	8EEB-8EEB	8EF8-8EF8	8EFB-8EFE	8F03-8F03	8F09-8F09	8F0B-8F0B	8F12-8F15	8F1B-8F1B	8F1D-8F1D	8F1F-8F1F	8F29-8F2A	8F2F-8F2F	8F36-8F36	8F38-8F38	8F3B-8F3B	8F3E-8F3F	8F44-8F45	8F49-8F49	8F4D-8F4E	8F5F-8F5F	8F6B-8F6B	8F6D-8F6D	8F71-8F73	8F75-8F76	8F78-8F7A	8F7C-8F7C	8F7E-8F7E	8F81-8F82	8F84-8F84	8F87-8F87	8F8A-8F8B	8F8D-8F8F	8F94-8F95	8F97-8F9A	8FA6-8FA6	8FAD-8FAF	8FB2-8FB2	8FB5-8FB7	8FBA-8FBC	8FBF-8FBF	8FC2-8FC2	8FCB-8FCB	8FCD-8FCD	8FD3-8FD3	8FD5-8FD5	8FD7-8FD7	8FDA-8FDA
Noto Sans SC	700	/fonts/served/noto-sans-sc-34-700-normal.woff2	8CAF-8CB0	8CB3-8CB4	8CB6-8CB9	8CBB-8CBD	8CBF-8CC4	8CC7-8CC8	8CCA-8CCA	8CCD-8CCD	8CD1-8CD1	8CD3-8CD3	8CDB-8CDC	8CDE-8CDE	8CE0-8CE0	8CE2-8CE4	8CE6-8CE8	8CEA-8CEA	8CED-8CED	8CF4-8CF4	8CF8-8CF8	8CFA-8CFA	8CFC-8CFD	8D04-8D05	8D07-8D08	8D0A-8D0A	8D0D-8D0D	8D0F-8D0F	8D13-8D14	8D16-8D16	8D1B-8D1B	8D20-8D20	8D2E-8D2E	8D30-8D30	8D32-8D33	8D36-8D36	8D3B-8D3B	8D3D-8D3D	8D40-8D40	8D42-8D43	8D45-8D46	8D48-8D4A	8D4D-8D4D	8D51-8D51	8D53-8D53	8D55-8D55	8D59-8D59	8D5C-8D5D	8D5F-8D5F	8D61-8D61	8D66-8D67	8D6A-8D6A	8D6D-8D6D	8D71-8D71	8D73-8D73	8D84-8D84	8D90-8D91	8D94-8D95	8D99-8D99	8DA8-8DA8	8DAF-8DAF	8DB1-8DB1	8DB5-8DB5	8DB8-8DB8	8DBA-8DBA	8DBC-8DBC	8DBF-8DBF	8DC2-8DC2	8DC4-8DC4	8DC6-8DC6	8DCB-8DCB	8DCE-8DCF	8DD6-8DD7	8DDA-8DDB	8DDE-8DDE	8DE1-8DE1	8DE3-8DE4	8DE9-8DE9	8DEB-8DEC	8DF0-8DF1	8DF6-8DFD	8E05-8E05	8E07-8E07	8E09-8E0A	8E0C-8E0C	8E0E-8E0E	8E10-8E10	8E14-8E14	8E1D-8E1F	8E23-8E23	8E26-8E26	8E2B-8E2C
Noto Sans SC	700	/fonts/served/noto-sans-sc-35-700-normal.woff2	8B5E-8B5E	8B60-8B60	8B6C-8B6C	8B6F-8B70	8B72-8B72	8B74-8B74	8B77-8B77	8B7D-8B7D	8B80-8B80	8B83-8B83	8B8A-8B8A	8B8C-8B8C	8B90-8B90	8B93-8B93	8B99-8B9A	8BA0-8BA0	8BA3-8BA3	8BA5-8BA7	8BAA-8BAC	8BB3-8BB5	8BB7-8BB7	8BB9-8BB9	8BC2-8BC3	8BC5-8BC5	8BCB-8BCC	8BCE-8BD0	8BD2-8BD4	8BD6-8BD6	8BD8-8BD9	8BDC-8BDC	8BDF-8BDF	8BE3-8BE4	8BE7-8BE9	8BEB-8BEC	8BEE-8BEE	8BF0-8BF0	8BF2-8BF3	8BF6-8BF6	8BF9-8BF9	8BFC-8BFD	8BFF-8C00	8C02-8C02	8C04-8C04	8C06-8C07	8C0C-8C0C	8C0F-8C0F	8C11-8C12	8C14-8C1B	8C1D-8C21	8C24-8C25	8C27-8C27	8C2A-8C2C	8C2E-8C30	8C32-8C36	8C3F-8C3F	8C47-8C4C	8C4E-8C50	8C54-8C56	8C62-8C62	8C68-8C68	8C6C-8C6C	8C73-8C73	8C78-8C78	8C7A-8C7A	8C82-8C82	8C85-8C85	8C89-8C8A	8C8D-8C8E	8C90-8C90	8C93-8C94	8C98-8C98	8C9D-8C9E	8CA0-8CA2	8CA7-8CAC
Noto Sans SC	700	/fonts/served/noto-sans-sc-36-700-normal.woff2	8A02-8A03	8A07-8A0A	8A0E-8A0F	8A13-8A13	8A15-8A18	8A1A-8A1B	8A1D-8A1D	8A1F-8A1F	8A22-8A23	8A25-8A25	8A2B-8A2B	8A2D-8A2D	8A31-8A31	8A33-8A34	8A36-8A38	8A3A-8A3A	8A3C-8A3C	8A3E-8A3E	8A40-8A41	8A46-8A46	8A48-8A48	8A50-8A50	8A52-8A52	8A54-8A55	8A58-8A58	8A5B-8A5B	8A5D-8A63	8A66-8A66	8A69-8A6B	8A6D-8A6E	8A70-8A70	8A72-8A73	8A7A-8A7A	8A85-8A85	8A87-8A87	8A8A-8A8A	8A8C-8A8D	8A90-8A92	8A95-8A95	8A98-8A98	8AA0-8AA1	8AA3-8AA6	8AA8-8AA9	8AAC-8AAE	8AB0-8AB0	8AB2-8AB2	8AB8-8AB9	8ABC-8ABC	8ABE-8ABF	8AC7-8AC7	8ACF-8ACF	8AD2-8AD2	8AD6-8AD7	8ADB-8ADC	8ADF-8ADF	8AE1-8AE1	8AE6-8AE8	8AEB-8AEB	8AED-8AEE	8AF1-8AF1	8AF3-8AF4	8AF7-8AF8	8AFA-8AFA	8AFE-8AFE	8B00-8B02	8B07-8B07	8B0A-8B0A	8B0C-8B0C	8B0E-8B0E	8B10-8B10	8B17-8B17	8B19-8B19	8B1B-8B1B	8B1D-8B1D	8B20-8B21	8B26-8B26	8B28-8B28	8B2C-8B2C	8B33-8B33	8B39-8B39	8B3E-8B3F	8B41-8B41	8B45-8B45	8B49-8B49	8B4C-8B4C	8B4F-8B4F	8B57-8B58	8B5A-8B5A	8B5C-8B5C
Noto Sans SC	700	/fonts/served/noto-sans-sc-37-700-normal.woff2	8869-886A	886E-886F	8872-8872	8879-8879	887D-887F	8882-8882	8884-8886	8888-8888	888F-888F	8892-8893	889B-889B	88A2-88A2	88A4-88A4	88A6-88A6	88A8-88A8	88AA-88AA	88AE-88AE	88B1-88B1	88B4-88B4	88B7-88B7	88BC-88BC	88C0-88C0	88C6-88C9	88CE-88CF	88D1-88D3	88D8-88D8	88DB-88DD	88DF-88DF	88E1-88E3	88E5-88E5	88E8-88E8	88EC-88EC	88F0-88F1	88F3-88F4	88FC-88FE	8900-8900	8902-8902	8906-8907	8909-890C	8912-8915	8918-891B	8921-8921	8925-8925	892B-892B	8930-8930	8932-8932	8934-8934	8936-8936	893B-893B	893D-893D	8941-8941	894C-894C	8955-8956	8959-8959	895C-895C	895E-8960	8966-8966	896A-896A	896C-896C	896F-8970	8972-8972	897B-897B	897E-897E	8980-8980	8983-8983	8985-8985	8987-8988	898C-898C	898F-898F	8993-8993	8997-8997	899A-899A	89A1-89A1	89A7-89A7	89A9-89AA	89B2-89B3	89B7-89B7	89C0-89C0	89C7-89C7	89CA-89CC	89CE-89D1	89D6-89D6	89DA-89DA	89DC-89DC	89DE-89DE	89E5-89E5	89E7-89E7	89EB-89EB	89EF-89EF	89F1-89F1	89F3-89F4	89F8-89F8	89FF-89FF	8A01-8A01
Noto Sans SC	700	/fonts/served/noto-sans-sc-38-700-normal.woff2	86E4-86E4	86E6-86E6	86E9-86E9	86ED-86ED	86EF-86F4	86F8-86F9	86FB-86FB	86FE-86FE	8703-8703	8706-870A	870D-870D	8711-8713	871A-871A	871E-871E	8722-8723	8725-8725	8729-8729	872E-872E	8731-8731	8734-8734	8737-8737	873A-873B	873E-8740	8742-8742	8747-8748	8753-8753	8755-8755	8757-8758	875D-875D	875F-875F	8762-8766	8768-8768	876E-876E	8770-8770	8772-8772	8775-8775	8778-8778	877B-877E	8782-8782	8785-8785	8788-8788	878B-878B	8793-8793	8797-8797	879A-879A	879E-87A0	87A2-87A3	87A8-87A8	87AB-87AD	87AF-87AF	87B3-87B3	87B5-87B5	87BD-87BD	87C0-87C0	87C4-87C4	87C6-87C6	87CA-87CB	87D1-87D2	87DB-87DC	87DE-87DE	87E0-87E0	87E5-87E5	87EA-87EA	87EC-87EC	87EE-87EE	87F2-87F3	87FB-87FB	87FD-87FE	8802-8803	8805-8805	880A-880B	880D-880D	8813-8816	8819-8819	881B-881B	881F-881F	8821-8821	8823-8823	8831-8832	8835-8836	8839-8839	883B-883C	8844-8844	8846-8846	884A-884A	884E-884E	8852-8853	8855-8855	8859-8859	885B-885B	885D-885E	8862-8862	8864-8864
Noto Sans SC	700	/fonts/served/noto-sans-sc-39-700-normal.woff2	8532-8532	8534-8535	8538-853A	853C-853C	8543-8543	8545-8545	8548-8548	854E-854E	8553-8553	8556-8557	8559-8559	855E-855E	8561-8561	8564-8565	8568-856A	856D-856D	856F-8570	8572-8572	8576-8576	8579-857B	8580-8580	8585-8586	8588-8588	858A-858A	858F-858F	8591-8591	8594-8594	8599-8599	859C-859C	85A2-85A2	85A4-85A4	85A6-85A6	85A8-85A9	85AB-85AC	85AE-85AE	85B7-85B9	85BE-85BE	85C1-85C1	85C7-85C7	85CD-85CD	85D0-85D0	85D3-85D3	85D5-85D5	85DC-85DD	85DF-85E0	85E5-85E6	85E8-85EA	85F4-85F4	85F9-85F9	85FE-85FF	8602-8602	8605-8607	860A-860B	8616-8616	8618-8618	861A-861A	8627-8627	8629-8629	862D-862D	8638-8638	863C-863C	863F-863F	864D-864D	864F-864F	8652-8655	865B-865C	865F-865F	8662-8662	8667-8667	866C-866C	866E-866E	8671-8671	8675-8675	867A-867C	867F-867F	868B-868B	868D-868D	8693-8693	869C-869D	86A1-86A1	86A3-86A4	86A7-86A9	86AC-86AC	86AF-86B1	86B4-86B6	86BA-86BA	86C0-86C0	86C4-86C4	86C6-86C6	86C9-86CA	86CD-86D1	86D4-86D4	86D8-86D8	86DE-86DF
Noto Sans SC	700	/fonts/served/noto-sans-sc-40-700-normal.woff2	83B4-83B4	83B6-83B6	83B8-83B8	83BA-83BA	83BC-83BD	83BF-83C0	83C2-83C2	83C5-83C5	83C8-83C9	83CB-83CB	83D1-83D1	83D3-83D6	83D8-83D8	83DB-83DB	83DD-83DD	83DF-83DF	83E1-83E1	83E5-83E5	83EA-83EB	83F0-83F0	83F4-83F4	83F8-83F9	83FB-83FB	83FD-83FD	83FF-83FF	8401-8401	8406-8406	840A-840B	840F-840F	8411-8411	8418-8418	841C-841C	8420-8420	8422-8424	8426-8426	8429-8429	842C-842C	8438-8439	843B-843C	843F-843F	8446-8447	8449-8449	844E-844E	8451-8452	8456-8456	8459-845A	845C-845C	8462-8462	8466-8466	846D-846D	846F-8470	8473-8473	8476-8478	847A-847A	847D-847D	8484-8485	8487-8487	8489-8489	848C-848C	848E-848E	8490-8490	8493-8494	8497-8497	849B-849B	849E-849F	84A1-84A1	84A5-84A5	84A8-84A8	84AF-84AF	84B4-84B4	84B9-84BF	84C1-84C2	84C5-84C7	84CA-84CB	84CD-84CD	84D0-84D1	84D3-84D3	84D6-84D6	84DF-84E0	84E2-84E3	84E5-84E7	84EE-84EE	84F3-84F3	84F6-84F6	84FA-84FA	84FC-84FC	84FF-8500	850C-850C	8511-8511	8514-8515	8517-8518	851F-851F	8523-8523	8525-8526	8529-8529	852B-852B	852D-852D
Noto Sans SC	700	/fonts/served/noto-sans-sc-41-700-normal.woff2	82A9-82AB	82AE-82AE	82B0-82B0	82B2-82B2	82B4-82B6	82BC-82BC	82BE-82BE	82C0-82C2	82C4-82C8	82CA-82CC	82CE-82CE	82D0-82D0	82D2-82D3	82D5-82D6	82D8-82D9	82DC-82DE	82E0-82E4	82E7-82E7	82E9-82EB	82ED-82EE	82F3-82F4	82F7-82F8	82FA-8301	8306-8308	830C-830D	830F-830F	8311-8311	8313-8315	8318-8318	831A-831B	831D-831D	8324-8324	8327-8327	832A-832A	832C-832D	832F-832F	8331-8334	833A-833C	8340-8340	8343-8345	8347-8348	834A-834A	834C-834C	834F-834F	8351-8351	8356-8356	8358-835C	835E-835E	8360-8360	8364-8366	8368-836A	836C-836E	8373-8373	8378-8378	837B-837D	837F-8380	8382-8382	8388-8388	838A-838B	8392-8392	8394-8394	8396-8396	8398-8399	839B-839C	83A0-83A0	83A2-83A3	83A8-83AA	83AE-83B0	83B3-83B3
Noto Sans SC	700	/fonts/served/noto-sans-sc-42-700-normal.woff2	814D-814E	8151-8151	8153-8153	8158-815A	815E-815E	8160-8160	8166-8169	816B-816B	816D-816D	8171-8171	8173-8174	8178-8178	817C-817D	8182-8182	8188-8188	8191-8191	8198-819B	81A0-81A0	81A3-81A3	81A5-81A6	81A9-81A9	81B6-81B6	81BA-81BB	81BD-81BD	81BF-81BF	81C1-81C1	81C3-81C3	81C6-81C6	81C9-81CA	81CC-81CD	81D1-81D1	81D3-81D4	81D8-81D8	81DB-81DC	81DE-81DF	81E5-81E5	81E7-81E9	81EB-81EC	81EE-81EF	81F5-81F5	81F8-81F8	81FA-81FA	81FC-81FC	81FE-81FE	8200-8202	8204-8204	8208-820A	820E-8210	8216-8218	821B-821C	8221-8224	8226-8228	822B-822B	822D-822D	822F-822F	8232-8234	8237-8238	823A-823B	823E-823E	8244-8244	8249-8249	824B-824B	824F-824F	8259-825A	825F-825F	8266-8266	8268-8268	826E-826E	8271-8271	8276-8279	827D-827D	827F-827F	8283-8284	8288-828A	828D-8291	8293-8294	8296-8298	829F-82A1	82A3-82A4	82A7-82A8
Noto Sans SC	700	/fonts/served/noto-sans-sc-43-700-normal.woff2	7FFA-7FFA	7FFE-7FFE	8004-8004	8006-8006	800B-800B	800E-800E	8011-8012	8014-8014	8016-8016	8018-8019	801C-801C	801E-801E	8026-802A	8031-8031	8034-8035	8037-8037	8043-8043	804B-804B	804D-804D	8052-8052	8056-8056	8059-8059	805E-805E	8061-8061	8068-8069	806E-8074	8076-8078	807C-8080	8082-8082	8084-8085	8088-8088	808F-808F	8093-8093	809C-809C	809F-809F	80AB-80AB	80AD-80AE	80B1-80B1	80B6-80B8	80BC-80BD	80C2-80C2	80C4-80C4	80CA-80CA	80CD-80CD	80D1-80D1	80D4-80D4	80D7-80D7	80D9-80DB	80DD-80DD	80E0-80E0	80E4-80E5	80E7-80ED	80EF-80F1	80F3-80F4	80FC-80FC	8101-8101	8104-8105	8107-8108	810C-810E	8112-8115	8117-8119	811B-811F	8121-8130	8132-8134	8137-8137	8139-8139	813F-8140	8142-8142	8146-8146	8148-8148
Noto Sans SC	700	/fonts/served/noto-sans-sc-44-700-normal.woff2	7ED7-7ED7	7EDB-7EDB	7EE0-7EE2	7EE5-7EE6	7EE8-7EE8	7EEB-7EEB	7EF0-7EF2	7EF6-7EF6	7EFA-7EFB	7EFE-7EFE	7F01-7F04	7F08-7F08	7F0A-7F12	7F17-7F17	7F19-7F19	7F1B-7F1C	7F1F-7F1F	7F21-7F23	7F25-7F28	7F2A-7F33	7F35-7F37	7F3D-7F3D	7F42-7F42	7F44-7F45	7F4C-7F4D	7F52-7F52	7F54-7F54	7F58-7F59	7F5D-7F5D	7F5F-7F61	7F63-7F63	7F65-7F65	7F68-7F68	7F70-7F71	7F73-7F75	7F77-7F77	7F79-7F79	7F7D-7F7E	7F85-7F86	7F88-7F89	7F8B-7F8C	7F90-7F91	7F94-7F96	7F98-7F9B	7F9D-7F9D	7F9F-7F9F	7FA3-7FA3	7FA7-7FA9	7FAC-7FB2	7FB4-7FB4	7FB6-7FB6	7FB8-7FB8	7FBC-7FBC	7FBF-7FC0	7FC3-7FC3	7FCA-7FCA	7FCC-7FCC	7FCE-7FCE	7FD2-7FD2	7FD5-7FD5	7FD9-7FDB	7FDF-7FDF	7FE3-7FE3	7FE5-7FE7	7FE9-7FE9	7FEB-7FEC	7FEE-7FEF	7FF1-7FF1	7FF3-7FF4	7FF9-7FF9
Noto Sans SC	700	/fonts/served/noto-sans-sc-45-700-normal.woff2	7DC4-7DC4	7DC7-7DC8	7DCA-7DCD	7DCF-7DCF	7DD1-7DD2	7DD4-7DD4	7DD6-7DD8	7DDA-7DE0	7DE2-7DE6	7DE8-7DED	7DEF-7DEF	7DF1-7DF5	7DF7-7DF7	7DF9-7DF9	7DFB-7DFC	7DFE-7E02	7E04-7E04	7E08-7E0B	7E12-7E12	7E1B-7E1B	7E1E-7E1E	7E20-7E20	7E22-7E23	7E26-7E26	7E29-7E29	7E2B-7E2B	7E2E-7E2F	7E31-7E31	7E37-7E37	7E39-7E3E	7E40-7E40	7E43-7E44	7E46-7E47	7E4A-7E4B	7E4D-7E4E	7E51-7E51	7E54-7E56	7E58-7E5B	7E5D-7E5E	7E61-7E61	7E66-7E67	7E69-7E6B	7E6D-7E6D	7E70-7E70	7E73-7E73	7E77-7E77	7E79-7E79	7E7B-7E7D	7E81-7E82	7E8C-7E8D	7E8F-7E8F	7E92-7E94	7E96-7E96	7E98-7E98	7E9A-7E9C	7E9E-7E9F	7EA1-7EA1	7EA3-7EA3	7EA5-7EA5	7EA8-7EA9	7EAB-7EAB	7EAD-7EAE	7EB0-7EB0	7EBB-7EBB	7EBE-7EBE	7EC0-7EC2	7EC9-7EC9	7ECB-7ECC	7ED0-7ED0	7ED4-7ED4
Noto Sans SC	700	/fonts/served/noto-sans-sc-46-700-normal.woff2	7CCC-7CCD	7CD7-7CD7	7CDC-7CDC	7CDE-7CDE	7CE0-7CE0	7CE4-7CE5	7CE7-7CE8	7CEC-7CEC	7CF0-7CF0	7CF5-7CF9	7CFC-7CFC	7CFE-7CFE	7D00-7D00	7D04-7D0B	7D0D-7D0D	7D10-7D14	7D17-7D19	7D1B-7D1F	7D21-7D21	7D24-7D26	7D28-7D2A	7D2C-7D2E	7D30-7D31	7D33-7D33	7D35-7D36	7D38-7D3A	7D40-7D40	7D42-7D44	7D46-7D46	7D4B-7D4C	7D4F-7D4F	7D51-7D51	7D54-7D56	7D58-7D58	7D5B-7D5C	7D5E-7D5E	7D61-7D63	7D66-7D66	7D68-7D68	7D6A-7D6C	7D6F-7D6F	7D71-7D73	7D75-7D77	7D79-7D7A	7D7E-7D7E	7D81-7D81	7D84-7D8B	7D8D-7D8D	7D8F-7D8F	7D91-7D91	7D94-7D94	7D96-7D96	7D98-7D9A	7D9C-7DA0	7DA2-7DA2	7DA6-7DA6	7DAA-7DB1	7DB4-7DB8	7DBA-7DBF	7DC1-7DC1
Noto Sans SC	700	/fonts/served/noto-sans-sc-47-700-normal.woff2	7BC3-7BC4	7BC6-7BC6	7BC8-7BCC	7BD1-7BD1	7BD3-7BD4	7BD9-7BDA	7BDD-7BDD	7BE0-7BE1	7BE4-7BE6	7BE9-7BEA	7BEF-7BEF	7BF4-7BF4	7BF6-7BF6	7BFC-7BFC	7BFE-7BFE	7C01-7C01	7C03-7C03	7C07-7C08	7C0A-7C0D	7C0F-7C0F	7C11-7C11	7C15-7C16	7C19-7C19	7C1E-7C21	7C23-7C24	7C26-7C26	7C28-7C33	7C35-7C35	7C37-7C3B	7C3D-7C3E	7C40-7C41	7C43-7C43	7C47-7C48	7C4C-7C4C	7C50-7C50	7C53-7C54	7C59-7C59	7C5F-7C60	7C63-7C65	7C6C-7C6C	7C6E-7C6E	7C72-7C72	7C74-7C74	7C79-7C7A	7C7C-7C7C	7C81-7C82	7C84-7C85	7C88-7C88	7C8A-7C91	7C93-7C96	7C99-7C99	7C9B-7C9E	7CA0-7CA2	7CA6-7CA9	7CAC-7CAC	7CAF-7CB3	7CB5-7CB7	7CBA-7CBD	7CBF-7CC2	7CC5-7CC5	7CC7-7CC9
Noto Sans SC	700	/fonts/served/noto-sans-sc-48-700-normal.woff2	7ACA-7ACA	7AD1-7AD2	7ADA-7ADD	7AE1-7AE1	7AE4-7AE4	7AE6-7AE6	7AF4-7AF7	7AFA-7AFB	7AFD-7B0A	7B0C-7B0C	7B0E-7B0F	7B13-7B13	7B15-7B16	7B18-7B19	7B1E-7B20	7B22-7B25	7B29-7B2B	7B2D-7B2E	7B30-7B3B	7B3E-7B3F	7B41-7B42	7B44-7B47	7B4A-7B4A	7B4C-7B50	7B58-7B58	7B5A-7B5A	7B5C-7B5C	7B60-7B60	7B66-7B67	7B69-7B69	7B6C-7B6F	7B72-7B76	7B7B-7B7D	7B7F-7B7F	7B82-7B82	7B85-7B85	7B87-7B87	7B8B-7B96	7B98-7B99	7B9B-7B9F	7BA2-7BA4	7BA6-7BAC	7BAE-7BB0	7BB4-7BB4	7BB7-7BB9	7BBB-7BBB	7BC0-7BC1
Noto Sans SC	700	/fonts/served/noto-sans-sc-49-700-normal.woff2	797C-797C	797E-7980	7982-7982	7986-7987	7989-798E	7992-7992	7994-7995	7997-7998	799A-799C	799F-799F	79A3-79A6	79A8-79AC	79AE-79B1	79B3-79B5	79B8-79B8	79BA-79BA	79BF-79BF	79C2-79C2	79C6-79C6	79C8-79C8	79CF-79CF	79D5-79D6	79DD-79DE	79E3-79E3	79E7-79E8	79EB-79EB	79ED-79ED	79F4-79F4	79F7-79F8	79FA-79FA	79FE-79FE	7A02-7A03	7A05-7A05	7A0A-7A0A	7A14-7A14	7A17-7A17	7A19-7A19	7A1C-7A1C	7A1E-7A1F	7A23-7A23	7A25-7A26	7A2C-7A2C	7A2E-7A2E	7A30-7A32	7A36-7A37	7A39-7A39	7A3C-7A3C	7A40-7A40	7A42-7A42	7A47-7A47	7A49-7A49	7A4C-7A4F	7A51-7A51	7A55-7A55	7A5B-7A5B	7A5D-7A5E	7A62-7A63	7A66-7A66	7A68-7A69	7A6B-7A6B	7A70-7A70	7A78-7A78	7A80-7A80	7A85-7A88	7A8A-7A8A	7A90-7A90	7A93-7A96	7A98-7A98	7A9B-7A9C	7A9E-7A9E	7AA0-7AA1	7AA3-7AA3	7AA8-7AAA	7AAC-7AB0	7AB3-7AB3	7AB8-7AB8	7ABA-7ABA	7ABD-7ABF	7AC4-7AC5	7AC7-7AC8
Noto Sans SC	700	/fonts/served/noto-sans-sc-50-700-normal.woff2	783E-783E	7841-7844	7847-7849	784B-784C	784E-7854	7856-7857	7859-785A	7865-7865	7869-786A	786D-786D	786F-786F	7876-7877	787C-787C	787E-787F	7881-7881	7887-7889	7893-7894	7898-789E	78A1-78A1	78A3-78A3	78A5-78A5	78A9-78A9	78AD-78AD	78B2-78B2	78B4-78B4	78B6-78B6	78B9-78BA	78BC-78BC	78BF-78BF	78C3-78C3	78C9-78C9	78CB-78CB	78D0-78D2	78D4-78D4	78D9-78DA	78DC-78DC	78DE-78DE	78E1-78E1	78E5-78E6	78EA-78EA	78EC-78EC	78EF-78EF	78F1-78F2	78F4-78F4	78FA-78FB	78FE-78FE	7901-7902	7905-7905	7907-7907	7909-7909	790B-790C	790E-790E	7910-7910	7913-7913	7919-791B	791E-791F	7921-7921	7924-7924	7926-7926	792A-792B	7934-7934	7936-7936	7939-7939	793B-793B	793D-793D	7940-7940	7942-7943	7945-7947	7949-794A	794C-794C	794E-7951	7953-7955	7957-795A	795C-795C	795F-7960	7962-7962	7964-7964	7966-7967	7969-7969	796B-796B	796F-796F	7972-7972	7974-7974	7979-7979	797B-797B
Noto Sans SC	700	/fonts/served/noto-sans-sc-51-700-normal.woff2	770F-770F	7712-7712	7714-7714	7716-7716	7719-771B	771E-771E	7721-7722	7726-7726	7728-7728	772B-7730	7732-7736	7739-773A	773D-773F	7743-7743	7746-7747	774C-774F	7751-7752	7758-775A	775C-775E	7762-7762	7765-7766	7768-776A	776C-776D	7771-7772	777A-777A	777C-777E	7780-7780	7785-7785	7787-7787	778B-778D	778F-7791	7793-7793	779E-77A0	77A2-77A2	77A5-77A5	77AD-77AD	77AF-77AF	77B4-77B7	77BD-77C0	77C2-77C2	77C5-77C5	77C7-77C7	77CD-77CD	77D6-77D7	77D9-77DA	77DD-77DE	77E7-77E7	77EA-77EA	77EC-77EC	77EF-77EF	77F8-77F8	77FB-77FB	77FD-77FE	7800-7800	7803-7803	7806-7806	7809-7809	780F-7812	7815-7815	7817-7818	781A-781F	7821-7823	7825-7827	7829-7829	782B-7830	7832-7833	7835-7835	7837-7837	7839-783C
Noto Sans SC	700	/fonts/served/noto-sans-sc-52-700-normal.woff2	760A-760E	7610-7619	761B-761D	761F-7622	7625-7625	7627-762A	762E-7630	7632-7635	7638-763A	763C-763D	763F-7640	7642-7643	7647-7648	764D-764E	7652-7652	7654-7654	7658-7658	765A-765A	765C-765C	765E-765F	7661-7663	7665-7665	7669-7669	766C-766C	766E-766F	7671-7673	7675-7676	7678-767A	767F-767F	7681-7681	7683-7683	7688-7688	768A-768C	768E-768E	7690-7692	7695-7695	7698-7698	769A-769B	769D-76A0	76A2-76A2	76A4-76A7	76AB-76AC	76AF-76B0	76B2-76B2	76B4-76B5	76BA-76BB	76BF-76BF	76C2-76C3	76C5-76C5	76C9-76C9	76CC-76CE	76DC-76DE	76E1-76EA	76F1-76F1	76F9-76FB	76FD-76FD	76FF-7700	7703-7704	7707-7708	770C-770E
Noto Sans SC	700	/fonts/served/noto-sans-sc-53-700-normal.woff2	74EF-74EF	74F4-74F4	74FF-74FF	7501-7501	7503-7503	7505-7505	7508-7508	750D-750D	750F-750F	7511-7511	7513-7513	7515-7515	7517-7517	7519-7519	7521-7527	752A-752A	752C-752D	752F-752F	7534-7534	7536-7536	753A-753A	753E-753E	7540-7540	7544-7544	7547-754B	754D-754E	7550-7553	7556-7557	755A-755B	755D-755E	7560-7560	7562-7562	7564-7564	7566-7568	756B-756C	756F-7573	7575-7575	7579-757C	757E-757F	7581-7584	7587-7587	7589-758E	7590-7590	7592-7592	7594-7594	7596-7596	7599-759A	759D-759D	759F-75A0	75A3-75A3	75A5-75A5	75A8-75A8	75AC-75AD	75B0-75B1	75B3-75B5	75B8-75B8	75BD-75BD	75C1-75C4	75C8-75CA	75CC-75CD	75D4-75D4	75D6-75D6	75D9-75D9	75DE-75DE	75E0-75E0	75E2-75E4	75E6-75EA	75F1-75F3	75F7-75F7	75F9-75FA	75FC-75FC	75FE-7601	7603-7603	7605-7606	7608-7609
Noto Sans SC	700	/fonts/served/noto-sans-sc-54-700-normal.woff2	73E7-73EA	73EE-73F0	73F2-73F2	73F4-73F5	73F7-73F7	73F9-73FA	73FC-73FD	73FF-7402	7404-7404	7407-7408	740A-740F	7418-7418	741A-741C	741E-741E	7424-7425	7428-7429	742C-7430	7432-7432	7435-7436	7438-743B	743E-7441	7443-7446	7448-7448	744A-744B	7452-7452	7457-7457	745B-745B	745D-745D	7460-7460	7462-7465	7467-746A	746D-746D	746F-746F	7471-7471	7473-7474	7477-7477	747A-747A	747E-747E	7481-7482	7484-7484	7486-7486	7488-748B	748E-748F	7493-7493	7498-7498	749A-749A	749C-74A0	74A3-74A3	74A6-74A6	74A9-74AA	74AE-74AE	74B0-74B2	74B6-74B6	74B8-74BA	74BD-74BD	74BF-74BF	74C1-74C1	74C3-74C3	74C5-74C5	74C8-74C8	74CA-74CA	74CC-74CC	74CF-74CF	74D1-74D2	74D4-74D5	74D8-74DB	74DE-74E0	74E2-74E2	74E4-74E5	74E7-74E9	74EE-74EE
Noto Sans SC	700	/fonts/served/noto-sans-sc-55-700-normal.woff2	72DD-72DF	72E1-72E1	72E5-72E6	72E8-72E8	72EF-72F0	72F2-72F4	72F6-72F7	72F9-72FB	72FD-72FD	7300-7304	7307-7307	730A-730C	7313-7317	731D-7322	7327-7327	7329-7329	732C-732D	7330-7331	7333-7333	7335-7337	7339-7339	733D-733E	7340-7340	7342-7342	7344-7345	734A-734A	734D-7350	7352-7352	7355-7355	7357-7357	7359-7359	735F-7360	7362-7363	7365-7365	7368-7368	736C-736D	736F-7370	7372-7372	7374-7376	7378-7378	737A-737B	737D-737E	7382-7383	7386-7386	7388-7388	738A-738A	738C-7393	7395-7395	7397-739A	739C-739C	739E-739E	73A0-73A3	73A5-73A8	73AA-73AA	73AD-73AD	73B1-73B1	73B3-73B3	73B6-73B7	73B9-73B9	73C2-73C2	73C5-73C9	73CC-73CC	73CE-73D0	73D2-73D2	73D6-73D6	73D9-73D9	73DB-73DE	73E3-73E3	73E5-73E6
Noto Sans SC	700	/fonts/served/noto-sans-sc-56-700-normal.woff2	719C-719C	71A0-71A0	71A4-71A5	71A8-71A8	71AF-71AF	71B1-71BC	71BE-71BE	71C1-71C2	71C4-71C4	71C8-71CB	71CE-71D0	71D2-71D2	71D4-71D4	71D9-71DA	71DC-71DC	71DF-71E0	71E6-71E8	71EA-71EA	71ED-71EE	71F4-71F4	71F6-71F6	71F9-71F9	71FB-71FC	71FF-7200	7207-7207	720C-720D	7210-7210	7216-7216	721A-721E	7223-7223	7228-7228	722B-722B	722D-722E	7230-7230	7232-7232	723A-723C	723E-7242	7246-7246	724B-724B	724D-724E	7252-7252	7256-7256	7258-7258	725A-725A	725C-725D	7260-7260	7264-7266	726A-726A	726C-726C	726E-726F	7271-7271	7273-7274	7278-7278	727B-727B	727D-727E	7281-7282	7284-7284	7287-7287	728A-728A	728D-728D	728F-728F	7292-7292	729B-729B	729F-72A0	72A7-72A7	72AD-72AE	72B0-72B5	72B7-72B8	72BA-72BE	72C0-72C1	72C3-72C3	72C5-72C6	72C8-72C8	72CC-72CE	72D2-72D2	72D6-72D6	72DB-72DB
Noto Sans SC	700	/fonts/served/noto-sans-sc-57-700-normal.woff2	7005-7006	7009-7009	700B-700B	700D-700D	7015-7015	7018-7018	701B-701B	701D-701F	7023-7023	7026-7028	702C-702C	702E-7030	7035-7035	7037-7037	7039-703A	703C-703E	7044-7044	7049-704B	704F-704F	7051-7051	7058-7058	705A-705A	705C-705E	7061-7061	7064-7064	7066-7066	706C-706C	707D-707D	7080-7081	7085-7086	708A-708A	708F-708F	7091-7091	7094-7095	7098-7099	709C-709D	709F-709F	70A4-70A4	70A9-70AA	70AF-70B2	70B4-70B7	70BB-70BB	70C0-70C0	70C3-70C3	70C7-70C7	70CB-70CB	70CE-70CF	70D4-70D4	70D9-70DA	70DC-70DD	70E0-70E0	70E9-70E9	70EC-70EC	70F7-70F7	70FA-70FA	70FD-70FD	70FF-70FF	7104-7104	7108-7109	710C-710C	7110-7110	7113-7114	7116-7118	711C-711C	711E-711E	7120-7120	712E-712F	7131-7131	713C-713C	7142-7142	7144-7147	7149-714B	7150-7150	7152-7152	7155-7156	7159-715A	715C-715C	7161-7161	7165-7166	7168-7169	716D-716D	7173-7174	7176-7176	7178-7178	717A-717A	717D-717D	717F-7180	7184-7184	7186-7188	7192-7192	7198-7198
Noto Sans SC	700	/fonts/served/noto-sans-sc-58-700-normal.woff2	6ED8-6ED9	6EDB-6EDB	6EDD-6EDD	6EDF-6EE0	6EE2-6EE2	6EE6-6EE6	6EEA-6EEA	6EEC-6EEC	6EEE-6EEF	6EF2-6EF3	6EF7-6EFA	6EFE-6EFE	6F01-6F01	6F03-6F03	6F08-6F09	6F15-6F16	6F19-6F19	6F22-6F25	6F28-6F2A	6F2C-6F2D	6F2F-6F2F	6F31-6F32	6F36-6F38	6F3F-6F3F	6F43-6F46	6F48-6F48	6F4B-6F4B	6F4E-6F4F	6F51-6F51	6F54-6F57	6F59-6F5B	6F5E-6F5F	6F61-6F61	6F64-6F67	6F69-6F6C	6F6F-6F72	6F74-6F76	6F78-6F7E	6F80-6F83	6F86-6F86	6F89-6F89	6F8B-6F8D	6F90-6F90	6F92-6F92	6F94-6F94	6F97-6F98	6F9B-6F9B	6FA3-6FA5	6FA7-6FA7	6FAA-6FAA	6FAF-6FAF	6FB1-6FB1	6FB4-6FB4	6FB6-6FB6	6FB9-6FB9	6FC1-6FCB	6FD1-6FD3	6FD5-6FD5	6FDB-6FDB	6FDE-6FE1	6FE4-6FE4	6FE9-6FE9	6FEB-6FEC	6FEE-6FF1	6FFA-6FFA	6FFE-6FFE
Noto Sans SC	700	/fonts/served/noto-sans-sc-59-700-normal.woff2	6DC3-6DC3	6DC5-6DC6	6DC9-6DC9	6DCC-6DCC	6DCF-6DCF	6DD2-6DD3	6DD6-6DD6	6DD9-6DDE	6DE0-6DE0	6DE4-6DE4	6DE6-6DE6	6DE8-6DEA	6DEC-6DEC	6DEF-6DF0	6DF5-6DF6	6DF8-6DF8	6DFA-6DFA	6DFC-6DFC	6E03-6E04	6E07-6E09	6E0B-6E0C	6E0E-6E0E	6E11-6E11	6E13-6E13	6E15-6E16	6E19-6E1B	6E1E-6E1F	6E22-6E22	6E25-6E27	6E2B-6E2C	6E36-6E37	6E39-6E3A	6E3C-6E41	6E44-6E45	6E47-6E47	6E49-6E4B	6E4D-6E4E	6E51-6E51	6E53-6E55	6E5C-6E5F	6E61-6E63	6E65-6E67	6E6A-6E6B	6E6D-6E70	6E72-6E74	6E76-6E78	6E7C-6E7C	6E80-6E82	6E86-6E87	6E89-6E89	6E8D-6E8D	6E8F-6E8F	6E96-6E96	6E98-6E98	6E9D-6E9F	6EA1-6EA1	6EA5-6EA7	6EAB-6EAB	6EB1-6EB2	6EB4-6EB4	6EB7-6EB7	6EBB-6EBD	6EBF-6EC6	6EC8-6EC9	6ECC-6ECC	6ECF-6ED0	6ED3-6ED4	6ED7-6ED7
Noto Sans SC	700	/fonts/served/noto-sans-sc-60-700-normal.woff2	6CB2-6CB2	6CB4-6CB5	6CB7-6CB7	6CBA-6CBA	6CBC-6CBD	6CC1-6CC3	6CC5-6CC7	6CD0-6CD4	6CD6-6CD7	6CD9-6CDA	6CDE-6CE0	6CE4-6CE4	6CE6-6CE6	6CE9-6CE9	6CEB-6CEF	6CF1-6CF2	6CF6-6CF7	6CFA-6CFA	6CFE-6CFE	6D03-6D05	6D07-6D08	6D0A-6D0A	6D0C-6D0C	6D0E-6D11	6D13-6D14	6D16-6D16	6D18-6D1A	6D1C-6D1C	6D1F-6D1F	6D22-6D23	6D26-6D29	6D2B-6D2B	6D2E-6D30	6D33-6D33	6D35-6D36	6D38-6D3A	6D3C-6D3C	6D3F-6D3F	6D42-6D44	6D48-6D49	6D4D-6D4D	6D50-6D50	6D52-6D52	6D54-6D54	6D56-6D58	6D5A-6D5C	6D5E-6D5E	6D60-6D61	6D63-6D65	6D67-6D67	6D6C-6D6D	6D6F-6D6F	6D75-6D75	6D7B-6D7D	6D87-6D87	6D8A-6D8A	6D8E-6D8E	6D90-6D9A	6D9C-6DA0	6DA2-6DA3	6DA7-6DA7	6DAA-6DAC	6DAE-6DAE	6DB3-6DB4	6DB6-6DB6	6DB8-6DB8	6DBC-6DBC	6DBF-6DBF	6DC2-6DC2
Noto Sans SC	700	/fonts/served/noto-sans-sc-61-700-normal.woff2	6B85-6B86	6B89-6B89	6B8D-6B8D	6B91-6B93	6B95-6B95	6B97-6B98	6B9A-6B9B	6B9E-6B9E	6BA1-6BA4	6BA9-6BAA	6BAD-6BAD	6BAF-6BB0	6BB2-6BB3	6BBA-6BBD	6BC0-6BC0	6BC2-6BC2	6BC6-6BC6	6BCA-6BCC	6BCE-6BCE	6BD0-6BD1	6BD3-6BD3	6BD6-6BD8	6BDA-6BDA	6BE1-6BE1	6BE6-6BE6	6BEC-6BEC	6BF1-6BF1	6BF3-6BF5	6BF9-6BF9	6BFD-6BFD	6C05-6C08	6C0D-6C0D	6C10-6C10	6C15-6C1A	6C21-6C21	6C23-6C26	6C29-6C2D	6C30-6C33	6C35-6C37	6C39-6C3A	6C3C-6C3F	6C46-6C46	6C4A-6C4C	6C4E-6C50	6C54-6C54	6C56-6C56	6C59-6C5C	6C5E-6C5E	6C63-6C63	6C67-6C69	6C6B-6C6B	6C6D-6C6D	6C6F-6C6F	6C72-6C74	6C78-6C7A	6C7C-6C7C	6C84-6C87	6C8B-6C8C	6C8F-6C8F	6C91-6C91	6C93-6C96	6C98-6C98	6C9A-6C9A	6C9D-6C9D	6CA2-6CA4	6CA8-6CA9	6CAC-6CAE	6CB1-6CB1
Noto Sans SC	700	/fonts/served/noto-sans-sc-62-700-normal.woff2	6A01-6A01	6A06-6A06	6A09-6A09	6A0B-6A0B	6A11-6A11	6A13-6A13	6A17-6A19	6A1B-6A1B	6A1E-6A1E	6A23-6A23	6A28-6A29	6A2B-6A2B	6A2F-6A30	6A35-6A35	6A38-6A40	6A46-6A48	6A4A-6A4B	6A4E-6A4E	6A50-6A50	6A52-6A52	6A5B-6A5B	6A5E-6A5E	6A62-6A62	6A65-6A67	6A6B-6A6B	6A79-6A79	6A7C-6A7C	6A7E-6A7F	6A84-6A84	6A86-6A86	6A8E-6A8E	6A90-6A91	6A94-6A94	6A97-6A97	6A9C-6A9C	6A9E-6A9E	6AA0-6AA0	6AA2-6AA2	6AA4-6AA4	6AA9-6AA9	6AAB-6AAB	6AAE-6AB0	6AB2-6AB3	6AB5-6AB5	6AB7-6AB8	6ABA-6ABB	6ABD-6ABD	6ABF-6ABF	6AC2-6AC4	6AC6-6AC6	6AC8-6AC8	6ACC-6ACC	6ACE-6ACE	6AD2-6AD3	6AD8-6ADC	6ADF-6AE0	6AE4-6AE5	6AE7-6AE8	6AFB-6AFB	6B04-6B05	6B0D-6B13	6B16-6B17	6B19-6B19	6B24-6B25	6B2C-6B2C	6B37-6B39	6B3B-6B3B	6B3D-6B3D	6B43-6B43	6B46-6B46	6B4E-6B4E	6B50-6B50	6B53-6B54	6B58-6B59	6B5B-6B5B	6B60-6B60	6B69-6B69	6B6D-6B6D	6B6F-6B70	6B73-6B74	6B77-6B7A	6B80-6B84
Noto Sans SC	700	/fonts/served/noto-sans-sc-63-700-normal.woff2	68E1-68E1	68E3-68E4	68E6-68ED	68EF-68F0	68F2-68F2	68F4-68F4	68F6-68F7	68F9-68F9	68FB-68FD	68FF-6902	6906-6908	690B-690B	6910-6910	691A-691C	691F-6920	6924-6925	692A-692A	692D-692D	6934-6934	6939-6939	693C-6945	694A-694B	6952-6954	6957-6957	6959-6959	695B-695B	695D-695D	695F-695F	6962-6964	6966-6966	6968-696C	696E-696F	6971-6971	6973-6974	6978-6979	697D-697D	697F-6980	6985-6985	6987-698A	698D-698E	6994-6999	699B-699B	69A3-69A4	69A6-69A7	69AB-69AB	69AD-69AE	69B1-69B1	69B7-69B7	69BB-69BC	69C1-69C1	69C3-69C5	69C7-69C7	69CA-69CE	69D0-69D1	69D3-69D4	69D7-69DA	69E0-69E0	69E4-69E4	69E6-69E6	69EC-69ED	69F1-69F3	69F8-69F8	69FA-69FC	69FE-6A00
Noto Sans SC	700	/fonts/served/noto-sans-sc-64-700-normal.woff2	6792-6793	6796-6796	6798-6798	679E-67A1	67A5-67A5	67A7-67A9	67AC-67AD	67B0-67B1	67B3-67B3	67B5-67B5	67B7-67B7	67B9-67B9	67BB-67BC	67C0-67C1	67C3-67C3	67C5-67CA	67D1-67D2	67D7-67D9	67DD-67DF	67E2-67E4	67E6-67E9	67F0-67F0	67F5-67F5	67F7-67F8	67FA-67FB	67FD-67FE	6800-6801	6803-6804	6806-6806	6809-680A	680C-680C	680E-680E	6812-6812	681D-681F	6822-6822	6824-6829	682B-682D	6831-6835	683B-683B	683E-683E	6840-6841	6844-6845	6849-6849	684E-684E	6853-6853	6855-6856	685C-685D	685F-6862	6864-6864	6866-6868	686B-686B	686F-686F	6872-6872	6874-6874	6877-6877	687F-687F	6883-6883	6886-6886	688F-688F	689B-689B	689F-68A0	68A2-68A3	68B1-68B1	68B6-68B6	68B9-68BA	68BC-68BF	68C1-68C4	68C6-68C6	68C8-68C8	68CA-68CA	68CC-68CC	68D0-68D1	68D3-68D3	68D7-68D7	68DD-68DD	68DF-68DF
Noto Sans SC	700	/fonts/served/noto-sans-sc-65-700-normal.woff2	663A-663B	663D-663D	6641-6641	6644-6645	6649-6649	664C-664C	664F-664F	6654-6654	6659-6659	665B-665B	665D-665E	6660-6667	6669-6669	666B-666C	6671-6671	6673-6673	6677-6679	667C-667C	6680-6681	6684-6685	6688-6689	668B-668E	6690-6690	6692-6692	6695-6695	6698-6698	669A-669A	669D-669D	669F-66A0	66A2-66A3	66A6-66A6	66AA-66AB	66B1-66B2	66B5-66B5	66B8-66B9	66BB-66BB	66BE-66BE	66C1-66C1	66C6-66C9	66CC-66CC	66D5-66D8	66DA-66DC	66DE-66E2	66E8-66EA	66EC-66EC	66F1-66F1	66F3-66F3	66F7-66F7	66FA-66FA	66FD-66FD	6702-6702	6705-6705	670A-670A	670F-6710	6713-6713	6715-6715	6719-6719	6722-6723	6725-6727	6729-6729	672D-672E	6732-6733	6736-6736	6739-6739	673B-673B	673F-673F	6744-6744	6748-6748	674C-674D	6753-6753	6755-6755	6762-6762	6767-6767	6769-676C	676E-676E	6772-6773	6775-6775	6777-6777	677A-677D	6782-6783	6787-6787	678A-678D	678F-678F
Noto Sans SC	700	/fonts/served/noto-sans-sc-66-700-normal.woff2	64F8-64F8	64FA-64FA	64FC-64FC	64FE-64FF	6503-6503	6509-6509	650F-650F	6514-6514	6518-6518	651C-651E	6522-6525	652A-652C	652E-652E	6530-6532	6534-6535	6537-6538	653A-653A	653C-653D	6542-6542	6549-654B	654D-654E	6553-6555	6557-6558	655D-655D	6564-6564	6569-6569	656B-656B	656D-656F	6571-6571	6573-6573	6575-6576	6578-657E	6581-6583	6585-6586	6589-6589	658E-658F	6592-6593	6595-6596	659B-659B	659D-659D	659F-65A1	65A3-65A3	65AB-65AC	65B2-65B2	65B6-65B7	65BA-65BB	65BE-65C0	65C2-65C4	65C6-65C8	65CC-65CC	65CE-65CE	65D0-65D0	65D2-65D3	65D6-65D6	65DB-65DB	65DD-65DD	65E1-65E1	65E3-65E3	65EE-65F0	65F3-65F5	65F8-65F8	65FB-65FC	65FE-6600	6603-6603	6607-6607	6609-6609	660B-660B	6610-6611	6619-661A	661C-661E	6621-6621	6624-6624	6626-6626	662A-662C	662E-662E	6630-6631	6633-6634	6636-6636
Noto Sans SC	700	/fonts/served/noto-sans-sc-67-700-normal.woff2	63BC-63BC	63BE-63BE	63C0-63C0	63C3-63C4	63C6-63C6	63C8-63C8	63CD-63CE	63D1-63D1	63D6-63D6	63DA-63DB	63DE-63DE	63E0-63E0	63E3-63E3	63E9-63EA	63EE-63EE	63F2-63F2	63F5-63FA	63FC-63FC	63FE-6400	6406-6406	640B-640D	6410-6410	6414-6414	6416-6417	641B-641B	6420-6423	6425-6428	642A-642A	6431-6432	6434-6437	643D-6442	6445-6445	6448-6448	6450-6452	645B-645F	6462-6462	6465-6465	6468-6468	646D-646D	646F-6471	6473-6473	6477-6477	6479-647D	6482-6485	6487-6488	648C-648C	6490-6490	6493-6493	6496-649A	649D-649D	64A0-64A0	64A5-64A5	64AB-64AC	64B1-64B7	64B9-64BB	64BE-64C1	64C4-64C4	64C7-64C7	64C9-64CB	64D0-64D0	64D4-64D4	64D7-64D8	64DA-64DA	64DE-64DE	64E0-64E2	64E4-64E4	64E9-64E9	64EC-64EC	64F0-64F2	64F4-64F4	64F7-64F7
Noto Sans SC	700	/fonts/served/noto-sans-sc-68-700-normal.woff2	623B-623B	623D-623E	6243-6243	6246-6246	6248-6249	624C-624C	6255-6255	6259-6259	625E-625E	6260-6261	6265-6266	626A-626A	6271-6271	627A-627A	627C-627D	6283-6283	6286-6286	6289-6289	628E-628E	6294-6294	629C-629C	629E-629F	62A1-62A1	62A8-62A8	62BA-62BB	62BF-62BF	62C2-62C2	62C4-62C4	62C8-62C8	62CA-62CB	62CE-62CF	62D1-62D1	62D7-62D7	62D9-62DA	62DD-62DD	62E0-62E1	62E3-62E4	62E7-62E7	62EB-62EB	62EE-62EE	62F0-62F0	62F4-62F6	6308-6308	630A-630E	6310-6310	6312-6313	6317-6317	6319-6319	631B-631B	631D-631F	6322-6322	6326-6326	6329-6329	6331-6332	6334-6337	6339-6339	633B-633C	633E-6340	6343-6343	6347-6347	634B-634E	6354-6354	635C-635D	6368-6369	636D-636D	636F-6372	6376-6376	637A-637B	637D-637D	6382-6383	6387-6387	638A-638B	638D-638E	6391-6391	6393-6397	6399-6399	639B-639B	639E-639F	63A1-63A1	63A3-63A4	63AC-63AE	63B1-63B5	63B7-63BB
Noto Sans SC	700	/fonts/served/noto-sans-sc-69-700-normal.woff2	60FA-60FA	6100-6100	6106-6106	610D-610E	6112-6112	6114-6115	6119-6119	611C-611C	6120-6120	6122-6123	6126-6126	6128-6130	6136-6137	613A-613A	613D-613E	6144-6144	6146-6147	614A-614B	6151-6151	6153-6153	6158-6158	615A-615A	615C-615D	615F-615F	6161-6161	6163-6165	616B-616C	616E-616E	6171-6171	6173-6177	617E-617E	6182-6182	6187-6187	618A-618A	618D-618E	6190-6191	6194-6194	6199-619A	619C-619C	619F-619F	61A1-61A1	61A3-61A4	61A7-61A9	61AB-61AD	61B2-61B3	61B5-61B7	61BA-61BB	61BF-61BF	61C3-61C4	61C6-61C7	61C9-61CB	61D0-61D1	61D3-61D4	61D7-61D7	61DA-61DA	61DF-61E1	61E6-61E6	61EE-61EE	61F0-61F0	61F2-61F2	61F6-61F8	61FA-61FA	61FC-61FE	6200-6200	6206-6207	6209-6209	620B-620B	620D-620E	6213-6215	6217-6217	6219-6219	621B-6223	6225-6226	622C-622C	622E-6230	6232-6232	6238-6238
Noto Sans SC	700	/fonts/served/noto-sans-sc-70-700-normal.woff2	5FD1-5FD6	5FDA-5FDE	5FE1-5FE2	5FE4-5FE5	5FEA-5FEA	5FED-5FEE	5FF1-5FF3	5FF6-5FF6	5FF8-5FF8	5FFB-5FFB	5FFE-5FFF	6002-6006	600A-600A	600D-600D	600F-600F	6014-6014	6019-6019	601B-601B	6020-6020	6023-6023	6026-6026	6029-6029	602B-602B	602E-602F	6031-6031	6033-6033	6035-6035	6039-6039	603F-603F	6041-6043	6046-6046	604F-604F	6053-6054	6058-605B	605D-605E	6060-6060	6063-6063	6065-6065	6067-6067	606A-606C	6075-6075	6078-6079	607B-607B	607D-607D	607F-607F	6083-6083	6085-6087	608A-608A	608C-608C	608E-608F	6092-6093	6095-6097	609B-609D	60A2-60A2	60A7-60A7	60A9-60AB	60AD-60AD	60AF-60B1	60B3-60B6	60B8-60B8	60BB-60BB	60BD-60BE	60C0-60C3	60C6-60C9	60CB-60CB	60CE-60CE	60D3-60D4	60D7-60DB	60DD-60DD	60E1-60E4	60E6-60E6	60EA-60EA	60EC-60EE	60F0-60F1	60F4-60F4	60F6-60F6
Noto Sans SC	700	/fonts/served/noto-sans-sc-71-700-normal.woff2	5EA3-5EA5	5EA8-5EA8	5EAB-5EAB	5EAF-5EAF	5EB3-5EB3	5EB5-5EB6	5EB9-5EB9	5EBE-5EBE	5EC1-5EC3	5EC6-5EC6	5EC8-5EC8	5ECB-5ECC	5ED1-5ED2	5ED4-5ED4	5ED9-5EDB	5EDD-5EDD	5EDF-5EE0	5EE2-5EE3	5EE8-5EE8	5EEA-5EEA	5EEC-5EEC	5EEF-5EF0	5EF3-5EF4	5EF8-5EF8	5EFB-5EFC	5EFE-5EFF	5F01-5F01	5F07-5F07	5F0B-5F0E	5F10-5F12	5F14-5F14	5F1A-5F1A	5F22-5F22	5F28-5F29	5F2C-5F2D	5F35-5F36	5F38-5F38	5F3B-5F43	5F45-5F4A	5F4C-5F4E	5F50-5F50	5F54-5F54	5F56-5F59	5F5B-5F5F	5F61-5F61	5F63-5F63	5F65-5F65	5F67-5F68	5F6B-5F6B	5F6E-5F6F	5F72-5F78	5F7A-5F7A	5F7E-5F7F	5F82-5F83	5F87-5F87	5F89-5F8A	5F8D-5F8D	5F91-5F91	5F93-5F93	5F95-5F95	5F98-5F99	5F9C-5F9C	5F9E-5F9E	5FA0-5FA0	5FA6-5FA9	5FAC-5FAD	5FAF-5FAF	5FB3-5FB5	5FB9-5FB9	5FBC-5FBC	5FC4-5FC4	5FC9-5FC9	5FCB-5FCB	5FCE-5FD0
Noto Sans SC	700	/fonts/served/noto-sans-sc-72-700-normal.woff2	5D32-5D34	5D3C-5D3E	5D41-5D44	5D46-5D48	5D4A-5D4B	5D4E-5D4E	5D50-5D50	5D52-5D52	5D55-5D58	5D5A-5D5D	5D68-5D69	5D6B-5D6C	5D6F-5D6F	5D74-5D74	5D7F-5D7F	5D82-5D89	5D8B-5D8C	5D8F-5D8F	5D92-5D93	5D99-5D99	5D9D-5D9D	5DB2-5DB2	5DB6-5DB7	5DBA-5DBA	5DBC-5DBD	5DC2-5DC3	5DC6-5DC7	5DC9-5DC9	5DCC-5DCC	5DD2-5DD2	5DD4-5DD4	5DD6-5DD8	5DDB-5DDC	5DE3-5DE3	5DED-5DED	5DEF-5DEF	5DF3-5DF3	5DF6-5DF6	5DFA-5DFD	5DFF-5E00	5E07-5E07	5E0F-5E0F	5E11-5E11	5E13-5E14	5E19-5E1B	5E22-5E22	5E25-5E25	5E28-5E28	5E2A-5E2A	5E2F-5E31	5E33-5E34	5E36-5E36	5E39-5E3C	5E3E-5E3E	5E40-5E40	5E44-5E44	5E46-5E48	5E4C-5E4C	5E4F-5E4F	5E53-5E54	5E57-5E57	5E59-5E59	5E5B-5E5B	5E5E-5E5F	5E61-5E61	5E63-5E63	5E6A-5E6B	5E75-5E75	5E77-5E77	5E79-5E7A	5E7E-5E7E	5E80-5E81	5E83-5E83	5E85-5E85	5E87-5E87	5E8B-5E8B	5E91-5E92	5E96-5E96	5E98-5E98	5E9B-5E9B	5E9D-5E9D	5EA0-5EA2
Noto Sans SC	700	/fonts/served/noto-sans-sc-73-700-normal.woff2	5BF5-5BF6	5BFE-5BFE	5C02-5C03	5C05-5C05	5C07-5C09	5C0B-5C0C	5C0E-5C0E	5C10-5C10	5C12-5C13	5C15-5C15	5C17-5C17	5C19-5C19	5C1B-5C1C	5C1E-5C1F	5C22-5C22	5C25-5C25	5C28-5C28	5C2A-5C2B	5C2F-5C30	5C37-5C37	5C3B-5C3B	5C43-5C44	5C46-5C47	5C4D-5C4D	5C50-5C50	5C59-5C59	5C5B-5C5C	5C62-5C64	5C66-5C66	5C6C-5C6C	5C6E-5C6E	5C74-5C74	5C78-5C7E	5C80-5C80	5C83-5C84	5C88-5C88	5C8B-5C8D	5C91-5C91	5C94-5C96	5C98-5C99	5C9C-5C9C	5C9E-5C9E	5CA1-5CA3	5CAB-5CAC	5CB1-5CB1	5CB5-5CB5	5CB7-5CB7	5CBA-5CBA	5CBD-5CBF	5CC1-5CC1	5CC3-5CC4	5CC7-5CC7	5CCB-5CCB	5CD2-5CD2	5CD8-5CD9	5CDF-5CE0	5CE3-5CE6	5CE8-5CEA	5CED-5CED	5CEF-5CEF	5CF3-5CF4	5CF6-5CF6	5CF8-5CF8	5CFD-5CFD	5D00-5D04	5D06-5D06	5D08-5D08	5D0B-5D0D	5D0F-5D13	5D15-5D15	5D17-5D1A	5D1D-5D22	5D24-5D27	5D2E-5D31
Noto Sans SC	700	/fonts/served/noto-sans-sc-74-700-normal.woff2	5AB2-5AB2	5AB4-5AB5	5AB7-5ABA	5ABD-5ABF	5AC3-5AC4	5AC6-5AC8	5ACA-5ACB	5ACD-5ACD	5ACF-5AD2	5AD4-5AD4	5AD8-5ADA	5ADC-5ADC	5ADF-5AE2	5AE4-5AE4	5AE6-5AE6	5AE8-5AE8	5AEA-5AED	5AF0-5AF3	5AF5-5AF5	5AF9-5AFB	5AFD-5AFD	5B01-5B01	5B05-5B05	5B08-5B08	5B0B-5B0C	5B11-5B11	5B16-5B17	5B1B-5B1B	5B21-5B22	5B24-5B24	5B27-5B2E	5B30-5B30	5B32-5B32	5B34-5B34	5B36-5B38	5B3E-5B40	5B43-5B43	5B45-5B45	5B4A-5B4B	5B51-5B53	5B56-5B56	5B5A-5B5B	5B62-5B62	5B65-5B65	5B67-5B67	5B6A-5B6E	5B70-5B71	5B73-5B73	5B7A-5B7B	5B7F-5B80	5B84-5B84	5B8D-5B8D	5B91-5B91	5B93-5B95	5B9F-5B9F	5BA5-5BA6	5BAC-5BAC	5BAE-5BAE	5BB8-5BB8	5BC0-5BC0	5BC3-5BC3	5BCB-5BCB	5BD0-5BD1	5BD4-5BD8	5BDA-5BDC	5BE2-5BE2	5BE4-5BE7	5BE9-5BE9	5BEB-5BEC	5BEE-5BF0	5BF2-5BF3
Noto Sans SC	700	/fonts/served/noto-sans-sc-75-700-normal.woff2	5981-5981	598F-598F	5997-5998	599A-599A	599C-599D	59A0-59A1	59A3-59A4	59A7-59A7	59AA-59AD	59AF-59AF	59B2-59B3	59B5-59B6	59B8-59B8	59BA-59BA	59BD-59BE	59C0-59C1	59C3-59C4	59C7-59CA	59CC-59CD	59CF-59CF	59D2-59D2	59D5-59D6	59D8-59D9	59DB-59DB	59DD-59E0	59E2-59E7	59E9-59EB	59EE-59EE	59F1-59F1	59F3-59F3	59F5-59F5	59F7-59F9	59FD-59FD	5A06-5A06	5A08-5A0A	5A0C-5A0D	5A11-5A13	5A15-5A16	5A1A-5A1B	5A21-5A23	5A2D-5A2F	5A32-5A32	5A38-5A38	5A3C-5A3C	5A3E-5A45	5A47-5A47	5A4A-5A4A	5A4C-5A4D	5A4F-5A51	5A53-5A53	5A55-5A57	5A5E-5A5E	5A60-5A60	5A62-5A62	5A65-5A67	5A6A-5A6A	5A6C-5A6D	5A72-5A73	5A75-5A76	5A79-5A7C	5A81-5A84	5A8C-5A8C	5A8E-5A8E	5A93-5A93	5A96-5A97	5A9C-5A9C	5A9E-5A9E	5AA0-5AA0	5AA3-5AA4	5AAA-5AAA	5AAE-5AAF	5AB1-5AB1
Noto Sans SC	700	/fonts/served/noto-sans-sc-76-700-normal.woff2	5831-5831	583A-583A	583D-583D	583F-5842	5844-5846	5848-5848	584A-584A	584D-584D	5852-5852	5857-5857	5859-585A	585C-585D	5862-5862	5868-5869	586C-586D	586F-5873	5875-5875	5879-5879	587D-587E	5880-5881	5888-588A	588D-588D	5892-5892	5896-5898	589A-589A	589C-589D	58A0-58A1	58A3-58A3	58A6-58A6	58A9-58A9	58AB-58AE	58B0-58B0	58B3-58B3	58BB-58BF	58C2-58C3	58C5-58C8	58CA-58CA	58CC-58CC	58CE-58CE	58D1-58D3	58D5-58D5	58D8-58D9	58DE-58DF	58E2-58E2	58E9-58E9	58EC-58EC	58EF-58EF	58F1-58F2	58F5-58F5	58F7-58F8	58FA-58FA	58FD-58FD	5900-5900	5902-5902	5906-5906	5908-590C	590E-590E	5910-5910	5914-5914	5919-5919	591B-591B	591D-591E	5920-5920	5922-5925	5928-5928	592C-592D	592F-592F	5932-5932	5936-5936	593C-593C	593E-593E	5940-5942	5944-5944	594C-594D	5950-5950	5953-5953	5958-5958	595A-595A	5961-5961	5966-5968	596A-596A	596C-596E	5977-5977	597B-597C
Noto Sans SC	700	/fonts/served/noto-sans-sc-77-700-normal.woff2	570A-570A	570C-570D	570F-570F	5712-5713	5718-5719	571C-571C	571E-571E	5725-5725	5727-5727	5729-572A	572C-572C	572E-572F	5734-5735	5739-5739	573B-573B	5741-5741	5743-5743	5745-5745	5749-5749	574C-574D	575C-575C	5763-5763	5768-5769	576B-576B	576D-576E	5770-5770	5773-5773	5775-5775	5777-5777	577B-577C	5785-5786	5788-5788	578C-578C	578E-578F	5793-5795	5799-57A1	57A3-57A4	57A6-57AA	57AC-57AD	57AF-57B2	57B4-57B6	57B8-57B9	57BD-57BF	57C2-57C2	57C4-57C8	57CC-57CD	57CF-57CF	57D2-57D2	57D5-57DE	57E1-57E2	57E4-57E5	57E7-57E7	57EB-57EB	57ED-57ED	57EF-57EF	57F4-57F8	57FC-57FD	5800-5801	5803-5803	5805-5805	5807-5807	5809-5809	580B-580E	5811-5811	5814-5814	5819-5819	581B-5820	5822-5823	5825-5826	582C-582C	582F-582F
Noto Sans SC	700	/fonts/served/noto-sans-sc-78-700-normal.woff2	5605-5606	5608-5608	560C-560D	560F-560F	5614-5614	5616-5617	561A-561A	561C-561C	561E-561E	5621-5625	5627-5627	5629-5629	562B-5630	5636-5636	5638-563A	563C-563C	5640-5642	5649-5649	564C-5650	5653-5655	5657-565B	5660-5660	5663-5664	5666-5666	566B-566B	566F-5671	5673-567C	567E-567E	5684-5687	568C-568C	568E-5693	5695-5695	5697-5697	569B-569C	569E-569F	56A1-56A2	56A4-56A9	56AC-56AF	56B1-56B1	56B4-56B4	56B6-56B8	56BF-56BF	56C1-56C3	56C9-56C9	56CD-56CD	56D1-56D1	56D4-56D4	56D6-56D9	56DD-56DD	56DF-56DF	56E1-56E1	56E3-56E6	56E8-56EC	56EE-56EF	56F1-56F3	56F5-56F5	56F7-56F9	56FC-56FC	56FF-5700	5703-5704	5709-5709
Noto Sans SC	700	/fonts/served/noto-sans-sc-79-700-normal.woff2	5519-5519	551B-551B	551D-551E	5520-5520	5522-5523	5526-5527	552A-552C	5530-5530	5532-5535	5537-5538	553B-5541	5543-5544	5547-5549	554B-554B	554D-554D	5550-5550	5553-5553	5555-5558	555B-555F	5567-5569	556B-5572	5574-5577	557B-557C	557E-557F	5581-5581	5583-5583	5585-5586	5588-5588	558B-558C	558E-5591	5593-5593	5599-559A	559F-559F	55A5-55A6	55A8-55AC	55AE-55AE	55B0-55B3	55B6-55B6	55B9-55BA	55BC-55BE	55C4-55C4	55C6-55C7	55C9-55C9	55CC-55D2	55D4-55DB	55DD-55DF	55E1-55E1	55E3-55E6	55EA-55EE	55F0-55F3	55F5-55F7	55FB-55FB	55FE-55FE	5600-5601
Noto Sans SC	700	/fonts/served/noto-sans-sc-80-700-normal.woff2	53FB-5400	5402-5402	5405-5407	540B-540B	540F-540F	5412-5412	5414-5414	5416-5416	5418-541A	541D-541D	5420-5423	5425-5425	5429-542A	542D-542E	5431-5433	5436-5436	543D-543D	543F-543F	5442-5443	5449-5449	544B-544C	544E-544E	5451-5454	5456-5456	5459-5459	545B-545C	5461-5461	5463-5464	546A-5472	5474-5474	5476-5478	547A-547A	547E-5484	5486-5486	548A-548A	548D-548E	5490-5491	5494-5494	5497-5499	549B-549B	549D-549D	54A1-54A7	54A9-54A9	54AB-54AB	54AD-54AD	54B4-54B5	54B9-54B9	54BB-54BB	54BE-54BF	54C2-54C3	54C9-54CC	54CF-54D0	54D3-54D3	54D5-54D6	54D9-54DA	54DC-54DE	54E2-54E2	54E7-54E7	54F3-54F4	54F8-54F9	54FD-54FF	5501-5501	5504-5506	550C-550F	5511-5514	5516-5517
Noto Sans SC	700	/fonts/served/noto-sans-sc-81-700-normal.woff2	52A2-52A2	52A6-52A7	52AC-52AD	52AF-52AF	52B4-52B5	52B9-52B9	52BB-52BC	52BE-52BE	52C1-52C1	52C5-52C5	52CA-52CA	52CD-52CD	52D0-52D0	52D6-52D7	52D9-52D9	52DB-52DB	52DD-52DE	52E0-52E0	52E2-52E3	52E5-52E5	52E7-52F0	52F2-52F3	52F5-52F9	52FB-52FC	5302-5302	5304-5304	530B-530B	530D-530D	530F-5310	5315-5315	531A-531A	531C-531D	5321-5321	5323-5323	5326-5326	532E-5331	5338-5338	533C-533E	5340-5340	5344-5345	534B-534D	5350-5350	5354-5354	5358-5358	535D-535F	5363-5363	5368-5369	536C-536C	536E-536F	5372-5372	5379-537B	537D-537D	538D-538E	5390-5390	5393-5394	5396-5396	539B-539D	53A0-53A1	53A3-53A5	53A9-53A9	53AD-53AE	53B0-53B0	53B2-53B3	53B5-53B8	53BC-53BC	53BE-53BE	53C1-53C1	53C3-53C7	53CE-53CF	53D2-53D3	53D5-53D5	53DA-53DA	53DE-53DF	53E1-53E2	53E7-53E9	53F1-53F1	53F4-53F5	53FA-53FA
Noto Sans SC	700	/fonts/served/noto-sans-sc-82-700-normal.woff2	5110-5110	5113-5113	5115-5115	5117-5118	511A-511C	511E-511F	5121-5121	5128-5128	512B-512D	5131-5135	5137-5139	513C-513C	5140-5140	5142-5142	5147-5147	514C-514C	514E-5150	5155-5158	5162-5162	5169-5169	5172-5172	517F-517F	5181-5184	5186-5187	518B-518B	518F-518F	5191-5191	5195-5197	519A-519A	51A2-51A3	51A6-51AB	51AD-51AE	51B1-51B1	51B4-51B4	51BC-51BD	51BF-51BF	51C3-51C3	51C7-51C8	51CA-51CB	51CD-51CE	51D4-51D4	51D6-51D6	51DB-51DC	51E6-51E6	51E8-51EB	51F1-51F1	51F5-51F5	51FC-51FC	51FF-51FF	5202-5202	5205-5205	5208-5208	520B-520B	520D-520E	5215-5216	5228-5228	522A-522A	522C-522D	5233-5233	523C-523D	523F-5240	5245-5245	5247-5247	5249-5249	524B-524C	524E-524E	5250-5250	525B-525F	5261-5261	5263-5264	5270-5270	5273-5273	5275-5275	5277-5277	527D-527D	527F-527F	5281-5285	5287-5287	5289-5289	528B-528B	528D-528D	528F-528F	5291-5293	529A-529A
Noto Sans SC	700	/fonts/served/noto-sans-sc-83-700-normal.woff2	4FE3-4FE4	4FE6-4FE6	4FE8-4FE8	4FEB-4FED	4FF3-4FF3	4FF5-4FF6	4FF8-4FF8	4FFE-4FFE	5001-5001	5005-5006	5009-5009	500C-500C	500F-500F	5013-5018	501B-501E	5022-5025	5027-5028	502B-502E	5030-5030	5033-5034	5036-5039	503B-503B	5041-5043	5045-5046	5048-504A	504C-504E	5051-5051	5053-5053	5055-5057	505B-505B	505E-505E	5060-5060	5062-5063	5067-5067	506A-506A	506C-506C	5070-5072	5074-5075	5078-5078	507B-507B	507D-507E	5080-5080	5088-5089	5091-5092	5095-5095	5097-509E	50A2-50A3	50A5-50A7	50A9-50A9	50AD-50AD	50B3-50B3	50B5-50B5	50B7-50B7	50BA-50BA	50BE-50BE	50C4-50C5	50C7-50C7	50CA-50CA	50CD-50CD	50D1-50D1	50D5-50D6	50DA-50DA	50DE-50DE	50E5-50E6	50EC-50EE	50F0-50F1	50F3-50F3	50F9-50FB	50FE-5102	5104-5104	5106-5107	5109-510B	510D-510D	510F-510F
Noto Sans SC	700	/fonts/served/noto-sans-sc-84-700-normal.woff2	4EB8-4EB9	4EBB-4EBE	4EC2-4EC4	4EC8-4EC9	4ECC-4ECC	4ECF-4ED0	4ED2-4ED2	4EDA-4EDB	4EDD-4EE1	4EE6-4EE9	4EEB-4EEB	4EEE-4EEF	4EF3-4EF5	4EF8-4EFA	4EFC-4EFC	4F00-4F00	4F03-4F05	4F08-4F09	4F0B-4F0B	4F0E-4F0E	4F12-4F13	4F15-4F15	4F1B-4F1B	4F1D-4F1D	4F21-4F22	4F25-4F25	4F27-4F29	4F2B-4F2E	4F31-4F33	4F36-4F37	4F39-4F39	4F3E-4F3E	4F40-4F41	4F43-4F43	4F47-4F49	4F54-4F54	4F57-4F58	4F5D-4F5E	4F61-4F62	4F64-4F65	4F67-4F67	4F6A-4F6A	4F6E-4F6F	4F72-4F72	4F74-4F7E	4F80-4F82	4F84-4F84	4F89-4F8A	4F8E-4F98	4F9E-4F9E	4FA1-4FA1	4FA5-4FA5	4FA9-4FAA	4FAC-4FAC	4FB3-4FB3	4FB6-4FB8	4FBD-4FBD	4FC2-4FC2	4FC5-4FC6	4FCD-4FCE	4FD0-4FD1	4FD3-4FD3	4FDA-4FDC	4FDF-4FE0	4FE2-4FE2
Noto Sans SC	700	/fonts/served/noto-sans-sc-85-700-normal.woff2	3127-3129	3131-3131	3134-3134	3137-3137	3139-3139	3141-3142	3145-3145	3147-3148	314B-314B	314D-314E	315C-315C	3160-3161	3163-3164	3186-3186	318D-318D	3192-3192	3196-3198	319E-319F	3220-3229	3231-3231	3268-3268	3297-3297	3299-3299	32A3-32A3	338E-338F	3395-3395	339C-339E	33C4-33C4	33D1-33D2	33D5-33D5	3434-3434	34DC-34DC	34EE-34EE	353E-353E	355D-355D	3566-3566	3575-3575	3592-3592	35A0-35A1	35AD-35AD	35CE-35CE	36A2-36A2	36AB-36AB	38A8-38A8	3DAB-3DAB	3DE7-3DE7	3DEB-3DEB	3E1A-3E1A	3F1B-3F1B	3F6D-3F6D	4495-4495	4723-4723	48FA-48FA	4CA3-4CA3	4E02-4E02	4E04-4E06	4E0C-4E0C	4E0F-4E0F	4E15-4E15	4E17-4E17	4E1F-4E21	4E26-4E26	4E29-4E29	4E2C-4E2C	4E2F-4E2F	4E31-4E31	4E35-4E35	4E37-4E37	4E3C-4E3C	4E3F-4E42	4E44-4E44	4E46-4E47	4E57-4E57	4E5A-4E5C	4E64-4E65	4E67-4E67	4E69-4E69	4E6D-4E6D	4E78-4E78	4E7F-4E82	4E85-4E85	4E87-4E87	4E8A-4E8A	4E8D-4E8D	4E93-4E93	4E96-4E96	4E98-4E99	4E9C-4E9C	4E9E-4EA0	4EA2-4EA3	4EA5-4EA5	4EB0-4EB1	4EB3-4EB6
Noto Sans SC	700	/fonts/served/noto-sans-sc-86-700-normal.woff2	279C-279C	279F-27A2	27A4-27A5	27A8-27A8	27B0-27B0	27B2-27B3	27B9-27B9	27E8-27E9	27F6-27F6	2800-2800	28EC-28EC	2913-2913	2921-2922	2934-2935	2A2F-2A2F	2B05-2B07	2B50-2B50	2B55-2B55	2BC5-2BC6	2E1C-2E1D	2EBB-2EBB	2F00-2F00	2F08-2F08	2F24-2F24	2F2D-2F2D	2F2F-2F30	2F3C-2F3C	2F45-2F45	2F63-2F64	2F74-2F74	2F83-2F83	2F8F-2F8F	2FBC-2FBC	3003-3003	3005-3007	3012-3013	301C-301E	3021-3021	3023-3024	3030-3030	3034-3035	3041-3041	3043-3043	3045-3045	3047-3047	3049-3049	3056-3056	3058-3058	305C-305C	305E-305E	3062-3062	306C-306C	3074-3074	3077-3077	307A-307A	307C-307D	3080-3080	308E-308E	3090-3091	3099-309B	309D-309E	30A5-30A5	30BC-30BC	30BE-30BE	30C2-30C2	30C5-30C5	30CC-30CC	30D8-30D8	30E2-30E2	30E8-30E8	30EE-30EE	30F0-30F2	30F4-30F6	30FD-30FE	3105-3126
Noto Sans SC	700	/fonts/served/noto-sans-sc-87-700-normal.woff2	2650-2655	2658-2658	265A-265B	265D-265E	2660-266D	266F-266F	267B-267B	2688-2688	2693-2696	2698-2699	269C-269C	26A0-26A1	26A4-26A4	26AA-26AB	26BD-26BE	26C4-26C5	26D4-26D4	26E9-26E9	26F0-26F1	26F3-26F3	26F5-26F5	26FD-26FD	2702-2702	2704-2706	2708-270F	2712-2718	271A-271B	271D-271D	271F-271F	2721-2721	2724-2730	2732-2734	273A-273A	273D-2744	2747-2749	274C-274C	274E-274F	2753-2757	275B-275B	275D-275E	2763-2763	2765-2767	276E-276F	2776-277E	2780-2782	278A-278C	278E-278E	2794-2796
Noto Sans SC	700	/fonts/served/noto-sans-sc-88-700-normal.woff2	254B-254B	2550-2551	2554-2554	2557-2557	255A-255B	255D-255D	255F-2560	2562-2563	2565-2567	2569-256A	256C-2572	2579-2579	2580-2595	25A1-25A1	25A3-25A3	25A9-25AD	25B0-25B0	25B3-25BB	25BD-25C2	25C4-25C4	25C8-25CB	25CD-25CD	25D0-25D1	25D4-25D5	25D8-25D8	25DC-25E6	25EA-25EB	25EF-25EF	25FE-25FE	2600-2604	2609-2609	260E-260F	2611-2611	2614-2615	2618-2618	261A-2620	2622-2623	262A-262A	262D-2630	2639-2640	2642-2642	2648-264F
Noto Sans SC	700	/fonts/served/noto-sans-sc-89-700-normal.woff2	23E9-23E9	23F0-23F0	23F3-23F3	2445-2445	2449-2449	2465-2471	2474-249B	24B8-24B8	24C2-24C2	24C7-24C7	24C9-24C9	24D0-24D0	24D2-24D2	24D4-24D4	24D8-24D8	24DD-24DE	24E3-24E3	24E6-24E6	24E8-24E8	2500-2509	250B-2526	2528-2534	2536-2537	253B-2548	254A-254A
Noto Sans SC	700	/fonts/served/noto-sans-sc-90-700-normal.woff2	207B-2083	208C-208E	2092-2092	20A6-20A6	20A8-20AD	20AF-20AF	20B1-20B1	20B4-20B5	20B8-20BA	20BD-20BD	20DB-20DB	20DD-20DD	20E0-20E0	20E3-20E3	2105-2105	2109-2109	2113-2113	2116-2117	2120-2121	2126-2126	212B-212B	2133-2133	2139-2139	2194-2194	2196-2199	21A0-21A0	21A9-21AA	21AF-21AF	21B3-21B3	21B5-21B5	21BA-21BB	21C4-21C4	21CA-21CA	21CC-21CC	21D0-21D4	21E1-21E1	21E6-21E9	2200-2200	2202-2202	2205-2208	220F-220F	2211-2212	2215-2215	2217-2219	221D-2220	2223-2223	2225-2225	2227-222B	222E-222E	2234-2237	223C-223D	2248-2248	224C-224C	2252-2252	2256-2256	2260-2261	2266-2267	226A-226B	226E-226F	2282-2283	2295-2295	2297-2297	2299-2299	22A5-22A5	22B0-22B1	22B9-22B9	22BF-22BF	22C5-22C6	22EF-22EF	2304-2304	2307-2307	230B-230B	2312-2314	2318-2318	231A-231B	2323-2323	239B-239B	239D-239E	23A0-23A0
Noto Sans SC	700	/fonts/served/noto-sans-sc-91-700-normal.woff2	1D34-1D35	1D38-1D3A	1D3C-1D3C	1D3F-1D40	1D49-1D49	1D4E-1D4F	1D52-1D52	1D55-1D55	1D5B-1D5B	1D5E-1D5E	1D9C-1D9C	1DA0-1DA0	1DC4-1DC5	1E69-1E69	1E73-1E73	1EA0-1EA9	1EAB-1EAD	1EAF-1EAF	1EB1-1EB1	1EB3-1EB3	1EB5-1EB5	1EB7-1EB7	1EB9-1EB9	1EBB-1EBB	1EBD-1EBE	1EC0-1EC3	1EC5-1EC6	1EC9-1ECD	1ECF-1ED3	1ED5-1ED5	1ED7-1EDF	1EE1-1EE1	1EE3-1EE3	1EE5-1EEB	1EED-1EED	1EEF-1EF1	1EF3-1EF3	1EF7-1EF7	1EF9-1EF9	1F62-1F62	1F7B-1F7B	2001-2002	2004-2006	2009-200A	200C-2012	2015-2016	201A-201A	201E-2021	2023-2023	2025-2025	2027-2028	202A-202D	202F-2030	2032-2033	2035-2035	2038-2038	203C-203C	203E-203F	2043-2044	2049-2049	204D-204E	2060-2061	2070-2070	2074-2078	207A-207A
Noto Sans SC	700	/fonts/served/noto-sans-sc-97-700-normal.woff2	2AE-2B3	2B5-2BF	2C2-2C3	2C6-2D1	2D8-2DA	2DC-2DC	2E1-2E3	2E5-2E5	2EB-2EB	2EE-2F0	2F2-2F7	2F9-2FF	302-30D	311-311	31B-31B	321-325	327-329	32B-32C	32E-32F	331-339	33C-33D	33F-33F	348-348	352-352	35C-35C	35E-35F	361-361	363-363	368-368	36C-36C	36F-36F	530-540	55D-55E	561-561	563-563	565-565	56B-56B	56E-579
Noto Sans SC	700	/fonts/served/noto-sans-sc-98-700-normal.woff2	176-17F	192-192	194-194	19A-19B	19D-19D	1A0-1A1	1A3-1A4	1AA-1AA	1AC-1AD	1AF-1BF	1D2-1D2	1D4-1D4	1D6-1D6	1D8-1D8	1DA-1DA	1DC-1DC	1E3-1E3	1E7-1E7	1E9-1E9	1EE-1EE	1F0-1F1	1F3-1F3	1F5-1FF	219-21B	221-221	223-226	228-228	22B-22B	22F-22F	231-231	234-237	23A-23B	23D-23D	250-252	254-255	259-25E	261-263	265-265	268-268	26A-26B	26F-277	279-279	27B-280	282-283	285-285	28A-28A	28C-28C	28F-28F	292-292	294-296	298-29A	29C-29C	29F-29F	2A1-2A4	2A6-2A7	2A9-2A9	2AB-2AB
Noto Sans SC	700	/fonts/served/noto-sans-sc-99-700-normal.woff2	A1-A4	A6-A8	AA-AA	AC-AC	AF-AF	B1-B1	B3-B6	B8-BA	BC-D6	D8-DE	E6-E6	EB-EB	EE-F0	F5-F5	F7-F8	FB-FB	FD-100	102-102	104-107	10D-10D	10F-112	115-115	117-117	119-119	11B-11B	11E-11F	121-121	123-123	125-127	129-12A	12D-12D	12F-13F	141-142	144-144	146-146	14B-14C	14F-153	158-15B	15E-160	163-165	168-16A	16D-175
Noto Sans SC	700	/fonts/served/noto-sans-sc-100-700-normal.woff2	221A-221A	2264-2264	2464-2464	25A0-25A0	3008-3008	4E10-4E10	512A-512A	5152-5152	5201-5201	5241-5241	5352-5352	549A-549A	54B2-54B2	54C6-54C6	54D7-54D7	54E1-54E1	5509-5509	55C5-55C5	560E-560E	5618-5618	565C-565C	56BC-56BC	5716-5716	576F-576F	5784-5784	57A2-57A2	589F-589F	5A20-5A20	5A25-5A25	5A29-5A29	5A34-5A34	5A7F-5A7F	5AC9-5AC9	5AD6-5AD6	5B09-5B09	5B5C-5B5C	5BC7-5BC7	5C27-5C27	5D2D-5D2D	5DCD-5DCD	5F1B-5F1B	5F37-5F37	604D-604D	6055-6055	6073-6073	60EB-60EB	61FF-61FF	620C-620C	62C7-62C7	62ED-62ED	6320-6320	6345-6345	6390-6390	63B0-63B0	64AE-64AE	64C2-64C2	64D2-64D2	6556-6556	663C-663C	667E-667E	66D9-66D9	66F8-66F8	6756-6756	6789-6789	689D-689D	68F1-68F1	695E-695E	6975-6975	6A1F-6A1F	6B0A-6B0A	6B61-6B61	6B87-6B87	6C5D-6C5D	6C7E-6C7E	6C92-6C92	6D31-6D31	6DF9-6DF9	6E0D-6E0D	6E2D-6E2D	6F3E-6F3E	70B3-70B3	70BD-70BD	70CA-70CA	70E8-70E8	725F-725F	72E9-72E9	733F-733F	7396-7396	739F-739F	7459-745A	74A7-74A7	75A1-75A1	75F0-75F0	76CF-76CF	76D4-76D4	7729-7729	77AA-77AA	77B0-77B0	77E3-77E3	780C-780C	78D5-78D5	7941-7941	7977-7977	797A-797A	79C3-79C3	7A20-7A20	7A92-7A92	7B71-7B71	7BF1-7BF1	7C9F-7C9F	7EB6-7EB6	7ECA-7ECA	7EF7-7EF7	7F07-7F07	7F09-7F09	7F15-7F15	7F81-7F81	7FB9-7FB9	8038-8038	8098-8098	80B4-80B4	8110-8110	814B-814C	816E-816E	818A-818A	8205-8205	8235-8235	828B-828B	82A5-82A5	82B7-82B7	82D4-82D4	82DB-82DB	82DF-82DF	8317-8317	8338-8338	8385-8386	83C1-83C1	83CF-83CF	8537-8537	853B-853B	854A-854A	8715-8715	8783-8783	892A-892A	8A71-8A71	8AAA-8AAA	8D58-8D58	8DBE-8DBE	8F67-8F67	8FAB-8FAB	8FC4-8FC4	8FE6-8FE6	9023-9023	9084-9084	9091-9091	916A-916A	91C9-91C9	91DC-91DC	94B3-94B3	9502-9502	9523-9523	9551-9551	956F-956F	960E-960E	962A-962A	962E-962E	9647-9647	96F3-96F3	9739-9739	97A0-97A0	97ED-97ED	983B-983B	985E-985E	988A-988A	9A6F-9A6F	9A8B-9A8B	9AB7-9AB7	9AC5-9AC5	9E25-9E25	E608-E608	FF06-FF06	FF14-FF16
Noto Sans SC	700	/fonts/served/noto-sans-sc-101-700-normal.woff2	161-161	926-926	928-928	939-939	93F-940	94D-94D	E17-E17	E22-E22	E44-E44	2463-2463	25C7-25C7	25CE-25CE	2764-2764	3009-3009	3016-3017	4E4D-4E4D	4E53-4E53	4F5A-4F5A	4F70-4F70	4FAE-4FAE	4FD8-4FD8	4FFA-4FFA	5011-5011	501A-501A	516E-516E	51C4-51C4	5225-5225	5364-5364	547B-547B	5495-5495	54E8-54E8	54EE-54EE	5594-5594	55D3-55D3	55DC-55DC	55FD-55FD	5662-5662	5669-5669	566C-566C	5742-5742	5824-5824	5834-5834	598A-598A	5992-5992	59A9-59A9	5A04-5A04	5B75-5B75	5B7D-5B7D	5BC5-5BC5	5C49-5C49	5C90-5C90	5E1C-5E1C	5E27-5E27	5E2B-5E2B	5E37-5E37	5E90-5E90	618B-618B	61F5-61F5	620A-620A	6273-6273	62F7-62F7	6342-6342	6401-6402	6413-6413	6512-6512	655B-655B	65A7-65A7	65F1-65F1	65F7-65F7	665F-665F	6687-6687	66A7-66A7	673D-673D	67B8-67B8	6854-6854	68D8-68D8	68FA-68FA	696D-696D	6A02-6A02	6A0A-6A0A	6A80-6A80	6B7C-6B7C	6BD9-6BD9	6C2E-6C2E	6C76-6C76	6CF8-6CF8	6D4A-6D4A	6D85-6D85	6E24-6E24	6E32-6E32	6EC7-6EC7	6ED5-6ED5	6F88-6F88	700F-700F	701A-701A	7078-7078	707C-707C	70AC-70AC	70C1-70C1	7409-7409	7422-7422	7480-7480	74A8-74A8	752B-752B	7574-7574	7656-7656	7699-7699	7737-7737	785D-785D	78BE-78BE	79B9-79B9	7A3D-7A3D	7A91-7A91	7A9F-7A9F	7AE3-7AE3	7B77-7B77	7C3F-7C3F	7D1A-7D1A	7D50-7D50	7D93-7D93	803F-803F	8042-8042	808B-808B	8236-8236	82B8-82B9	82EF-82EF	8309-8309	836B-836B	83EF-83EF	8431-8431	85C9-85C9	865E-865E	868C-868C	8759-8759	8760-8760	8845-8845	89BA-89BA	8A2A-8A2A	8C41-8C41	8CEC-8CEC	8D2C-8D2C	8D4E-8D4E	8E66-8E66	8E6D-8E6D	8EAF-8EAF	902E-902E	914B-914B	916E-916E	919B-919B	949B-949B	94A0-94A0	94B0-94B0	9541-9542	9556-9556	95EB-95EB	95F5-95F5	964B-964B	968B-968B	96CC-96CD	96CF-96CF	9704-9704	9713-9713	9890-9890	98A8-98A8	9985-9985	9992-9992	9A6D-9A6D	9A81-9A81	9A86-9A86	9AB8-9AB8	9CA4-9CA4	9F9A-9F9A	E606-E607	E60A-E60A	E60C-E60C	E60E-E60E	FE0F-FE0F	FF02-FF02	FF1E-FF1E	FF3D-FF3D
Noto Sans SC	700	/fonts/served/noto-sans-sc-102-700-normal.woff2	10C-10C	627-629	639-639	644-644	64A-64A	203B-203B	2265-2265	2573-2573	25B2-25B2	3448-3449	4E1E-4E1E	4E5E-4E5E	4F3A-4F3A	4F5F-4F5F	4FEA-4FEA	5026-5026	508D-508D	5189-5189	5254-5254	5288-5288	52D8-52D8	52FA-52FA	5306-5306	5308-5308	5384-5384	53ED-53ED	543C-543C	5450-5450	5455-5455	5466-5466	54C4-54C4	5578-5578	55A7-55A7	561F-561F	5631-5631	572D-572D	575F-575F	57AE-57AE	57E0-57E0	5830-5830	594E-594E	5984-5984	5993-5993	5BDD-5BDD	5C0D-5C0D	5C7F-5C7F	5C82-5C82	5E62-5E62	5ED3-5ED3	5F08-5F08	607A-607A	60BC-60BC	60DF-60DF	625B-625B	6292-6292	62E2-62E2	6363-6363	6467-6467	6714-6714	675E-675E	6771-6771	67A2-67A2	67FF-67FF	6805-6805	6813-6813	6869-6869	68A7-68A7	68E0-68E0	6930-6930	6986-6986	69A8-69A8	69DF-69DF	6A44-6A44	6A5F-6A5F	6C13-6C13	6C1F-6C1F	6C22-6C22	6C2F-6C2F	6C40-6C40	6C81-6C81	6C9B-6C9B	6CA5-6CA5	6DA4-6DA4	6DF3-6DF3	6E85-6E85	6EBA-6EBA	6F13-6F13	6F33-6F33	6F62-6F62	715E-715E	72C4-72C4	73D1-73D1	73FE-73FE	7405-7405	7455-7455	7487-7487	7578-7578	75A4-75A4	75EB-75EB	7693-7693	7738-7738	7741-7741	776B-776B	7792-7792	77A7-77A7	77A9-77A9	77B3-77B3	788C-788C	7984-7984	79A7-79A7	79E4-79E4	7A1A-7A1A	7A57-7A57	7AA6-7AA6	7B0B-7B0B	7B5D-7B5D	7C27-7C27	7C7D-7C7D	7CAA-7CAA	7CD9-7CD9	7CEF-7CEF	7EDA-7EDA	7EDE-7EDE	7F24-7F24	8046-8046	80FA-80FA	81B3-81B3	81FB-81FB	8207-8207	8258-8258	8335-8335	8339-8339	8354-8354	840E-840E	85B0-85B0	85FB-85FB	8695-8695	86AA-86AA	8717-8717	8749-8749	874C-874C	8996-8996	89BD-89BD	89C5-89C5	8BDB-8BDB	8BF5-8BF5	8C5A-8C5A	8D3F-8D3F	8D9F-8D9F	8E44-8E44	8FED-8FED	9005-9005	9019-9019	904E-904E	9082-9082	90AF-90AF	90DD-90DD	90E1-90E1	90F8-90F8	9119-9119	916F-916F	9176-9176	949E-949E	94A7-94A7	94C2-94C2	9525-9525	9580-9580	95DC-95DC	96E2-96E2	96FB-96FB	9A7C-9A7C	9A7F-9A7F	9B41-9B41	9CA8-9CA8	9CC4-9CC4	9CDE-9CDE	9E92-9E92	9EDE-9EDE	E60B-E60B	E610-E610	FF10-FF10	FF13-FF13	FF3B-FF3B	F012B-F012B
Noto Sans SC	700	/fonts/served/noto-sans-sc-103-700-normal.woff2	60-60	631-631	2606-2606	3014-3015	309C-309C	33A1-33A1	4E52-4E52	4EC6-4EC6	4F86-4F86	4F8D-4F8D	4FDE-4FDE	4FEF-4FEF	500B-500B	502A-502A	515C-515C	518A-518A	51A5-51A5	51F3-51F3	5243-5243	52C9-52C9	52D5-52D5	53A2-53A2	53EE-53EE	54CE-54CE	54FA-54FA	54FC-54FC	5580-5580	5587-5587	563F-563F	56DA-56DA	5792-5792	5815-5815	5960-5960	59D7-59D7	5A1F-5A1F	5B78-5B78	5B9B-5B9B	5BE1-5BE1	5C4E-5C4E	5C51-5C51	5C6F-5C6F	5C9A-5C9A	5CFB-5CFB	5D16-5D16	5ED6-5ED6	5F27-5F27	5F6A-5F6A	5F6C-5F6C	603C-603C	609A-609A	6168-6168	61C8-61C8	6236-6236	62D0-62D0	62F1-62F1	62FD-62FD	631A-631A	6328-6328	632B-632B	6346-6346	638F-638F	63A0-63A0	63C9-63C9	655E-655E	6590-6590	6615-6615	6627-6627	66AE-66AE	66E6-66E6	66F0-66F0	6703-6703	67DA-67DA	67EC-67EC	6816-6816	6893-6893	68AD-68AD	68F5-68F5	6977-6977	6984-6984	69DB-69DB	6B72-6B72	6BB7-6BB7	6CE3-6CE3	6CFB-6CFB	6D47-6D47	6DA1-6DA1	6DC4-6DC4	6E43-6E43	6EAF-6EAF	6EFF-6EFF	6F8E-6F8E	7011-7011	7063-7063	7076-7076	7096-7096	70BA-70BA	70DB-70DB	70EF-70EF	7119-711A	7172-7172	718F-718F	7194-7194	727A-727A	72D9-72D9	72ED-72ED	7325-7325	73AE-73AE	73BA-73BA	73C0-73C0	7410-7410	7426-7426	7554-7554	7576-7576	75AE-75AE	75B9-75B9	762B-762B	766B-766B	7682-7682	7750-7750	7779-7779	7784-7784	77EB-77EB	77EE-77EE	78F7-78F7	79E9-79E9	7A79-7A79	7B1B-7B1B	7B28-7B28	7BF7-7BF7	7DB2-7DB2	7EC5-7EC5	7EEE-7EEE	7F14-7F14	7F1A-7F1A	7FE1-7FE1	8087-8087	809B-809B	8231-8231	830E-830E	835F-835F	83E9-83E9	849C-849C	851A-851A	868A-868A	8718-8718	874E-874E	8822-8822	8910-8910	8944-8944	8A3B-8A3B	8BB6-8BB6	8BBC-8BBC	8D50-8D50	8E72-8E72	8F9C-8F9C	900D-900D	904B-904B	9063-9063	90A2-90A2	90B9-90B9	94F2-94F2	952F-952F	9576-9577	9593-9593	95F8-95F8	961C-961C	9631-9631	969B-969B	96A7-96A7	96C1-96C1	9716-9716	9761-9761	97AD-97AD	97E7-97E7	98A4-98A4	997A-997A	9A73-9A73	9B44-9B44	9E3D-9E3D	9ECF-9ECF	9ED4-9ED4	FF11-FF12	FFFD-FFFD
Noto Sans SC	700	/fonts/served/noto-sans-sc-104-700-normal.woff2	2003-2003	2193-2193	2462-2462	4E19-4E19	4E2B-4E2B	4E36-4E36	4EA8-4EA8	4ED1-4ED1	4ED7-4ED7	4F51-4F51	4F63-4F63	4F83-4F83	50E7-50E7	5112-5112	5167-5167	51A4-51A4	51B6-51B6	5239-5239	5265-5265	532A-532A	5351-5351	537F-537F	5401-5401	548F-548F	5492-5492	54AF-54AF	54B3-54B3	54BD-54BD	54D1-54D1	54DF-54DF	554F-554F	5564-5564	5598-5598	5632-5632	56A3-56A3	56E7-56E7	574E-574E	575D-575E	57D4-57D4	584C-584C	58E4-58E4	5937-5937	5955-5955	5A05-5A05	5A49-5A49	5AC2-5AC2	5BB0-5BB0	5C39-5C39	5C61-5C61	5D0E-5D0E	5DE9-5DE9	5E9A-5E9A	5EB8-5EB8	5F0A-5F0A	5F13-5F13	5F8C-5F8C	608D-608D	611B-611B	6127-6127	62A0-62A0	634F-634F	635E-635E	63FD-63FD	6577-6577	658B-658B	65BC-65BC	660A-660A	6643-6643	6656-6656	6760-6760	67AF-67AF	67C4-67C4	67E0-67E0	6817-6817	68CD-68CD	690E-690E	6960-6960	69B4-69B4	6A71-6A71	6AAC-6AAC	6B67-6B67	6BB4-6BB4	6C55-6C55	6C70-6C70	6C82-6C82	6CA6-6CA6	6CB8-6CB8	6CBE-6CBE	6E9C-6E9C	6EDE-6EDE	6EE5-6EE5	6F4D-6F4D	6F84-6F84	6F9C-6F9C	7115-7115	7121-7121	722A-722A	7261-7261	7272-7272	7280-7280	72F8-72F8	7504-7504	754F-754F	75D8-75D8	767C-767C	76EF-76EF	778E-778E	77BB-77BB	77F6-77F6	786B-786B	78B1-78B1	7948-7948	7985-7985	79BE-79BE	7A83-7A83	7A8D-7A8D	7EAC-7EAC	7EEF-7EEF	7EF8-7EF8	7EFD-7EFD	7F00-7F00	803D-803D	8086-8086	810A-810A	8165-8165	819D-819D	81A8-81A8	8214-8214	829C-829C	831C-831C	8328-8328	832B-832B	8367-8367	83E0-83E0	83F1-83F1	8403-8403	846B-846B	8475-8475	84B2-84B2	8513-8513	8574-8574	85AF-85AF	86D9-86D9	86DB-86DB	8ACB-8ACB	8BBD-8BBD	8BE0-8BE1	8C0E-8C0E	8D29-8D29	8D63-8D63	8E81-8E81	8F7F-8F7F	9032-9032	9042-9042	90B1-90B1	90B5-90B5	9165-9165	9175-9175	94A6-94A6	94C5-94C5	950C-950C	9540-9540	9610-9610	9699-9699	96C7-96C7	973E-973E	978D-978D	97EC-97EC	97F6-97F6	984C-984C	987D-987D	9882-9882	9965-9965	996A-996A	9972-9972	9A8F-9A8F	9AD3-9AD3	9AE6-9AE6	9CB8-9CB8	9EDB-9EDB	E600-E600	E60F-E60F	E611-E611	FF05-FF05	FF0B-FF0B
Noto Sans SC	700	/fonts/served/noto-sans-sc-105-700-normal.woff2	5E-5E	2190-2190	250A-250A	25BC-25BC	25CF-25CF	300F-300F	4E56-4E56	4EA9-4EA9	4F3D-4F3D	4F6C-4F6C	4F88-4F88	4FA8-4FA8	4FCF-4FCF	5029-5029	5188-5188	51F9-51F9	5203-5203	524A-524A	5256-5256	529D-529D	5375-5375	53DB-53DB	541F-541F	5435-5435	5457-5457	548B-548B	54B1-54B1	54C7-54C7	54D4-54D4	54E9-54E9	556A-556A	5589-5589	55BB-55BB	55E8-55E8	55EF-55EF	563B-563B	566A-566A	576A-576A	58F9-58F9	598D-598D	599E-599E	59A8-59A8	5A9B-5A9B	5AE3-5AE3	5BDE-5BDE	5C4C-5C4C	5C60-5C60	5D1B-5D1B	5DEB-5DEB	5DF7-5DF7	5E18-5E18	5F26-5F26	5F64-5F64	601C-601C	6084-6084	60E9-60E9	614C-614C	61BE-61BE	6208-6208	621A-621A	6233-6233	6254-6254	62D8-62D8	62E6-62E6	62EF-62EF	6323-6323	632A-632A	633D-633D	6361-6361	6380-6380	6405-6405	640F-640F	6614-6614	6642-6642	6657-6657	67A3-67A3	6808-6808	683D-683D	6850-6850	6897-6897	68B3-68B3	68B5-68B5	68D5-68D5	6A58-6A58	6B47-6B47	6B6A-6B6A	6C28-6C28	6C90-6C90	6CA7-6CA7	6CF5-6CF5	6D51-6D51	6DA9-6DA9	6DC7-6DC7	6DD1-6DD1	6E0A-6E0A	6E5B-6E5B	6F47-6F47	6F6D-6F6D	70AD-70AD	70F9-70F9	710A-710A	7130-7130	71AC-71AC	745F-745F	7476-7476	7490-7490	7529-7529	7538-7538	75D2-75D2	7696-7696	76B1-76B1	76FC-76FC	777F-777F	77DC-77DC	789F-789F	795B-795B	79BD-79BD	79C9-79C9	7A3B-7A3B	7A46-7A46	7AA5-7AA5	7AD6-7AD6	7CA5-7CA5	7CB9-7CB9	7CDF-7CDF	7D6E-7D6E	7F06-7F06	7F38-7F38	7FA1-7FA1	7FC1-7FC1	8015-8015	803B-803B	80A2-80A2	80AA-80AA	8116-8116	813E-813E	82AD-82AD	82BD-82BD	8305-8305	8346-8346	846C-846C	8549-8549	859B-859B	8611-8611	8680-8680	87F9-87F9	884D-884D	8877-8877	888D-888D	88D4-88D4	898B-898B	8A79-8A79	8A93-8A93	8C05-8C05	8C0D-8C0D	8C26-8C26	8D1E-8D1E	8D31-8D31	8D81-8D81	8E22-8E22	8F90-8F90	8F96-8F96	90CA-90CA	916C-916C	917F-917F	9187-9187	918B-918B	9499-9499	94A9-94A9	9524-9524	958B-958B	9600-9600	9640-9640	96B6-96B6	96EF-96EF	98D9-98D9	9976-9976	997F-997F	9A74-9A74	9A84-9A84	9C8D-9C8D	9E26-9E26	9E9F-9E9F	AD6D-AD6D	C5B4-C5B4	D55C-D55C	FF0F-FF0F
Noto Sans SC	700	/fonts/served/noto-sans-sc-106-700-normal.woff2	B0-B0	2191-2191	2460-2461	25C6-25C6	300E-300E	4E1B-4E1B	4E7E-4E7E	4ED5-4ED5	4EF2-4EF2	4F10-4F10	4F1E-4F1E	4F50-4F50	4FA6-4FA6	4FAF-4FAF	5021-5021	50F5-50F5	5179-5179	5180-5180	51D1-51D1	522E-522E	52A3-52A3	52C3-52C3	52CB-52CB	5300-5300	5319-5319	5320-5320	5349-5349	5395-5395	53D9-53D9	541E-541E	5428-5428	543E-543E	54C0-54C0	54D2-54D2	570B-570B	5858-5858	58F6-58F6	5974-5974	59A5-59A5	59E8-59E8	59EC-59EC	5A36-5A36	5A9A-5A9A	5AB3-5AB3	5B99-5B99	5BAA-5BAA	5CE1-5CE1	5D14-5D14	5D4C-5D4C	5DC5-5DC5	5DE2-5DE2	5E99-5E99	5E9E-5E9E	5F18-5F18	5F66-5F66	5F70-5F70	6070-6070	60D5-60D5	60E7-60E7	6101-6101	611A-611A	6241-6241	6252-6252	626F-626F	6296-6296	62BC-62BC	62CC-62CC	63A9-63A9	644A-644A	6454-6454	64A9-64A9	64B8-64B8	6500-6500	6572-6572	65A5-65A5	65A9-65A9	65EC-65EC	660F-660F	6749-6749	6795-6795	67AB-67AB	68DA-68DA	6912-6912	6BBF-6BBF	6BEF-6BEF	6CAB-6CAB	6CCA-6CCA	6CCC-6CCC	6CFC-6CFC	6D3D-6D3D	6D78-6D78	6DEE-6DEE	6E17-6E17	6E34-6E34	6E83-6E83	6EA2-6EA2	6EB6-6EB6	6F20-6F20	6FA1-6FA1	707F-707F	70D8-70D8	70EB-70EB	714C-714C	714E-714E	7235-7235	7239-7239	73CA-73CA	743C-743C	745C-745C	7624-7624	763E-763E	76F2-76F2	77DB-77DB	77E9-77E9	780D-780D	7838-7838	7845-7845	78CA-78CA	796D-796D	7A84-7A84	7AED-7AED	7B3C-7B3C	7EB2-7EB2	7F05-7F05	7F20-7F20	7F34-7F34	7F62-7F62	7FC5-7FC5	7FD8-7FD8	7FF0-7FF0	800D-800D	8036-8036	80BA-80BA	80BE-80BE	80C0-80C1	8155-8155	817A-817A	8180-8180	81E3-81E3	8206-8206	8247-8247	8270-8270	8299-8299	8304-8304	8393-8393	83B9-83B9	83CA-83CA	840D-840D	8427-8427	8469-8469	8471-8471	84C4-84C4	84EC-84EC	853D-853D	8681-8682	8721-8721	8854-8854	88D5-88D5	88F9-88F9	8BC0-8BC0	8C0A-8C0A	8C29-8C29	8C2D-8C2D	8D41-8D41	8DEA-8DEA	8EB2-8EB2	8F9F-8F9F	903B-903B	903E-903E	9102-9102	9493-9493	94A5-94A5	94F8-94F8	95EF-95EF	95F7-95F7	9706-9706	9709-9709	9774-9774	9887-9887	98A0-98A0	9E64-9E64	9F9F-9F9F	E601-E601	E603-E603
Noto Sans SC	700	/fonts/served/noto-sans-sc-107-700-normal.woff2	200B-200B	2103-2103	4E18-4E18	4E27-4E28	4E38-4E38	4E59-4E59	4E8F-4E8F	4EAD-4EAD	4EC7-4EC7	4FE9-4FE9	503A-503A	5085-5085	5146-5146	51AF-51AF	51F8-51F8	52AB-52AB	5339-5339	535C-535C	5378-5378	538C-538C	5398-5398	53F9-53F9	5415-5415	5475-5475	54AA-54AA	54AC-54AC	54B8-54B8	5582-5582	5760-5760	5764-5764	57CB-57CB	5835-5835	5885-5885	5951-5951	5983-5983	59DA-59DA	5A77-5A77	5B5D-5B5D	5B5F-5B5F	5BB5-5BB5	5BC2-5BC2	5BE8-5BE8	5BFA-5BFA	5C2C-5C2C	5C34-5C34	5C41-5C41	5C48-5C48	5C65-5C65	5CAD-5CAD	5E06-5E06	5E42-5E42	5EF7-5EF7	5F17-5F17	5F25-5F25	5F6D-5F6D	5F79-5F79	6028-6028	6064-6064	6068-6068	606D-606D	607C-607C	6094-6094	6109-6109	6124-6124	6247-6247	626D-626D	6291-6291	629A-629A	62AC-62AC	62B9-62B9	62FE-62FE	6324-6324	6349-6349	6367-6367	6398-6398	6495-6495	64A4-64A4	64B0-64B0	64BC-64BC	64CE-64CE	658C-658C	65ED-65ED	6602-6602	6674-6674	6691-6691	66A8-66A8	674F-674F	679A-679A	67EF-67EF	67F4-67F4	680B-680B	6876-6876	68A8-68A8	6A59-6A59	6A61-6A61	6B20-6B20	6BC5-6BC5	6D12-6D12	6D46-6D46	6D8C-6D8C	6DC0-6DC0	6E14-6E14	6E23-6E23	6F06-6F06	7164-7164	716E-716E	7199-7199	71E5-71E5	72AC-72AC	742A-742A	755C-755C	75AB-75AB	75B2-75B2	75F4-75F4	7897-7897	78B3-78B3	78C5-78C5	7978-7978	79FD-79FD	7A74-7A74	7B4B-7B4B	7B5B-7B5B	7ECE-7ECE	7ED2-7ED2	7EE3-7EE3	7EF3-7EF3	7F50-7F50	7F55-7F55	7F9E-7F9E	7FE0-7FE0	809D-809D	8106-8106	814A-814A	8154-8154	817B-817B	818F-818F	81C2-81C2	81ED-81ED	821F-821F	82A6-82A6	82D1-82D1	8302-8302	83C7-83C7	845B-845B	848B-848B	84C9-84C9	85E4-85E4	86EE-86EE	8700-8700	8774-8774	886C-886C	8881-8881	8C1C-8C1C	8C79-8C79	8D2A-8D2A	8D3C-8D3C	8EBA-8EBA	8F70-8F70	8FA9-8FA9	8FB1-8FB1	900A-900A	9017-9017	901D-901D	9022-9022	906E-906E	946B-946B	94DD-94DD	94ED-94ED	953B-953B	95FA-95FA	95FD-95FD	964C-964C	96C0-96C0	971C-971C	971E-971E	9753-9753	9756-9756	97E6-97E6	9881-9881	9B4F-9B4F	9E2D-9E2D	9F0E-9F0E	E602-E602	E604-E605	FF5C-FF5C
Noto Sans SC	700	/fonts/served/noto-sans-sc-108-700-normal.woff2	24-24	4E08-4E08	4E43-4E43	4E4F-4E4F	4EF0-4EF0	4F2A-4F2A	507F-507F	50AC-50AC	50BB-50BB	5151-5151	51BB-51BB	51F6-51F6	51FD-51FD	5272-5272	52FE-52FE	5362-5362	53C9-53C9	53D4-53D4	53E0-53E0	543B-543B	54F2-54F2	5507-5507	5524-5524	558A-558A	55B5-55B5	561B-561B	56CA-56CA	5782-5782	57C3-57C3	5893-5893	5915-5915	5949-5949	5962-5962	59AE-59AE	59DC-59DC	59FB-59FB	5BD3-5BD3	5C38-5C38	5CB3-5CB3	5D07-5D07	5D29-5D29	5DE1-5DE1	5DFE-5DFE	5E15-5E15	5ECA-5ECA	5F2F-5F2F	5F7C-5F7C	5FCC-5FCC	6021-6021	609F-609F	60F9-60F9	6108-6108	6148-6148	6155-6155	6170-6170	61D2-61D2	6251-6251	629B-629B	62AB-62AB	62E8-62E8	62F3-62F3	6321-6321	6350-6350	6566-6566	659C-659C	65E8-65E8	6635-6635	6655-6655	6670-6670	66F9-66F9	6734-6734	679D-679D	6851-6851	6905-6905	6B49-6B49	6B96-6B96	6C1B-6C1B	6C41-6C41	6C6A-6C6A	6C83-6C83	6CF3-6CF3	6D9B-6D9B	6DCB-6DCB	6E1D-6E1D	6E20-6E21	6EAA-6EAA	6EE4-6EE4	6EE9-6EE9	6F58-6F58	70E4-70E4	722C-722C	7262-7262	7267-7267	72B9-72B9	72E0-72E0	72EE-72EE	72F1-72F1	7334-7334	73AB-73AB	7433-7433	7470-7470	758F-758F	75D5-75D5	764C-764C	7686-7686	76C6-76C6	76FE-76FE	7720-7720	77E2-77E2	7802-7802	7816-7816	788D-788D	7891-7891	7A00-7A00	7A9D-7A9D	7B52-7B52	7BAD-7BAD	7C98-7C98	7CCA-7CCA	7EBA-7EBA	7EEA-7EEA	7EF5-7EF5	7F1D-7F1D	7F69-7F69	806A-806A	809A-809A	80BF-80BF	80C3-80C3	81C0-81C0	820C-820C	82AC-82AC	82AF-82AF	82CD-82CD	82D7-82D7	838E-838E	839E-839E	8404-8404	84B8-84B8	852C-852C	8587-8587	85AA-85AA	8650-8650	8679-8679	86C7-86C7	8702-8702	87BA-87BA	886B-886B	8870-8870	8C10-8C10	8C23-8C23	8C6B-8C6B	8D3E-8D3E	8D4B-8D4C	8D64-8D64	8D6B-8D6B	8D74-8D74	8E29-8E29	8F69-8F69	8F74-8F74	8FB0-8FB0	8FDF-8FDF	901B-901B	9038-9038	9093-9093	90AA-90AA	9171-9171	9489-9489	94AE-94AE	94C3-94C3	9508-9508	9510-9510	9601-9601	9614-9614	9675-9675	97F5-97F5	9888-9888	98D8-98D8	9971-9971	9AA4-9AA4	9E3F-9E3F	9E45-9E45	9E4F-9E4F	9E70-9E70	9F7F-9F7F	E715-E715
Noto Sans SC	700	/fonts/served/noto-sans-sc-109-700-normal.woff2	A5-A5	2022-2022	2192-2192	2605-2605	4E11-4E11	4E22-4E22	4E32-4E32	4F0D-4F0D	4F0F-4F0F	4F69-4F69	4FF1-4FF1	50B2-50B2	5154-5154	51DD-51DD	51F0-51F0	5211-5211	5269-5269	533F-533F	5366-5367	5389-5389	5413-5413	5440-5440	5446-5446	5561-5561	574A-574A	5751-5751	57AB-57AB	5806-5806	5821-5821	582A-582A	58F3-58F3	5938-5938	5948-5948	5978-5978	59D1-59D1	5A03-5A03	5A07-5A07	5AC1-5AC1	5ACC-5ACC	5AE9-5AE9	5BB4-5BB4	5BC4-5BC4	5C3F-5C3F	5E3D-5E3D	5E7D-5E7D	5F92-5F92	5FAA-5FAA	5FE0-5FE0	5FFD-5FFD	6016-6016	60A0-60A0	60DC-60DC	60E8-60E8	614E-614E	6212-6212	6284-6284	62C6-62C6	62D3-62D4	63F4-63F4	642C-642C	6478-6478	6491-6492	64E6-64E6	6591-6591	65A4-65A4	664B-664B	6735-6735	6746-6746	67F1-67F1	67F3-67F3	6842-6842	68AF-68AF	68C9-68C9	68CB-68CB	6A31-6A31	6B3A-6B3A	6BC1-6BC1	6C0F-6C0F	6C27-6C27	6C57-6C57	6CC4-6CC4	6CE5-6CE5	6D2A-6D2A	6D66-6D66	6D69-6D69	6DAF-6DAF	6E58-6E58	6ECB-6ECB	6EF4-6EF4	707E-707E	7092-7092	70AB-70AB	71D5-71D5	7275-7275	7384-7384	73B2-73B2	7434-7434	74E6-74E6	74F7-74F7	75BC-75BC	76C8-76C8	76D0-76D0	7709-7709	77AC-77AC	7855-7855	78A7-78A7	78C1-78C1	7A77-7A77	7B79-7B79	7C92-7C92	7CAE-7CAE	7CD5-7CD5	7EA4-7EA4	7EB5-7EB5	7EBD-7EBD	7F5A-7F5A	7FD4-7FD4	7FFC-7FFC	8083-8083	8096-8096	80A0-80A0	80D6-80D6	80DE-80DE	8102-8102	8109-8109	810F-810F	8179-8179	8292-8292	82B3-82B3	8352-8352	8361-8361	83CC-83CC	841D-841D	8461-8461	8482-8482	8521-8521	857E-857E	866B-866B	8776-8776	8896-8896	889C-889C	88F8-88F8	8A9E-8A9E	8BC8-8BC8	8BF8-8BF8	8C0B-8C0B	8C28-8C28	8D2B-8D2B	8D2F-8D2F	8D37-8D37	8D3A-8D3A	8D54-8D54	8DC3-8DC3	8DCC-8DCC	8DF5-8DF5	8E0F-8E0F	8E48-8E48	8F86-8F86	8F88-8F88	8F9E-8F9E	8FC1-8FC1	8FC8-8FC8	8FEB-8FEB	9065-9065	90A6-90A6	90BB-90BB	90C1-90C1	94DC-94DC	9521-9521	9676-9676	96D5-96D5	970D-970D	9897-9897	997C-997C	9A70-9A70	9A76-9A76	9A9A-9A9A	9AD4-9AD4	9E23-9E23	9E7F-9E7F	9F3B-9F3B	E675-E675	E6B9-E6B9	FFE5-FFE5
Noto Sans SC	700	/fonts/served/noto-sans-sc-110-700-normal.woff2	300C-300D	4E54-4E54	4E58-4E58	4E95-4E95	4EC1-4EC1	4F2F-4F2F	4F38-4F38	4FA3-4FA3	4FCA-4FCA	503E-503E	5141-5141	5144-5144	517C-517C	51CC-51CC	51ED-51ED	5242-5242	52B2-52B2	52D2-52D2	52E4-52E4	540A-540A	5439-5439	5448-5448	5496-5496	54ED-54ED	5565-5565	5761-5761	5766-5766	58EE-58EE	593A-593A	594B-594B	594F-594F	5954-5954	5996-5996	59C6-59C6	59FF-59FF	5B64-5B64	5BFF-5BFF	5C18-5C18	5C1D-5C1D	5C97-5C97	5CA9-5CA9	5CB8-5CB8	5E9F-5E9F	5EC9-5EC9	5F04-5F04	5F7B-5F7B	5FA1-5FA1	5FCD-5FCD	6012-6012	60A6-60A6	60AC-60AC	60B2-60B2	60EF-60EF	626E-626E	6270-6270	6276-6276	62D6-62D6	62DC-62DC	6316-6316	632F-632F	633A-633A	6355-6355	63AA-63AA	6447-6447	649E-649E	64C5-64C5	654C-654C	65C1-65C1	65CB-65CB	65E6-65E6	6606-6606	6731-6731	675C-675C	67CF-67CF	67DC-67DC	6846-6846	6B8B-6B8B	6BEB-6BEB	6C61-6C61	6C88-6C88	6CBF-6CBF	6CDB-6CDB	6CEA-6CEA	6D45-6D45	6D53-6D53	6D74-6D74	6D82-6D82	6DA8-6DA8	6DB5-6DB5	6DEB-6DEB	6EDA-6EDA	6EE8-6EE8	6F0F-6F0F	706D-706D	708E-708E	70AE-70AE	70BC-70BC	70C2-70C2	70E6-70E6	7237-7238	72FC-72FC	730E-730E	731B-731B	739B-739B	73BB-73BB	7483-7483	74DC-74DC	74F6-74F6	7586-7586	7626-7626	775B-775B	77FF-77FF	788E-788E	78B0-78B0	7956-7956	7965-7965	79E6-79E6	7AF9-7AF9	7BEE-7BEE	7C97-7C97	7EB1-7EB1	7EB7-7EB7	7ED1-7ED1	7ED5-7ED5	7F6A-7F6A	7F72-7F72	7FBD-7FBD	8017-8017	808C-808C	80A9-80A9	80C6-80C6	80CE-80CE	8150-8150	8170-8170	819C-819C	820D-820D	8230-8230	8239-8239	827E-827E	8377-8377	8389-8389	83B2-83B2	8428-8428	8463-8463	867E-867E	88C2-88C2	88D9-88D9	8986-8986	8BCA-8BCA	8BDE-8BDE	8C13-8C13	8C8C-8C8C	8D21-8D21	8D24-8D24	8D56-8D56	8D60-8D60	8D8B-8D8B	8DB4-8DB4	8E2A-8E2A	8F68-8F68	8F89-8F89	8F9B-8F9B	8FA8-8FA8	8FBD-8FBD	9003-9003	90CE-90CE	90ED-90ED	9189-9189	94BB-94BB	9505-9505	95F9-95F9	963B-963B	9655-9655	966A-966A	9677-9677	96FE-96FE	9896-9896	99A8-99A8	9A71-9A71	9A82-9A82	9A91-9A91	9B45-9B45	9ECE-9ECE	9F20-9F20	FEFF-FEFF	FF0D-FF0D
Noto Sans SC	700	/fonts/served/noto-sans-sc-111-700-normal.woff2	4E4C-4E4C	4E88-4E88	4EA1-4EA1	4EA6-4EA6	4ED3-4ED4	4EFF-4EFF	4F30-4F30	4FA7-4FA7	4FC4-4FC4	4FD7-4FD7	500D-500D	504F-504F	5076-5077	517D-517D	5192-5192	51C9-51C9	51EF-51EF	5238-5238	5251-5251	526A-526A	52C7-52C7	52DF-52DF	52FF-52FF	53A6-53A6	53A8-53A8	53EC-53EC	5410-5410	559D-559D	55B7-55B7	5634-5634	573E-573E	5783-5783	585E-585E	586B-586B	58A8-58A8	5999-5999	59D3-59D3	5A1C-5A1C	5A46-5A46	5B54-5B55	5B85-5B85	5B8B-5B8B	5B8F-5B8F	5BBF-5BBF	5BD2-5BD2	5C16-5C16	5C24-5C24	5E05-5E05	5E45-5E45	5E7C-5E7C	5E84-5E84	5F03-5F03	5F1F-5F1F	5F31-5F31	5F84-5F84	5F90-5F90	5FBD-5FBD	5FC6-5FC6	5FD9-5FD9	5FE7-5FE7	6052-6052	6062-6062	6089-6089	60A3-60A3	60D1-60D1	6167-6167	622A-622A	6234-6234	624E-624E	6269-6269	626C-626C	62B5-62B5	62D2-62D2	6325-6325	63E1-63E1	643A-643A	6446-6446	6562-6562	656C-656C	65E2-65E2	65FA-65FA	660C-660C	6628-6628	6652-6652	6668-6668	6676-6676	66FC-66FC	66FF-66FF	6717-6717	676D-676D	67AA-67AA	67D4-67D4	6843-6843	6881-6881	68D2-68D2	695A-695A	69FD-69FD	6A2A-6A2A	6B8A-6B8A	6C60-6C60	6C64-6C64	6C9F-6C9F	6CAA-6CAA	6CC9-6CC9	6CE1-6CE1	6CFD-6CFD	6D1B-6D1B	6D1E-6D1E	6D6E-6D6E	6DE1-6DE1	6E10-6E10	6E7F-6E7F	6F5C-6F5C	704C-704C	7070-7070	7089-7089	70B8-70B8	718A-718A	71C3-71C3	723D-723D	732A-732A	73CD-73CD	7518-7518	756A-756A	75AF-75AF	75BE-75BE	75C7-75C7	76D2-76D2	76D7-76D7	7763-7763	78E8-78E8	795D-795D	79DF-79DF	7C4D-7C4D	7D2F-7D2F	7EE9-7EE9	7F13-7F13	7F8A-7F8A	8000-8000	8010-8010	80AF-80AF	80F6-80F6	80F8-80F8	8212-8212	8273-8273	82F9-82F9	83AB-83AB	83B1-83B1	83F2-83F2	8584-8584	871C-871C	8861-8861	888B-888B	88C1-88C1	88E4-88E4	8BD1-8BD1	8BF1-8BF1	8C31-8C31	8D5A-8D5A	8D75-8D76	8DE8-8DE8	8F85-8F85	8FA3-8FA3	8FC5-8FC5	9006-9006	903C-903C	904D-904D	9075-9075	9178-9178	9274-9274	950B-950B	9526-9526	95EA-95EA	9636-9636	9686-9686	978B-978B	987F-987F	9A7E-9A7E	9B42-9B42	9E1F-9E1F	9EA6-9EA6	9F13-9F13	9F84-9F84	FF5E-FF5E
Noto Sans SC	700	/fonts/served/noto-sans-sc-112-700-normal.woff2	23-23	3D-3D	4E01-4E01	4E39-4E39	4E73-4E73	4ECD-4ECD	4ED9-4ED9	4EEA-4EEA	4F0A-4F0A	4F1F-4F1F	4F5B-4F5B	4FA0-4FA0	4FC3-4FC3	501F-501F	50A8-50A8	515A-515A	5175-5175	51A0-51A0	51C0-51C0	51E1-51E1	51E4-51E4	5200-5200	520A-520A	5224-5224	523A-523A	52AA-52AA	52B1-52B1	52B3-52B3	5348-5348	5353-5353	5360-5360	5371-5371	5377-5377	539A-539A	541B-541B	5434-5434	547C-547C	54E6-54E6	5510-5510	5531-5531	5609-5609	56F0-56F0	56FA-56FA	5733-5733	574F-574F	5851-5851	5854-5854	5899-5899	58C1-58C1	592E-592E	5939-5939	5976-5976	5986-5986	59BB-59BB	5A18-5A18	5A74-5A74	5B59-5B59	5B87-5B87	5B97-5B97	5BA0-5BA0	5BAB-5BAB	5BBD-5BBE	5BF8-5BF8	5C0A-5C0A	5C3A-5C3A	5C4A-5C4A	5E16-5E16	5E1D-5E1D	5E2D-5E2D	5E8A-5E8A	6015-6015	602A-602A	6050-6050	6069-6069	6162-6162	61C2-61C2	6293-6293	6297-6297	62B1-62B1	62BD-62BD	62DF-62DF	62FC-62FC	6302-6302	635F-635F	638C-638C	63ED-63ED	6458-6458	6469-6469	6563-6563	6620-6620	6653-6653	6696-6697	66DD-66DD	675F-675F	676F-6770	67D0-67D0	67D3-67D3	684C-684C	6865-6865	6885-6885	68B0-68B0	68EE-68EE	690D-690D	6B23-6B23	6B32-6B32	6BD5-6BD5	6C89-6C89	6D01-6D01	6D25-6D25	6D89-6D89	6DA6-6DA6	6DB2-6DB2	6DF7-6DF7	6ED1-6ED1	6F02-6F02	70C8-70C8	70DF-70DF	70E7-70E7	7126-7126	7236-7236	7259-7259	731C-731C	745E-745E	74E3-74E3	751A-751A	751C-751C	7532-7532	7545-7545	75DB-75DB	7761-7761	7A0D-7A0D	7B51-7B51	7CA4-7CA4	7CD6-7CD6	7D2B-7D2B	7EA0-7EA0	7EB9-7EB9	7ED8-7ED8	7F18-7F18	7F29-7F29	8033-8033	804A-804A	80A4-80A5	80E1-80E1	817F-817F	829D-829D	82E6-82E6	8336-8336	840C-840C	8499-8499	864E-864E	8651-8651	865A-865A	88AD-88AD	89E6-89E6	8BD7-8BD7	8BFA-8BFA	8C37-8C37	8D25-8D25	8D38-8D38	8DDD-8DDD	8FEA-8FEA	9010-9010	9012-9012	906D-906D	907F-9080	90D1-90D1	9177-9177	91CA-91CA	94FA-94FA	9501-9501	9634-9635	9694-9694	9707-9707	9738-9738	9769-9769	9A7B-9A7B	9A97-9A97	9AA8-9AA8	9B3C-9B3C	9C81-9C81	9ED8-9ED8
Noto Sans SC	700	/fonts/served/noto-sans-sc-113-700-normal.woff2	26-26	3C-3C	D7-D7	4E4E-4E4E	4E61-4E61	4E71-4E71	4EBF-4EBF	4EE4-4EE4	4F26-4F26	5012-5012	51AC-51AC	51B0-51B0	51B2-51B2	51B7-51B7	5218-5218	521A-521A	5220-5220	5237-5237	523B-523B	526F-526F	5385-5385	53BF-53BF	53E5-53E5	53EB-53EB	53F3-53F3	53F6-53F6	5409-5409	5438-5438	54C8-54C8	54E5-54E5	552F-552F	5584-5584	5706-5706	5723-5723	5750-5750	575A-575A	5987-5988	59B9-59B9	59D0-59D0	59D4-59D4	5B88-5B88	5B9C-5B9C	5BDF-5BDF	5BFB-5BFB	5C01-5C01	5C04-5C04	5C3E-5C3E	5C4B-5C4B	5C4F-5C4F	5C9B-5C9B	5CF0-5CF0	5DDD-5DDD	5DE6-5DE6	5DE8-5DE8	5E01-5E01	5E78-5E78	5E7B-5E7B	5E9C-5E9C	5EAD-5EAD	5EF6-5EF6	5F39-5F39	5FD8-5FD8	6000-6000	6025-6025	604B-604B	6076-6076	613F-613F	6258-6258	6263-6263	6267-6267	6298-6298	62A2-62A2	62E5-62E5	62EC-62EC	6311-6311	6377-6377	6388-6389	63A2-63A2	63D2-63D2	641E-641E	642D-642D	654F-654F	6551-6551	6597-6597	65CF-65CF	65D7-65D7	65E7-65E7	6682-6682	66F2-66F2	671D-671D	672B-672B	6751-6751	6768-6768	6811-6811	6863-6863	6982-6982	6BD2-6BD2	6CF0-6CF0	6D0B-6D0B	6D17-6D17	6D59-6D59	6DD8-6DD8	6DFB-6DFB	6E7E-6E7E	6F6E-6F6E	6FB3-6FB3	706F-706F	719F-719F	72AF-72AF	72D0-72D0	72D7-72D7	732B-732B	732E-732E	7389-7389	73E0-73E0	7530-7530	7687-7687	76D6-76D6	76DB-76DB	7840-7840	786C-786C	79CB-79CB	79D2-79D2	7A0E-7A0E	7A33-7A33	7A3F-7A3F	7A97-7A97	7ADE-7ADF	7B26-7B26	7E41-7E41	7EC3-7EC3	7F3A-7F3A	8089-8089	80DC-80DC	811A-811A	8131-8131	8138-8138	821E-821E	8349-8349	83DC-83DC	8457-8457	867D-867D	86CB-86CB	8A89-8A89	8BA8-8BA8	8BAD-8BAD	8BEF-8BEF	8BFE-8BFE	8C6A-8C6A	8D1D-8D1D	8D4F-8D4F	8D62-8D62	8DD1-8DD1	8DF3-8DF3	8F6E-8F6E	8FF9-8FF9	900F-900F	9014-9014	9057-9057	9192-9192	91CE-91CE	9488-9488	94A2-94A2	9547-9547	955C-955C	95F2-95F2	9644-9644	964D-964D	96C4-96C5	96E8-96E8	96F6-96F7	9732-9732	9759-9759	9760-9760	987A-987A	989C-989C	9910-9910	996D-996E	9B54-9B54	9E21-9E21	9EBB-9EBB	9F50-9F50
Noto Sans SC	700	/fonts/served/noto-sans-sc-114-700-normal.woff2	7E-7E	2026-2026	4E03-4E03	4E25-4E25	4E30-4E30	4E34-4E34	4E45-4E45	4E5D-4E5D	4E89-4E89	4EAE-4EAE	4ED8-4ED8	4F11-4F11	4F19-4F19	4F24-4F24	4F34-4F34	4F59-4F59	4F73-4F73	4F9D-4F9D	4FB5-4FB5	5047-5047	505C-505C	5170-5170	519C-519C	51CF-51CF	5267-5267	5356-5356	5374-5374	5382-5382	538B-538B	53E6-53E6	5426-5426	542B-542B	542F-542F	5462-5462	5473-5473	554A-554A	5566-5566	5708-5708	571F-571F	5757-5757	57DF-57DF	57F9-57F9	5802-5802	590F-590F	591C-591C	591F-591F	592B-592B	5965-5965	5979-5979	5A01-5A01	5A5A-5A5A	5B69-5B69	5B81-5B81	5BA1-5BA1	5BA3-5BA3	5C3C-5C3C	5C42-5C42	5C81-5C81	5DE7-5DE7	5DEE-5DEE	5E0C-5E0C	5E10-5E10	5E55-5E55	5E86-5E86	5E8F-5E8F	5EA7-5EA7	5F02-5F02	5F52-5F52	5F81-5F81	5FF5-5FF5	60CA-60CA	60E0-60E0	6279-6279	62C5-62C5	62FF-62FF	63CF-63CF	6444-6444	64CD-64CD	653B-653B	65BD-65BD	65E9-65E9	665A-665A	66B4-66B4	66FE-66FE	6728-6728	6740-6740	6742-6742	677E-677E	67B6-67B6	680F-680F	68A6-68A6	68C0-68C0	699C-699C	6B4C-6B4C	6B66-6B66	6B7B-6B7B	6BCD-6BCD	6BDB-6BDB	6C38-6C38	6C47-6C47	6C49-6C49	6CB3-6CB3	6CB9-6CB9	6CE2-6CE2	6D32-6D32	6D3E-6D3E	6D4F-6D4F	6E56-6E56	6FC0-6FC0	7075-7075	7206-7206	725B-725B	72C2-72C2	73ED-73ED	7565-7565	7591-7591	7597-7597	75C5-75C5	76AE-76AE	76D1-76D1	76DF-76DF	7834-7834	7968-7968	7981-7981	79C0-79C0	7A7F-7A7F	7A81-7A81	7AE5-7AE5	7B14-7B14	7C89-7C89	7D27-7D27	7EAF-7EAF	7EB3-7EB3	7EB8-7EB8	7EC7-7EC7	7EE7-7EE7	7EFF-7EFF	7F57-7F57	7FFB-7FFB	805A-805A	80A1-80A1	822C-822C	82CF-82CF	82E5-82E5	8363-8363	836F-836F	84DD-84DD	878D-878D	8840-8840	8857-8857	8863-8863	8865-8865	8B66-8B66	8BB2-8BB2	8BDA-8BDA	8C01-8C01	8C08-8C08	8C46-8C46	8D1F-8D1F	8D35-8D35	8D5B-8D5B	8D5E-8D5E	8DA3-8DA3	8DDF-8DDF	8F93-8F93	8FDD-8FDD	8FF0-8FF0	8FF7-8FF7	8FFD-8FFD	9000-9000	9047-9047	9152-9152	949F-949F	94C1-94C1	94F6-94F6	9646-9646	9648-9648	9669-9669	969C-969C	96EA-96EA	97E9-97E9	987B-987B	987E-987E	989D-989D	9970-9970	9986-9986	9C7C-9C7C	9C9C-9C9C
Noto Sans SC	700	/fonts/served/noto-sans-sc-115-700-normal.woff2	25-25	4E14-4E14	4E1D-4E1D	4E3D-4E3D	4E49-4E49	4E60-4E60	4E9A-4E9A	4EB2-4EB2	4EC5-4EC5	4EFD-4EFD	4F3C-4F3C	4F4F-4F4F	4F8B-4F8B	4FBF-4FBF	5019-5019	5145-5145	514B-514B	516B-516B	516D-516D	5174-5174	5178-5178	517B-517B	5199-5199	519B-519B	51B3-51B3	51B5-51B5	5207-5207	5212-5212	5219-5219	521D-521D	52BF-52BF	533B-533B	5343-5343	5347-5347	534A-534A	536B-536B	5370-5370	53E4-53E4	53F2-53F2	5403-5403	542C-542C	547D-547D	54A8-54A8	54CD-54CD	54EA-54EA	552E-552E	56F4-56F4	5747-5747	575B-575B	5883-5883	589E-589E	5931-5931	5947-5947	5956-5957	5A92-5A92	5B63-5B63	5B83-5B83	5BA4-5BA4	5BB3-5BB3	5BCC-5BCC	5C14-5C14	5C1A-5C1A	5C3D-5C3D	5C40-5C40	5C45-5C45	5C5E-5C5E	5DF4-5DF4	5E72-5E72	5E95-5E95	5F80-5F80	5F85-5F85	5FB7-5FB7	5FD7-5FD7	601D-601D	626B-626B	627F-627F	62C9-62C9	62CD-62CD	6309-6309	63A7-63A7	6545-6545	65AD-65AD	65AF-65AF	65C5-65C5	666E-666E	667A-667A	670B-670B	671B-671B	674E-674E	677F-677F	6781-6781	6790-6790	6797-6797	6821-6821	6838-6839	697C-697C	6B27-6B27	6B62-6B62	6BB5-6BB5	6C7D-6C7D	6C99-6C99	6D4E-6D4E	6D6A-6D6A	6E29-6E29	6E2F-6E2F	6EE1-6EE1	6F14-6F14	6F2B-6F2B	72B6-72B6	72EC-72EC	7387-7387	7533-7533	753B-753B	76CA-76CA	76D8-76D8	7701-7701	773C-773C	77ED-77ED	77F3-77F3	7814-7814	793C-793C	79BB-79BB	79C1-79C1	79D8-79D8	79EF-79EF	79FB-79FB	7A76-7A76	7B11-7B11	7B54-7B54	7B56-7B56	7B97-7B97	7BC7-7BC7	7C73-7C73	7D20-7D20	7EAA-7EAA	7EC8-7EC8	7EDD-7EDD	7EED-7EED	7EFC-7EFC	7FA4-7FA4	804C-804C	8058-8058	80CC-80CC	8111-8111	817E-817E	826F-826F	8303-8303	843D-843D	89C9-89C9	89D2-89D2	8BA2-8BA2	8BBF-8BBF	8BC9-8BC9	8BCD-8BCD	8BE6-8BE6	8C22-8C22	8C61-8C61	8D22-8D22	8D26-8D27	8D8A-8D8A	8F6F-8F6F	8F7B-8F7B	8F83-8F83	8F91-8F91	8FB9-8FB9	8FD4-8FD4	8FDC-8FDC	9002-9002	94B1-94B1	9519-9519	95ED-95ED	961F-961F	9632-9633	963F-963F	968F-9690	96BE-96BE	9876-9876	9884-9884	98DE-98DE	9988-9988	9999-9999	9EC4-9EC4	FF1B-FF1B
Noto Sans SC	700	/fonts/served/noto-sans-sc-116-700-normal.woff2	2B-2B	40-40	3000-3000	300A-300B	4E16-4E16	4E66-4E66	4E70-4E70	4E91-4E92	4E94-4E94	4E9B-4E9B	4EC0-4EC0	4ECA-4ECA	4F01-4F01	4F17-4F18	4F46-4F46	4F4E-4F4E	4F9B-4F9B	4FEE-4FEE	503C-503C	5065-5065	50CF-50CF	513F-513F	5148-5148	518D-518D	51C6-51C6	51E0-51E0	5217-5217	529E-529F	5341-5341	534F-534F	5361-5361	5386-5386	53C2-53C2	53C8-53C8	53CC-53CC	53D7-53D8	5404-5404	5411-5411	5417-5417	5427-5427	5468-5468	559C-559C	5668-5668	56E0-56E0	56E2-56E2	56ED-56ED	5740-5740	57FA-57FA	58EB-58EB	5904-5904	592A-592A	59CB-59CB	5A31-5A31	5B58-5B58	5B9D-5B9D	5BC6-5BC6	5C71-5C71	5DDE-5DDE	5DF1-5DF1	5E08-5E08	5E26-5E26	5E2E-5E2E	5E93-5E93	5E97-5E97	5EB7-5EB7	5F15-5F15	5F20-5F20	5F3A-5F3A	5F62-5F62	5F69-5F69	5F88-5F88	5F8B-5F8B	5FC5-5FC5	600E-600E	620F-620F	6218-6218	623F-623F	627E-627E	628A-628A	62A4-62A4	62DB-62DB	62E9-62E9	6307-6307	6362-6362	636E-636E	64AD-64AD	6539-6539	653F-653F	6548-6548	6574-6574	6613-6613	6625-6625	663E-663E	666F-666F	672A-672A	6750-6750	6784-6784	6A21-6A21	6B3E-6B3E	6B65-6B65	6BCF-6BCF	6C11-6C11	6C5F-6C5F	6D4B-6D4B	6DF1-6DF1	706B-706B	7167-7167	724C-724C	738B-738B	73A9-73A9	73AF-73AF	7403-7403	7537-7537	754C-754C	7559-7559	767D-767D	7740-7740	786E-786E	795E-795E	798F-798F	79F0-79F0	7AEF-7AEF	7B7E-7B7E	7BB1-7BB1	7EA2-7EA2	7EA6-7EA6	7EC4-7EC4	7EC6-7EC6	7ECD-7ECD	7EDC-7EDC	7EF4-7EF4	8003-8003	80B2-80B2	81F3-81F4	822A-822A	827A-827A	82F1-82F1	83B7-83B7	8425-8425	89C2-89C2	89C8-89C8	8BA9-8BA9	8BB8-8BB8	8BC6-8BC6	8BD5-8BD5	8BE2-8BE2	8BE5-8BE5	8BED-8BED	8C03-8C03	8D23-8D23	8D2D-8D2D	8D34-8D34	8D70-8D70	8DB3-8DB3	8FBE-8FBE	8FCE-8FCE	8FD1-8FD1	8FDE-8FDE	9001-9001	901F-9020	90A3-90A3	914D-914D	91C7-91C7	94FE-94FE	9500-9500	952E-952E	9605-9605	9645-9645	9662-9662	9664-9664	9700-9700	9752-9752	975E-975E	97F3-97F3	9879-9879	9886-9886	98DF-98DF	9A6C-9A6C	9A8C-9A8C	9ED1-9ED1	9F99-9F99
Noto Sans SC	700	/fonts/served/noto-sans-sc-117-700-normal.woff2	4E-4E	201C-201D	3010-3011	4E07-4E07	4E1C-4E1C	4E24-4E24	4E3E-4E3E	4E48-4E48	4E50-4E50	4E5F-4E5F	4E8B-4E8C	4EA4-4EA4	4EAB-4EAC	4ECB-4ECB	4ECE-4ECE	4ED6-4ED6	4EE3-4EE3	4EF6-4EF7	4EFB-4EFB	4F20-4F20	4F55-4F55	4F7F-4F7F	4FDD-4FDD	505A-505A	5143-5143	5149-5149	514D-514D	5171-5171	5177-5177	518C-518C	51FB-51FB	521B-521B	5229-5229	522B-522B	52A9-52A9	5305-5305	5317-5317	534E-534E	5355-5355	5357-5357	535A-535A	5373-5373	539F-539F	53BB-53BB	53CA-53CA	53CD-53CD	53D6-53D6	53E3-53E3	53EA-53EA	53F0-53F0	5458-5458	5546-5546	56DB-56DB	573A-573A	578B-578B	57CE-57CE	58F0-58F0	590D-590D	5934-5934	5973-5973	5B57-5B57	5B8C-5B8C	5B98-5B98	5BB9-5BB9	5BFC-5BFC	5C06-5C06	5C11-5C11	5C31-5C31	5C55-5C55	5DF2-5DF2	5E03-5E03	5E76-5E76	5E94-5E94	5EFA-5EFA	5F71-5F71	5F97-5F97	5FEB-5FEB	6001-6001	603B-603B	60F3-60F3	611F-611F	6216-6216	624D-624D	6253-6253	6295-6295	6301-6301	6392-6392	641C-641C	652F-652F	653E-653E	6559-6559	6599-6599	661F-661F	671F-671F	672F-672F	6761-6761	67E5-67E5	6807-6807	6837-6837	683C-683C	6848-6848	6B22-6B22	6B64-6B64	6BD4-6BD4	6C14-6C14	6C34-6C34	6C42-6C42	6CA1-6CA1	6D41-6D41	6D77-6D77	6D88-6D88	6E05-6E05	6E38-6E38	6E90-6E90	7136-7136	7231-7231	7531-7531	767E-767E	76EE-76EE	76F4-76F4	771F-771F	7801-7801	793A-793A	79CD-79CD	7A0B-7A0B	7A7A-7A7A	7ACB-7ACB	7AE0-7AE0	7B2C-7B2C	7B80-7B80	7BA1-7BA1	7CBE-7CBE	7D22-7D22	7EA7-7EA7	7ED3-7ED3	7ED9-7ED9	7EDF-7EDF	7F16-7F16	7F6E-7F6E	8001-8001	800C-800C	8272-8272	8282-8282	82B1-82B1	8350-8350	88AB-88AB	88C5-88C5	897F-897F	89C1-89C1	89C4-89C4	89E3-89E3	8A00-8A00	8BA1-8BA1	8BA4-8BA4	8BAE-8BB0	8BBE-8BBE	8BC1-8BC1	8BC4-8BC4	8BFB-8BFB	8D28-8D28	8D39-8D39	8D77-8D77	8D85-8D85	8DEF-8DEF	8EAB-8EAB	8F66-8F66	8F6C-8F6C	8F7D-8F7D	8FD0-8FD0	9009-9009	90AE-90AE	90FD-90FD	91CC-91CD	91CF-91CF	95FB-95FB	9650-9650	96C6-96C6	9891-9891	98CE-98CE	FF1F-FF1F
Noto Sans SC	700	/fonts/served/noto-sans-sc-118-700-normal.woff2	D-D	3E-3E	5F-5F	7C-7C	A0-A0	A9-A9	4E09-4E0B	4E0D-4E0E	4E13-4E13	4E1A-4E1A	4E2A-4E2A	4E3A-4E3B	4E4B-4E4B	4E86-4E86	4E8E-4E8E	4EA7-4EA7	4EBA-4EBA	4EE5-4EE5	4EEC-4EEC	4F1A-4F1A	4F4D-4F4D	4F53-4F53	4F5C-4F5C	4F60-4F60	4FE1-4FE1	5165-5165	5168-5168	516C-516C	5173-5173	5176-5176	5185-5185	51FA-51FA	5206-5206	5230-5230	5236-5236	524D-524D	529B-529B	52A0-52A1	52A8-52A8	5316-5316	533A-533A	53CB-53CB	53D1-53D1	53EF-53EF	53F7-53F8	5408-5408	540C-540E	544A-544A	548C-548C	54C1-54C1	56DE-56DE	56FD-56FE	5728-5728	5730-5730	5907-5907	5916-5916	591A-591A	5927-5927	5929-5929	597D-597D	5982-5982	5B50-5B50	5B66-5B66	5B89-5B89	5B9A-5B9A	5B9E-5B9E	5BA2-5BA2	5BB6-5BB6	5BF9-5BF9	5C0F-5C0F	5DE5-5DE5	5E02-5E02	5E38-5E38	5E73-5E74	5E7F-5E7F	5EA6-5EA6	5F00-5F00	5F0F-5F0F	5F53-5F53	5F55-5F55	5FAE-5FAE	5FC3-5FC3	6027-6027	606F-606F	60A8-60A8	60C5-60C5	610F-610F	6210-6211	6237-6237	6240-6240	624B-624B	6280-6280	62A5-62A5	63A5-63A5	63A8-63A8	63D0-63D0	6536-6536	6570-6570	6587-6587	65B9-65B9	65E0-65E0	65F6-65F6	660E-660E	662D-662D	662F-662F	66F4-66F4	6700-6700	670D-670D	672C-672C	673A-673A	6743-6743	6765-6765	679C-679C	682A-682A	6B21-6B21	6B63-6B63	6CBB-6CBB	6CD5-6CD5	6CE8-6CE8	6D3B-6D3B	70ED-70ED	7247-7248	7269-7269	7279-7279	73B0-73B0	7406-7406	751F-751F	7528-7528	7535-7535	767B-767B	76F8-76F8	770B-770B	77E5-77E5	793E-793E	79D1-79D1	7AD9-7AD9	7B49-7B49	7C7B-7C7B	7CFB-7CFB	7EBF-7EBF	7ECF-7ECF	7F8E-7F8E	8005-8005	8054-8054	80FD-80FD	81EA-81EA	85CF-85CF	884C-884C	8868-8868	8981-8981	89C6-89C6	8BBA-8BBA	8BDD-8BDD	8BF4-8BF4	8BF7-8BF7	8D44-8D44	8FC7-8FC7	8FD8-8FD9	8FDB-8FDB	901A-901A	9053-9053	90E8-90E8	91D1-91D1	957F-957F	95E8-95E8	95EE-95EE	95F4-95F4	9762-9762	9875-9875	9898-9898	9996-9996	9AD8-9AD8	FF01-FF01	FF08-FF09
Noto Sans SC	700	/fonts/served/noto-sans-sc-119-700-normal.woff2	20-22	27-2A	2C-3B	3F-3F	41-4D	4F-5D	61-7B	7D-7D	AB-AB	AE-AE	B2-B2	B7-B7	BB-BB	DF-E5	E7-EA	EC-ED	F1-F4	F6-F6	F9-FA	FC-FC	101-101	103-103	113-113	12B-12B	148-148	14D-14D	16B-16B	1CE-1CE	1D0-1D0	300-301	1EBF-1EBF	1EC7-1EC7	2013-2014	2039-203A	2122-2122	3001-3002	3042-3042	3044-3044	3046-3046	3048-3048	304A-3055	3057-3057	3059-305B	305D-305D	305F-3061	3063-306B	306D-3073	3075-3076	3078-3079	307B-307B	307E-307F	3081-308D	308F-308F	3092-3093	30A1-30A4	30A6-30BB	30BD-30BD	30BF-30C1	30C3-30C4	30C6-30CB	30CD-30D7	30D9-30E1	30E3-30E7	30E9-30ED	30EF-30EF	30F3-30F3	30FB-30FC	4E00-4E00	4E2D-4E2D	65B0-65B0	65E5-65E5	6708-6709	70B9-70B9	7684-7684	7F51-7F51	FF0C-FF0C	FF0E-FF0E	FF1A-FF1A
Noto Sans TC	400	/fonts/served/noto-sans-tc-0-400-normal.woff2	1F921-1F930	1F932-1F935	1F937-1F939	1F940-1F944	1F947-1F94A	1F950-1F95F	1F962-1F967	1F969-1F96A	1F980-1F981	1F984-1F98D	1F990-1F992	1F994-1F996	1F9C0-1F9C0	1F9D0-1F9D0	1F9D2-1F9D2	1F9D4-1F9D4	1F9D6-1F9D6	1F9D8-1F9D8	1F9DA-1F9DA	1F9DC-1F9DD	1F9DF-1F9E2	1F9E5-1F9E6	20024-20024	20487-20487	20779-20779	20C41-20C41	20C78-20C78	20D71-20D71	20E98-20E98	20EF9-20EF9	2107B-2107B	210C1-210C1	22C51-22C51	233B4-233B4	24A12-24A12	2512B-2512B	2546E-2546E	25683-25683	267CC-267CC	269F2-269F2	27657-27657	282E2-282E2	2898D-2898D	29D5A-29D5A	F0001-F0005	F0019-F0019	F009B-F009B	F0101-F0104	F012B-F012B	F01BA-F01BA	F01D6-F01D6	F0209-F0209	F0217-F0217	F0223-F0224	FC355-FC355	FE327-FE327	FE517-FE517	FEB97-FEB97	FFFB4-FFFB4
Noto Sans TC	400	/fonts/served/noto-sans-tc-6-400-normal.woff2	FF78-FF7E	FF80-FF86	FF89-FF94	FF97-FF9E	FFB9-FFB9	FFE0-FFE3	FFE9-FFE9	FFEB-FFEB	FFED-FFED	FFFC-FFFC	1D7C7-1D7C7	1F004-1F004	1F0CF-1F0CF	1F141-1F142	1F150-1F150	1F154-1F154	1F158-1F158	1F15B-1F15B	1F15D-1F15E	1F162-1F163	1F170-1F171	1F174-1F174	1F177-1F178	1F17D-1F17F	1F192-1F195	1F197-1F19A	1F1E6-1F1F5	1F1F7-1F1FF	1F21A-1F21A	1F22F-1F22F	1F232-1F237	1F239-1F23A	1F250-1F251	1F300-1F300	1F302-1F319
Noto Sans TC	400	/fonts/served/noto-sans-tc-7-400-normal.woff2	FA0A-FA0A	FA0C-FA0C	FA11-FA11	FA17-FA17	FA19-FA19	FA1B-FA1B	FA1D-FA1D	FA26-FA26	FA2C-FA2C	FB01-FB01	FDFC-FDFC	FE0E-FE0E	FE33-FE36	FE38-FE44	FE49-FE51	FE54-FE54	FE56-FE57	FE59-FE5C	FE5F-FE6A	FE8E-FE8E	FE92-FE93	FEAE-FEAE	FECB-FECC	FEE0-FEE0	FEEC-FEEC	FEF3-FEF3	FF04-FF04	FF07-FF07	FF26-FF2C	FF31-FF32	FF35-FF37	FF39-FF3A	FF3C-FF3C	FF3E-FF5B	FF5D-FF5D	FF61-FF65	FF67-FF68	FF6A-FF6A	FF6C-FF77
Noto Sans TC	400	/fonts/served/noto-sans-tc-8-400-normal.woff2	F78A-F78C	F78E-F78E	F792-F796	F798-F798	F79C-F79C	F7F5-F7F5	F812-F812	F815-F815	F876-F876	F8F5-F8F5	F8F8-F8F8	F8FF-F8FF	F901-F902	F904-F904	F906-F906	F909-F90A	F90F-F90F	F914-F914	F918-F919	F91B-F91B	F91D-F91D	F91F-F91F	F923-F923	F925-F925	F92D-F92F	F934-F934	F937-F938	F93D-F93D	F93F-F93F	F941-F941	F949-F949	F94C-F94C	F94E-F94F	F95A-F95A	F95D-F95E	F961-F963	F965-F970	F974-F974	F976-F97A	F97C-F97C	F97E-F97F	F981-F981	F983-F983	F988-F988	F98A-F98A	F98C-F98C	F98E-F98E	F996-F997	F999-F99A	F99C-F99C	F99F-F9A0	F9A3-F9A3	F9A8-F9A8	F9AD-F9AD	F9B2-F9B6	F9B9-F9BA	F9BD-F9BE	F9C1-F9C1	F9C4-F9C4	F9C7-F9C7	F9CA-F9CA	F9CD-F9CD	F9D0-F9D1	F9D3-F9D4	F9D7-F9D8	F9DC-F9DD	F9DF-F9E1	F9E4-F9E4	F9E8-F9EA	F9F4-F9F4	F9F6-F9F7	F9F9-F9FA	F9FC-FA01	FA03-FA04	FA06-FA06	FA08-FA09
Noto Sans TC	400	/fonts/served/noto-sans-tc-19-400-normal.woff2	9EB9-9EBA	9EBE-9EBF	9ECC-9ECD	9ED0-9ED0	9ED2-9ED2	9ED4-9ED4	9ED9-9EDA	9EDC-9EDD	9EDF-9EE0	9EE2-9EE2	9EE5-9EE5	9EE7-9EE7	9EEE-9EEE	9EF3-9EF4	9EF6-9EF7	9EF9-9EF9	9EFB-9EFD	9EFF-9EFF	9F07-9F09	9F10-9F10	9F14-9F15	9F19-9F19	9F22-9F22	9F29-9F29	9F2C-9F2C	9F2F-9F2F	9F31-9F31	9F34-9F34	9F37-9F37	9F39-9F39	9F3D-9F3E	9F41-9F41	9F4C-9F50	9F54-9F54	9F57-9F57	9F59-9F59	9F5C-9F5C	9F5F-9F60	9F62-9F63	9F66-9F67	9F6A-9F6A	9F6C-9F6C	9F72-9F72	9F76-9F77	9F7F-9F7F	9F84-9F85	9F88-9F88	9F8E-9F8E	9F91-9F91	9F94-9F96	9F98-9F98	9F9A-9F9B	9F9F-9FA0	9FA2-9FA2	9FA4-9FA4	A1F4-A1F4	A4B0-A4B1	A4B3-A4B3	A9C1-A9C2	AA31-AA31	AB34-AB34	AC00-AC01	AC04-AC04	AC08-AC08	AC10-AC11	AC13-AC16	AC19-AC19	AC1C-AC1D	AC24-AC24	AC70-AC71	AC74-AC74	AC77-AC78	AC80-AC81	AC83-AC83	AC8C-AC8C	AC90-AC90	ACA0-ACA0	ACA8-ACA9	ACAC-ACAC	ACB0-ACB0	ACB8-ACB9	ACBC-ACBD	ACC1-ACC1	ACC4-ACC4	ACE0-ACE1	ACE4-ACE4	ACE8-ACE8	ACF0-ACF1	ACF3-ACF3	ACF5-ACF5	ACFC-ACFC
Noto Sans TC	400	/fonts/served/noto-sans-tc-20-400-normal.woff2	9D34-9D34	9D37-9D37	9D3D-9D3D	9D42-9D42	9D50-9D50	9D52-9D53	9D59-9D59	9D5C-9D5C	9D5E-9D61	9D6A-9D6A	9D6F-9D70	9D77-9D77	9D7A-9D7A	9D7E-9D7E	9D87-9D87	9D89-9D89	9D8F-9D8F	9D91-9D93	9D96-9D96	9D98-9D98	9D9A-9D9A	9DA1-9DA2	9DA5-9DA5	9DA9-9DA9	9DAB-9DAC	9DB1-9DB2	9DB5-9DB5	9DB9-9DBC	9DBF-9DC2	9DC4-9DC4	9DC7-9DC9	9DD3-9DD3	9DD6-9DD6	9DD9-9DDA	9DDE-9DDF	9DE2-9DE2	9DE5-9DE6	9DE8-9DE8	9DEF-9DF0	9DF2-9DF4	9DF8-9DF8	9DFA-9DFA	9DFD-9DFD	9DFF-9DFF	9E02-9E02	9E07-9E07	9E0A-9E0A	9E11-9E11	9E15-9E15	9E18-9E18	9E1A-9E1B	9E1D-9E1E	9E20-9E23	9E25-9E26	9E2D-9E2D	9E2F-9E2F	9E33-9E33	9E35-9E35	9E3D-9E3F	9E42-9E43	9E45-9E45	9E48-9E4A	9E4C-9E4C	9E4F-9E4F	9E51-9E51	9E55-9E55	9E64-9E64	9E66-9E66	9E6B-9E6B	9E6D-9E6E	9E70-9E70	9E73-9E73	9E75-9E75	9E78-9E78	9E80-9E83	9E87-9E88	9E8B-9E8C	9E90-9E91	9E93-9E93	9E96-9E96	9E9D-9E9D	9EA1-9EA1	9EA4-9EA4	9EA6-9EA6	9EA9-9EAB	9EAD-9EAD	9EAF-9EAF	9EB4-9EB4	9EB7-9EB8
Noto Sans TC	400	/fonts/served/noto-sans-tc-21-400-normal.woff2	9BD3-9BD7	9BD9-9BD9	9BDB-9BDB	9BDD-9BDD	9BE1-9BE2	9BE4-9BE5	9BE7-9BE7	9BEA-9BEA	9BED-9BEE	9BF0-9BF1	9BF5-9BF5	9BF7-9BF7	9BF9-9BF9	9BFD-9BFD	9BFF-9BFF	9C02-9C02	9C06-9C06	9C08-9C0A	9C0D-9C0D	9C10-9C10	9C12-9C13	9C15-9C15	9C1C-9C1C	9C1F-9C1F	9C21-9C21	9C23-9C25	9C28-9C29	9C2D-9C2E	9C31-9C33	9C35-9C37	9C39-9C3B	9C3D-9C3E	9C40-9C40	9C42-9C42	9C45-9C49	9C52-9C52	9C54-9C54	9C56-9C56	9C58-9C5A	9C5D-9C5D	9C5F-9C60	9C63-9C63	9C67-9C68	9C72-9C72	9C75-9C75	9C78-9C78	9C7A-9C7C	9C7F-9C81	9C87-9C88	9C8D-9C8D	9C91-9C91	9C94-9C94	9C97-9C97	9C9B-9C9B	9CA4-9CA4	9CA8-9CA8	9CAB-9CAB	9CAD-9CAD	9CB1-9CB3	9CB6-9CB8	9CC4-9CC5	9CCC-9CCD	9CD5-9CD7	9CDD-9CDF	9CE7-9CE7	9CE9-9CE9	9CEE-9CF0	9CF2-9CF2	9CFC-9CFE	9D03-9D03	9D06-9D08	9D0E-9D0E	9D10-9D10	9D12-9D12	9D15-9D15	9D17-9D17	9D1D-9D1F	9D23-9D23	9D2B-9D2B	9D2F-9D30
Noto Sans TC	400	/fonts/served/noto-sans-tc-22-400-normal.woff2	9A6F-9A71	9A73-9A74	9A76-9A76	9A78-9A79	9A7B-9A7C	9A7E-9A7F	9A81-9A82	9A84-9A87	9A8A-9A8B	9A8F-9A91	9A97-9A97	9A9A-9A9A	9A9E-9A9E	9AA0-9AA1	9AA4-9AA5	9AAF-9AB1	9AB6-9AB6	9AB9-9ABA	9ABE-9ABE	9AC0-9AC5	9AC8-9AC8	9ACB-9ACC	9ACE-9ACF	9AD1-9AD1	9AD5-9AD7	9AD9-9AD9	9ADF-9ADF	9AE1-9AE1	9AE3-9AE3	9AEA-9AEB	9AED-9AED	9AEF-9AEF	9AF2-9AF2	9AF4-9AF4	9AF9-9AF9	9AFB-9AFB	9AFD-9AFD	9B03-9B04	9B08-9B08	9B13-9B13	9B18-9B18	9B1F-9B1F	9B22-9B23	9B28-9B2A	9B2C-9B30	9B32-9B32	9B3B-9B3B	9B43-9B43	9B46-9B49	9B4B-9B4E	9B51-9B51	9B55-9B55	9B58-9B58	9B5B-9B5B	9B5E-9B60	9B63-9B63	9B68-9B69	9B74-9B74	9B7D-9B7D	9B80-9B81	9B83-9B84	9B87-9B88	9B8A-9B8B	9B8D-9B8E	9B90-9B90	9B92-9B95	9B97-9B97	9B9F-9BA0	9BA2-9BA3	9BA8-9BA8	9BAB-9BAB	9BB0-9BB0	9BB8-9BB8	9BC0-9BC1	9BC3-9BC3	9BC6-9BC8
Noto Sans TC	400	/fonts/served/noto-sans-tc-23-400-normal.woff2	9912-9912	9914-9914	9916-9917	991B-991C	991E-991E	9920-9920	9927-9927	992B-992C	992E-992E	9931-9933	9938-9938	993A-993A	993C-9940	9943-9944	9948-994A	994C-994E	9951-9951	9954-9954	995C-995C	995E-995F	9961-9962	9965-9965	9968-9968	996A-996A	996D-9972	9975-9976	997A-997A	997C-997C	997F-9980	9984-9985	9988-9988	998B-998B	998D-998D	998F-998F	9992-9992	9994-9995	9997-9998	999C-999C	999E-999E	99A0-99A1	99AB-99AB	99AF-99AF	99B1-99B1	99B4-99B4	99B9-99B9	99C4-99C6	99CF-99CF	99D1-99D2	99D4-99D4	99D6-99D6	99D8-99D9	99DF-99DF	99E1-99E2	99E9-99E9	99EE-99EE	99F0-99F0	99F8-99F8	99FB-99FB	9A01-9A05	9A0C-9A0C	9A0F-9A13	9A16-9A16	9A1B-9A1C	9A20-9A20	9A24-9A24	9A28-9A28	9A2B-9A2B	9A2D-9A2E	9A34-9A36	9A38-9A38	9A3E-9A3E	9A40-9A44	9A4A-9A4A	9A4C-9A4E	9A52-9A52	9A56-9A56	9A62-9A65	9A69-9A6B	9A6D-9A6D
Noto Sans TC	400	/fonts/served/noto-sans-tc-24-400-normal.woff2	97C6-97C6	97C9-97C9	97CD-97CD	97D6-97D6	97D8-97D9	97DC-97DE	97E1-97E1	97E6-97E7	97EC-97EE	97F0-97F1	97F5-97F5	97F9-97FA	97FE-97FE	9804-9804	9807-9807	980A-980A	980E-980F	9814-9814	9816-9816	981A-981A	981C-981C	981E-981E	9820-9821	9823-9823	9826-9826	9828-9828	982A-982C	9832-9832	9834-9835	9837-9837	9839-9839	983C-983D	9845-9845	9848-9849	984E-984E	9852-9857	9859-985A	9862-9863	9865-9865	9870-9871	9873-9874	9877-9877	987A-987F	9881-9882	9885-9885	9887-988A	988C-988D	9890-9890	9893-9893	9896-9897	989A-989A	989C-989E	98A0-98A0	98A4-98A4	98A6-98A7	98A9-98A9	98AE-98AF	98B2-98B3	98B6-98B8	98BA-98BD	98BF-98BF	98C7-98C8	98CA-98CA	98D2-98D3	98D8-98DA	98DC-98DC	98DE-98DE	98E0-98E1	98E3-98E3	98E5-98E5	98E7-98E9	98EB-98EE	98F1-98F1	98F4-98F4	9901-9901	9908-9909	990C-990C	9911-9911
Noto Sans TC	400	/fonts/served/noto-sans-tc-25-400-normal.woff2	964E-964F	9651-9651	9653-9655	9658-9658	965B-965F	9661-9661	9665-9665	9668-9669	966C-966C	9672-9672	9674-9674	967A-967A	9682-9685	9688-9689	968B-968B	968D-968D	9695-9695	9697-9698	969E-969E	96A0-96A4	96A9-96A9	96AC-96AC	96AE-96AE	96B0-96B0	96B2-96B4	96B6-96B7	96B9-96B9	96BC-96BE	96C3-96C3	96C9-96CB	96CE-96CF	96D1-96D2	96D8-96D8	96DD-96DD	96E9-96E9	96EB-96EB	96F0-96F1	96F3-96F4	96F9-96F9	96FE-96FF	9701-9702	9705-9705	9708-9708	970A-970A	970E-9711	9719-9719	971D-971D	971F-9720	9728-9728	972A-972A	972D-972D	9730-9730	9733-9733	973A-973A	973D-973D	9744-9744	9746-9747	9749-9749	9750-9751	9753-9753	9758-9759	975B-975B	975D-975D	9763-9763	9765-9766	9768-9768	976C-976D	9771-9771	9773-9773	9776-9776	977A-977A	977C-977C	9780-9780	9784-9786	9788-9788	978E-978F	9798-9798	979D-979E	97A3-97A3	97A5-97A6	97A8-97A8	97AB-97AC	97AE-97AE	97B6-97B7	97B9-97B9	97BF-97BF	97C1-97C1	97C3-97C3
Noto Sans TC	400	/fonts/served/noto-sans-tc-26-400-normal.woff2	950C-950C	950F-9510	9519-951B	951D-951D	951F-951F	9521-9526	952D-9530	9535-9535	953A-953B	9540-9542	9547-9547	9549-954A	954D-954D	9550-9551	9554-9556	955C-955C	956C-956D	956F-9570	9573-9573	9576-9576	9578-9578	9582-9582	9586-9586	9588-9588	958E-958F	9599-9599	959C-959C	959E-959F	95A1-95A2	95A4-95A4	95A6-95A7	95AA-95AE	95B0-95B0	95B2-95B2	95B6-95B6	95B9-95BF	95C2-95C4	95C7-95C9	95CB-95CD	95D0-95D0	95D3-95D5	95D7-95D8	95DA-95DA	95DE-95DE	95E0-95E1	95E4-95E5	95EA-95EB	95EF-95F0	95F2-95F3	95F5-95F5	95F7-95FA	95FD-95FD	9600-9602	9607-9609	960E-960E	9610-9611	9614-9614	9616-9616	9619-961A	961C-961D	961F-961F	9621-9621	9624-9624	9628-9628	962F-962F	9633-9636	963C-963C	9641-9643	9645-9645	9647-9648
Noto Sans TC	400	/fonts/served/noto-sans-tc-27-400-normal.woff2	93E4-93E4	93E8-93E8	93EE-93EE	93F0-93F0	93F5-93F5	93F7-93F9	93FB-93FB	9403-9403	9407-9407	940F-9410	9413-9414	9417-9417	9419-941A	941C-941C	941E-941E	9420-9425	9427-942B	942E-942E	9432-9433	9436-9436	9438-9438	943A-943A	943D-943D	943F-9440	9445-9445	944A-944A	944C-944C	9454-9455	945A-945B	945E-945E	9460-9460	9462-9463	9468-9468	946A-946A	946D-946D	946F-946F	9471-9471	9474-9477	9479-9479	947E-9481	9488-948A	948E-948E	9492-9493	9497-9497	9499-9499	949B-94A3	94A5-94A9	94AC-94AC	94AE-94B1	94B3-94B5	94BB-94BC	94BE-94C3	94C5-94C6	94C9-94C9	94CE-94D0	94DB-94DD	94E0-94E0	94E2-94E3	94E8-94E8	94EC-94EE	94F0-94F0	94F2-94F2	94F5-94F6	94F8-94F8	94FA-94FA	94FF-9502	9504-9506	9508-9508	950B-950B
Noto Sans TC	400	/fonts/served/noto-sans-tc-28-400-normal.woff2	92E5-92E6	92E8-92E9	92ED-92EF	92F1-92F3	92F6-92F6	92F9-92F9	92FB-92FB	9300-9302	9306-9306	930B-930B	930F-930F	9312-9312	9315-9315	9319-931B	931D-931F	9321-9321	9323-9325	9327-932A	932C-932E	9331-9333	9335-9335	9338-9338	933C-933C	9340-9341	9345-9349	934F-9352	9354-9354	9356-935A	935C-9360	9363-9367	9369-936A	936C-936C	936E-936E	9370-9371	9373-9373	9376-9376	9379-937A	937C-937C	9385-9385	9387-9387	938C-938C	938F-938F	9394-9394	9397-9398	939A-939B	939D-939E	93A1-93A3	93A6-93A7	93A9-93AA	93AC-93AD	93AF-93B0	93B3-93BB	93BD-93BE	93C0-93C4	93C7-93C7	93CA-93CD	93D0-93D1	93D6-93D8	93DC-93DE	93E0-93E0
Noto Sans TC	400	/fonts/served/noto-sans-tc-29-400-normal.woff2	91F0-91F1	91F5-91FA	91FD-91FD	91FF-9201	9203-920A	920D-920E	9210-9211	9217-9217	9219-9219	921C-921C	9221-9221	9224-9225	9227-9227	922A-922A	922D-922E	9230-9231	9233-9233	9235-9239	923B-923B	923D-9241	9244-9244	9246-9246	9248-9249	924B-9251	9253-9253	925A-925A	925D-925E	9262-9262	9265-9267	926B-926D	926F-926F	9271-9272	9274-9274	9276-9276	9278-9278	927A-927C	927E-927F	9282-9283	9286-9286	9288-9288	928A-928A	928D-928E	9291-9291	9295-9296	9299-929B	929D-929D	92A0-92AE	92B2-92B2	92B5-92B6	92BB-92BC	92C2-92C3	92C6-92CD	92CF-92D1	92D5-92D5	92D7-92D7	92D9-92D9	92DD-92DD	92DF-92DF	92E4-92E4
Noto Sans TC	400	/fonts/served/noto-sans-tc-30-400-normal.woff2	90BB-90BB	90BD-90BE	90C3-90C5	90C7-90C7	90D1-90D1	90D4-90D5	90D7-90D7	90DB-90DF	90E2-90E4	90EA-90EB	90EF-90EF	90F4-90F4	90F7-90F8	90FC-90FC	90FE-9100	9102-9102	9104-9104	9106-9106	9112-9112	9114-911A	911C-911C	911E-911E	9120-9120	9122-9123	9129-9129	912B-912B	912F-912F	9131-9132	9134-9134	9136-9136	9139-913A	9143-9143	9146-9146	9148-914A	914E-9150	9154-9154	9156-9157	9159-915A	915D-915E	9161-9164	916B-916B	916E-916E	9170-9172	9174-9174	9176-9176	9179-917A	917F-917F	9181-9182	9184-9186	918C-918E	9190-9191	9196-9196	919A-919B	919E-919E	91A1-91A4	91A7-91A7	91AA-91AA	91AE-91B2	91B4-91B5	91B8-91B8	91BD-91BE	91C1-91C1	91C3-91C3	91C5-91C6	91C8-91CA	91D2-91D5	91D7-91D7	91D9-91D9	91E1-91E1	91E4-91E4	91E6-91E9	91EC-91ED
Noto Sans TC	400	/fonts/served/noto-sans-tc-31-400-normal.woff2	8F68-8F69	8F6D-8F72	8F74-8F74	8F76-8F76	8F7B-8F7C	8F7F-8F7F	8F83-8F86	8F88-8F8A	8F8D-8F8D	8F90-8F90	8F93-8F93	8F95-8F97	8F99-8F99	8F9E-8F9F	8FA2-8FA2	8FA7-8FA7	8FA9-8FA9	8FAB-8FAB	8FAE-8FAE	8FB3-8FB3	8FB5-8FB6	8FBA-8FBD	8FBF-8FBF	8FC1-8FC2	8FC6-8FC6	8FC8-8FC8	8FCC-8FCD	8FD2-8FD3	8FD5-8FD5	8FDC-8FDD	8FDF-8FDF	8FE2-8FE5	8FE8-8FE9	8FED-8FEE	8FF3-8FF3	8FF5-8FF5	8FF8-8FF8	8FFA-8FFC	8FFE-8FFE	9002-9002	9004-9004	9008-9008	900A-900B	9011-9013	9016-9016	901E-901E	9021-9021	9024-9024	902D-902D	902F-9030	9034-9036	9039-903B	9041-9041	9044-9045	904F-9052	9057-9058	905B-905B	905D-905D	9061-9062	9065-9065	9068-9068	906F-906F	9074-9074	9079-9079	907D-907D	9083-9083	9085-9085	9087-9089	908B-908B	9090-9090	9093-9093	9095-9095	9097-9097	9099-9099	909B-909B	909D-909E	90A0-90A2	90AC-90AC	90AF-90B0	90B2-90B4	90B6-90B6	90B9-90B9
Noto Sans TC	400	/fonts/served/noto-sans-tc-32-400-normal.woff2	8E18-8E18	8E1D-8E21	8E23-8E23	8E26-8E28	8E2A-8E2B	8E2D-8E2E	8E30-8E31	8E35-8E35	8E39-8E39	8E3C-8E3D	8E40-8E42	8E47-8E47	8E49-8E4E	8E50-8E50	8E53-8E55	8E59-8E5B	8E60-8E60	8E62-8E63	8E67-8E67	8E69-8E69	8E6C-8E6D	8E6F-8E6F	8E74-8E74	8E76-8E76	8E7A-8E7C	8E82-8E82	8E84-8E85	8E87-8E87	8E89-8E8B	8E8F-8E95	8E99-8E9A	8E9D-8E9E	8EA1-8EA1	8EA3-8EA3	8EA5-8EA6	8EAA-8EAA	8EAC-8EAD	8EAF-8EB1	8EB9-8EB9	8EBC-8EBC	8EBE-8EBE	8EC6-8EC6	8ECB-8ECB	8ECF-8ECF	8ED1-8ED1	8ED4-8ED4	8ED7-8ED7	8EDA-8EDB	8EE2-8EE2	8EE8-8EE8	8EEB-8EEB	8EF2-8EF2	8EF9-8EFE	8F05-8F05	8F07-8F08	8F0A-8F0C	8F12-8F13	8F17-8F17	8F19-8F1A	8F1C-8F1C	8F1E-8F1F	8F25-8F26	8F2D-8F2D	8F30-8F30	8F33-8F33	8F36-8F36	8F3E-8F3E	8F40-8F42	8F45-8F47	8F4D-8F4D	8F54-8F55	8F5D-8F5D	8F61-8F62	8F64-8F64	8F67-8F67
Noto Sans TC	400	/fonts/served/noto-sans-tc-33-400-normal.woff2	8CC1-8CC2	8CC4-8CC5	8CCF-8CD2	8CD4-8CD5	8CD9-8CDB	8CE1-8CE1	8CE8-8CE8	8CEB-8CEB	8CF0-8CF0	8CF8-8CF8	8CFB-8CFB	8CFE-8CFE	8D04-8D04	8D07-8D07	8D0B-8D0B	8D0D-8D0D	8D10-8D10	8D12-8D14	8D17-8D17	8D1B-8D1F	8D21-8D26	8D29-8D2C	8D2E-8D32	8D34-8D35	8D37-8D38	8D3A-8D3C	8D3E-8D3F	8D41-8D43	8D48-8D48	8D4B-8D4C	8D4E-8D50	8D54-8D54	8D56-8D56	8D58-8D58	8D5A-8D5B	8D5F-8D60	8D62-8D63	8D66-8D69	8D6C-8D6E	8D73-8D73	8D75-8D76	8D7B-8D7B	8D7D-8D7D	8D84-8D84	8D8B-8D8B	8D90-8D91	8D94-8D94	8D96-8D96	8D9C-8D9C	8DAB-8DAB	8DAF-8DAF	8DB2-8DB2	8DB5-8DB5	8DB7-8DB7	8DBA-8DBA	8DBC-8DBC	8DBF-8DBF	8DC2-8DC3	8DC6-8DC6	8DCB-8DCB	8DCE-8DD0	8DD6-8DD7	8DDA-8DDB	8DE3-8DE4	8DE9-8DE9	8DEB-8DEC	8DF1-8DF1	8DF5-8DF7	8DFA-8DFD	8E05-8E05	8E08-8E0A	8E0E-8E0E	8E14-8E14	8E16-8E16
Noto Sans TC	400	/fonts/served/noto-sans-tc-34-400-normal.woff2	8B6C-8B6D	8B72-8B72	8B7E-8B7E	8B83-8B83	8B89-8B89	8B8C-8B8C	8B8E-8B8E	8B90-8B90	8B92-8B92	8B95-8B96	8B99-8B99	8B9C-8B9C	8B9E-8B9F	8BA3-8BA3	8BA5-8BA5	8BA7-8BA7	8BAA-8BAA	8BAD-8BAD	8BB2-8BB4	8BB6-8BB9	8BBC-8BBD	8BBF-8BC0	8BC3-8BC3	8BC5-8BC5	8BC8-8BCB	8BCF-8BCF	8BD1-8BD1	8BD7-8BDC	8BDE-8BE1	8BE3-8BE3	8BE7-8BE7	8BE9-8BE9	8BEB-8BEC	8BEF-8BEF	8BF1-8BF2	8BF5-8BF6	8BF8-8BF8	8BFA-8BFA	8BFD-8BFE	8C01-8C02	8C05-8C05	8C08-8C08	8C0A-8C11	8C13-8C15	8C18-8C1C	8C1F-8C1F	8C23-8C29	8C2C-8C2D	8C31-8C31	8C34-8C34	8C36-8C36	8C39-8C39	8C3F-8C3F	8C47-8C47	8C49-8C4C	8C4F-8C4F	8C51-8C51	8C55-8C55	8C62-8C62	8C68-8C68	8C73-8C73	8C78-8C78	8C7A-8C7C	8C82-8C82	8C85-8C85	8C89-8C8A	8C8D-8C8E	8C90-8C90	8C94-8C94	8C98-8C99	8CA3-8CA4	8CAD-8CB0	8CB2-8CB2	8CB9-8CBA	8CBD-8CBD
Noto Sans TC	400	/fonts/served/noto-sans-tc-35-400-normal.woff2	89F6-89F6	89FF-89FF	8A01-8A01	8A03-8A03	8A07-8A07	8A09-8A09	8A0C-8A0C	8A0F-8A12	8A16-8A16	8A1B-8A1B	8A22-8A22	8A25-8A25	8A27-8A27	8A2B-8A2B	8A33-8A33	8A36-8A36	8A38-8A38	8A3D-8A3E	8A41-8A41	8A45-8A46	8A48-8A48	8A4E-8A4E	8A51-8A52	8A54-8A54	8A56-8A58	8A5B-8A5B	8A5D-8A5D	8A61-8A61	8A63-8A63	8A67-8A67	8A6A-8A6C	8A70-8A70	8A74-8A76	8A7A-8A7C	8A82-8A82	8A84-8A86	8A89-8A89	8A8F-8A92	8A94-8A94	8A9A-8A9A	8AA1-8AA1	8AA3-8AA3	8AA5-8AA5	8AA7-8AA8	8AAD-8AAD	8AB1-8AB1	8AB6-8AB6	8ABE-8ABE	8AC2-8AC2	8AC4-8AC4	8AC6-8AC6	8AC9-8AC9	8ACC-8ACF	8AD1-8AD1	8ADB-8ADB	8ADD-8AE2	8AE4-8AE4	8AE6-8AE6	8AEA-8AEB	8AED-8AED	8AF1-8AF6	8AFA-8AFA	8AFC-8AFC	8B01-8B01	8B04-8B05	8B07-8B07	8B0B-8B0D	8B0F-8B10	8B13-8B14	8B16-8B16	8B1A-8B1A	8B1C-8B1C	8B21-8B22	8B26-8B26	8B28-8B28	8B2B-8B2B	8B2E-8B2E	8B33-8B33	8B41-8B41	8B46-8B46	8B4C-8B4F	8B53-8B54	8B56-8B56	8B59-8B59	8B5E-8B60	8B64-8B64	8B6A-8B6B
Noto Sans TC	400	/fonts/served/noto-sans-tc-36-400-normal.woff2	889B-889C	889E-889E	88A2-88A2	88A4-88A4	88A8-88A8	88AA-88AA	88AD-88AE	88B1-88B1	88B4-88B4	88B7-88B8	88BC-88BE	88C0-88C0	88C4-88C4	88C6-88C7	88C9-88CC	88CE-88CE	88D2-88D2	88D6-88D6	88D8-88D8	88DB-88DB	88DF-88DF	88E4-88E4	88E8-88E9	88EC-88EC	88EF-88F1	88F3-88F5	88FC-88FC	88FE-88FE	8900-8900	8902-8902	8906-8906	890A-890C	8912-8915	8918-891A	891F-891F	8921-8921	8923-8923	8925-8925	892A-892B	892D-892D	8930-8930	8933-8933	8935-8936	8938-8938	893D-893D	8941-8943	8946-8947	8949-8949	894C-894D	8956-8957	8959-8959	895C-895C	895E-8960	8964-8964	8966-8966	896C-896C	8971-8971	8974-8974	897B-897B	897E-897E	8980-8980	8982-8983	8987-8988	898A-898A	898C-898C	8991-8991	8994-8995	8997-8998	899A-899A	899C-899C	89A1-89A1	89A4-89A7	89A9-89A9	89AC-89AC	89AF-89AF	89B2-89B3	89B7-89B7	89BB-89BB	89BF-89BF	89C5-89C5	89C9-89CA	89D1-89D1	89D4-89D5	89DA-89DA	89DC-89DE	89E5-89E7	89ED-89ED	89F1-89F1	89F3-89F4
Noto Sans TC	400	/fonts/served/noto-sans-tc-37-400-normal.woff2	874C-874C	874E-874F	8753-8753	8757-8758	875D-875D	875F-875F	8761-8765	8768-8768	876A-876A	876C-8770	8772-8772	8777-8777	877A-877B	877D-877D	8781-8781	8784-8785	8788-8788	878B-878B	8793-8793	8797-8798	879F-879F	87A3-87A3	87A8-87A8	87AB-87AD	87AF-87AF	87B3-87B3	87B5-87B5	87B9-87B9	87BB-87BB	87BD-87C0	87C4-87C8	87CA-87CC	87CE-87CE	87D2-87D2	87DB-87DC	87E0-87E1	87E3-87E3	87E5-87E5	87E7-87E7	87EA-87EB	87EE-87EF	87F3-87F4	87F6-87F7	87FE-87FE	8802-8806	880A-880B	880E-880E	8810-8811	8813-8813	8815-8816	881B-881B	8821-8821	8823-8823	8827-8827	8831-8832	8835-8835	8839-883A	883C-883C	8844-8846	884A-884A	884E-884E	8852-8852	8854-8856	8859-885A	885E-885E	8862-8862	8864-8865	8869-886A	886C-886E	8871-8872	8875-8875	8879-8879	887D-887F	8882-8882	8884-8885	8888-8888	8890-8890	8892-8893	8897-8898	889A-889A
Noto Sans TC	400	/fonts/served/noto-sans-tc-38-400-normal.woff2	8602-8602	8604-8605	8610-8610	8616-8618	861A-861A	861E-861E	8621-8622	8627-8627	8629-862A	8634-8636	8638-8638	863A-863A	863C-863C	8640-8640	8642-8642	8646-8646	864C-864D	864F-864F	8651-8654	8657-8657	8659-865A	865C-865C	8662-8662	866B-866C	866F-8671	8673-8673	8677-8677	867A-867B	867D-867E	8680-8682	868B-868D	8693-8696	869A-869A	869C-869D	86A1-86A1	86A3-86A4	86A7-86AA	86AF-86B1	86B3-86B4	86B6-86B6	86B9-86BA	86C0-86C2	86C4-86C4	86C6-86C6	86C9-86CA	86CC-86CE	86D0-86D0	86D3-86D4	86DE-86DF	86E9-86E9	86ED-86F0	86F3-86F3	86F8-86FC	86FE-86FE	8703-8703	8706-870A	870D-870E	8711-8712	8715-8715	8717-8717	8719-871A	871E-871E	8721-8723	8725-8725	8728-8729	872E-872E	8731-8731	8734-8734	8737-8737	873A-873A	873E-8740	8742-8742	8747-8747	8749-8749	874B-874B
Noto Sans TC	400	/fonts/served/noto-sans-tc-39-400-normal.woff2	84B1-84B1	84B4-84B4	84B9-84BB	84BD-84C0	84C2-84C2	84C6-84C7	84CA-84CA	84CD-84D2	84D6-84D6	84DD-84DD	84DF-84DF	84E2-84E2	84E6-84E8	84EA-84EA	84EF-84F0	84F3-84F4	84F7-84F7	84FA-84FA	84FC-84FD	84FF-8500	8506-8506	850C-850C	8511-8511	8515-8515	8517-8517	851D-851F	8524-8524	852B-852B	852F-852F	8532-8532	8534-8535	8537-8538	853A-853A	853C-853C	853E-853E	8541-8542	8545-8545	8548-8548	854B-854B	854D-854E	8552-8553	8555-8558	855A-855A	855E-855E	8561-8565	8568-8568	856A-856C	856F-856F	8574-8574	8577-857B	8580-8581	8585-8586	858A-858A	858C-858C	858F-8590	8594-8594	8597-8599	859C-859C	859F-859F	85A1-85A2	85A4-85A4	85A8-85A8	85AB-85AC	85AE-85AE	85B3-85B4	85B7-85B7	85B9-85BA	85BD-85BE	85C1-85C2	85CB-85CB	85CE-85CE	85D0-85D0	85D3-85D3	85D5-85D5	85DC-85DC	85E0-85E0	85E6-85E6	85E8-85E8	85EA-85EA	85ED-85ED	85F4-85F4	85F6-85F7	85F9-85FA	85FF-85FF
Noto Sans TC	400	/fonts/served/noto-sans-tc-40-400-normal.woff2	8378-8378	837A-8380	8383-8383	8385-8386	8392-8392	8394-8395	8398-8399	839B-839C	83A0-83A0	83A2-83A2	83A4-83A4	83A7-83AA	83AF-83B5	83B7-83B7	83B9-83BA	83BC-83C0	83C2-83C2	83C4-83C5	83C8-83C9	83CB-83CB	83CE-83CF	83D1-83D1	83D4-83D6	83D8-83D8	83DD-83DD	83DF-83DF	83E1-83E2	83E5-83E5	83EA-83EB	83F0-83F0	83F3-83F4	83F9-83F9	83FB-83FE	8406-8407	840B-840B	840F-840F	8411-8411	8413-8413	8418-8418	841B-841D	8420-8421	8423-8424	8426-8429	842B-842B	842D-842E	8432-8433	8435-8435	8437-8439	843B-843C	843E-843E	8445-8447	844E-844E	8451-8452	8456-8456	8459-845A	845C-845C	845F-845F	8462-8462	8466-8467	846D-846D	846F-8471	8473-8474	8476-8478	847A-847A	8484-8484	848B-848B	848D-848E	8493-8494	8497-8497	849D-849D	849F-849F	84A1-84A1	84A8-84A8	84AF-84AF
Noto Sans TC	400	/fonts/served/noto-sans-tc-41-400-normal.woff2	826E-826E	8270-8270	8273-8273	8276-8276	8278-8279	827D-827D	827F-827F	8283-8284	8288-828A	828D-8291	8293-8294	8298-8298	829A-829C	829E-82A4	82A6-82AB	82AE-82AE	82B0-82B0	82B4-82B4	82B6-82B6	82BA-82BC	82BE-82BE	82C1-82C1	82C4-82C5	82C7-82C7	82CB-82CB	82CD-82CD	82CF-82D0	82D2-82D2	82D5-82D6	82D9-82D9	82DB-82DC	82DE-82E1	82E3-82E4	82E7-82E7	82EA-82EB	82EF-82F0	82F3-82F4	82F6-82F7	82F9-82FC	82FE-8301	8306-8308	830B-830E	8316-8316	8318-8318	831A-831B	831D-831E	8327-8327	832A-832A	832C-832D	832F-832F	8331-8331	8333-8334	8337-8337	833A-833C	833F-8340	8342-8342	8344-8347	834B-834C	834F-834F	8351-8351	8356-8358	835A-835A	835E-8361	8363-8364	8367-8368	836B-836B	836F-836F	8373-8373	8375-8375
Noto Sans TC	400	/fonts/served/noto-sans-tc-42-400-normal.woff2	8113-8113	8115-8115	8117-8118	811A-811B	811E-811E	8121-8127	8129-8129	812C-812C	812F-8134	8137-8138	813A-813A	813D-813D	8144-8144	8146-8146	8148-8148	814A-814A	814C-814D	8151-8151	8153-8153	8156-8156	8158-8158	815A-815A	8160-8160	8167-8167	8169-8169	816D-816D	816F-816F	8171-8171	8174-8174	817B-817C	817E-817E	8182-8182	8188-8188	818A-818A	8194-8195	8198-8198	819B-819B	819E-819E	81A3-81A3	81A6-81A7	81AB-81AB	81AF-81B0	81B5-81B6	81B8-81B8	81BA-81BB	81BE-81BF	81C3-81C3	81C6-81C6	81CA-81CA	81CC-81CC	81CF-81CF	81D1-81D3	81D6-81D7	81D9-81DA	81DD-81DE	81E0-81E2	81E7-81E7	81EC-81EC	81EF-81EF	81FC-81FC	81FE-81FE	8200-8202	8204-8206	820B-820B	820E-820E	8210-8210	8215-8215	8217-8218	821B-821B	821D-821D	8221-8222	8224-8224	8228-8229	822B-822B	822F-8234	8236-8238	823A-823A	823E-823E	8240-8240	8244-8245	8249-8249	824B-824B	824E-824F	8257-8257	825A-825A	825F-825F	8264-8264	8268-8268	826B-826B
Noto Sans TC	400	/fonts/served/noto-sans-tc-43-400-normal.woff2	7FB1-7FB2	7FB4-7FB4	7FB6-7FB6	7FB8-7FB8	7FBC-7FBC	7FBF-7FC0	7FC3-7FC3	7FCB-7FCC	7FCE-7FCF	7FD1-7FD1	7FD5-7FD5	7FD8-7FD8	7FDB-7FDB	7FDE-7FDF	7FE5-7FE6	7FE9-7FE9	7FEB-7FEC	7FEE-7FEE	7FF2-7FF3	7FFA-7FFA	7FFD-7FFE	8002-8002	8004-8004	8006-8006	800B-800B	800E-800E	8011-8012	8014-8014	8016-8016	8018-8019	801C-801C	8024-8024	8026-8026	8028-8028	802C-802C	8030-8030	8035-8035	8037-8039	803B-803B	8042-8043	804B-804C	8052-8052	8061-8061	8068-8068	806A-806A	806E-806E	8071-8071	8073-8076	8079-8079	807C-807C	807E-807F	8083-8084	808F-808F	8093-8093	8095-8095	8098-8098	809C-809C	809F-80A0	80A4-80A4	80A7-80A7	80AB-80AB	80AD-80AE	80B0-80B1	80B4-80B6	80B8-80B8	80BC-80C2	80C4-80C4	80C6-80C7	80CB-80CB	80CD-80CD	80CF-80CF	80D4-80D4	80D7-80D7	80D9-80D9	80DB-80DD	80E0-80E0	80E3-80E5	80E7-80E7	80EB-80ED	80EF-80F1	80F3-80F4	80F6-80F7	80FC-80FC	80FE-80FF	8101-8101	8107-8107	8109-8109	810F-8112
Noto Sans TC	400	/fonts/served/noto-sans-tc-44-400-normal.woff2	7EAF-7EAF	7EB1-7EB3	7EB5-7EBA	7EBD-7EBE	7EC0-7EC1	7EC3-7EC3	7EC5-7EC5	7EC7-7ECA	7ECD-7ECE	7ED1-7ED2	7ED4-7ED5	7ED7-7ED8	7EDA-7EDB	7EDD-7EDE	7EE2-7EE3	7EE5-7EE5	7EE7-7EE7	7EE9-7EEB	7EEE-7EF0	7EF3-7EF3	7EF5-7EF5	7EF7-7EF8	7EFD-7F01	7F03-7F03	7F05-7F09	7F0E-7F0E	7F10-7F10	7F13-7F15	7F18-7F1A	7F1C-7F1D	7F20-7F20	7F24-7F25	7F28-7F2A	7F2D-7F2E	7F30-7F30	7F34-7F34	7F36-7F37	7F3D-7F3D	7F42-7F45	7F47-7F4E	7F52-7F52	7F54-7F54	7F58-7F58	7F5A-7F5A	7F5D-7F5D	7F5F-7F63	7F65-7F65	7F68-7F68	7F6B-7F6B	7F78-7F78	7F7D-7F7E	7F81-7F83	7F86-7F87	7F8B-7F8D	7F91-7F91	7F93-7F95	7F97-7F97	7F99-7F9A	7F9D-7F9D	7F9F-7F9F	7FA1-7FA3	7FA5-7FA5	7FA7-7FA7	7FAD-7FB0
Noto Sans TC	400	/fonts/served/noto-sans-tc-45-400-normal.woff2	7D89-7D89	7D8B-7D8F	7D91-7D91	7D95-7D96	7D98-7D9A	7D9D-7D9E	7DA2-7DA3	7DA6-7DA6	7DAA-7DAA	7DAC-7DAC	7DAE-7DB0	7DB3-7DB3	7DB5-7DB5	7DB7-7DB7	7DB9-7DB9	7DBD-7DBD	7DC1-7DC1	7DC3-7DC7	7DCC-7DCF	7DD1-7DD1	7DD6-7DD9	7DDB-7DDC	7DE1-7DE2	7DE6-7DE6	7DF0-7DF3	7DF6-7DF6	7DFE-7DFE	7E01-7E02	7E04-7E04	7E08-7E0B	7E10-7E11	7E13-7E13	7E15-7E15	7E1D-7E20	7E22-7E22	7E25-7E27	7E29-7E29	7E2D-7E2D	7E2F-7E30	7E32-7E37	7E39-7E39	7E3B-7E3B	7E44-7E45	7E47-7E48	7E4A-7E4B	7E4D-7E4D	7E50-7E52	7E56-7E56	7E58-7E5B	7E62-7E62	7E68-7E68	7E6D-7E70	7E76-7E76	7E78-7E78	7E7B-7E7B	7E7E-7E7E	7E81-7E82	7E86-7E88	7E8A-7E8A	7E8D-7E8E	7E92-7E94	7E98-7E9B	7E9E-7E9E	7EA0-7EA0	7EA3-7EA4	7EA8-7EA8	7EAA-7EAE
Noto Sans TC	400	/fonts/served/noto-sans-tc-46-400-normal.woff2	7C20-7C20	7C23-7C23	7C25-7C26	7C2A-7C2B	7C37-7C39	7C40-7C41	7C48-7C49	7C50-7C50	7C53-7C54	7C56-7C57	7C59-7C5C	7C5F-7C5F	7C63-7C63	7C65-7C65	7C69-7C69	7C6C-7C6E	7C74-7C75	7C79-7C79	7C7C-7C7C	7C7E-7C7E	7C84-7C84	7C8B-7C8B	7C8D-7C8D	7C91-7C91	7C94-7C95	7C9B-7C9B	7C9F-7C9F	7CA2-7CA2	7CA4-7CA4	7CA6-7CA6	7CA8-7CAA	7CAE-7CAE	7CB1-7CB3	7CBA-7CBA	7CBC-7CBC	7CBF-7CC0	7CC5-7CC5	7CC8-7CC9	7CCC-7CCE	7CD7-7CD7	7CDC-7CDD	7CE0-7CE0	7CE2-7CE2	7CE8-7CE8	7CEA-7CEA	7CED-7CED	7CF2-7CF2	7CF4-7CF4	7CF6-7CF6	7CF8-7CFA	7CFC-7CFC	7D02-7D02	7D06-7D0A	7D0F-7D0F	7D11-7D12	7D15-7D15	7D18-7D18	7D1C-7D1E	7D25-7D25	7D27-7D27	7D29-7D29	7D2C-7D2C	7D31-7D32	7D35-7D35	7D38-7D38	7D3A-7D3A	7D3C-7D3C	7D3E-7D41	7D43-7D43	7D45-7D45	7D4C-7D4C	7D4E-7D4F	7D53-7D54	7D56-7D56	7D5B-7D5D	7D5F-7D5F	7D63-7D63	7D67-7D67	7D6A-7D6A	7D6D-7D6D	7D70-7D70	7D73-7D73	7D75-7D75	7D79-7D7B	7D7D-7D7D	7D80-7D80	7D83-7D84	7D86-7D88
Noto Sans TC	400	/fonts/served/noto-sans-tc-47-400-normal.woff2	7AFB-7AFB	7AFD-7AFE	7B01-7B06	7B09-7B0B	7B0E-7B10	7B14-7B14	7B18-7B18	7B1A-7B1A	7B1E-7B1F	7B22-7B25	7B29-7B2B	7B2D-7B2E	7B31-7B35	7B38-7B3C	7B45-7B45	7B47-7B48	7B4A-7B4A	7B4C-7B4C	7B4E-7B50	7B58-7B58	7B5B-7B5B	7B5D-7B5D	7B60-7B60	7B62-7B62	7B65-7B67	7B69-7B69	7B6D-7B6F	7B72-7B76	7B79-7B79	7B7E-7B7E	7B82-7B82	7B84-7B85	7B87-7B87	7B8B-7B8B	7B8D-7B93	7B95-7B96	7B98-7B98	7B9C-7B9D	7BA0-7BA0	7BA7-7BA7	7BA9-7BAC	7BB0-7BB0	7BB4-7BB4	7BB6-7BB6	7BB8-7BB9	7BC1-7BC1	7BC3-7BC3	7BC6-7BC6	7BCB-7BCC	7BCF-7BCF	7BD4-7BD4	7BD9-7BDB	7BDD-7BDD	7BE0-7BE1	7BE5-7BE6	7BEA-7BEA	7BED-7BEE	7BF1-7BF3	7BF8-7BF9	7BFC-7C01	7C03-7C03	7C07-7C07	7C0A-7C0D	7C0F-7C0F	7C11-7C12	7C15-7C15	7C1E-7C1F
Noto Sans TC	400	/fonts/served/noto-sans-tc-48-400-normal.woff2	7988-7988	798A-798B	7991-7991	7993-7996	7998-7998	799A-799B	799F-79A2	79A4-79A4	79A8-79A9	79AF-79B0	79B3-79B3	79B5-79B5	79B8-79B8	79BA-79BA	79C3-79C3	79C6-79C6	79C8-79C8	79CF-79CF	79D5-79D6	79DC-79DE	79E3-79E3	79E7-79E7	79EA-79ED	79EF-79F0	79F4-79F4	79F6-79F8	79FD-79FD	7A02-7A03	7A08-7A0A	7A0C-7A0C	7A0E-7A0E	7A10-7A11	7A14-7A14	7A17-7A19	7A1C-7A1C	7A1E-7A1F	7A23-7A23	7A26-7A26	7A2D-7A2D	7A32-7A33	7A37-7A37	7A39-7A39	7A3C-7A3C	7A42-7A42	7A45-7A45	7A49-7A49	7A4F-7A4F	7A56-7A56	7A5A-7A5A	7A5C-7A5C	7A60-7A61	7A63-7A63	7A68-7A68	7A6D-7A6E	7A70-7A71	7A77-7A79	7A80-7A80	7A83-7A83	7A85-7A86	7A88-7A88	7A8D-7A8D	7A90-7A91	7A93-7A96	7A98-7A98	7A9C-7A9D	7AA0-7AA0	7AA3-7AA3	7AA5-7AA6	7AA8-7AA8	7AAA-7AAA	7AAC-7AAC	7AB0-7AB0	7AB3-7AB3	7AB6-7AB6	7AB8-7AB8	7ABB-7ABB	7ABE-7ABF	7AC2-7AC2	7AC8-7AC9	7AD1-7AD2	7AD6-7AD6	7ADA-7ADA	7ADC-7ADE	7AE4-7AE4	7AE6-7AE6	7AE9-7AEB	7AF4-7AF4	7AF8-7AF8	7AFA-7AFA
Noto Sans TC	400	/fonts/served/noto-sans-tc-49-400-normal.woff2	7840-7840	7842-7843	7845-7845	7847-7847	784A-784A	784C-7850	7852-7853	7855-7855	7858-7858	785A-785A	785C-785D	7864-7864	7866-7866	7868-7868	786A-786A	786F-786F	7874-7874	7876-7876	787C-787C	787F-787F	7886-7887	7889-7889	788D-788D	788F-788F	7893-7893	7895-7896	7898-7898	789A-789A	789E-789E	78A1-78A1	78A3-78A3	78A5-78A5	78AA-78AA	78AD-78AD	78B1-78B2	78B4-78B4	78B6-78B6	78B8-78B8	78BE-78BE	78C8-78C9	78CB-78CB	78CE-78CE	78D0-78D1	78D4-78D5	78D7-78D8	78DE-78DE	78E3-78E3	78E6-78E7	78EA-78EA	78EC-78EC	78F2-78F4	78FA-78FB	78FD-7900	7904-7906	790A-790A	790C-790C	7910-7912	791C-791C	791E-791E	7920-7921	792A-792C	792E-792E	7931-7931	7934-7934	7938-7938	793B-793B	793D-793D	793F-793F	7941-7942	7945-7947	7949-7949	794C-794C	794E-794E	7953-7954	7957-795C	795F-795F	7961-7962	7964-7964	7967-7967	7969-7969	796B-796C	796F-796F	7972-7973	7977-7979	797B-797C	797E-797E	7980-7980	7982-7982	7984-7987
Noto Sans TC	400	/fonts/served/noto-sans-tc-50-400-normal.woff2	7705-7705	7707-7708	770A-770A	770C-770C	770F-770F	7715-7715	7719-771B	771D-771E	7722-7722	7725-7726	7728-7728	772D-772D	772F-772F	7733-7736	7738-7738	773B-773B	773D-773D	7741-7741	7744-7744	7746-7746	774C-774C	774E-7752	7755-7755	7759-775A	775F-7760	7762-7762	7765-7766	7768-776A	776C-776E	7771-7771	7778-7778	777A-777A	777D-777E	7780-7780	7785-7785	7787-7787	7789-7789	778B-778D	7791-7793	779C-779C	779F-77A0	77A2-77A2	77A5-77A5	77A9-77A9	77B0-77B1	77B4-77B4	77B6-77B7	77B9-77B9	77BC-77BF	77C5-77C5	77C7-77C7	77CC-77CD	77D3-77D3	77D6-77D7	77DC-77DC	77DE-77DE	77E3-77E3	77E7-77E7	77EB-77EC	77F0-77F0	77F2-77F2	77F6-77F6	77F8-77F8	77FA-77FC	77FE-7800	7803-7803	7805-7806	7809-7809	7810-7812	7815-7816	781A-781A	781C-781D	781F-7823	7825-7827	7829-7829	782C-7830	7833-7833	7835-7835	7837-7837	7839-783A	783C-783C	783E-783E
Noto Sans TC	400	/fonts/served/noto-sans-tc-51-400-normal.woff2	75CC-75CD	75D2-75D2	75D4-75D4	75D9-75D9	75DF-75DF	75E2-75E4	75E6-75E7	75E9-75EC	75F0-75F3	75F7-75F7	75F9-75FA	75FC-75FC	75FE-7602	7608-760A	760C-760D	7610-7610	7615-7616	7618-7620	7622-7623	7625-7625	7627-7627	7629-7629	762B-762B	762E-762E	7630-7630	7632-7635	7638-7638	763A-763C	763E-763E	7640-7640	7643-7643	7646-7646	7648-7649	764D-764E	7654-7654	7658-7658	765C-765C	765F-765F	7663-7667	7669-7669	766B-766D	766F-7670	7676-7676	7678-767A	767F-7681	7683-7683	7688-7688	768A-768B	768E-768E	7690-7690	7695-7696	769A-769E	76A3-76A4	76AA-76AA	76B0-76B1	76B4-76B4	76B7-76B8	76C2-76C2	76C5-76C5	76C9-76C9	76CC-76CD	76CF-76D1	76D6-76D8	76E5-76E6	76E9-76E9	76EC-76EC	76F1-76F1	76F7-76F7	76F9-76FB	76FF-7700	7704-7704
Noto Sans TC	400	/fonts/served/noto-sans-tc-52-400-normal.woff2	749A-749A	749C-74A1	74A3-74A3	74A5-74A7	74A9-74AB	74AE-74AE	74B1-74B2	74B5-74B5	74B8-74B8	74BA-74BA	74BF-74BF	74C5-74C5	74C8-74C8	74CC-74CD	74D2-74D2	74D4-74D4	74D6-74D6	74D8-74D8	74DA-74DA	74DE-74E0	74E2-74E2	74E4-74E4	74E8-74E9	74EE-74EF	74F4-74F4	74F9-74F9	74FB-74FB	74FF-7501	7503-7503	7507-7507	750C-750D	7511-7511	7513-7513	7515-7517	7519-7519	751E-751E	7521-7521	7525-7525	752A-752A	752C-752F	7534-7534	753E-753E	7542-7542	7545-7545	7547-7548	754A-754B	754E-754E	7551-7551	755A-755B	755D-755D	7560-7560	7563-7564	7566-7568	756C-756F	7572-7575	7577-757A	757C-757C	757E-757F	7583-7584	7587-7587	7589-7589	758B-758E	7590-7590	7592-7592	7594-7595	7597-7597	7599-759A	759D-759D	759F-759F	75A1-75A3	75A5-75A5	75A7-75A7	75AA-75AA	75AC-75AC	75AE-75B1	75B3-75B4	75B8-75B8	75BD-75BD	75C0-75C0	75C2-75C4	75C9-75CA
Noto Sans TC	400	/fonts/served/noto-sans-tc-53-400-normal.woff2	73B3-73BA	73BC-73BC	73BF-73BF	73C2-73C2	73C4-73C6	73C9-73C9	73CB-73CC	73CE-73D2	73D6-73D7	73D9-73D9	73DB-73DE	73E3-73E3	73E5-73EB	73EF-73EF	73F5-73F7	73F9-73FA	73FC-73FD	7400-7401	7404-7405	7407-7408	740A-740D	740F-7410	7416-7416	741A-741B	741D-741E	7420-7425	7428-7429	742C-7432	7435-7436	7438-743A	743C-7442	7445-7446	7448-744A	7451-7452	7454-7454	7457-7457	7459-7459	745D-745D	7460-7462	7465-7465	7467-7468	746C-746E	7471-7477	7479-747A	747C-747F	7481-7482	7484-7486	7488-748A	748E-7490	7492-7492	7498-7498
Noto Sans TC	400	/fonts/served/noto-sans-tc-54-400-normal.woff2	727F-727F	7281-7282	7284-7284	7287-7287	728A-728A	728D-728D	7292-7292	7296-7296	7298-7298	729B-729B	729F-72A2	72AD-72AE	72B0-72B5	72B8-72B9	72BC-72BD	72C1-72C1	72C3-72C3	72C5-72C6	72C8-72C8	72CC-72CE	72D2-72D2	72D4-72D4	72DB-72DB	72DD-72DD	72DF-72DF	72E1-72E1	72E8-72E8	72EC-72EE	72F1-72F1	72F3-72F4	72F7-72F7	72FA-72FB	72FD-72FD	7300-7301	7304-7304	7307-7307	730A-730B	730E-730E	7313-7313	7315-7317	7319-7319	731E-731F	7322-7322	7328-732E	7330-7331	7337-7337	733A-733C	733E-733E	7340-7341	7343-7343	734C-734D	734F-7350	7352-7352	7355-7355	7357-7357	7359-735A	7360-7363	7365-7365	7369-7370	7373-7374	7377-7377	737A-737A	737C-737C	737E-737E	7380-7380	7385-7386	738A-738A	738E-738F	7391-7395	7397-7398	739B-739B	73A0-73A2	73A5-73A8	73AD-73AE
Noto Sans TC	400	/fonts/served/noto-sans-tc-55-400-normal.woff2	7113-7116	7118-7118	711C-711C	711E-711E	7120-7120	7122-7122	712E-712F	7131-7131	7134-7134	713C-713C	713F-713F	7143-7143	7145-7147	714A-714B	7150-7153	7155-7156	715A-715A	7160-7160	7162-7162	7166-7166	7168-7168	716C-716C	7171-7171	7173-7173	7178-7178	717A-717B	717D-717D	7180-7181	7185-7185	7187-7188	718B-718B	718F-7190	7192-7192	7196-7198	719A-719C	71A0-71A0	71A4-71A4	71A8-71A8	71AF-71AF	71B2-71B3	71B5-71B5	71B7-71BA	71BE-71BE	71C1-71C1	71C4-71C4	71CA-71CB	71CE-71D0	71D4-71D4	71D7-71D8	71DA-71DA	71DC-71DC	71E0-71E1	71E7-71E7	71EC-71EC	71F4-71F6	71F9-71F9	71FC-71FC	71FE-7201	7203-7203	7207-7207	7209-7209	720C-720C	7213-7215	7217-7217	721A-721A	721D-721D	7222-7223	7228-7228	722B-722B	7230-7230	7237-7237	723B-723B	723F-7242	724B-724B	724D-724D	7252-7253	7256-7256	7258-7258	725D-725D	7263-7266	726A-726B	726E-7270	7273-7275	7277-7277	727A-727B	727E-727E
Noto Sans TC	400	/fonts/served/noto-sans-tc-56-400-normal.woff2	6FE8-6FE9	6FEC-6FEC	6FEE-6FEE	6FF0-6FF0	6FF3-6FF3	6FF5-6FF6	6FFA-6FFA	6FFC-6FFC	6FFF-7001	7003-7003	7005-7007	700B-700B	700D-700D	7015-7015	7018-7018	701B-701B	701E-701E	7020-7021	7023-7023	7026-7027	702C-702C	702F-7032	7034-7035	7037-703C	7040-7040	7042-7044	7046-7046	7049-7049	704B-704B	704F-704F	7052-7052	7054-7055	705C-7061	7064-7069	706C-706D	706F-706F	7073-7075	7078-7078	707A-707A	707E-7081	7085-7086	7089-7089	7090-7091	7094-7096	7098-7098	709C-709C	709F-709F	70A1-70A1	70A4-70A4	70A9-70A9	70AC-70AC	70AF-70B2	70B4-70B5	70B7-70B7	70BB-70BE	70C0-70C3	70CA-70CB	70D2-70D2	70D4-70D5	70D9-70DD	70DF-70DF	70E6-70E9	70EB-70EC	70EF-70EF	70F1-70F1	70F4-70F4	70F7-70F7	70FA-70FA	70FD-70FD	70FF-70FF	7104-7104	7106-7106	7109-7109	710C-710C	7110-7110
Noto Sans TC	400	/fonts/served/noto-sans-tc-57-400-normal.woff2	6ED6-6ED6	6ED8-6ED8	6EDA-6EDB	6EDD-6EDE	6EE2-6EE2	6EE4-6EE5	6EE8-6EE9	6EEB-6EEB	6EEE-6EEE	6EF3-6EF3	6EF8-6EFB	6F00-6F00	6F08-6F0A	6F0D-6F0E	6F11-6F13	6F15-6F15	6F19-6F1A	6F23-6F23	6F25-6F2A	6F2D-6F31	6F33-6F36	6F3A-6F3C	6F40-6F41	6F43-6F44	6F47-6F47	6F4D-6F4F	6F53-6F53	6F57-6F57	6F59-6F5A	6F5C-6F5C	6F5E-6F61	6F63-6F63	6F66-6F67	6F69-6F6C	6F6F-6F6F	6F72-6F78	6F7A-6F7F	6F81-6F82	6F87-6F87	6F89-6F89	6F8B-6F8D	6F90-6F90	6F92-6F92	6F94-6F97	6F9C-6F9C	6F9F-6FA0	6FA2-6FA3	6FA5-6FA8	6FAA-6FAB	6FAE-6FAF	6FB4-6FB4	6FB6-6FB6	6FB9-6FBA	6FBC-6FBC	6FC2-6FC2	6FC6-6FCB	6FCE-6FCE	6FD1-6FD2	6FD4-6FD4	6FD8-6FD8	6FDA-6FDA	6FDE-6FDE	6FE0-6FE2
Noto Sans TC	400	/fonts/served/noto-sans-tc-58-400-normal.woff2	6DD3-6DD3	6DD5-6DD6	6DD9-6DD9	6DDB-6DE0	6DE2-6DE6	6DE9-6DE9	6DEC-6DEC	6DEF-6DF0	6DF2-6DF2	6DF4-6DF4	6DF6-6DF6	6DF8-6DF8	6DFC-6DFD	6E00-6E00	6E02-6E03	6E07-6E0B	6E0D-6E0E	6E10-6E10	6E13-6E15	6E17-6E17	6E19-6E1A	6E1D-6E1D	6E1F-6E1F	6E22-6E22	6E24-6E25	6E27-6E27	6E2B-6E2B	6E2D-6E2E	6E30-6E31	6E36-6E36	6E39-6E3A	6E3C-6E3D	6E40-6E41	6E44-6E45	6E47-6E47	6E49-6E49	6E4B-6E4B	6E4D-6E4F	6E51-6E51	6E53-6E54	6E59-6E59	6E5C-6E5C	6E5E-6E61	6E63-6E66	6E69-6E6B	6E6E-6E6E	6E70-6E76	6E78-6E78	6E7C-6E7C	6E7F-6E80	6E83-6E83	6E85-6E86	6E88-6E89	6E8B-6E8B	6E8D-6E8F	6E93-6E93	6E98-6E9A	6E9F-6E9F	6EA1-6EA1	6EA4-6EA7	6EAE-6EAE	6EB1-6EB2	6EB4-6EB5	6EB7-6EB7	6EBD-6EBD	6EC1-6EC3	6EC7-6EC9	6ECD-6ED0	6ED3-6ED5
Noto Sans TC	400	/fonts/served/noto-sans-tc-59-400-normal.woff2	6CDA-6CDA	6CDC-6CDE	6CE0-6CE0	6CE7-6CE7	6CE9-6CEC	6CEE-6CEF	6CF1-6CF1	6CF7-6CF8	6CFB-6CFE	6D00-6D02	6D04-6D04	6D06-6D07	6D09-6D0A	6D0C-6D0C	6D0E-6D12	6D18-6D1A	6D1F-6D1F	6D22-6D24	6D27-6D28	6D2B-6D2B	6D2D-6D31	6D33-6D3A	6D3C-6D3C	6D3F-6D3F	6D43-6D47	6D4A-6D4B	6D4E-6D4F	6D51-6D53	6D57-6D58	6D5A-6D5A	6D5C-6D5C	6D5E-6D65	6D67-6D67	6D6C-6D6D	6D6F-6D70	6D72-6D72	6D75-6D75	6D79-6D79	6D7C-6D7C	6D7F-6D7F	6D82-6D82	6D85-6D85	6D87-6D87	6D8E-6D8F	6D91-6D95	6D97-6D99	6D9B-6D9B	6D9D-6D9D	6D9F-6D9F	6DA1-6DA1	6DA4-6DA4	6DA6-6DAC	6DB3-6DB4	6DB7-6DB8	6DBE-6DC0	6DC2-6DC2	6DC4-6DC5	6DC8-6DCA	6DCC-6DCD	6DCF-6DD0	6DD2-6DD2
Noto Sans TC	400	/fonts/served/noto-sans-tc-60-400-normal.woff2	6BBB-6BBB	6BBD-6BBD	6BC1-6BC2	6BCC-6BCC	6BCE-6BCE	6BD0-6BD1	6BD5-6BD9	6BDE-6BDE	6BE1-6BE1	6BEC-6BEC	6BF3-6BF3	6BF9-6BF9	6BFD-6BFD	6BFF-6C00	6C02-6C02	6C05-6C06	6C0A-6C0A	6C0C-6C0D	6C10-6C10	6C13-6C13	6C16-6C16	6C18-6C1A	6C1F-6C1F	6C21-6C22	6C24-6C24	6C26-6C26	6C28-6C2A	6C2C-6C2C	6C2E-6C33	6C35-6C37	6C39-6C3A	6C3D-6C3F	6C43-6C43	6C46-6C46	6C49-6C4F	6C54-6C55	6C58-6C58	6C5A-6C5C	6C5E-6C5E	6C64-6C69	6C6B-6C6F	6C71-6C75	6C78-6C79	6C7C-6C7C	6C7E-6C7E	6C82-6C82	6C84-6C87	6C8C-6C8D	6C8F-6C8F	6C93-6C94	6C98-6C98	6C9A-6C9A	6C9D-6C9D	6C9F-6C9F	6CA2-6CA2	6CA5-6CA8	6CAA-6CAA	6CAC-6CB2	6CB4-6CB5	6CBA-6CBA	6CBC-6CBC	6CC2-6CC3	6CC5-6CC7	6CD0-6CD2	6CD4-6CD4	6CD6-6CD7	6CD9-6CD9
Noto Sans TC	400	/fonts/served/noto-sans-tc-61-400-normal.woff2	6A31-6A32	6A35-6A35	6A3B-6A3B	6A3E-6A40	6A47-6A48	6A50-6A50	6A52-6A52	6A55-6A57	6A5A-6A5B	6A5E-6A5E	6A62-6A62	6A66-6A66	6A6A-6A6A	6A71-6A71	6A79-6A79	6A7C-6A7C	6A7E-6A81	6A84-6A84	6A87-6A87	6A89-6A89	6A8D-6A8E	6A90-6A92	6A97-6A97	6A9C-6A9C	6A9E-6AA1	6AA3-6AA5	6AA8-6AA8	6AAB-6AAB	6AAE-6AAE	6AB5-6AB5	6ABA-6ABA	6ABE-6ABE	6AC2-6AC2	6AC5-6AC6	6AC8-6AC9	6ACC-6ACC	6AD3-6AD3	6ADA-6ADB	6ADD-6ADF	6AE3-6AE3	6AE7-6AE8	6AEA-6AEC	6AF1-6AF1	6AF3-6AF3	6AF8-6AF8	6AFA-6AFA	6AFC-6AFC	6B05-6B05	6B09-6B09	6B0E-6B13	6B17-6B17	6B1D-6B1E	6B25-6B25	6B2C-6B2C	6B31-6B31	6B35-6B37	6B39-6B39	6B3B-6B3B	6B40-6B40	6B43-6B43	6B46-6B46	6B48-6B48	6B53-6B55	6B59-6B59	6B5B-6B5B	6B5F-6B60	6B68-6B69	6B6F-6B6F	6B74-6B74	6B7A-6B7A	6B7C-6B7C	6B7F-6B84	6B86-6B87	6B89-6B89	6B8B-6B8B	6B8D-6B8D	6B91-6B93	6B9B-6B9B	6B9E-6B9E	6BA1-6BA2	6BA4-6BA4	6BAA-6BAB	6BAD-6BAE	6BB2-6BB4
Noto Sans TC	400	/fonts/served/noto-sans-tc-62-400-normal.woff2	6900-6900	6902-6902	6904-6904	6906-6907	6909-6909	690B-690B	690F-6910	6917-6917	691A-691C	6925-6925	692A-692A	692C-692D	6932-6932	6934-6934	6939-6939	693C-6940	6942-6942	6949-6949	6952-6952	6954-6957	6959-6959	695B-695F	6961-696C	696E-6970	6973-6974	6976-6976	6978-697A	697C-697C	6980-6980	6984-6986	6988-698A	698D-698E	6990-6991	6994-6994	6996-699B	699E-699E	69A3-69A7	69AB-69AB	69AD-69AD	69AF-69AF	69B1-69B1	69B3-69B3	69B6-69B7	69BB-69BC	69BF-69BF	69C1-69C1	69C3-69C5	69C7-69C7	69CA-69CA	69CC-69CC	69CE-69CE	69D0-69D1	69D4-69D4	69D8-69D9	69DB-69DB	69DF-69DF	69E4-69E4	69E8-69EA	69ED-69EE	69F1-69F4	69F6-69F6	69F8-69F8	69FA-69FB	69FF-6A00	6A05-6A05	6A0A-6A0B	6A17-6A18	6A1B-6A1B	6A28-6A2B
Noto Sans TC	400	/fonts/served/noto-sans-tc-63-400-normal.woff2	67D9-67D9	67DB-67E0	67E2-67E2	67E4-67E4	67E9-67EA	67F0-67F0	67F2-67F2	67F6-67F8	67FA-67FB	67FE-67FE	6800-6805	6808-6809	680B-680B	680E-680F	6811-6812	6814-6814	6816-6816	6818-6818	681C-681E	6820-6820	6822-6822	6825-6825	6827-6829	682B-682B	682E-682F	6831-6834	683A-683B	683E-683E	6840-6841	6844-6845	6849-6849	684E-684E	6853-6853	6855-6856	685C-685D	685F-685F	6861-6863	6865-6869	686B-686B	686D-686D	686F-686F	6871-6872	6874-6875	6877-6877	6879-6879	687B-687C	687E-687E	6880-6880	6882-6883	6886-6886	688F-688F	6891-6892	6894-6894	6896-6896	6898-6898	689B-689C	689F-68A0	68A2-68A3	68A6-68A6	68A9-68A9	68B1-68B2	68B4-68B4	68B6-68B6	68C0-68C0	68C3-68C3	68C6-68C6	68C8-68C8	68CA-68CA	68D0-68D1	68D3-68D3	68D6-68D6	68E1-68E1	68E3-68E3	68E6-68E6	68E8-68EC	68EF-68F1	68F3-68F3	68F6-68F7	68F9-68F9	68FB-68FD
Noto Sans TC	400	/fonts/served/noto-sans-tc-64-400-normal.woff2	66A7-66A7	66AA-66AA	66B2-66B3	66B5-66B5	66B8-66BC	66BE-66BE	66C1-66C1	66C4-66C4	66C7-66C8	66CC-66CC	66CF-66CF	66D5-66D5	66D8-66DB	66DF-66DF	66E1-66E2	66E8-66E9	66EF-66EF	66F1-66F1	66F5-66F5	66F7-66F7	66FA-66FA	66FD-66FD	6705-6705	670A-670A	670F-6710	6713-6715	6718-6719	6720-6720	6722-6727	6729-6729	672E-672E	6733-6733	6736-6736	6738-6739	673F-6740	6742-6742	6745-6745	6747-6748	674B-674D	6753-6753	6755-6755	6759-6759	675D-675E	6760-6760	6762-6763	6767-676A	676C-676C	676E-676E	6772-6777	677A-677C	6782-6782	6786-6787	678A-678C	678E-678F	6791-6793	6796-6796	6798-6799	679F-67A3	67A5-67A5	67AA-67AE	67B0-67B0	67B2-67B5	67B7-67BC	67C0-67C3	67C5-67C6	67C8-67CA	67CE-67CE	67D2-67D2	67D8-67D8
Noto Sans TC	400	/fonts/served/noto-sans-tc-65-400-normal.woff2	655D-655D	6561-6561	6564-6565	6567-6567	656B-656B	656D-656E	6573-6573	6576-6576	6579-657B	6581-6581	6586-6586	6588-6589	658B-658B	658E-658E	6593-6593	6595-6595	659B-659B	659D-659D	659F-65A1	65A9-65A9	65AB-65AB	65AD-65AD	65B2-65B3	65B5-65B5	65BB-65BB	65BE-65BF	65C2-65C4	65C6-65C6	65CC-65CC	65CE-65CE	65D2-65D2	65D6-65D6	65DB-65DB	65E1-65E1	65E3-65E3	65E7-65E7	65EE-65F0	65F2-65F4	65F7-65F8	65FC-65FD	6600-6600	6603-6605	6609-6609	660D-660D	6610-6611	6619-6619	661C-661E	6621-6622	6624-6624	6626-6626	6629-6629	662B-662B	6630-6630	6633-6636	6639-663D	6640-6641	6644-6645	664A-664C	6653-6657	6659-6659	665B-665B	665D-665E	6661-6667	6669-6669	666C-666C	6672-6673	6677-6679	667B-667E	6681-6684	668B-6690	6692-6692	6698-6698	669D-669D	669F-66A0	66A6-66A6
Noto Sans TC	400	/fonts/served/noto-sans-tc-66-400-normal.woff2	6427-6428	642A-642B	642F-6430	6432-6432	6434-6434	6437-6437	643A-643A	643D-6444	6446-6447	644A-644B	644E-644E	6450-6453	6456-6456	6459-6459	645B-645C	645E-645E	6460-6461	6463-6465	6468-6468	646C-646E	6470-6470	6472-6477	6479-6479	647B-647B	647D-647D	6480-6480	6482-6482	6485-6485	648B-648C	6491-6491	6493-6493	6496-649A	649D-649D	649F-64A0	64A2-64A3	64AC-64AC	64B1-64B1	64B3-64B4	64B7-64B9	64BB-64BB	64BE-64BE	64C0-64C0	64C3-64C4	64D0-64D0	64D2-64D2	64D5-64D5	64D7-64D8	64E1-64E4	64E7-64E7	64E9-64E9	64ED-64ED	64EF-64F0	64F3-64F3	64F8-64F8	64FB-64FC	64FF-64FF	6504-6506	6509-6509	6511-6512	6516-6516	6518-6519	651B-651B	6520-6523	6525-6526	6529-6529	652B-652B	652E-652E	6530-6530	6532-6532	6534-6535	6537-6538	653A-653A	653D-653D	6542-6543	6549-6549	654C-654E	6554-6555	655B-655B
Noto Sans TC	400	/fonts/served/noto-sans-tc-67-400-normal.woff2	630D-630E	6310-6310	6312-6313	6319-631B	631D-6321	6323-6325	632D-632E	6332-6332	6334-6339	633B-633C	633E-6340	6342-6346	634B-634C	634E-634E	6352-6352	6357-6357	635A-635A	635C-635C	635E-635F	6361-6361	6363-6363	6365-6365	6369-6369	636B-636D	636F-6370	6373-6373	6375-6376	637A-637B	637D-637D	6381-6381	6384-6384	6387-6387	638A-638A	638D-638E	6390-6390	6394-6397	639E-639F	63A3-63A4	63A6-63A6	63AC-63AF	63B1-63B4	63B7-63B7	63B9-63BB	63BD-63BE	63C3-63C4	63C8-63C8	63CD-63CE	63D1-63D1	63D6-63D6	63DC-63DC	63DE-63DE	63E0-63E0	63E3-63E4	63E6-63E6	63E9-63E9	63F0-63F0	63F2-63F3	63F5-63F8	63FA-63FA	63FC-63FE	6400-6402	6405-6406	6409-640C	6410-6410	6414-6415	6418-6418	641B-641B	641F-6423	6425-6426
Noto Sans TC	400	/fonts/served/noto-sans-tc-68-400-normal.woff2	61C6-61C6	61CA-61CD	61D0-61D0	61D2-61D2	61DE-61E0	61E3-61E3	61E6-61E6	61E8-61E8	61ED-61EE	61F5-61F5	61F9-61FA	61FD-61FE	6207-6207	6209-6209	620D-620E	6213-6215	6219-6219	621B-621B	621D-6223	6225-6227	6229-6229	622B-622C	622E-622F	6231-6231	6238-6238	623B-623B	623D-623E	6242-6243	6246-6246	6248-6249	624C-624C	6251-6251	6255-6255	6259-625A	625E-625E	6260-6262	6265-6267	6269-6269	626B-626C	6270-6273	6275-6275	627A-627D	6283-6283	6285-6286	6289-6289	628C-628C	628E-628E	6294-6294	629A-629E	62A0-62A0	62A2-62A2	62A6-62A6	62A8-62A8	62AF-62AF	62B3-62B3	62B6-62B6	62BA-62BB	62BE-62BF	62C2-62C2	62C4-62C5	62C8-62C8	62CA-62CA	62CF-62CF	62D1-62D1	62D5-62D5	62D7-62D7	62D9-62D9	62DD-62DD	62DF-62E3	62E5-62E8	62EE-62EE	62F4-62FB	62FD-62FD	6300-6300	6302-6302	6308-6308	630C-630C
Noto Sans TC	400	/fonts/served/noto-sans-tc-69-400-normal.woff2	60AC-60AD	60AF-60B1	60B3-60B5	60B8-60B8	60BB-60BB	60BD-60BE	60C0-60C0	60C6-60C7	60CA-60CB	60D3-60D5	60D7-60DB	60DD-60DD	60E2-60E3	60E6-60F0	60F2-60F2	60F4-60F4	60F6-60F6	60FA-60FB	60FF-6100	6103-6103	6106-6106	610A-610B	610D-610E	6110-6110	6112-6116	6120-6120	6123-6124	6128-6130	6134-6134	6136-6136	613C-613F	6144-6144	6146-6147	6149-614A	614D-614D	6151-6153	6159-615A	615C-615F	6164-6165	6169-616D	616F-616F	6171-6175	6177-6177	617A-617A	617C-617C	617F-6180	6187-6187	618A-618E	6192-6194	6199-619B	619F-619F	61A1-61A1	61A7-61A8	61AA-61AF	61B8-61B8	61BA-61BA	61BF-61BF	61C3-61C3
Noto Sans TC	400	/fonts/served/noto-sans-tc-70-400-normal.woff2	5F78-5F78	5F7B-5F7B	5F7D-5F7D	5F82-5F84	5F87-5F87	5F89-5F8A	5F8D-5F8D	5F93-5F93	5F95-5F95	5F98-5F99	5F9B-5F9C	5FA0-5FA0	5FA4-5FA4	5FA6-5FA8	5FAB-5FAD	5FB3-5FB4	5FBC-5FBC	5FC4-5FC4	5FC6-5FC6	5FC9-5FC9	5FCB-5FCB	5FCE-5FD6	5FDC-5FDF	5FE1-5FE1	5FE4-5FE4	5FE7-5FE7	5FEA-5FEA	5FEC-5FEE	5FF1-5FF1	5FF3-5FF3	5FF8-5FF8	5FFA-5FFC	5FFF-6000	6002-6002	6005-6005	600A-600A	600D-600D	600F-6010	6014-6014	6017-6017	6019-601C	601E-601E	6020-6020	6022-6022	6026-6026	6029-6029	602B-602C	602E-602F	6031-6031	6033-6035	6039-6039	603C-603C	6040-6043	6045-6045	6047-6047	604A-604C	604F-604F	6053-6053	6059-605B	605D-605D	6060-6060	6063-6063	6067-6067	606A-606B	606E-606E	6072-6076	6078-6078	607A-607A	607C-607C	607F-6081	6083-6083	6086-6086	608A-608A	608C-608C	608E-608E	6092-6093	6095-6097	609B-609B	609D-609D	60A2-60A2	60A6-60A7	60A9-60AA
Noto Sans TC	400	/fonts/served/noto-sans-tc-71-400-normal.woff2	5E34-5E34	5E37-5E37	5E3A-5E3A	5E3C-5E3C	5E40-5E40	5E42-5E44	5E47-5E47	5E54-5E54	5E57-5E5B	5E5E-5E5F	5E61-5E62	5E64-5E64	5E6A-5E6A	5E6C-5E6C	5E6E-5E6E	5E75-5E75	5E77-5E77	5E7A-5E7A	5E80-5E81	5E83-5E83	5E86-5E86	5E88-5E88	5E8B-5E8B	5E90-5E90	5E92-5E92	5E96-5E96	5E99-5E99	5E9B-5E9B	5E9D-5EA2	5EA4-5EA5	5EB3-5EB6	5EB9-5EB9	5EBE-5EBE	5EC3-5EC4	5EC6-5EC6	5ECB-5ECD	5ED0-5ED2	5ED4-5ED5	5ED8-5ED9	5EDB-5EDB	5EDD-5EDD	5EE1-5EE1	5EE8-5EE9	5EEC-5EEC	5EEF-5EF0	5EF4-5EF5	5EF8-5EF8	5EFB-5EFC	5EFE-5EFE	5F01-5F03	5F05-5F05	5F07-5F09	5F0B-5F0E	5F10-5F12	5F14-5F14	5F16-5F16	5F1B-5F1B	5F1D-5F1D	5F22-5F22	5F25-5F25	5F28-5F29	5F2D-5F2D	5F2F-5F30	5F36-5F36	5F38-5F39	5F3C-5F3C	5F3E-5F3E	5F40-5F42	5F45-5F46	5F4A-5F4A	5F50-5F52	5F54-5F54	5F56-5F58	5F5A-5F5E	5F61-5F61	5F63-5F63	5F66-5F67	5F6B-5F6B	5F72-5F74	5F76-5F76
Noto Sans TC	400	/fonts/served/noto-sans-tc-72-400-normal.woff2	5CE0-5CE1	5CE5-5CE6	5CE8-5CEA	5CED-5CEE	5CF1-5CF1	5CF4-5CF5	5CF8-5CF8	5CFE-5D00	5D06-5D06	5D08-5D08	5D0A-5D0D	5D15-5D15	5D18-5D18	5D1A-5D1A	5D1D-5D1D	5D1F-5D22	5D24-5D24	5D26-5D28	5D2C-5D2E	5D33-5D35	5D3D-5D3D	5D3F-5D3F	5D42-5D43	5D46-5D47	5D49-5D4B	5D4E-5D4E	5D52-5D53	5D57-5D59	5D5B-5D5C	5D65-5D65	5D68-5D69	5D6B-5D6C	5D6F-5D6F	5D74-5D75	5D7E-5D7F	5D81-5D82	5D85-5D88	5D8B-5D8C	5D92-5D92	5D94-5D94	5D97-5D97	5D99-5D99	5D9D-5D9D	5DA0-5DA2	5DA7-5DA7	5DA9-5DAA	5DAE-5DAE	5DB2-5DB2	5DB4-5DB4	5DB7-5DB8	5DBD-5DBD	5DC2-5DC5	5DC9-5DC9	5DCB-5DCD	5DD2-5DD2	5DD6-5DD6	5DD8-5DD8	5DDB-5DDC	5DE0-5DE0	5DE3-5DE3	5DE9-5DE9	5DF0-5DF0	5DF3-5DF3	5DF5-5DF5	5DF9-5DF9	5DFB-5DFD	5E00-5E01	5E04-5E05	5E0A-5E0A	5E11-5E11	5E14-5E14	5E18-5E1C	5E1F-5E22	5E27-5E28	5E2F-5E30
Noto Sans TC	400	/fonts/served/noto-sans-tc-73-400-normal.woff2	5B80-5B82	5B84-5B84	5B8D-5B8D	5B92-5B93	5B95-5B96	5B9F-5BA1	5BA6-5BA8	5BAA-5BAD	5BBD-5BBE	5BC0-5BC1	5BC3-5BC3	5BD0-5BD1	5BD4-5BD8	5BDB-5BDD	5BE4-5BE5	5BEF-5BEF	5BF3-5BF3	5BFB-5BFB	5BFE-5BFF	5C02-5C03	5C05-5C05	5C09-5C09	5C0C-5C0C	5C10-5C10	5C12-5C13	5C15-5C15	5C18-5C19	5C1B-5C1B	5C1D-5C1F	5C22-5C22	5C25-5C25	5C27-5C28	5C2A-5C2B	5C34-5C34	5C38-5C38	5C3D-5C3D	5C42-5C42	5C44-5C44	5C47-5C47	5C49-5C4A	5C50-5C50	5C53-5C53	5C58-5C59	5C5B-5C5B	5C5D-5C5D	5C61-5C61	5C63-5C63	5C68-5C68	5C6D-5C6E	5C74-5C74	5C79-5C84	5C86-5C86	5C88-5C88	5C8A-5C8D	5C92-5C9C	5CA0-5CA0	5CA2-5CA3	5CA5-5CA7	5CAB-5CAD	5CB5-5CB5	5CB7-5CB7	5CBA-5CBB	5CC1-5CC1	5CC8-5CC8	5CCA-5CCB	5CCE-5CCE	5CD2-5CD2	5CD6-5CD6	5CD8-5CDA	5CDF-5CDF
Noto Sans TC	400	/fonts/served/noto-sans-tc-74-400-normal.woff2	5A51-5A51	5A53-5A53	5A56-5A57	5A5D-5A5E	5A60-5A62	5A65-5A65	5A67-5A67	5A6A-5A6A	5A6C-5A6D	5A73-5A76	5A7A-5A7C	5A81-5A84	5A8C-5A8C	5A90-5A90	5A93-5A93	5A96-5A97	5A9C-5A9C	5A9E-5AA0	5AA4-5AA4	5AA7-5AA7	5AAB-5AAC	5AAE-5AAF	5AB1-5AB1	5AB4-5AB5	5AB8-5AB8	5ABA-5ABC	5ABE-5ABF	5AC3-5AC4	5AC6-5ACB	5ACF-5AD2	5AD4-5ADC	5AE0-5AE1	5AE3-5AE3	5AE5-5AE6	5AE8-5AE8	5AEA-5AEB	5AEE-5AEE	5AF0-5AF0	5AF2-5AF2	5AF5-5AF5	5AFA-5AFA	5AFF-5AFF	5B01-5B01	5B05-5B05	5B08-5B08	5B0B-5B0B	5B11-5B11	5B16-5B17	5B19-5B19	5B1B-5B1B	5B1D-5B1D	5B21-5B23	5B28-5B28	5B2A-5B2D	5B32-5B32	5B34-5B34	5B36-5B38	5B3E-5B40	5B43-5B46	5B4B-5B4C	5B51-5B51	5B53-5B53	5B59-5B59	5B5B-5B5C	5B62-5B62	5B65-5B65	5B6C-5B6E	5B70-5B73	5B75-5B75	5B7A-5B7B	5B7D-5B7D	5B7F-5B7F
Noto Sans TC	400	/fonts/served/noto-sans-tc-75-400-normal.woff2	590B-590C	590E-590E	5910-5911	5914-5914	5919-5919	591B-591B	591F-591F	5923-5924	592C-592C	5932-5932	5938-593A	5940-5940	5942-5942	5944-5944	594B-594C	594E-594E	5950-5950	5953-5953	5956-5956	5958-5958	595A-595A	5961-5961	5966-5966	5968-5969	596C-596D	5975-5975	5977-5977	597B-597C	597E-597E	5980-5981	5986-5988	598A-598A	598F-598F	5997-5998	599F-59A3	59A6-59A7	59A9-59A9	59AB-59AC	59AF-59AF	59B1-59B2	59B6-59B6	59B8-59B8	59BA-59BA	59BE-59BE	59C1-59C1	59C3-59C3	59C7-59C9	59CD-59CE	59D2-59D2	59D6-59D9	59DD-59DE	59E0-59E0	59E3-59E5	59E9-59EB	59EE-59EE	59F1-59F3	59F5-59F9	59FC-59FD	5A00-5A00	5A04-5A07	5A09-5A09	5A0C-5A0C	5A11-5A11	5A13-5A13	5A16-5A17	5A1A-5A1A	5A1E-5A1E	5A20-5A20	5A23-5A24	5A29-5A2B	5A2D-5A2F	5A32-5A34	5A38-5A38	5A3C-5A3C	5A3F-5A44	5A47-5A48	5A4A-5A4A	5A4C-5A4D	5A50-5A50
Noto Sans TC	400	/fonts/served/noto-sans-tc-76-400-normal.woff2	57A1-57A1	57A4-57A4	57A6-57A6	57A9-57A9	57AB-57AB	57B5-57B5	57B8-57BB	57C2-57C2	57C5-57C8	57CC-57CC	57CF-57CF	57D2-57D2	57DC-57DE	57E1-57E2	57E5-57E5	57E7-57E7	57ED-57EE	57F0-57F0	57F3-57F6	57F8-57F8	57FB-57FD	5800-5801	5803-5804	5807-5807	5809-580B	580D-580E	5810-5811	5814-5815	5819-5819	581D-581E	5820-5820	5823-5823	5826-5826	582C-582D	5830-5830	583A-583A	583F-5841	5848-5848	584B-584B	584D-584D	584F-584F	5852-5852	5859-585A	585C-585C	5861-5861	5864-5864	5868-5869	586C-586D	5871-5872	5879-5879	587C-5881	5887-5889	588E-588E	5890-5892	5896-5899	589D-589D	58A1-58A1	58A3-58A3	58A6-58A6	58A9-58A9	58AC-58AC	58B0-58B1	58BB-58BC	58C2-58C2	58C5-58C6	58CA-58CA	58CC-58CC	58CE-58CE	58D0-58D1	58D5-58D5	58D9-58DA	58DF-58E0	58E9-58E9	58EC-58EC	58EE-58EE	58F1-58F3	58F6-58F7	58FB-58FC	5900-5900	5902-5902	5906-5906	5909-590A
Noto Sans TC	400	/fonts/served/noto-sans-tc-77-400-normal.woff2	566F-566F	5671-5672	5676-5676	567A-567C	5680-5680	5684-5686	568C-568C	568E-568F	5692-5693	5697-5699	569C-569C	569E-569E	56A1-56A7	56A9-56A9	56AB-56AD	56AF-56AF	56B3-56B3	56B5-56B6	56B8-56B8	56BF-56C1	56C3-56C3	56C5-56C5	56C7-56C8	56CB-56CC	56D2-56D4	56D6-56D9	56DF-56DF	56E1-56E5	56EA-56EC	56EE-56EF	56F1-56F4	56F7-56F7	56F9-56F9	56FF-5700	5703-5704	5706-5707	5709-570A	570C-570C	570F-570F	5711-5711	5717-5717	571C-571C	5723-5724	5727-5727	5729-572A	572C-572C	572E-572F	5734-5735	573B-573B	5741-5741	574B-574D	574F-574F	5752-5752	5754-5754	575A-5760	5763-5763	5768-5769	576B-576B	576D-576D	576F-5770	5772-5775	5777-5777	577B-577D	5780-5780	5784-5784	5788-5788	578C-578C	578E-578E	5792-5793	5795-5795	579A-579B	579F-57A0
Noto Sans TC	400	/fonts/served/noto-sans-tc-78-400-normal.woff2	5551-5551	5553-5553	5555-5557	555C-555C	5562-5563	5567-5567	5569-5569	556B-556C	5570-5570	5575-5579	557B-557C	557F-557F	5581-5581	5583-5583	5586-5586	5588-5588	558B-558B	558F-558F	5591-5591	5599-5599	559F-559F	55A1-55A1	55A3-55A3	55A5-55A6	55A8-55A9	55AB-55AB	55AD-55AD	55B0-55B1	55B3-55B3	55B6-55B7	55B9-55B9	55BC-55BD	55C4-55C5	55C7-55C7	55C9-55C9	55CC-55CD	55D0-55D0	55D2-55D2	55D4-55D9	55DB-55DB	55DD-55DF	55E1-55E6	55E9-55EA	55EC-55EC	55EE-55EE	55F1-55F3	55F5-55F7	55F9-55FA	55FE-55FE	5600-5602	5608-5608	560C-560C	560F-560F	5612-5613	5615-5616	5618-5618	561A-561A	561C-561C	561E-561E	5620-5620	5623-5625	5627-5627	562A-562A	562C-562E	5630-5631	5635-5636	5638-563A	5640-5640	5642-5643	5649-5649	564C-5650	5654-5654	5658-565D	5664-5666	5669-5669	566B-566B	566D-566D
Noto Sans TC	400	/fonts/served/noto-sans-tc-79-400-normal.woff2	543D-543D	543F-543F	5441-5441	5444-5445	5447-5447	5449-5449	544B-544D	5450-5455	5457-5457	545B-545C	545F-5460	5463-5464	546A-5472	5474-5474	5476-5476	5478-5478	547B-547B	547E-547F	5482-5488	548A-548A	548D-5491	5494-5494	5498-549D	54A1-54A5	54AB-54AB	54AD-54AF	54B5-54B5	54B7-54B7	54BB-54BC	54BE-54BF	54CA-54CA	54CC-54CC	54CF-54D2	54D4-54D4	54D6-54D7	54DA-54DA	54DE-54DF	54E2-54E2	54E4-54E4	54E7-54E7	54EB-54EB	54F3-54F3	54FD-54FD	54FF-54FF	5501-5502	5504-5506	550A-550A	550C-550C	550E-550F	5511-5513	5516-5517	551A-551B	551E-551E	5520-5520	5524-5524	5526-5527	552A-552A	552C-552D	5530-5530	5532-5533	5535-5536	553B-553C	553E-553F	5541-5542	5544-5545	5547-5547	5549-5549	554B-554B	554D-554E	5550-5550
Noto Sans TC	400	/fonts/served/noto-sans-tc-80-400-normal.woff2	52DB-52DB	52E0-52E0	52E3-52E3	52E6-52E7	52EB-52EB	52ED-52EE	52F0-52F2	52F7-52F7	52F9-52FA	5300-5302	530A-530B	530D-530D	530F-5310	5315-5315	531A-531A	531C-531D	532D-532E	5331-5331	5338-5338	533B-533E	5344-5345	534B-534D	534F-5350	5358-5358	535E-535F	5362-5364	5367-5367	5369-5369	536B-536C	536E-536F	5372-5372	5374-5374	5379-537A	537C-537D	5382-5382	5385-5385	5389-5389	538B-538C	538E-538E	5392-5396	5399-5399	53A0-53A2	53A4-53A6	53A8-53A9	53AE-53AE	53B0-53B0	53B3-53B4	53B6-53B7	53B9-53B9	53BF-53BF	53C1-53C1	53C4-53C4	53CE-53CF	53D2-53D2	53D5-53D5	53D9-53DA	53DF-53E1	53E7-53E9	53F1-53F1	53F5-53F6	53F9-53F9	53FB-53FD	5400-5402	5405-5407	540F-540F	5412-5412	5414-5417	541A-541A	5420-5421	5424-5425	5428-5429	542C-542F	5431-5432	5434-5434	5437-5437
Noto Sans TC	400	/fonts/served/noto-sans-tc-81-400-normal.woff2	518F-518F	5191-5191	5193-5193	5195-5197	519A-519C	519E-519E	51A2-51A2	51A6-51A9	51AB-51AB	51AD-51AF	51B1-51B6	51BA-51C0	51C3-51C5	51C7-51C7	51C9-51CB	51CE-51D1	51D4-51D4	51D6-51D6	51D9-51D9	51DB-51DC	51DF-51DF	51E4-51E4	51E6-51E6	51E9-51EA	51ED-51ED	51EF-51EF	51F4-51F5	51FC-51FC	51FF-51FF	5201-5202	5204-5205	5208-5208	520B-520B	520D-520E	5213-5213	5215-5216	5218-5218	521A-521A	5220-5220	5223-5223	5226-5228	5232-5234	5239-5239	523C-523C	5241-5242	5244-5244	5249-5249	524C-524C	5251-5252	5255-5255	5257-5257	525C-525C	525E-525E	5261-5261	5263-5265	526E-526E	5270-5270	5273-5274	5277-5277	527D-527D	527F-527F	5281-5282	5284-5284	528A-528A	528C-528C	528F-528F	5292-5294	529D-529D	52A6-52A6	52AC-52AD	52B1-52B5	52B9-52B9	52BB-52BC	52BE-52C0	52C5-52C5	52CB-52CB	52CD-52CD	52D0-52D1	52D6-52D7
Noto Sans TC	400	/fonts/served/noto-sans-tc-82-400-normal.woff2	5032-5032	5036-5036	503A-503B	503E-503E	5040-5041	5043-5043	5045-5046	5048-5048	504A-504E	5051-5053	505D-5060	5063-5063	506A-506A	506F-5072	5078-5078	507A-507B	507F-5080	5088-5089	508B-508C	508E-508E	5092-5092	5095-5096	509A-509D	50A3-50A3	50A5-50A5	50A8-50A8	50AF-50AF	50B1-50B1	50B4-50B4	50BA-50BA	50C2-50C2	50C6-50CA	50CD-50CE	50D6-50D6	50D9-50D9	50DD-50DF	50E1-50E1	50E3-50E3	50E5-50E6	50E8-50EA	50EC-50F0	50F3-50F3	50FB-50FB	50FE-50FE	5101-5102	5105-5109	510B-510E	5110-5110	5113-5115	5117-5117	511A-511C	511E-511E	5120-5121	5125-5125	512B-512B	5131-5131	5134-5135	5138-513C	5140-5140	514E-514E	5150-5151	5155-5157	515A-515A	515F-515F	5162-5162	516A-516A	516E-516E	5172-5172	5174-5174	5179-5179	517B-517B	517D-517D	5182-5182	5186-5186	5188-5189	518B-518B
Noto Sans TC	400	/fonts/served/noto-sans-tc-83-400-normal.woff2	4F22-4F22	4F24-4F24	4F29-4F2B	4F2D-4F2D	4F31-4F32	4F35-4F35	4F37-4F37	4F39-4F39	4F3B-4F3B	4F3E-4F3E	4F41-4F43	4F47-4F47	4F49-4F49	4F4C-4F4C	4F52-4F52	4F57-4F58	4F5A-4F5A	4F5D-4F5F	4F61-4F61	4F63-4F64	4F67-4F67	4F6A-4F6A	4F6E-4F6F	4F72-4F72	4F74-4F74	4F76-4F7B	4F7D-4F7E	4F80-4F82	4F84-4F84	4F89-4F8A	4F8E-4F94	4F96-4F98	4F9A-4F9A	4F9E-4F9E	4FA0-4FA3	4FA5-4FA8	4FAA-4FAC	4FB2-4FB3	4FB7-4FBA	4FC0-4FC1	4FC5-4FC7	4FCB-4FCB	4FCD-4FCE	4FD1-4FD1	4FD3-4FD4	4FD8-4FDC	4FDF-4FDF	4FE2-4FE5	4FE8-4FEA	4FEC-4FED	4FF3-4FF6	4FF8-4FFA	4FFD-4FFD	5000-5000	5002-5002	5005-5005	5008-5008	500C-500C	500F-500F	5013-5015	501B-501C	501E-501E	5022-5025	5027-5028	502C-502E	5030-5031
Noto Sans TC	400	/fonts/served/noto-sans-tc-84-400-normal.woff2	3A17-3A17	3A52-3A52	3B22-3B22	3BD7-3BD7	3BFF-3BFF	3CA5-3CA5	3D68-3D68	3DDB-3DDB	3DE7-3DE7	3DEB-3DEB	3E03-3E03	3E74-3E74	3F08-3F08	3F0E-3F0E	3F21-3F21	3F97-3F97	4102-4102	411B-411B	4181-4181	43C8-43C8	4552-4552	4576-4576	46E5-46E5	4837-4837	493D-493D	4A3B-4A3B	4D09-4D09	4E02-4E02	4E04-4E05	4E0C-4E0C	4E0F-4E10	4E15-4E15	4E17-4E17	4E1B-4E1B	4E21-4E22	4E25-4E25	4E27-4E27	4E31-4E31	4E34-4E34	4E36-4E37	4E3D-4E3D	4E3F-4E42	4E44-4E44	4E47-4E47	4E49-4E49	4E4C-4E4C	4E52-4E54	4E57-4E57	4E5A-4E5B	4E60-4E61	4E69-4E69	4E6D-4E6D	4E78-4E78	4E80-4E81	4E85-4E85	4E87-4E87	4E89-4E8A	4E8D-4E8D	4E8F-4E8F	4E93-4E93	4E96-4E96	4E98-4E99	4E9C-4E9C	4E9F-4EA0	4EA2-4EA2	4EA5-4EA5	4EA9-4EA9	4EB0-4EB0	4EB2-4EB3	4EB5-4EB7	4EB9-4EB9	4EBB-4EBC	4EBF-4EBF	4EC2-4EC6	4EC8-4EC9	4ECF-4ECF	4ED1-4ED1	4ED3-4ED3	4EDC-4EE1	4EE7-4EEB	4EEE-4EEF	4EF1-4EF1	4EF3-4EF5	4EFA-4EFA	4EFC-4EFC	4F00-4F00	4F02-4F03	4F05-4F05	4F07-4F09	4F0B-4F0B	4F0E-4F0E	4F15-4F15	4F17-4F17	4F1D-4F1F
Noto Sans TC	400	/fonts/served/noto-sans-tc-85-400-normal.woff2	305C-305C	3062-3062	306D-306D	307A-307A	307C-307C	3080-3080	308E-308E	3090-3091	3099-309E	30A5-30A5	30C2-30C2	30C5-30C5	30EE-30EE	30F0-30F2	30F4-30F6	30FD-30FE	3105-3106	3108-3108	310A-310B	310D-3119	311B-311E	3120-3126	3128-3129	3131-3131	3134-3134	3137-3137	3139-3139	3141-3142	3145-3145	3147-3148	314B-314B	314D-314F	3153-3153	315C-315C	3160-3161	3163-3164	3181-3181	318D-318D	3192-3193	3196-3198	319D-319F	3220-3226	3231-3231	3268-3268	3281-3281	328B-328B	3291-3292	3295-3297	3299-3299	329D-329D	329F-329F	32A3-32A4	32D6-32D6	32E1-32E1	3314-3314	3322-3322	337F-337F	338E-338F	339C-339E	33A1-33A1	33C4-33C4	33D1-33D2	3440-3440	3449-3449	3479-3479	3551-3551	3569-3569	35AD-35AD	35CE-35CE	36AC-36AC	373A-373A	3863-3863	38EC-38EC	39B8-39B8	3A02-3A02
Noto Sans TC	400	/fonts/served/noto-sans-tc-86-400-normal.woff2	2749-274F	2752-275B	275D-275E	2761-2761	2763-2763	2765-2769	276E-276F	2771-2771	2776-277E	2780-2782	278A-278C	2794-2796	2798-2799	279C-27A6	27A8-27AB	27AD-27AD	27AF-27B0	27B2-27B3	27B7-27B9	27BC-27BD	27BF-27BF	27E9-27EB	27F5-27F6	2800-2800	28EC-28EC	2922-2922	2934-2935	29BF-29BF	2A2F-2A2F	2B05-2B07	2B1B-2B1B	2B50-2B50	2B55-2B55	2CF5-2CF5	2E1C-2E1D	2F00-2F00	2F08-2F08	2F12-2F12	2F24-2F24	2F29-2F29	2F2F-2F2F	2F3C-2F3C	2F3F-2F3F	2F42-2F42	2F45-2F45	2F63-2F64	2F83-2F83	2F8F-2F8F	3003-3007	3012-3013	3016-3019	3020-3025	3030-3030	303D-303D	3041-3041	3043-3043	3045-3045	3047-3047	3049-3049	3052-3052
Noto Sans TC	400	/fonts/served/noto-sans-tc-87-400-normal.woff2	264A-2656	2658-265C	265E-2660	2662-2664	2666-2669	266B-266F	267B-267B	2692-2696	2698-2698	269B-269C	26A0-26A1	26A3-26A5	26AA-26AC	26BD-26BE	26C4-26C5	26C8-26C8	26D1-26D1	26D3-26D4	26E4-26E4	26E9-26EA	26F0-26F5	26F9-26FA	26FD-26FD	2701-2702	2704-2706	2708-2708	270A-2712	2714-2714	2716-2727	2729-273E	2740-2748
Noto Sans TC	400	/fonts/served/noto-sans-tc-88-400-normal.woff2	2567-2570	2572-2572	2574-2574	2579-2579	2580-258A	258C-2595	2597-2597	25A1-25A1	25A3-25A4	25A6-25AC	25B0-25B0	25B4-25B4	25B7-25B9	25BB-25BB	25BD-25BD	25BF-25C2	25C7-25CA	25CC-25CD	25D0-25D9	25DC-25E6	25EA-25EB	25EF-25EF	25FB-25FE	2600-2604	2607-2607	2609-260B	260D-2615	2618-2618	261A-2623	262A-262A	262D-2630	2638-263E	2641-2642	2648-2649
Noto Sans TC	400	/fonts/served/noto-sans-tc-89-400-normal.woff2	2476-2481	2488-2491	24B6-24C5	24C7-24CA	24CC-24CC	24CE-24CE	24D0-24DF	24E1-24EA	24F5-24F5	24FF-24FF	2501-2501	2503-250D	250F-2511	2513-2515	2517-2518	251B-251D	2520-2520	2523-2524	2528-2528	252B-252C	252F-252F	2533-2534	2537-2537	253B-253C	2541-2541	2543-2545	254B-254B	2550-2566
Noto Sans TC	400	/fonts/served/noto-sans-tc-90-400-normal.woff2	2139-2139	2153-2153	2194-2197	2199-2199	219D-219E	21A0-21A0	21A9-21AA	21AC-21AC	21AF-21B1	21B3-21B5	21BA-21BB	21C4-21C4	21CA-21CA	21CC-21CC	21D0-21D0	21D2-21D4	21D8-21D8	21DD-21DD	21E2-21E9	2200-2200	2202-2202	2205-2208	220E-220F	2211-2212	2215-2215	2217-221A	221D-2220	2225-2225	2227-222B	222E-222E	2234-2237	223C-223D	2248-2248	2256-2256	2260-2261	2264-2265	226A-226B	226E-226F	2282-2283	2295-2296	2299-2299	22A5-22A5	22B0-22B1	22B9-22B9	22BF-22BF	22C5-22C6	22C8-22C8	22D0-22D1	22EE-22EE	2312-2313	2318-2318	231A-231B	2323-2323	2328-2328	239D-239D	23A0-23A0	23AF-23AF	23E4-23E4	23E9-23EA	23EC-23EC	23F0-23F3	23FA-23FA	2445-2445	2461-2471	2474-2475
Noto Sans TC	400	/fonts/served/noto-sans-tc-91-400-normal.woff2	1EC0-1EC3	1EC5-1EC6	1EC9-1EC9	1ECB-1ECD	1ECF-1ED1	1ED3-1ED5	1ED7-1EDD	1EDF-1EDF	1EE1-1EE1	1EE3-1EE7	1EE9-1EE9	1EEB-1EEB	1EED-1EED	1EEF-1EF1	1EF3-1EF3	1EF7-1EF7	1EF9-1EF9	1F62-1F62	1FA2-1FA2	2001-2006	2009-200A	200C-200D	200F-2012	2015-2016	201A-201A	201E-201E	2020-2021	2023-2025	2028-2028	202A-202D	202F-2030	2032-2033	2035-2035	2038-2038	203E-203F	2042-2044	2049-2049	204D-204E	2060-2061	2063-2063	2070-2070	2074-207B	207D-2083	208A-208A	208D-208E	20A1-20A1	20A4-20A4	20A6-20A6	20A8-20AB	20AD-20AE	20B1-20B3	20B5-20B5	20B8-20BA	20BD-20BD	20DD-20DD	20E3-20E3	2105-2105	2109-2109	2112-2113	2115-2117	2120-2121	2126-2126	212B-212B
Noto Sans TC	400	/fonts/served/noto-sans-tc-92-400-normal.woff2	11AF-11AF	11B7-11B7	11BC-11BC	121B-121B	122D-122D	129B-129B	12A0-12A0	13A6-13A6	13A9-13A9	13AC-13AC	13AF-13AF	13B3-13B3	13C2-13C2	13E3-13E3	141B-141B	1555-1555	1557-1557	15DC-15DC	15E8-15E8	1780-1782	1784-1785	1787-1787	178A-178A	178E-1791	1793-179C	179F-179F	17A2-17A2	17B6-17B9	17BB-17BC	17BF-17C7	17C9-17C9	17CB-17CB	17D0-17D0	17D2-17D2	17DB-17DB	1871-1871	18FA-18FA	1BFF-1BFF	1D00-1D00	1D04-1D05	1D07-1D07	1D0A-1D0B	1D0D-1D0D	1D0F-1D0F	1D17-1D18	1D1B-1D1C	1D20-1D22	1D25-1D25	1D2C-1D2C	1D2E-1D2E	1D30-1D31	1D33-1D3A	1D3C-1D3C	1D3E-1D42	1D52-1D52	1D55-1D55	1D5B-1D5B	1D5E-1D5E	1D9C-1D9C	1DA0-1DA0	1DC4-1DC5	1E3B-1E3B	1E43-1E43	1E45-1E45	1E47-1E47	1E63-1E63	1E6D-1E6D	1E73-1E73	1EA0-1EA0	1EA2-1EA2	1EA4-1EA9	1EAB-1EAF	1EB1-1EB1	1EB3-1EB3	1EB5-1EB5	1EB7-1EB7	1EB9-1EB9	1EBB-1EBB	1EBD-1EBE
Noto Sans TC	400	/fonts/served/noto-sans-tc-97-400-normal.woff2	2C8-2C9	2CC-2CD	2D0-2D0	2D8-2D8	2DA-2DA	2DC-2DC	2E1-2E3	2E7-2E7	2EB-2EB	2EE-2EE	2F1-2FF	302-304	306-309	30C-30D	311-311	31B-31B	321-321	323-325	328-329	32B-32C	32E-32F	331-33A	33C-33F	348-348	353-353	358-359	35C-35C	35E-35F	361-361	363-363	367-368	36C-36C	36F-36F	530-535	537-540	55E-55E	561-565	568-56D	56F-576	578-582	584-584	5A1-5A1	5A3-5A4	5AA-5AA	5AE-5AE	5B0-5B4
Noto Sans TC	400	/fonts/served/noto-sans-tc-98-400-normal.woff2	1AF-1AF	1B1-1B1	1B4-1BE	1D0-1D0	1D2-1D2	1D4-1D4	1DA-1DA	1DC-1DD	1E1-1E1	1E3-1E4	1E7-1E7	1E9-1E9	1EB-1EC	1F0-1F1	1F3-1F5	1F7-1F7	1F9-1FF	219-219	221-221	225-226	228-22B	22E-22F	231-235	239-239	23B-23B	23E-23E	250-252	254-255	259-25E	261-263	268-26B	26D-26D	26F-277	279-27A	27D-281	283-283	28A-28C	28F-28F	292-292	294-296	298-29A	29C-29C	29F-29F	2A1-2A2	2A4-2A7	2A9-2AA	2AE-2B3	2B5-2B7	2B9-2BF	2C2-2C4	2C6-2C7
Noto Sans TC	400	/fonts/served/noto-sans-tc-99-400-normal.woff2	A1-A2	A4-A4	A6-A8	AA-AA	AC-AC	AF-AF	B1-B1	B5-B6	B8-BA	BC-BE	C0-C8	CA-CC	CE-D5	D8-DF	F0-F0	F5-F5	F8-F8	FB-FB	FE-100	102-102	105-105	107-107	109-10B	10F-10F	112-112	115-115	117-117	119-119	11B-11B	11F-11F	121-121	123-124	127-127	129-129	12C-12D	130-13F	141-142	144-144	148-148	14B-14C	14F-153	159-15B	15E-160	163-166	169-16A	16D-171	173-17E	192-192	1A0-1A0	1A4-1A4	1AA-1AA	1AC-1AD
Noto Sans TC	400	/fonts/served/noto-sans-tc-100-400-normal.woff2	A3-A3	2CA-2CA	2223-2223	2460-2460	2640-2640	273F-273F	301C-301C	3107-3107	310C-310C	4E30-4E30	4E3E-4E3E	4E5E-4E5E	4E71-4E71	4F26-4F26	4F7C-4F7C	4F83-4F83	50DA-50DA	5243-5243	5267-5267	529E-529E	5321-5321	5352-5352	5477-5477	548B-548B	54A6-54A6	54B2-54B2	54C2-54C2	54C4-54C4	54C6-54C6	54CD-54CD	54EE-54EE	5543-5543	55D1-55D1	55D3-55D3	55F0-55F0	55FD-55FD	560D-560D	5629-5629	5660-5660	56D1-56D1	56DD-56DD	57AE-57AE	57E0-57E0	57E4-57E4	5904-5904	592D-592D	5965-5965	5A31-5A31	5A7F-5A7F	5B5A-5B5A	5BB8-5BB8	5C14-5C14	5C3B-5C3B	5C5C-5C5C	5C5E-5C5E	5D10-5D10	5E10-5E10	5E4C-5E4C	603B-603B	604D-604D	611C-611C	6137-6137	61C8-61C8	62C7-62C7	6371-6371	6382-6382	645F-645F	64AE-64AE	64C2-64C2	651E-651E	65F1-65F1	660A-660A	663E-663E	673D-673D	6784-6784	6789-6789	67B1-67B1	67FF-67FF	6813-6813	6854-6854	68D8-68D8	68FA-68FA	697D-697D	6A01-6A01	6A1E-6A1E	6BAF-6BAF	6C08-6C08	6C17-6C17	6C2B-6C2B	6C81-6C81	6CBD-6CBD	6DC6-6DC6	6DF9-6DF9	6ED9-6ED9	6EE1-6EE1	6F86-6F86	6FC1-6FC1	6FDB-6FDB	701F-701F	7076-7076	715C-715C	7194-7194	71EE-71EE	71FB-71FB	720D-720D	72B6-72B6	7396-7396	73AF-73AF	745B-745B	746F-746F	748B-748B	7647-7647	7699-7699	76CE-76CE	76DE-76DE	77AA-77AA	786B-786B	7881-7881	78CA-78CA	793C-793C	797A-797A	79B9-79B9	79BB-79BB	79BF-79BF	7A92-7A92	7AC7-7AC7	7AE3-7AE3	7B19-7B19	7B20-7B20	7B51-7B51	7B94-7B94	7CBD-7CBD	7CDE-7CDE	7CEF-7CEF	7D46-7D46	7DDE-7DDE	7F88-7F88	80DA-80DA	814B-814B	81CD-81CD	8235-8235	8282-8282	82B9-82B9	846B-846B	84C1-84C1	84D3-84D3	8518-8518	8611-8611	8783-8783	8814-8814	8A15-8A15	8AA6-8AA6	8B2C-8B2C	8BA8-8BA9	8BC6-8BC6	8BE2-8BE2	8BE5-8BE6	8C22-8C22	8D05-8D05	8D27-8D27	8DBE-8DBE	8E34-8E34	8E66-8E66	8EC0-8EC0	9005-9005	9082-9082	914B-914B	916F-916F	92C5-92C5	92F0-92F0	9318-9318	938A-938A	93E2-93E2	964B-964B	96C1-96C1	96CC-96CD	96DB-96DB	973E-973E	97A0-97A0	9803-9803	9876-9876	9879-9879	9955-9955	99F1-99F1	9A5B-9A5B	9AB7-9AB7	9ABC-9ABC	9C57-9C57	9C9C-9C9C	9D1B-9D1B	9D26-9D26	9D51-9D51	9EEF-9EEF	9F99-9F99	C2A4-C2A4	E253-E253	E313-E314	E5C7-E5C7	E5C9-E5C9	E8DB-E8DC	FF2D-FF2E	FF34-FF34	FFE5-FFE5	1F60A-1F60A	1F618-1F618	1F62D-1F62D
Noto Sans TC	400	/fonts/served/noto-sans-tc-101-400-normal.woff2	B4-B4	10D-10D	2D9-2D9	641-641	6CC-6CC	E20-E20	E29-E29	200E-200E	20AC-20AC	2266-2266	25BE-25BE	301D-301E	3058-3058	4E07-4E07	4E1D-4E1D	4E66-4E66	4ECE-4ECE	4FDE-4FDE	5016-5016	5180-5180	5199-5199	51AA-51AA	5306-5306	5386-5386	53D8-53D8	5413-5413	541D-541D	54CE-54CE	54E8-54E8	54FC-54FC	5571-5571	557E-557E	558E-558E	55A7-55A7	56A8-56A8	57A2-57A3	58B3-58B3	5960-5960	5992-5993	59A4-59A4	5A55-5A55	5AB2-5AB2	5AFB-5AFB	5B56-5B56	5BC5-5BC5	5BC7-5BC7	5BF0-5BF0	5CB1-5CB1	5CC7-5CC7	5DFF-5DFF	5E93-5E93	5ED3-5ED3	5F6A-5F6A	60BC-60BC	61FF-61FF	6218-6218	6292-6292	634D-634D	6467-6467	64F1-64F2	6582-6582	65FB-65FB	6615-6615	6687-6687	66E6-66E6	66F0-66F0	6781-6781	67F5-67F5	68A7-68A7	6A1F-6A1F	6B27-6B27	6B4E-6B4E	6B73-6B73	6B79-6B79	6BCB-6BCB	6C5D-6C5D	6CF5-6CF5	6DEE-6DEE	6EC4-6EC4	6ECC-6ECC	6F88-6F88	701D-701D	703E-703E	707C-707C	7099-7099	710A-710A	72D9-72D9	72E9-72E9	731D-731D	739F-739F	7463-7463	7480-7480	74A8-74A8	7523-7523	7526-7526	75E0-75E0	7613-7613	7656-7656	76BF-76BF	76D4-76D4	773A-773A	775C-775C	775E-775E	780C-780C	78E1-78E1	78F7-78F7	7960-7960	7A20-7A20	7AAF-7AAF	7B08-7B08	7B71-7B71	7BE4-7BE4	7CEC-7CEC	7CF0-7CF0	7D5E-7D5E	7D62-7D62	7DBE-7DBE	7E1B-7E1B	7EA2-7EA2	7EC4-7EC4	7EC6-7EC6	7EDC-7EDC	7EED-7EED	7EFC-7EFC	7F16-7F16	7F57-7F57	7FB9-7FB9	7FCA-7FCA	803D-803D	816E-816E	8258-8258	82A5-82A5	82B7-82B7	8317-8317	8338-8338	834A-834A	83D3-83D3	8401-8401	8469-8469	849E-849E	854A-854A	8559-8559	865E-865E	8700-8700	8759-8759	8760-8760	8778-8778	8782-8782	879E-879E	87D1-87D1	8836-8836	8944-8944	89C8-89C8	8AAC-8AAC	8B74-8B74	8BA2-8BA2	8BA4-8BA4	8BAE-8BAE	8BFB-8BFB	8C4E-8C4E	8CB3-8CB3	8D16-8D16	8D28-8D28	8E44-8E44	8F3B-8F3B	8F3F-8F3F	8F91-8F91	8FB9-8FB9	8FC4-8FC4	8FDE-8FDE	8FF9-8FF9	9076-9076	9091-9091	90AE-90AE	90B8-90B8	9257-9257	9310-9310	9382-9382	93DF-93DF	94FE-94FE	95A5-95A5	962E-962E	968F-9690	9704-9704	9713-9713	97F6-97F6	9824-9824	986B-986B	9884-9884	9886-9886	98E2-98E2	991A-991A	9986-9986	99A5-99A5	99DD-99DD	9AB8-9AB8	9B41-9B41	9B77-9B77	9BAD-9BAD	C774-C774	E5D4-E5D4	FE52-FE52	FF02-FF02	FF25-FF25	1F389-1F389	1F449-1F449	1F495-1F495
Noto Sans TC	400	/fonts/served/noto-sans-tc-102-400-normal.woff2	2CB-2CB	5D1-5D1	5D9-5D9	5E2-5E2	5E8-5E8	5EA-5EA	633-633	E32-E32	2252-2252	2267-2267	2573-2573	25B3-25B3	25C4-25C4	2713-2713	2715-2715	30E2-30E2	4E28-4E28	4E3C-4E3C	4E4D-4E4D	4E70-4E70	4F88-4F88	4FEF-4FEF	5018-5018	501A-501A	5026-5026	5137-5137	513F-513F	51F3-51F3	524B-524B	5254-5254	52D8-52D8	5308-5308	5384-5384	53CC-53CC	5436-5436	5443-5443	5466-5466	54A8-54A8	54BD-54BD	54C9-54C9	54CB-54CB	555E-555E	5580-5580	560E-560E	561F-561F	562F-562F	566C-566C	5679-5679	56BC-56BC	56CD-56CD	56E7-56E7	56ED-56ED	572D-572D	57D7-57D7	582F-582F	589F-589F	5B09-5B09	5BA5-5BA5	5C51-5C51	5C90-5C90	5CEF-5CEF	5D16-5D16	5D84-5D84	5DD4-5DD4	5E08-5E08	5E26-5E26	5F0A-5F0A	5F20-5F20	606C-606C	61C7-61C7	620F-620F	6254-6254	625B-625B	62A4-62A4	62D0-62D0	62F1-62F1	63A0-63A0	63C6-63C6	63F9-63F9	6413-6413	6417-6417	6483-6483	64F7-64F7	650F-650F	65A7-65A7	665F-665F	66AE-66AE	66D6-66D6	66E0-66E0	6746-6746	6756-6756	67D1-67D1	6837-6837	68E0-68E0	68F5-68F5	6995-6995	69A8-69A8	69B4-69B4	69D3-69D3	6A3D-6A3D	6ABB-6ABB	6BB7-6BB7	6BD3-6BD3	6C47-6C47	6CC4-6CC4	6CD3-6CD3	6DAE-6DAE	6E26-6E26	6E29-6E29	6EAF-6EAF	6EBA-6EBA	6FEF-6FEF	7028-7028	70B3-70B3	711A-711A	725F-725F	7325-7325	733F-733F	73C0-73C0	73EE-73EE	7444-7444	745A-745A	7487-7487	7540-7540	75A4-75A4	7729-7729	779E-779E	798E-798E	79E9-79E9	7A3D-7A3D	7A4C-7A4C	7A9F-7A9F	7AC4-7AC4	7AFF-7AFF	7C27-7C27	7CD9-7CD9	7D76-7D76	7E43-7E43	7EA6-7EA6	7ED9-7ED9	7FF1-7FF1	808B-808B	809B-809B	80FA-80FA	827A-827A	8309-8309	8328-8328	832B-832B	8396-8396	83E0-83E0	840E-840E	8425-8425	852D-852D	853B-853B	8588-8588	85E9-85E9	86B5-86B5	86E4-86E4	8718-8718	87EC-87EC	880D-880D	8910-8910	893B-893B	89C1-89C2	8B3E-8B3E	8BAF-8BAF	8BC1-8BC1	8BDD-8BDD	8C41-8C41	8C48-8C48	8CB6-8CB6	8D2D-8D2D	8D5E-8D5E	8FBE-8FBE	9015-9015	90A8-90A8	90B5-90B5	90E1-90E1	9169-9169	9183-9183	91D0-91D0	91DC-91DC	9293-9293	92F8-92F8	9472-9472	9598-9598	95A9-95A9	95ED-95ED	95FB-95FB	9605-9605	96C7-96C7	9739-9739	9742-9742	9761-9761	99AD-99AD	9AE6-9AE6	9B1A-9B1A	9B44-9B44	9BC9-9BC9	9D3F-9D3F	9DD7-9DD7	9E7C-9E7C	9E92-9E92	FE5D-FE5E	FF22-FF24	FF2F-FF30	FF33-FF33
Noto Sans TC	400	/fonts/served/noto-sans-tc-103-400-normal.woff2	60-60	F7-F7	2198-2198	2571-2571	258B-258B	25B6-25B6	2661-2661	3051-3051	3109-3109	311A-311A	4E11-4E11	4E24-4E24	4E2B-4E2B	4EF7-4EF7	4F18-4F18	4F36-4F36	4FD0-4FD0	5029-502A	5055-5055	508D-508D	50AD-50AD	50E7-50E7	50F1-50F1	50F5-50F5	51A5-51A5	51C8-51C8	51FB-51FB	5203-5203	524E-524E	5288-5288	5323-5323	53C2-53C2	5458-5458	54A7-54A7	54B1-54B1	54B3-54B3	54B8-54B8	556A-556A	5582-5582	55B2-55B2	55BA-55BA	55DA-55DA	55DC-55DC	5614-5614	5662-5662	5678-5678	56C2-56C2	5742-5742	57D5-57D5	5862-5862	58E4-58E4	58F0-58F0	5907-5907	590D-590D	5934-5934	5978-5978	5984-5984	5A25-5A25	5C06-5C06	5C62-5C62	5C91-5C91	5D01-5D01	5D1B-5D1B	5E87-5E87	5EFF-5EFF	5F27-5F27	5F3A-5F3A	5F53-5F53	6001-6001	6168-6168	61A9-61A9	6233-6233	62A5-62A5	62CE-62CE	62ED-62ED	638F-638F	6399-6399	646F-646F	6590-6590	6631-6631	664F-664F	6689-6689	66DC-66DC	672F-672F	67AF-67AF	67EC-67EC	68D7-68D7	6977-6977	6A44-6A44	6C14-6C14	6C40-6C40	6C70-6C70	6C76-6C76	6CB8-6CB8	6CE3-6CE3	6DF3-6DF3	6E20-6E20	6E43-6E43	6E5B-6E5B	6EBC-6EBC	6EEC-6EEC	6F2C-6F2C	6FB1-6FB1	7009-7009	7011-7011	701A-701A	7117-7117	7184-7184	72F9-72F9	7426-7426	74BD-74BD	74CF-74CF	752B-752B	7554-7554	75B9-75B9	7621-7621	7671-7672	7693-7693	76EF-76EF	7737-7737	77A7-77A7	77B3-77B3	77BB-77BB	77DA-77DA	77E2-77E2	77E9-77E9	77EF-77EF	7801-7801	7940-7940	797F-797F	79A7-79A7	79B1-79B1	79BD-79BD	79CD-79CD	7A6B-7A6B	7AC5-7AC5	7B1B-7B1B	7B77-7B77	7CA7-7CA7	7DAB-7DAB	7DB4-7DB4	7DB8-7DB8	7DCB-7DCB	7DDD-7DDD	7DE0-7DE0	7E55-7E55	7E9C-7E9C	7ED3-7ED3	7EF4-7EF4	803F-803F	8046-8046	8087-8087	8116-8116	81A8-81A8	8214-8214	821C-821C	82D4-82D4	831C-831C	8339-8339	8350-8350	8354-8354	8526-8526	860A-860A	86DB-86DB	8713-8713	873B-873B	8822-8822	8993-8993	8A1F-8A1F	8AB9-8AB9	8AD7-8AD7	8BCD-8BCD	8E72-8E72	8F4E-8F4E	8F9C-8F9C	8FD0-8FD0	8FD8-8FD8	8FE6-8FE6	9042-9042	907C-907C	91BA-91BA	9452-9452	95E2-95E2	9631-9631	9699-9699	96B8-96B8	9709-9709	978D-978D	9830-9830	98CE-98CE	9945-9945	99ED-99ED	9A8C-9A8C	9AD3-9AD3	9BAA-9BAA	9BE8-9BE8	9C77-9C77	9CF6-9CF6	9D72-9D72	9E1F-9E1F	9EC4-9EC4	FE31-FE31	FE55-FE55	FF03-FF03	FF20-FF20	FF3B-FF3B	FF3D-FF3D	1F3FB-1F3FB	1F44D-1F44D	1F60D-1F60D
Noto Sans TC	400	/fonts/served/noto-sans-tc-104-400-normal.woff2	10C-10C	161-161	E44-E44	2728-2728	3081-3081	4E13-4E13	4E19-4E19	4E1C-4E1C	4E1E-4E1E	4E5C-4E5C	4EA7-4EA7	4ED7-4ED7	4F20-4F20	4F8D-4F8D	4FFE-4FFE	5021-5021	50D5-50D5	515C-515C	51A4-51A4	51E0-51E0	521B-521B	522B-522B	532A-532A	534E-534E	5355-5355	537F-537F	5398-5398	541F-541F	543C-543C	544E-544E	5509-5509	5598-5598	5622-5622	563F-563F	5641-5641	566A-566A	5695-5695	569F-569F	56AE-56AE	56DA-56DA	573A-573A	574E-574E	584C-584C	5885-5885	58AE-58AE	5A1F-5A1F	5AC2-5AC2	5B24-5B24	5BB0-5BB0	5BDE-5BDE	5BE1-5BE1	5BFC-5BFC	5C39-5C39	5C4C-5C4C	5C60-5C60	5CFB-5CFB	5D11-5D11	5E76-5E76	5E7F-5E7F	5E9A-5E9A	5EB8-5EB8	5F13-5F13	5F64-5F64	5F6C-5F6C	6127-6127	61F2-61F2	6208-6208	620A-620A	620C-620C	6252-6252	62EF-62EF	6328-6328	633D-633D	6362-6362	63B0-63B0	63C0-63C0	63C9-63C9	640F-640F	64A9-64A9	6514-6514	652C-652C	655E-655E	6583-6583	658C-658C	6627-6627	66F3-66F3	6734-6734	6743-6743	676D-676D	67C4-67C4	67DA-67DA	6807-6807	68CD-68CD	68F2-68F2	690E-690E	6B16-6B16	6B38-6B38	6B3D-6B3D	6BC6-6BC6	6CA1-6CA1	6CAB-6CAB	6D8C-6D8C	6E32-6E32	6E3E-6E3E	6E58-6E58	6EEF-6EEF	6EF2-6EF2	708A-708A	7130-7130	7165-7165	7172-7172	71ED-71ED	7232-7232	7239-7239	7261-7261	7280-7280	72A7-72A7	72F8-72F8	73C8-73C8	7464-7464	753B-753B	754F-754F	755C-755C	75D8-75D8	76EA-76EA	776B-776B	7779-7779	777F-777F	7784-7784	778E-778E	77EE-77EE	79E4-79E4	7A46-7A46	7A57-7A57	7ABA-7ABA	7AED-7AED	7B4D-7B4D	7C7B-7C7B	7C7D-7C7D	7D13-7D13	7D33-7D33	7DBB-7DBB	7DF9-7DF9	7E46-7E46	7EA7-7EA7	8085-8085	8165-8165	81FB-81FB	82B8-82B8	82D3-82D3	8305-8305	8335-8335	8343-8343	83E9-83E9	840D-840D	851A-851A	853D-853D	8543-8543	859B-859B	85FB-85FB	87FB-87FB	888D-888D	88C5-88C5	8ADC-8ADC	8B0A-8B0A	8BB0-8BB0	8BBE-8BBE	8BC4-8BC4	8BF4-8BF4	8C5A-8C5A	8CC3-8CC3	8CE4-8CE4	8D44-8D44	8E81-8E81	8F44-8F44	8F66-8F66	8FDB-8FDB	900D-900D	9063-9063	914C-914C	9223-9223	9226-9226	923A-923A	925B-925B	9264-9264	929C-929C	92B9-92B9	9320-9320	934D-934D	9444-9444	957F-957F	9591-9591	96A7-96A7	97AD-97AD	97CC-97CC	9811-9811	9898-9898	98EA-98EA	9921-9921	9952-9952	9A55-9A55	9B0D-9B0D	9BCA-9BCA	9EBD-9EBD	E60F-E60F	FF1C-FF1D	FF21-FF21	FF38-FF38	FF9F-FF9F	FFFD-FFFD	1F602-1F602
Noto Sans TC	400	/fonts/served/noto-sans-tc-105-400-normal.woff2	E17-E17	E22-E22	2103-2103	25A0-25A0	266A-266A	3014-3015	311F-311F	4E1A-4E1A	4E50-4E50	4F10-4F10	4F6C-4F6C	4F70-4F70	5006-5006	50D1-50D1	5170-5170	518C-518C	51F0-51F0	51F6-51F6	51F9-51F9	5219-5219	5256-5256	525D-525D	52C9-52C9	5349-5349	5351-5351	5356-5356	5375-5375	539D-539D	53DB-53DB	53EE-53EE	53F7-53F7	5492-5492	54FA-54FA	5538-5538	55BB-55BB	55E8-55E8	5632-5632	5757-5757	5835-5835	58BE-58BE	5937-5937	59DC-59DC	59E8-59E8	5A49-5A49	5A9A-5A9B	5AB3-5AB3	5B9B-5B9B	5B9E-5B9E	5BE8-5BE8	5C37-5C37	5C4E-5C4E	5D14-5D14	5D19-5D19	5D4C-5D4C	5D50-5D50	5DEB-5DEB	5E84-5E84	5E94-5E94	5EC2-5EC2	5F17-5F17	5F26-5F26	5F55-5F55	5F77-5F77	5F7F-5F7F	5FBD-5FBD	6052-6052	6064-6065	608D-608D	609A-609A	6101-6101	614C-614C	621A-621A	6237-6237	6296-6296	62E9-62E9	632A-632B	6488-6488	6500-6500	652A-652A	6556-6556	65E0-65E0	65EC-65EC	6643-6643	6850-6850	6893-6893	6897-6897	68B3-68B3	68D5-68D5	6930-6930	6960-6960	6A11-6A11	6A3A-6A3A	6AB3-6AB3	6B22-6B22	6C59-6C59	6C83-6C83	6CCC-6CCC	6DEA-6DEA	6DF5-6DF5	6EF7-6EF7	6F3E-6F3E	6F80-6F80	6FE4-6FE4	7164-7164	71C9-71C9	722A-722A	7260-7260	7272-7272	73B0-73B0	74E3-74E3	7538-7538	7586-7586	75B5-75B5	7661-7662	77DB-77DB	7838-7838	786E-786E	788C-788C	7950-7950	79A6-79A6	79AA-79AA	7A40-7A40	7BF7-7BF7	7C3E-7C3E	7C98-7C98	7CA5-7CA5	7D21-7D21	7D2E-7D2E	7DBA-7DBA	7DEC-7DEC	7E79-7E79	7ECF-7ECF	7EDF-7EDF	7F79-7F79	8086-8086	810A-810A	8139-8139	813E-813E	817A-817A	81B3-81B3	821F-821F	8247-8247	8259-8259	8271-8271	839E-839E	8431-8431	846C-846C	849C-849C	84B2-84B2	84C4-84C4	8513-8514	8755-8755	8877-8877	8881-8881	88F9-88F9	8A1D-8A1D	8A3C-8A3C	8A6D-8A6E	8A93-8A93	8AE7-8AE7	8AF7-8AF7	8B17-8B17	8B5A-8B5A	8BA1-8BA1	8BBA-8BBA	8CDC-8CDC	8DEA-8DEA	8F6C-8F6C	8F7D-8F7D	8FC7-8FC7	8FD9-8FD9	902E-902E	90CA-90CA	916A-916A	916C-916C	921E-921E	9245-9245	935B-935B	9594-9594	95A8-95A8	95EE-95EE	95F4-95F4	9706-9706	971E-971E	9756-9756	980C-980C	9891-9891	98B1-98B1	98FC-98FC	9903-9903	9957-9957	99FF-99FF	9B91-9B91	9DB4-9DB4	9F4B-9F4B	E602-E605	E610-E611	FF16-FF19
Noto Sans TC	400	/fonts/served/noto-sans-tc-106-400-normal.woff2	2190-2191	2193-2193	22C1-22C1	2302-2302	25CB-25CB	2699-2699	2709-2709	3127-3127	4E0E-4E0E	4E18-4E18	4E3A-4E3A	4E48-4E48	4E91-4E91	4EEC-4EEC	4F3D-4F3D	4FCF-4FCF	5112-5112	524A-524A	52A3-52A3	52AB-52AB	52C3-52C3	52F3-52F3	52FB-52FB	5320-5320	5339-5339	533F-533F	53E2-53E2	543E-543E	5480-5480	5495-5495	5497-5497	5564-5564	5572-5572	55C6-55C6	55EF-55EF	563B-563B	5653-5653	5657-5657	56B7-56B7	5824-5824	58D8-58D8	5955-5955	5983-5983	598D-598D	59DA-59DA	59E6-59E6	5A36-5A36	5BB5-5BB5	5BC2-5BC2	5BF9-5BF9	5CB3-5CB3	5D17-5D17	5DBC-5DBC	5E2E-5E2E	60DF-60DF	611A-611A	6190-6190	61A4-61A4	61BE-61BE	61FC-61FC	6284-6284	62AC-62AC	62BC-62BC	634F-634F	636E-636E	6398-6398	63A9-63A9	6487-6487	6495-6495	64AB-64AB	6577-6577	65AC-65AC	6602-6602	6652-6652	66F9-66F9	6761-6761	679A-679A	683D-683D	68AD-68AD	68B5-68B5	68DA-68DA	68E7-68E7	6A38-6A38	6A59-6A59	6AE5-6AE5	6B47-6B47	6B67-6B67	6B6A-6B6A	6BEF-6BEF	6C50-6C50	6C9B-6C9B	6E23-6E23	6E34-6E34	6E4A-6E4A	6E67-6E67	6EA2-6EA2	6EB6-6EB6	6F20-6F20	6FEB-6FEB	70ED-70ED	714C-714C	715E-715E	7199-7199	71AC-71AC	7231-7231	7262-7262	7409-7409	745F-745F	7469-7469	74CA-74CA	7535-7535	753A-753A	75F4-75F4	7624-7624	7682-7682	76BA-76BA	76F2-76F2	77FD-77FD	780D-780D	7832-7832	78C5-78C5	78EF-78EF	7901-7901	79BE-79BE	79C9-79C9	79E6-79E6	7A1A-7A1A	7A62-7A62	7A84-7A84	7ACA-7ACA	7CB5-7CB5	7CB9-7CB9	7CDF-7CDF	7CE7-7CE7	7D6E-7D6E	7DB1-7DB1	7DEF-7DEF	7E61-7E61	7E7D-7E7D	7E8F-7E8F	7F38-7F38	7F77-7F77	7FA8-7FA8	7FC5-7FC5	7FE1-7FE1	7FF9-7FF9	800D-800D	8015-8015	8054-8054	80A2-80A2	80AA-80AA	80BA-80BA	814E-814E	8180-8180	819D-819D	81C0-81C0	828B-828B	82AD-82AD	82AF-82AF	83F1-83F1	83F8-83F8	8403-8403	84BC-84BC	84C9-84C9	84EC-84EC	8523-8523	8549-8549	8569-8569	8591-8591	85B0-85B0	881F-881F	884D-884D	88D4-88D4	89C4-89C4	89C6-89C6	8A60-8A60	8A79-8A79	8B19-8B19	8BD5-8BD5	8BF7-8BF7	8C03-8C03	8C79-8C79	8CC8-8CC8	8D9F-8D9F	8E10-8E10	8E48-8E48	8FAF-8FAF	9009-9009	9017-9017	9175-9175	9187-9187	918B-918B	9214-9214	946B-946B	9470-9470	947C-947C	9640-9640	9675-9675	96EF-96EF	97CB-97CB	97E9-97E9	985B-985B	99AE-99AE	99B3-99B3	9B4F-9B4F	9D09-9D09	9E9F-9E9F	9EDB-9EDB	9F90-9F90	FF14-FF14	1F464-1F464
Noto Sans TC	400	/fonts/served/noto-sans-tc-107-400-normal.woff2	A5-A5	25CE-25CE	4E56-4E56	4E9A-4E9A	4EA8-4EA8	4EAD-4EAD	4F3A-4F3A	4F51-4F51	4F62-4F62	4FAF-4FAF	5098-5098	50AC-50AC	5147-5147	5173-5173	5187-5187	51F8-51F8	52A1-52A1	52A8-52A8	52F8-52F8	535C-535C	53ED-53ED	541E-541E	5435-5435	5475-5475	54A9-54A9	54C0-54C0	54C7-54C7	5589-5589	5605-5605	5733-5733	5764-5764	5782-5782	57C3-57C3	5858-5858	5893-5893	589C-589C	58E2-58E2	5974-5974	599E-599E	59A8-59A8	59EC-59EC	5B66-5B66	5B99-5B99	5B9D-5B9D	5BEE-5BEE	5C2C-5C2C	5C65-5C65	5CFD-5CFD	5D0E-5D0E	5DBA-5DBA	5DE2-5DE2	5E06-5E06	5E15-5E15	5EC1-5EC1	5ED6-5ED6	5F00-5F00	5F4C-5F4C	5F65-5F65	6055-6055	6070-6070	609F-609F	60B6-60B6	6241-6241	624E-624E	626F-626F	6291-6291	62CC-62CC	62D8-62D8	62DA-62DA	62FE-62FE	6349-6349	6367-6367	63EA-63EA	6435-6435	6454-6454	64A4-64A4	64B2-64B2	64BC-64BC	64BF-64BF	64C5-64C5	64CE-64CE	6558-6558	6572-6572	65A5-65A5	65E8-65E8	65ED-65ED	6614-6614	6670-6670	6688-6688	672D-672D	673A-673A	6770-6770	68CB-68CB	6912-6912	6953-6953	6A61-6A61	6AAC-6AAC	6AAF-6AAF	6AB8-6AB8	6B20-6B20	6B96-6B96	6BBF-6BBF	6BC5-6BC5	6C6A-6C6A	6CBE-6CBE	6D59-6D59	6D78-6D78	6DC7-6DC7	6DEB-6DEB	6E7E-6E7E	6E9C-6E9C	6F3F-6F3F	6F51-6F51	6F84-6F84	704C-704C	7051-7051	70AB-70AB	70AD-70AD	70F9-70F9	7119-7119	7149-7149	714E-714E	71E6-71E6	72C4-72C4	72D0-72D0	72E0-72E0	7334-7334	744B-744B	7455-7455	7504-7504	75AB-75AB	75B2-75B2	766E-766E	76C3-76C3	76FC-76FC	76FE-76FE	7891-7891	7948-7948	7A74-7A74	7B28-7B28	7C72-7C72	7CCA-7CCA	7EBF-7EBF	7F55-7F55	7FF0-7FF0	8154-8154	81C2-81C2	81D8-81D8	81E3-81E3	81E5-81E5	8292-8292	8299-8299	8302-8302	8304-8304	8332-8332	83C1-83C1	83C7-83C7	83CA-83CA	845B-845B	8475-8475	8490-8490	85AF-85AF	8650-8650	8667-8667	86D9-86D9	8774-8774	8ABC-8ABC	8B0E-8B0E	8B39-8B39	8BED-8BED	8C54-8C54	8C6B-8C6B	8C9E-8C9E	8CA7-8CA7	8CAA-8CAB	8CE6-8CE6	8CEC-8CED	8EB2-8EB2	8EBA-8EBA	8FB0-8FB0	901D-901D	908F-908F	9127-9127	91C0-91C0	91D8-91D8	9215-9215	92B3-92B3	932B-932B	93FD-93FD	95CA-95CA	964C-964C	96C0-96C0	970D-970D	9716-9716	9774-9774	97FB-97FB	9812-9812	9913-9913	9935-9935	99C1-99C1	9B31-9B31	9D5D-9D5D	9D6C-9D6C	9E79-9E79	FE0F-FE0F	FE30-FE30	FF05-FF05	FF0B-FF0B	FF10-FF10	FF15-FF15
Noto Sans TC	400	/fonts/served/noto-sans-tc-108-400-normal.woff2	B0-B0	926-926	928-928	939-939	93F-940	94D-94D	200B-200B	22EF-22EF	25BA-25BA	25C6-25C6	2665-2665	4E08-4E08	4E2A-4E2A	4E4F-4E4F	4E59-4E59	4EC7-4EC7	4F0D-4F0D	4F0F-4F0F	4F19-4F19	4F59-4F59	4FAE-4FAE	5075-5075	507D-507D	50B2-50B2	50B5-50B5	511F-511F	5141-5141	5146-5146	514C-514C	5185-5185	51DD-51DD	51FD-51FD	522E-522E	5319-5319	533A-533A	5378-5378	53AD-53AD	53C9-53C9	53D1-53D1	53D4-53D4	543B-543B	5442-5442	5446-5446	5481-5481	54E9-54E9	5507-5507	5565-5565	559A-559A	55AA-55AA	5690-5690	56CA-56CA	56FE-56FE	582A-582A	5915-5915	5949-5949	5962-5962	5996-5996	59A5-59A5	59FB-59FB	5A77-5A77	5B0C-5B0C	5B5F-5B5F	5BD3-5BD3	5BE2-5BE2	5BFA-5BFA	5C41-5C41	5C48-5C48	5CA9-5CA9	5D07-5D07	5EC8-5EC8	5ECA-5ECA	5F18-5F18	5F4E-5F4E	5F59-5F59	5F6D-5F6D	5F79-5F79	5FB9-5FB9	6028-6028	6068-6068	606D-606D	6094-6094	60F1-60F1	6108-6109	614E-614E	6170-6170	617E-617E	61B2-61B2	61F8-61F8	6247-6247	626D-626D	6276-6276	62AB-62AB	62CB-62CB	62D3-62D3	62F3-62F3	6368-6368	6380-6380	6492-6492	64E0-64E0	6570-6570	6606-6606	660F-660F	6649-6649	6691-6691	66A8-66A8	6749-6749	674F-674F	6795-6795	67F1-67F1	67F3-67F3	6842-6842	6851-6851	687F-687F	68DF-68DF	69FD-69FD	6A58-6A58	6C27-6C27	6C88-6C88	6CCA-6CCA	6D29-6D29	6D66-6D66	6DAF-6DAF	6F01-6F01	6F58-6F58	6F6D-6F6D	6F70-6F70	6FA1-6FA1	6FF1-6FF1	6FFE-6FFE	7058-7058	70AE-70AE	71D9-71D9	71E5-71E5	7235-7235	7267-7267	73CA-73CA	742A-742A	74F7-74F7	7529-7529	758F-758F	75BC-75BC	76C6-76C6	7955-7955	7A00-7A00	7A3B-7A3B	7B4B-7B4B	7BAD-7BAD	7BE9-7BE9	7C4C-7C4C	7C60-7C60	7CFE-7CFE	7DBF-7DBF	7E2B-7E2B	7F9E-7F9E	7FC1-7FC1	7FFC-7FFC	8096-8096	809D-809D	80DE-80DE	8155-8155	816B-816B	81DF-81DF	82BD-82BD	8352-8352	8393-8393	8404-8404	8525-8525	856D-856D	8606-8606	868A-868A	87F9-87F9	886B-886B	8870-8870	896A-896A	896F-896F	8A23-8A23	8A87-8A87	8AD2-8AD2	8B00-8B00	8B20-8B20	8CB8-8CB8	8CCA-8CCA	8CE0-8CE0	8D39-8D39	8D6B-8D6B	8DB4-8DB4	8E29-8E29	8EF8-8EF8	8F1B-8F1B	8F5F-8F5F	8FA8-8FA8	906E-906E	9077-9077	90AA-90AA	90B1-90B1	90C1-90C1	9165-9165	919C-919C	92C1-92C1	95D6-95D6	95E8-95E8	975A-975A	9817-9817	98C6-98C6	9ECF-9ECF	FEFF-FEFF	FF06-FF06	FF0A-FF0A	FF12-FF13
Noto Sans TC	400	/fonts/served/noto-sans-tc-109-400-normal.woff2	627-629	631-631	639-639	644-644	64A-64A	25CF-25CF	2606-2606	2764-2764	3008-3009	4E38-4E38	4E43-4E43	4ED5-4ED5	4EF0-4EF0	4EFF-4EFF	4FE0-4FE0	5085-5085	50A2-50A2	50BE-50BE	5118-5118	5211-5212	5272-5272	52FE-52FE	5366-5366	53B2-53B2	53EC-53EC	54AC-54AC	5587-5587	55B5-55B5	5606-5606	561B-561B	5751-5751	576A-576A	57CB-57CB	58EF-58EF	58FA-58FA	594F-594F	5951-5951	596E-596E	59D1-59D1	5AC1-5AC1	5ACC-5ACC	5B8B-5B8B	5C4D-5C4D	5CA1-5CA1	5D29-5D29	5DFE-5DFE	5E7D-5E7D	5EDF-5EDF	5EF7-5EF7	5FA1-5FA1	5FAA-5FAA	5FCC-5FCC	5FFD-5FFD	6021-6021	6046-6046	6062-6062	62B9-62B9	6316-6316	6350-6350	6478-6478	647A-647A	6490-6490	64B0-64B0	64E6-64E6	6524-6524	6591-6591	659C-659C	65A4-65A4	65E6-65E6	65F6-65F6	6607-6607	6674-6674	6765-6765	679D-679D	67F4-67F4	68A8-68A8	6B3A-6B3A	6C57-6C57	6C61-6C61	6C90-6C90	6CBF-6CBF	6CDB-6CDB	6D69-6D69	6DB5-6DB5	6DD1-6DD1	6E21-6E21	6F06-6F06	6F62-6F62	70D8-70D8	71C3-71C3	71D5-71D5	722C-722C	727D-727D	72AC-72AC	72FC-72FC	731C-731C	7336-7336	7344-7344	7384-7384	73AB-73AB	7433-7433	745C-745C	7470-7470	75D5-75D5	7652-7652	76C8-76C8	76E7-76E7	7709-7709	7720-7720	7740-7740	7747-7747	7763-7763	77AC-77AD	7802-7802	78A7-78A7	78B3-78B3	78C1-78C1	78DA-78DA	7926-7926	796D-796D	798D-798D	7AAE-7AAE	7B52-7B52	7C92-7C92	7D68-7D68	7D81-7D81	7E31-7E31	7E5E-7E5E	7E69-7E69	7E73-7E73	7F50-7F50	7F70-7F70	7F75-7F75	8058-8058	8070-8070	80C3-80C3	8105-8106	8108-8108	8179-8179	818F-818F	81A9-81A9	81ED-81ED	820C-820D	8277-8277	82D1-82D1	8461-8461	84B8-84B8	852C-852C	857E-857E	8587-8587	85E4-85E4	863F-863F	8679-8679	86C7-86C7	8702-8702	8776-8776	87BA-87BA	8896-8896	88C2-88C2	88D5-88D5	88F8-88F8	8AF8-8AF8	8B7D-8B7D	8CA2-8CA2	8D64-8D64	8D74-8D74	8D81-8D81	8D99-8D99	8E5F-8E5F	8E8D-8E8D	8ECC-8ECC	8ED2-8ED2	8FB1-8FB1	8FC5-8FC5	9022-9022	9038-9038	905C-905C	9081-9081	9189-9189	9234-9234	92D2-92D2	934A-934A	95A3-95A3	962A-962A	9646-9646	96D5-96D5	971C-971C	9838-9838	9875-9875	98C4-98C4	99DB-99DB	9A45-9A45	9A5F-9A5F	9A6C-9A6C	9AD2-9AD2	9CF4-9CF4	9D28-9D28	9DAF-9DAF	9DF9-9DF9	9E7D-9E7D	9F0E-9F0E	9F52-9F52	9F9C-9F9C	FF11-FF11	FF1E-FF1E
Noto Sans TC	400	/fonts/served/noto-sans-tc-110-400-normal.woff2	2022-2022	2500-2500	25BC-25BC	4E1F-4E1F	4E95-4E95	4F50-4F50	4F54-4F54	4F69-4F69	4FB6-4FB6	4FC4-4FC4	4FCA-4FCA	5009-5009	50BB-50BB	5154-5154	51CC-51CC	528D-528D	5291-5291	52D2-52D2	52E4-52E4	5353-5353	5360-5360	540A-540B	5410-5410	54F2-54F2	5514-5514	5537-5537	558A-558A	55AC-55AC	5617-5617	56FD-56FD	573E-573E	5766-5766	5783-5783	57D4-57D4	5806-5806	5821-5821	5857-5857	5875-5875	58F9-58F9	592F-592F	5954-5954	596A-596A	59AE-59AE	59C6-59C6	59CA-59CA	59FF-59FF	5A03-5A03	5AE9-5AE9	5B64-5B64	5BB4-5BB4	5C3F-5C3F	5C6F-5C6F	5DE1-5DE1	5E16-5E16	5E45-5E45	5E72-5E72	5EC9-5EC9	5F7C-5F7C	5F81-5F81	5F90-5F92	6016-6016	6085-6085	6089-6089	60A0-60A0	60A3-60A3	60B2-60B2	60D1-60D1	60F9-60F9	6155-6155	6158-6158	6191-6191	6212-6212	626E-626E	62D4-62D4	632F-632F	633A-633A	63AA-63AA	642C-642C	64A5-64A5	64CB-64CB	6566-6566	6597-6597	66B1-66B1	66EC-66EC	6731-6731	6735-6735	67EF-67EF	6846-6846	6876-6876	6881-6881	68AF-68B0	68C9-68C9	6905-6905	6BC0-6BC0	6BEB-6BEB	6C0F-6C0F	6C1B-6C1B	6C41-6C41	6CE5-6CE5	6CF3-6CF3	6D25-6D25	6D2A-6D2A	6D3D-6D3D	6DCB-6DCB	6DD8-6DD8	6DFA-6DFA	6E9D-6E9D	6EAA-6EAA	6EC5-6EC5	6ECB-6ECB	6F0F-6F0F	6F32-6F32	707D-707D	708E-708E	7092-7092	716E-716E	723A-723A	731B-731B	7345-7345	7375-7375	73B2-73B2	7434-7434	74E6-74E6	758A-758A	75BE-75BE	75DE-75DE	764C-764C	76DC-76DC	788E-788E	7897-7897	789F-789F	78A9-78A9	78B0-78B0	790E-790E	7965-7965	7A4E-7A4E	7C43-7C43	7D17-7D17	7DD2-7DD2	7E96-7E96	7F51-7F51	7F69-7F69	7F72-7F72	7FD4-7FD4	7FE0-7FE0	8017-8017	80A9-80A9	80D6-80D6	8150-8150	8178-8178	81BD-81BD	829D-829D	82AC-82AC	8303-8303	838E-838E	83CC-83CC	840C-840C	8482-8482	8499-8499	85A9-85AA	883B-883B	8861-8861	88C1-88C1	88CF-88CF	88D9-88D9	8A3A-8A3A	8A98-8A98	8AEE-8AEE	8C8C-8C8C	8CC0-8CC0	8CE2-8CE2	8D0F-8D0F	8DA8-8DA8	8DCC-8DCC	8E0F-8E0F	8F1D-8F1D	8F29-8F29	8FAD-8FAD	9003-9003	9006-9006	903C-903C	903E-903E	9059-9059	9072-9072	9075-9075	90CE-90CE	9130-9130	91AC-91AC	91E3-91E3	9285-9285	9298-9298	92EA-92EA	9326-9326	937E-937E	95C6-95C6	9676-9677	9727-9727	994B-994B	99A8-99A8	99D0-99D0	9A30-9A30	9B42-9B42	9B45-9B45	9D3B-9D3B	9E7F-9E7F	9EE8-9EE8	9F3B-9F3B
Noto Sans TC	400	/fonts/served/noto-sans-tc-111-400-normal.woff2	5E-5E	3042-3042	3044-3044	3046-3046	3048-3048	304A-3050	3053-3057	3059-305B	305D-3061	3063-306C	306E-3079	307B-307B	307D-307F	3082-308D	308F-308F	3092-3093	30A1-30A4	30A6-30C1	30C3-30C4	30C6-30E1	30E3-30ED	30EF-30EF	30F3-30F3	30FB-30FC	4E32-4E32	4EF2-4EF2	4FD7-4FD7	501F-501F	5144-5144	51C6-51C6	52C1-52C1	5440-5440	54E6-54E6	54ED-54ED	5510-5510	5687-5687	58C1-58C1	5B5D-5B5D	5BD2-5BD2	5EE2-5EE2	5F31-5F31	6012-6012	6084-6084	6148-6148	6182-6182	622A-622A	6355-6355	6372-6372	63EE-63EE	6416-6416	6575-6575	660C-660C	66C9-66C9	675C-675C	6A6B-6A6B	6B32-6B32	6B49-6B49	6B98-6B98	6D6E-6D6E	6DDA-6DDA	6EF4-6EF4	6EFE-6EFE	7159-7159	7378-7378	775B-775B	78E8-78E8	7AA9-7AA9	7D1B-7D1B	7DE9-7DE9	7F6A-7F6A	7F8A-7F8A	7FBD-7FBD	8000-8000	809A-809A	8102-8102	8170-8170	819C-819C	8266-8266	82B3-82B3	87F2-87F2	8972-8972	8A17-8A17	8B02-8B02	8E22-8E22	904D-904D	90ED-90ED	91C7-91C7	93C8-93C8	9451-9451	9A37-9A37	9B27-9B27	AD6D-AD6D	C5B4-C5B4	D55C-D55C
Noto Sans TC	400	/fonts/served/noto-sans-tc-112-400-normal.woff2	2502-2502	2605-2605	4E39-4E39	4E58-4E58	4EA1-4EA1	4ED9-4ED9	4F2F-4F30	4F38-4F38	4F75-4F75	4FC3-4FC3	4FF1-4FF1	500D-500D	5049-5049	5074-5074	5077-5077	5091-5091	5175-5175	517C-517C	51CD-51CD	51E1-51E1	5269-526A	52AA-52AA	52C7-52C7	52DF-52DF	5377-5377	541B-541B	5439-5439	5448-5448	54AA-54AA	5674-5674	56F0-56F0	5761-5761	585E-585E	588A-588A	58A8-58A8	58FD-58FD	5925-5925	592E-592E	5948-5948	5999-5999	59B3-59B3	5A18-5A18	5A1C-5A1C	5A46-5A46	5B30-5B30	5B54-5B54	5B6B-5B6B	5B8F-5B8F	5BE9-5BE9	5BF8-5BF8	5C0A-5C0A	5C16-5C16	5C24-5C24	5C46-5C46	5CF0-5CF0	5E1D-5E1D	5E25-5E25	5E2D-5E2D	5E3D-5E3D	5E79-5E79	5F04-5F04	5FCD-5FCD	5FE0-5FE0	60DC-60DC	6163-6163	616E-616E	61F6-61F6	6258-6258	6293-6293	62C6-62C6	62D2-62D2	62D6-62D6	62FC-62FC	63DA-63DA	63ED-63ED	640D-640D	6458-6458	649E-649E	64EC-64EC	64F4-64F4	64FE-64FE	651C-651C	6562-6562	65CB-65CB	65E2-65E2	65FA-65FA	6628-6628	6668-6668	66A2-66A2	66DD-66DD	66FC-66FC	66FF-66FF	6717-6717	67CF-67CF	67D4-67D4	6817-6817	6885-6885	695A-695A	69CD-69CD	6AFB-6AFB	6BBC-6BBC	6C89-6C89	6C96-6C96	6CC9-6CC9	6D1B-6D1B	6D1E-6D1E	6D74-6D74	6DB2-6DB2	6DBC-6DBC	6DF7-6DF7	6DFB-6DFB	6E38-6E38	6F38-6F38	6F5B-6F5B	6F64-6F64	6F8E-6F8E	6FA4-6FA4	6FC3-6FC3	6FD5-6FD5	7070-7070	70B8-70B8	70CF-70CF	70E4-70E4	7169-7169	7210-7210	721B-721B	7238-7238	737B-737B	73BB-73BB	746A-746A	7483-7483	74DC-74DC	74F6-74F6	7518-7518	756A-756A	75C7-75C7	7919-7919	7956-7956	795D-795D	7A05-7A05	7A0D-7A0D	7A3F-7A3F	7BC9-7BC9	7C97-7C97	7CD5-7CD5	7D0B-7D0B	7D10-7D10	7DFB-7DFB	7E3E-7E3E	7E6A-7E6A	8036-8036	808C-808C	80AF-80AF	80CE-80CE	80E1-80E1	80F8-80F8	817F-817F	8216-8216	8239-8239	827E-827E	8377-8377	8389-8389	83AB-83AB	83F2-83F2	840A-840A	8584-8584	85C9-85C9	865B-865B	8766-8766	87A2-87A2	8932-8932	8A50-8A50	8A69-8A69	8A95-8A95	8B6F-8B6F	8C37-8C37	8C6C-8C6C	8CA9-8CA9	8CFA-8CFA	8D95-8D95	8DE1-8DE1	8F14-8F14	8F9B-8F9B	8FA3-8FA3	8FEB-8FEB	8FF4-8FF4	9010-9010	901B-901B	905E-905E	9080-9080	912D-912D	9177-9177	9336-9336	947D-947D	963B-963B	966A-966A	9670-9670	9769-9769	9813-9813	9846-9846	98FD-98FD	99D5-99D5	9A0E-9A0E	9A19-9A19	9B6F-9B6F	9CE5-9CE5	9CF3-9CF3	9ECE-9ECE	9ED8-9ED8	9F13-9F13	9F20-9F20
Noto Sans TC	400	/fonts/served/noto-sans-tc-113-400-normal.woff2	201C-201D	203B-203B	2192-2192	25B2-25B2	300E-300F	4E01-4E01	4E73-4E73	4E82-4E82	4E88-4E88	4E8E-4E8E	4F0A-4F0A	4F5B-4F5B	502B-502B	504F-504F	5076-5076	5100-5100	5104-5104	5132-5132	5192-5192	51A0-51A0	51AC-51AC	51F1-51F1	5200-5200	5224-5224	522A-522A	5237-5238	523A-523A	526F-526F	5289-5289	52DE-52DE	52F5-52F5	52FF-52FF	5371-5371	539A-539A	53E5-53E5	540E-540E	5433-5433	547C-547C	552F-552F	5531-5531	5634-5634	56C9-56C9	574A-574A	57F7-57F7	57F9-57F9	5805-5805	5851-5851	5854-5854	586B-586B	58C7-58C7	58DE-58DE	5967-5967	59BB-59BB	59D3-59D4	5B55-5B55	5B87-5B87	5B97-5B97	5BAE-5BAE	5BBF-5BBF	5BE7-5BE7	5BEC-5BEC	5CB8-5CB8	5DF7-5DF7	5E7B-5E7C	5F1F-5F1F	5F70-5F70	5FD9-5FD9	60E1-60E1	61B6-61B6	61C2-61C2	6200-6200	6234-6234	6263-6263	62B5-62B5	62DC-62DC	62EC-62EC	6383-6383	638C-638C	63CF-63CF	63D2-63D2	63E1-63E1	63F4-63F4	641E-641E	64CD-64CD	64FA-64FA	654F-654F	6557-6557	656C-656C	65C1-65C1	65D7-65D7	6620-6620	6676-6676	6696-6697	66AB-66AB	66C6-66C6	671D-671D	672B-672B	676F-676F	677E-677E	67D0-67D0	67D3-67D3	684C-684C	68C4-68C4	690D-690D	694A-694A	699C-699C	6A4B-6A4B	6AC3-6AC3	6B04-6B04	6B23-6B23	6B78-6B78	6B8A-6B8A	6BD2-6BD2	6C60-6C60	6CB3-6CB3	6D89-6D89	6DE1-6DE1	6DE8-6DE8	6E6F-6E6F	6F02-6F02	70C8-70C8	7126-7126	718A-718A	7236-7236	723D-723D	7246-7246	72AF-72AF	72D7-72D7	73CD-73CD	7532-7532	760B-760B	7626-7626	7687-7687	76DF-76DF	7761-7761	79CB-79CB	79D2-79D2	79DF-79DF	7A69-7A69	7AF6-7AF6	7B80-7B80	7C3D-7C3D	7C3F-7C3F	7C4D-7C4D	7CD6-7CD6	7D2B-7D2B	7DE3-7DE3	7E2E-7E2E	7E54-7E54	7E6B-7E6B	8010-8010	80A5-80A5	812B-812B	819A-819A	81A0-81A0	82D7-82D7	838A-838A	8463-8463	84CB-84CB	8521-8521	8607-8607	860B-860B	864E-864E	871C-871C	878D-878D	885D-885D	89F8-89F8	8A13-8A13	8AA0-8AA0	8AFE-8AFE	8B5C-8B5C	8C46-8C46	8CBF-8CBF	8CD3-8CD3	8CF4-8CF4	8D08-8D08	8D0A-8D0A	8DDD-8DDD	8DE8-8DE8	8FEA-8FEA	9014-9014	9055-9055	906D-906D	907A-907A	907F-907F	90A6-90A6	9178-9178	92FC-92FC	934B-934B	9396-9396	93AE-93AE	9583-9583	9663-9663	9694-9694	96BB-96BB	9707-9707	9738-9738	9905-9905	9AA8-9AA8	9B25-9B25	9B3C-9B3C	9EA5-9EA5	9EB5-9EB5	9F4A-9F4A	9F61-9F61	FF0D-FF0E
Noto Sans TC	400	/fonts/served/noto-sans-tc-114-400-normal.woff2	3C-3C	D7-D7	2027-2027	4E4E-4E4E	4E92-4E92	4EA6-4EA6	4EC1-4EC1	4ECD-4ECD	4F34-4F34	4F48-4F48	4F53-4F53	4FB5-4FB5	5012-5012	50B7-50B7	51B0-51B0	5283-5283	52DD-52DD	532F-532F	5354-5354	53EB-53EB	53F3-53F3	5409-5409	5496-5496	54C8-54C8	54E5-54E5	554A-554A	5561-5561	5594-5594	559D-559D	56B4-56B4	56FA-56FA	5713-5713	5750-5750	57DF-57DF	584A-584A	590F-590F	592B-592B	593E-593E	5976-5976	599D-599D	59B9-59B9	59D0-59D0	5A5A-5A5A	5A66-5A66	5B85-5B85	5B88-5B88	5BA3-5BA3	5BDF-5BDF	5C01-5C01	5C04-5C04	5C3A-5C3A	5C3E-5C3E	5C4F-5C4F	5DDD-5DDE	5DE7-5DE8	5E63-5E63	5E8A-5E8A	5E9C-5E9C	5EDA-5EDA	5EF3-5EF3	5EF6-5EF6	5F48-5F48	5FB5-5FB5	6015-6015	6025-6025	602A-602A	6050-6050	6069-6069	6162-6162	6176-6176	61F7-61F7	6279-6279	627F-627F	6297-6297	62B1-62B1	62BD-62BD	6311-6311	6377-6377	6388-6389	63A1-63A2	6436-6436	64C1-64C1	64D4-64D4	6551-6551	6563-6563	65BD-65BD	66B4-66B4	66F2-66F2	6751-6751	675F-675F	6790-6790	6838-6838	68D2-68D2	68EE-68EE	6982-6982	69AE-69AE	69CB-69CB	6A39-6A39	6B66-6B66	6BBA-6BBA	6C5F-6C5F	6CE1-6CE1	6D0B-6D0B	6D3E-6D3E	6D6A-6D6A	6E1B-6E1B	6ED1-6ED1	6F22-6F22	6F54-6F54	6F6E-6F6E	6FC0-6FC0	6FDF-6FDF	719F-719F	71C8-71C8	71D2-71D2	7259-7259	72C2-72C2	7389-7389	73E0-73E0	745E-745E	751A-751A	751C-751C	7530-7530	7533-7533	7562-7562	7591-7591	75C5-75C5	75DB-75DB	7642-7642	7686-7686	76D2-76D2	76DB-76DB	76E1-76E1	76E3-76E3	7701-7701	786C-786C	7981-7981	79C0-79C0	79FB-79FB	7A81-7A81	7A97-7A97	7ADF-7ADF	7AEF-7AEF	7B26-7B26	7C64-7C64	7D0D-7D0D	7D14-7D14	7D2F-7D2F	7D9C-7D9C	7DCA-7DCA	7DF4-7DF4	7E23-7E23	7F3A-7F3A	8033-8033	804A-804A	8056-8056	805A-805A	8173-8173	81E8-81E8	8212-8212	821E-821E	822A-822A	82E6-82E6	8336-8336	83DC-83DC	8449-8449	84EE-84EE	85E5-85E5	885B-885B	888B-888B	8907-8907	8A34-8A34	8A5E-8A5E	8AA4-8AA4	8AB0-8AB0	8AB2-8AB2	8AC7-8AC7	8B66-8B66	8C6A-8C6A	8C93-8C93	8C9D-8C9D	8CB4-8CB4	8DD1-8DD1	8F2A-8F2A	8FB2-8FB2	9109-9109	9192-9192	91CB-91CB	91DD-91DD	93E1-93E1	964D-964D	9686-9686	968E-968E	969C-969C	96DE-96DE	96E8-96E8	96EA-96EA	96F7-96F7	975C-975C	9760-9760	978B-978B	9858-9858	98EF-98EF	9918-9918	9AEE-9AEE	9B54-9B54	9EBB-9EBB	FF0F-FF0F	FF5C-FF5C
Noto Sans TC	400	/fonts/served/noto-sans-tc-115-400-normal.woff2	23-25	3D-3D	4E45-4E45	4E5D-4E5D	4E7E-4E7E	4EAC-4EAC	4EAE-4EAE	4ED4-4ED4	4EE4-4EE4	4F01-4F01	4F3C-4F3C	4F8B-4F8B	4FC2-4FC2	505C-505C	50C5-50C5	5145-5145	51B7-51B7	521D-521D	523B-523B	525B-525B	5287-5287	52E2-52E2	5348-5348	535A-535A	537B-537B	5426-5426	542B-542B	5438-5438	5462-5462	54EA-54EA	555F-555F	5566-5566	5584-5584	5609-5609	5708-5708	570D-570D	571F-571F	5747-5747	5802-5802	58D3-58D3	5920-5920	5922-5922	5957-5957	5979-5979	5A01-5A01	5A92-5A92	5ABD-5ABD	5B63-5B63	5B69-5B69	5B83-5B83	5BB3-5BB3	5BC4-5BC4	5BF5-5BF5	5C3C-5C3C	5C40-5C40	5C4B-5C4B	5C64-5C64	5CF6-5CF6	5DE6-5DE6	5E0C-5E0C	5E55-5E55	5E78-5E78	5EAB-5EAB	5EAD-5EAD	5EE0-5EE0	5F85-5F85	5F8B-5F8B	5FD7-5FD8	6167-6167	6298-6298	62DB-62DB	62FF-62FF	639B-639B	63A7-63A7	642D-642D	6469-6469	64AD-64AD	651D-651D	653B-653B	65B7-65B7	65CF-65CF	665A-665A	666E-666E	66FE-66FE	6728-6728	674E-674E	67B6-67B6	6821-6821	6839-6839	6843-6843	6A94-6A94	6B4C-6B4C	6B50-6B50	6B62-6B62	6B72-6B72	6B7B-6B7B	6BCD-6BCD	6BDB-6BDB	6C38-6C38	6C7A-6C7A	6C7D-6C7D	6C99-6C99	6CB9-6CB9	6CE2-6CE2	6CF0-6CF0	6D17-6D17	6D32-6D32	6E2C-6E2C	6E56-6E56	6FB3-6FB3	722D-722D	723E-723E	725B-725B	734E-734E	7387-7387	73ED-73ED	7565-7565	7570-7570	76CA-76CA	76E4-76E4	773E-773E	77ED-77ED	77F3-77F3	7814-7814	7834-7834	7968-7968	79D8-79D8	7A7F-7A7F	7AF9-7AF9	7B11-7B11	7B46-7B46	7B54-7B54	7BC4-7BC4	7D19-7D19	7D22-7D22	7D42-7D42	7D55-7D55	7DA0-7DA0	7E41-7E41	7E7C-7E7C	7F85-7F85	7FFB-7FFB	8077-8077	8089-8089	80CC-80CC	81C9-81C9	81F4-81F4	81FA-81FA	820A-820A	822C-822C	826F-826F	8349-8349	85CD-85CD	86CB-86CB	8840-8840	88DC-88DC	8986-8986	8A0E-8A0E	8A73-8A73	8A8C-8A8C	8B1B-8B1B	8B9A-8B9A	8C50-8C50	8CA0-8CA0	8CDE-8CDE	8CFD-8CFD	8D8A-8D8A	8DF3-8DF3	8E64-8E64	8ECD-8ECD	8EDF-8EDF	8F38-8F38	8FD4-8FD4	8FF0-8FF0	8FF7-8FF7	9000-9000	9047-9047	9060-9060	90F5-90F5	9152-9152	91CE-91CE	9280-9280	9418-9418	9435-9435	9589-9589	9592-9592	9678-9678	968A-968A	96AA-96AA	96C5-96C5	96D6-96D6	96DC-96DC	96F6-96F6	9732-9732	9748-9748	9802-9802	9806-9806	9808-9808	983B-983B	984D-984D	984F-984F	9867-9867	98DB-98DB	98F2-98F2	98FE-98FE	9A5A-9A5A	9B06-9B06	9B5A-9B5A	9BAE-9BAE	FF5E-FF5E
Noto Sans TC	400	/fonts/served/noto-sans-tc-116-400-normal.woff2	40-40	2026-2026	4E03-4E03	4E14-4E14	4E9E-4E9E	4EC0-4EC0	4ED8-4ED8	4F11-4F11	4F4E-4F4F	4F73-4F73	4FEE-4FEE	5019-5019	503C-503C	5047-5047	514B-514B	516B-516B	5178-5178	5207-5207	520A-520A	5236-5236	5343-5343	5347-5347	534A-534A	5370-5370	53CD-53CD	53E4-53E4	53E6-53E6	53F2-53F2	5403-5403	5411-5411	5427-5427	5468-5468	5473-5473	547D-547D	552E-552E	5740-5740	5883-5883	589E-589E	591C-591C	5931-5931	59CB-59CB	5A1B-5A1B	5B58-5B58	5B98-5B98	5B9C-5B9C	5BA4-5BA4	5BCC-5BCC	5BEB-5BEB	5C45-5C45	5C6C-5C6C	5DEE-5DEE	5DF4-5DF4	5E03-5E03	5E33-5E33	5E6B-5E6B	5E7E-5E7E	5E8F-5E8F	5E95-5E95	5EA7-5EA7	5F15-5F15	5F62-5F62	5F69-5F69	5F80-5F80	5FA9-5FA9	5FAE-5FAE	5FB7-5FB7	5FF5-5FF5	600E-600E	601D-601D	60E0-60E0	614B-614B	6230-6230	623F-623F	628A-628A	6295-6295	62C9-62C9	6309-6309	64C7-64C7	64CA-64CA	652F-652F	6545-6545	6548-6548	65AF-65AF	65E9-65E9	6625-6625	666F-666F	667A-667A	670B-670B	671B-671B	6750-6750	677F-677F	6975-6975	6A13-6A13	6A21-6A21	6AA2-6AA2	6B65-6B65	6B77-6B77	6BB5-6BB5	6CC1-6CC1	6CE8-6CE8	6DF1-6DF1	6E90-6E90	6E96-6E96	6EAB-6EAB	6F14-6F14	6F2B-6F2B	700F-700F	706B-706B	7206-7206	724C-724C	72C0-72C0	7368-7368	7372-7372	74B0-74B0	756B-756B	76AE-76AE	773C-773C	78BA-78BA	798F-798F	79AE-79AE	7A4D-7A4D	7A76-7A76	7AE5-7AE5	7B56-7B56	7B97-7B97	7BB1-7BB1	7BC7-7BC7	7C73-7C73	7C89-7C89	7D00-7D00	7D20-7D20	7D39-7D39	7D72-7D72	7DAD-7DAD	7E8C-7E8C	7FA4-7FA4	7FD2-7FD2	8003-8003	807D-807D	80A1-80A1	80B2-80B2	8166-8166	8208-8209	82E5-82E5	843D-843D	85CF-85CF	85DD-85DD	862D-862D	8857-8857	8863-8863	89BA-89BA	89D2-89D2	8A2A-8A2A	8A31-8A31	8A62-8A62	8A66-8A66	8A72-8A72	8ABF-8ABF	8B1D-8B1D	8B58-8B58	8C61-8C61	8CA1-8CA1	8CA8-8CA8	8CAC-8CAC	8CBC-8CBC	8D70-8D70	8DA3-8DA3	8DB3-8DB3	8DDF-8DDF	8F03-8F03	8F15-8F15	8F2F-8F2F	8FA6-8FA6	8FCE-8FCE	8FFD-8FFD	900F-900F	9031-9031	9069-9069	908A-908A	91AB-91AB	91CC-91CC	92B7-92B7	9322-9322	932F-932F	9375-9375	9632-9632	963F-963F	9644-9644	9662-9662	9673-9673	967D-967D	96A8-96A8	96C4-96C4	96D9-96D9	96E2-96E3	96F2-96F2	9752-9752	97D3-97D3	97FF-97FF	9805-9805	9810-9810	9818-9818	986F-986F	990A-990A	9910-9910	9928-9928	9E97-9E97	9EC3-9EC3	9F8D-9F8D	FF1B-FF1B
Noto Sans TC	400	/fonts/served/noto-sans-tc-117-400-normal.woff2	26-26	3E-3E	5F-5F	7E-7E	3000-3000	300A-300B	3010-3011	4E16-4E16	4E26-4E26	4E94-4E94	4E9B-4E9B	4EA4-4EA4	4ECA-4ECB	4EFB-4EFB	4EFD-4EFD	4F46-4F46	4F55-4F55	4F9B-4F9B	4F9D-4F9D	4FBF-4FBF	505A-505A	5065-5065	5099-5099	50CF-50CF	512A-512A	5143-5143	5148-5148	5152-5152	5169-5169	516D-516D	5171-5171	5177-5177	518A-518A	5225-5225	5247-5247	5275-5275	529F-529F	52A9-52A9	5305-5305	5341-5341	5357-5357	5361-5361	5373-5373	53BB-53BB	53C3-53C3	53C8-53C8	53D6-53D7	53E3-53E3	5404-5404	559C-559C	55CE-55CE	5668-5668	56DB-56DB	5712-5712	5718-5718	57CE-57CE	57FA-57FA	58EB-58EB	592A-592A	5947-5947	5BC6-5BC6	5BF6-5BF6	5C0E-5C0E	5C11-5C11	5C1A-5C1A	5C55-5C55	5C71-5C71	5DF1-5DF1	5E2B-5E2B	5E36-5E36	5E97-5E97	5EB7-5EB7	5EE3-5EE3	5EFA-5EFA	5F35-5F35	5F37-5F37	5F88-5F88	5F9E-5F9E	5FC5-5FC5	606F-606F	60A8-60A8	6232-6232	6236-6236	624D-624D	627E-627E	6280-6280	62CD-62CD	6301-6301	6307-6307	6392-6392	63DB-63DB	64DA-64DA	6539-6539	653E-653F	6559-6559	6574-6574	65C5-65C5	6613-6613	66F8-66F8	6797-6797	67E5-67E5	6848-6848	6A19-6A19	6A23-6A23	6B61-6B61	6BCF-6BCF	6C11-6C11	6C42-6C42	6D41-6D41	6D77-6D77	6E2F-6E2F	6EFF-6EFF	7167-7167	71DF-71DF	738B-738B	73A9-73A9	7403-7403	7537-7537	754C-754C	7559-7559	767D-767E	78BC-78BC	793A-793A	795E-795E	79C1-79C1	79D1-79D1	7A2E-7A2E	7A31-7A31	7A7A-7A7A	7AE0-7AE0	7BA1-7BA1	7BC0-7BC0	7C21-7C21	7CFB-7CFB	7D04-7D05	7D1A-7D1A	7D30-7D30	7D44-7D44	7D66-7D66	7D71-7D71	7DE8-7DE8	7E3D-7E3D	7F6E-7F6E	7FA9-7FA9	8001-8001	805E-805E	8072-8072	81F3-81F3	82F1-82F1	83EF-83EF	842C-842C	8457-8457	85A6-85A6	8655-8655	8853-8853	88AB-88AB	88DD-88DD	88E1-88E1	88FD-88FD	897F-897F	898F-898F	89AA-89AA	89BD-89BD	89C0-89C0	89E3-89E3	8A02-8A02	8A3B-8A3B	8A55-8A55	8A8D-8A8D	8A9E-8A9E	8AD6-8AD6	8B49-8B49	8B70-8B70	8B77-8B77	8B80-8B80	8B8A-8B8A	8B93-8B93	8CB7-8CB7	8CE3-8CE3	8CEA-8CEA	8CFC-8CFC	8F09-8F09	8FD1-8FD1	9001-9001	901F-9020	9054-9054	90A3-90A3	914D-914D	91CF-91CF	9304-9304	95B1-95B1	9664-9664	969B-969B	96B1-96B1	96C6-96C6	9700-9700	975E-975E	97F3-97F3	98A8-98A8	98DF-98DF	9999-9999	99AC-99AC	9A57-9A57	9EBC-9EBC	9ED1-9ED1
Noto Sans TC	400	/fonts/served/noto-sans-tc-118-400-normal.woff2	D-D	2B-2B	7C-7C	A9-A9	300C-300D	4E09-4E09	4E3B-4E3B	4E4B-4E4B	4E5F-4E5F	4E86-4E86	4E8B-4E8C	4EAB-4EAB	4ED6-4ED6	4EE3-4EE3	4EF6-4EF6	4F1A-4F1A	4F4D-4F4D	4F60-4F60	4F7F-4F7F	4FDD-4FDD	4FE1-4FE1	50B3-50B3	50F9-50F9	5149-5149	514D-514D	5167-5167	5176-5176	518D-518D	5217-5217	5229-5229	524D-524D	529B-529B	52A0-52A0	52D9-52D9	5316-5317	5340-5340	539F-539F	53CA-53CB	53EA-53EA	53F8-53F8	5408-5408	540C-540D	544A-544A	548C-548C	54C1-54C1	54E1-54E1	5546-5546	554F-554F	55AE-55AE	56DE-56DE	56E0-56E0	5716-5716	578B-578B	5831-5831	5834-5834	5916-5916	5973-5973	5982-5982	5B57-5B57	5B78-5B78	5B89-5B89	5B8C-5B8C	5B9A-5B9A	5BA2-5BA2	5BB9-5BB9	5BE6-5BE6	5C07-5C08	5C0B-5C0B	5C0D-5C0D	5C31-5C31	5DE5-5DE5	5DF2-5DF2	5E02-5E02	5E38-5E38	5EA6-5EA6	5F0F-5F0F	5F71-5F71	5F8C-5F8C	5F97-5F97	5FEB-5FEB	6027-6027	60C5-60C5	60F3-60F3	610F-610F	611B-611B	611F-611F	61C9-61C9	6216-6216	624B-624B	6253-6253	63A5-63A5	63A8-63A8	63D0-63D0	641C-641C	6536-6536	6578-6578	6599-6599	661F-661F	662D-662D	670D-670D	671F-671F	672A-672A	6771-6771	679C-679C	682A-682A	683C-683C	689D-689D	696D-696D	6A02-6A02	6A5F-6A5F	6B0A-6B0A	6B21-6B21	6B3E-6B3E	6B64-6B64	6BD4-6BD4	6C23-6C23	6C34-6C34	6C92-6C92	6CD5-6CD5	6D3B-6D3B	6D88-6D88	6E05-6E05	7063-7063	7121-7121	7136-7136	71B1-71B1	7247-7248	7269-7269	7279-7279	73FE-73FE	7406-7406	7522-7522	7531-7531	7576-7576	767B-767B	76EE-76EE	76F4-76F4	770B-770B	771F-771F	77E5-77E5	793E-793E	7A0B-7A0B	7ACB-7ACB	7AD9-7AD9	7B2C-7B2C	7B49-7B49	7CBE-7CBE	7D50-7D50	7D61-7D61	7D93-7D93	7DDA-7DDA	8005-8005	800C-800C	806F-806F	8207-8207	8272-8272	82B1-82B1	865F-865F	8868-8868	898B-898B	8996-8996	8A00-8A00	8A08-8A08	8A0A-8A0A	8A18-8A18	8A2D-8A2D	8A71-8A71	8AAA-8AAA	8ACB-8ACB	8CBB-8CBB	8CC7-8CC7	8D77-8D77	8D85-8D85	8DEF-8DEF	8EAB-8EAB	8ECA-8ECA	8F49-8F49	9019-901A	9023-9023	9032-9032	904A-904B	904E-904E	9053-9053	9078-9078	9084-9084	90E8-90E8	90FD-90FD	91CD-91CD	91D1-91D1	9577-9577	9580-9580	9593-9593	9650-9650	9762-9762	982D-982D	984C-984C	985E-985E	9AD4-9AD4	9AD8-9AD8	9EDE-9EDE	FF01-FF01	FF08-FF09	FF1F-FF1F
Noto Sans TC	400	/fonts/served/noto-sans-tc-119-400-normal.woff2	20-22	27-2A	2C-3B	3F-3F	41-5D	61-7B	7D-7D	A0-A0	AB-AB	AE-AE	B2-B3	B7-B7	BB-BB	BF-BF	C9-C9	CD-CD	D6-D6	E0-EF	F1-F4	F6-F6	F9-FA	FC-FD	101-101	103-103	110-111	113-113	12B-12B	14D-14D	16B-16B	1A1-1A1	1B0-1B0	1CE-1CE	300-301	1EA1-1EA1	1EA3-1EA3	1EBF-1EBF	1EC7-1EC7	2013-2014	2039-203A	203C-203C	2122-2122	3001-3002	4E00-4E00	4E0A-4E0B	4E0D-4E0D	4E2D-4E2D	4EBA-4EBA	4EE5-4EE5	4F5C-4F5C	4F86-4F86	500B-500B	5011-5011	5165-5165	5168-5168	516C-516C	51FA-51FA	5206-5206	5230-5230	52D5-52D5	53EF-53F0	570B-570B	5728-5728	5730-5730	591A-591A	5927-5927	5929-5929	597D-597D	5B50-5B50	5BB6-5BB6	5C0F-5C0F	5E73-5E74	5FC3-5FC3	6210-6211	6240-6240	6587-6587	65B0-65B0	65B9-65B9	65BC-65BC	65E5-65E5	660E-660E	662F-662F	6642-6642	66F4-66F4	6700-6700	6703-6703	6708-6709	672C-672C	6B63-6B63	6CBB-6CBB	70B9-70BA	751F-751F	7528-7528	767C-767C	7684-7684	76F8-76F8	7DB2-7DB2	7F8E-7F8E	80FD-80FD	81EA-81EA	884C-884C	8981-8981	958B-958B	95DC-95DC	96FB-96FB	9801-9801	9996-9996	FF0C-FF0C	FF1A-FF1A
Noto Sans TC	700	/fonts/served/noto-sans-tc-0-700-normal.woff2	1F921-1F930	1F932-1F935	1F937-1F939	1F940-1F944	1F947-1F94A	1F950-1F95F	1F962-1F967	1F969-1F96A	1F980-1F981	1F984-1F98D	1F990-1F992	1F994-1F996	1F9C0-1F9C0	1F9D0-1F9D0	1F9D2-1F9D2	1F9D4-1F9D4	1F9D6-1F9D6	1F9D8-1F9D8	1F9DA-1F9DA	1F9DC-1F9DD	1F9DF-1F9E2	1F9E5-1F9E6	20024-20024	20487-20487	20779-20779	20C41-20C41	20C78-20C78	20D71-20D71	20E98-20E98	20EF9-20EF9	2107B-2107B	210C1-210C1	22C51-22C51	233B4-233B4	24A12-24A12	2512B-2512B	2546E-2546E	25683-25683	267CC-267CC	269F2-269F2	27657-27657	282E2-282E2	2898D-2898D	29D5A-29D5A	F0001-F0005	F0019-F0019	F009B-F009B	F0101-F0104	F012B-F012B	F01BA-F01BA	F01D6-F01D6	F0209-F0209	F0217-F0217	F0223-F0224	FC355-FC355	FE327-FE327	FE517-FE517	FEB97-FEB97	FFFB4-FFFB4
Noto Sans TC	700	/fonts/served/noto-sans-tc-6-700-normal.woff2	FF78-FF7E	FF80-FF86	FF89-FF94	FF97-FF9E	FFB9-FFB9	FFE0-FFE3	FFE9-FFE9	FFEB-FFEB	FFED-FFED	FFFC-FFFC	1D7C7-1D7C7	1F004-1F004	1F0CF-1F0CF	1F141-1F142	1F150-1F150	1F154-1F154	1F158-1F158	1F15B-1F15B	1F15D-1F15E	1F162-1F163	1F170-1F171	1F174-1F174	1F177-1F178	1F17D-1F17F	1F192-1F195	1F197-1F19A	1F1E6-1F1F5	1F1F7-1F1FF	1F21A-1F21A	1F22F-1F22F	1F232-1F237	1F239-1F23A	1F250-1F251	1F300-1F300	1F302-1F319
Noto Sans TC	700	/fonts/served/noto-sans-tc-7-700-normal.woff2	FA0A-FA0A	FA0C-FA0C	FA11-FA11	FA17-FA17	FA19-FA19	FA1B-FA1B	FA1D-FA1D	FA26-FA26	FA2C-FA2C	FB01-FB01	FDFC-FDFC	FE0E-FE0E	FE33-FE36	FE38-FE44	FE49-FE51	FE54-FE54	FE56-FE57	FE59-FE5C	FE5F-FE6A	FE8E-FE8E	FE92-FE93	FEAE-FEAE	FECB-FECC	FEE0-FEE0	FEEC-FEEC	FEF3-FEF3	FF04-FF04	FF07-FF07	FF26-FF2C	FF31-FF32	FF35-FF37	FF39-FF3A	FF3C-FF3C	FF3E-FF5B	FF5D-FF5D	FF61-FF65	FF67-FF68	FF6A-FF6A	FF6C-FF77
Noto Sans TC	700	/fonts/served/noto-sans-tc-8-700-normal.woff2	F78A-F78C	F78E-F78E	F792-F796	F798-F798	F79C-F79C	F7F5-F7F5	F812-F812	F815-F815	F876-F876	F8F5-F8F5	F8F8-F8F8	F8FF-F8FF	F901-F902	F904-F904	F906-F906	F909-F90A	F90F-F90F	F914-F914	F918-F919	F91B-F91B	F91D-F91D	F91F-F91F	F923-F923	F925-F925	F92D-F92F	F934-F934	F937-F938	F93D-F93D	F93F-F93F	F941-F941	F949-F949	F94C-F94C	F94E-F94F	F95A-F95A	F95D-F95E	F961-F963	F965-F970	F974-F974	F976-F97A	F97C-F97C	F97E-F97F	F981-F981	F983-F983	F988-F988	F98A-F98A	F98C-F98C	F98E-F98E	F996-F997	F999-F99A	F99C-F99C	F99F-F9A0	F9A3-F9A3	F9A8-F9A8	F9AD-F9AD	F9B2-F9B6	F9B9-F9BA	F9BD-F9BE	F9C1-F9C1	F9C4-F9C4	F9C7-F9C7	F9CA-F9CA	F9CD-F9CD	F9D0-F9D1	F9D3-F9D4	F9D7-F9D8	F9DC-F9DD	F9DF-F9E1	F9E4-F9E4	F9E8-F9EA	F9F4-F9F4	F9F6-F9F7	F9F9-F9FA	F9FC-FA01	FA03-FA04	FA06-FA06	FA08-FA09
Noto Sans TC	700	/fonts/served/noto-sans-tc-19-700-normal.woff2	9EB9-9EBA	9EBE-9EBF	9ECC-9ECD	9ED0-9ED0	9ED2-9ED2	9ED4-9ED4	9ED9-9EDA	9EDC-9EDD	9EDF-9EE0	9EE2-9EE2	9EE5-9EE5	9EE7-9EE7	9EEE-9EEE	9EF3-9EF4	9EF6-9EF7	9EF9-9EF9	9EFB-9EFD	9EFF-9EFF	9F07-9F09	9F10-9F10	9F14-9F15	9F19-9F19	9F22-9F22	9F29-9F29	9F2C-9F2C	9F2F-9F2F	9F31-9F31	9F34-9F34	9F37-9F37	9F39-9F39	9F3D-9F3E	9F41-9F41	9F4C-9F50	9F54-9F54	9F57-9F57	9F59-9F59	9F5C-9F5C	9F5F-9F60	9F62-9F63	9F66-9F67	9F6A-9F6A	9F6C-9F6C	9F72-9F72	9F76-9F77	9F7F-9F7F	9F84-9F85	9F88-9F88	9F8E-9F8E	9F91-9F91	9F94-9F96	9F98-9F98	9F9A-9F9B	9F9F-9FA0	9FA2-9FA2	9FA4-9FA4	A1F4-A1F4	A4B0-A4B1	A4B3-A4B3	A9C1-A9C2	AA31-AA31	AB34-AB34	AC00-AC01	AC04-AC04	AC08-AC08	AC10-AC11	AC13-AC16	AC19-AC19	AC1C-AC1D	AC24-AC24	AC70-AC71	AC74-AC74	AC77-AC78	AC80-AC81	AC83-AC83	AC8C-AC8C	AC90-AC90	ACA0-ACA0	ACA8-ACA9	ACAC-ACAC	ACB0-ACB0	ACB8-ACB9	ACBC-ACBD	ACC1-ACC1	ACC4-ACC4	ACE0-ACE1	ACE4-ACE4	ACE8-ACE8	ACF0-ACF1	ACF3-ACF3	ACF5-ACF5	ACFC-ACFC
Noto Sans TC	700	/fonts/served/noto-sans-tc-20-700-normal.woff2	9D34-9D34	9D37-9D37	9D3D-9D3D	9D42-9D42	9D50-9D50	9D52-9D53	9D59-9D59	9D5C-9D5C	9D5E-9D61	9D6A-9D6A	9D6F-9D70	9D77-9D77	9D7A-9D7A	9D7E-9D7E	9D87-9D87	9D89-9D89	9D8F-9D8F	9D91-9D93	9D96-9D96	9D98-9D98	9D9A-9D9A	9DA1-9DA2	9DA5-9DA5	9DA9-9DA9	9DAB-9DAC	9DB1-9DB2	9DB5-9DB5	9DB9-9DBC	9DBF-9DC2	9DC4-9DC4	9DC7-9DC9	9DD3-9DD3	9DD6-9DD6	9DD9-9DDA	9DDE-9DDF	9DE2-9DE2	9DE5-9DE6	9DE8-9DE8	9DEF-9DF0	9DF2-9DF4	9DF8-9DF8	9DFA-9DFA	9DFD-9DFD	9DFF-9DFF	9E02-9E02	9E07-9E07	9E0A-9E0A	9E11-9E11	9E15-9E15	9E18-9E18	9E1A-9E1B	9E1D-9E1E	9E20-9E23	9E25-9E26	9E2D-9E2D	9E2F-9E2F	9E33-9E33	9E35-9E35	9E3D-9E3F	9E42-9E43	9E45-9E45	9E48-9E4A	9E4C-9E4C	9E4F-9E4F	9E51-9E51	9E55-9E55	9E64-9E64	9E66-9E66	9E6B-9E6B	9E6D-9E6E	9E70-9E70	9E73-9E73	9E75-9E75	9E78-9E78	9E80-9E83	9E87-9E88	9E8B-9E8C	9E90-9E91	9E93-9E93	9E96-9E96	9E9D-9E9D	9EA1-9EA1	9EA4-9EA4	9EA6-9EA6	9EA9-9EAB	9EAD-9EAD	9EAF-9EAF	9EB4-9EB4	9EB7-9EB8
Noto Sans TC	700	/fonts/served/noto-sans-tc-21-700-normal.woff2	9BD3-9BD7	9BD9-9BD9	9BDB-9BDB	9BDD-9BDD	9BE1-9BE2	9BE4-9BE5	9BE7-9BE7	9BEA-9BEA	9BED-9BEE	9BF0-9BF1	9BF5-9BF5	9BF7-9BF7	9BF9-9BF9	9BFD-9BFD	9BFF-9BFF	9C02-9C02	9C06-9C06	9C08-9C0A	9C0D-9C0D	9C10-9C10	9C12-9C13	9C15-9C15	9C1C-9C1C	9C1F-9C1F	9C21-9C21	9C23-9C25	9C28-9C29	9C2D-9C2E	9C31-9C33	9C35-9C37	9C39-9C3B	9C3D-9C3E	9C40-9C40	9C42-9C42	9C45-9C49	9C52-9C52	9C54-9C54	9C56-9C56	9C58-9C5A	9C5D-9C5D	9C5F-9C60	9C63-9C63	9C67-9C68	9C72-9C72	9C75-9C75	9C78-9C78	9C7A-9C7C	9C7F-9C81	9C87-9C88	9C8D-9C8D	9C91-9C91	9C94-9C94	9C97-9C97	9C9B-9C9B	9CA4-9CA4	9CA8-9CA8	9CAB-9CAB	9CAD-9CAD	9CB1-9CB3	9CB6-9CB8	9CC4-9CC5	9CCC-9CCD	9CD5-9CD7	9CDD-9CDF	9CE7-9CE7	9CE9-9CE9	9CEE-9CF0	9CF2-9CF2	9CFC-9CFE	9D03-9D03	9D06-9D08	9D0E-9D0E	9D10-9D10	9D12-9D12	9D15-9D15	9D17-9D17	9D1D-9D1F	9D23-9D23	9D2B-9D2B	9D2F-9D30
Noto Sans TC	700	/fonts/served/noto-sans-tc-22-700-normal.woff2	9A6F-9A71	9A73-9A74	9A76-9A76	9A78-9A79	9A7B-9A7C	9A7E-9A7F	9A81-9A82	9A84-9A87	9A8A-9A8B	9A8F-9A91	9A97-9A97	9A9A-9A9A	9A9E-9A9E	9AA0-9AA1	9AA4-9AA5	9AAF-9AB1	9AB6-9AB6	9AB9-9ABA	9ABE-9ABE	9AC0-9AC5	9AC8-9AC8	9ACB-9ACC	9ACE-9ACF	9AD1-9AD1	9AD5-9AD7	9AD9-9AD9	9ADF-9ADF	9AE1-9AE1	9AE3-9AE3	9AEA-9AEB	9AED-9AED	9AEF-9AEF	9AF2-9AF2	9AF4-9AF4	9AF9-9AF9	9AFB-9AFB	9AFD-9AFD	9B03-9B04	9B08-9B08	9B13-9B13	9B18-9B18	9B1F-9B1F	9B22-9B23	9B28-9B2A	9B2C-9B30	9B32-9B32	9B3B-9B3B	9B43-9B43	9B46-9B49	9B4B-9B4E	9B51-9B51	9B55-9B55	9B58-9B58	9B5B-9B5B	9B5E-9B60	9B63-9B63	9B68-9B69	9B74-9B74	9B7D-9B7D	9B80-9B81	9B83-9B84	9B87-9B88	9B8A-9B8B	9B8D-9B8E	9B90-9B90	9B92-9B95	9B97-9B97	9B9F-9BA0	9BA2-9BA3	9BA8-9BA8	9BAB-9BAB	9BB0-9BB0	9BB8-9BB8	9BC0-9BC1	9BC3-9BC3	9BC6-9BC8
Noto Sans TC	700	/fonts/served/noto-sans-tc-23-700-normal.woff2	9912-9912	9914-9914	9916-9917	991B-991C	991E-991E	9920-9920	9927-9927	992B-992C	992E-992E	9931-9933	9938-9938	993A-993A	993C-9940	9943-9944	9948-994A	994C-994E	9951-9951	9954-9954	995C-995C	995E-995F	9961-9962	9965-9965	9968-9968	996A-996A	996D-9972	9975-9976	997A-997A	997C-997C	997F-9980	9984-9985	9988-9988	998B-998B	998D-998D	998F-998F	9992-9992	9994-9995	9997-9998	999C-999C	999E-999E	99A0-99A1	99AB-99AB	99AF-99AF	99B1-99B1	99B4-99B4	99B9-99B9	99C4-99C6	99CF-99CF	99D1-99D2	99D4-99D4	99D6-99D6	99D8-99D9	99DF-99DF	99E1-99E2	99E9-99E9	99EE-99EE	99F0-99F0	99F8-99F8	99FB-99FB	9A01-9A05	9A0C-9A0C	9A0F-9A13	9A16-9A16	9A1B-9A1C	9A20-9A20	9A24-9A24	9A28-9A28	9A2B-9A2B	9A2D-9A2E	9A34-9A36	9A38-9A38	9A3E-9A3E	9A40-9A44	9A4A-9A4A	9A4C-9A4E	9A52-9A52	9A56-9A56	9A62-9A65	9A69-9A6B	9A6D-9A6D
Noto Sans TC	700	/fonts/served/noto-sans-tc-24-700-normal.woff2	97C6-97C6	97C9-97C9	97CD-97CD	97D6-97D6	97D8-97D9	97DC-97DE	97E1-97E1	97E6-97E7	97EC-97EE	97F0-97F1	97F5-97F5	97F9-97FA	97FE-97FE	9804-9804	9807-9807	980A-980A	980E-980F	9814-9814	9816-9816	981A-981A	981C-981C	981E-981E	9820-9821	9823-9823	9826-9826	9828-9828	982A-982C	9832-9832	9834-9835	9837-9837	9839-9839	983C-983D	9845-9845	9848-9849	984E-984E	9852-9857	9859-985A	9862-9863	9865-9865	9870-9871	9873-9874	9877-9877	987A-987F	9881-9882	9885-9885	9887-988A	988C-988D	9890-9890	9893-9893	9896-9897	989A-989A	989C-989E	98A0-98A0	98A4-98A4	98A6-98A7	98A9-98A9	98AE-98AF	98B2-98B3	98B6-98B8	98BA-98BD	98BF-98BF	98C7-98C8	98CA-98CA	98D2-98D3	98D8-98DA	98DC-98DC	98DE-98DE	98E0-98E1	98E3-98E3	98E5-98E5	98E7-98E9	98EB-98EE	98F1-98F1	98F4-98F4	9901-9901	9908-9909	990C-990C	9911-9911
Noto Sans TC	700	/fonts/served/noto-sans-tc-25-700-normal.woff2	964E-964F	9651-9651	9653-9655	9658-9658	965B-965F	9661-9661	9665-9665	9668-9669	966C-966C	9672-9672	9674-9674	967A-967A	9682-9685	9688-9689	968B-968B	968D-968D	9695-9695	9697-9698	969E-969E	96A0-96A4	96A9-96A9	96AC-96AC	96AE-96AE	96B0-96B0	96B2-96B4	96B6-96B7	96B9-96B9	96BC-96BE	96C3-96C3	96C9-96CB	96CE-96CF	96D1-96D2	96D8-96D8	96DD-96DD	96E9-96E9	96EB-96EB	96F0-96F1	96F3-96F4	96F9-96F9	96FE-96FF	9701-9702	9705-9705	9708-9708	970A-970A	970E-9711	9719-9719	971D-971D	971F-9720	9728-9728	972A-972A	972D-972D	9730-9730	9733-9733	973A-973A	973D-973D	9744-9744	9746-9747	9749-9749	9750-9751	9753-9753	9758-9759	975B-975B	975D-975D	9763-9763	9765-9766	9768-9768	976C-976D	9771-9771	9773-9773	9776-9776	977A-977A	977C-977C	9780-9780	9784-9786	9788-9788	978E-978F	9798-9798	979D-979E	97A3-97A3	97A5-97A6	97A8-97A8	97AB-97AC	97AE-97AE	97B6-97B7	97B9-97B9	97BF-97BF	97C1-97C1	97C3-97C3
Noto Sans TC	700	/fonts/served/noto-sans-tc-26-700-normal.woff2	950C-950C	950F-9510	9519-951B	951D-951D	951F-951F	9521-9526	952D-9530	9535-9535	953A-953B	9540-9542	9547-9547	9549-954A	954D-954D	9550-9551	9554-9556	955C-955C	956C-956D	956F-9570	9573-9573	9576-9576	9578-9578	9582-9582	9586-9586	9588-9588	958E-958F	9599-9599	959C-959C	959E-959F	95A1-95A2	95A4-95A4	95A6-95A7	95AA-95AE	95B0-95B0	95B2-95B2	95B6-95B6	95B9-95BF	95C2-95C4	95C7-95C9	95CB-95CD	95D0-95D0	95D3-95D5	95D7-95D8	95DA-95DA	95DE-95DE	95E0-95E1	95E4-95E5	95EA-95EB	95EF-95F0	95F2-95F3	95F5-95F5	95F7-95FA	95FD-95FD	9600-9602	9607-9609	960E-960E	9610-9611	9614-9614	9616-9616	9619-961A	961C-961D	961F-961F	9621-9621	9624-9624	9628-9628	962F-962F	9633-9636	963C-963C	9641-9643	9645-9645	9647-9648
Noto Sans TC	700	/fonts/served/noto-sans-tc-27-700-normal.woff2	93E4-93E4	93E8-93E8	93EE-93EE	93F0-93F0	93F5-93F5	93F7-93F9	93FB-93FB	9403-9403	9407-9407	940F-9410	9413-9414	9417-9417	9419-941A	941C-941C	941E-941E	9420-9425	9427-942B	942E-942E	9432-9433	9436-9436	9438-9438	943A-943A	943D-943D	943F-9440	9445-9445	944A-944A	944C-944C	9454-9455	945A-945B	945E-945E	9460-9460	9462-9463	9468-9468	946A-946A	946D-946D	946F-946F	9471-9471	9474-9477	9479-9479	947E-9481	9488-948A	948E-948E	9492-9493	9497-9497	9499-9499	949B-94A3	94A5-94A9	94AC-94AC	94AE-94B1	94B3-94B5	94BB-94BC	94BE-94C3	94C5-94C6	94C9-94C9	94CE-94D0	94DB-94DD	94E0-94E0	94E2-94E3	94E8-94E8	94EC-94EE	94F0-94F0	94F2-94F2	94F5-94F6	94F8-94F8	94FA-94FA	94FF-9502	9504-9506	9508-9508	950B-950B
Noto Sans TC	700	/fonts/served/noto-sans-tc-28-700-normal.woff2	92E5-92E6	92E8-92E9	92ED-92EF	92F1-92F3	92F6-92F6	92F9-92F9	92FB-92FB	9300-9302	9306-9306	930B-930B	930F-930F	9312-9312	9315-9315	9319-931B	931D-931F	9321-9321	9323-9325	9327-932A	932C-932E	9331-9333	9335-9335	9338-9338	933C-933C	9340-9341	9345-9349	934F-9352	9354-9354	9356-935A	935C-9360	9363-9367	9369-936A	936C-936C	936E-936E	9370-9371	9373-9373	9376-9376	9379-937A	937C-937C	9385-9385	9387-9387	938C-938C	938F-938F	9394-9394	9397-9398	939A-939B	939D-939E	93A1-93A3	93A6-93A7	93A9-93AA	93AC-93AD	93AF-93B0	93B3-93BB	93BD-93BE	93C0-93C4	93C7-93C7	93CA-93CD	93D0-93D1	93D6-93D8	93DC-93DE	93E0-93E0
Noto Sans TC	700	/fonts/served/noto-sans-tc-29-700-normal.woff2	91F0-91F1	91F5-91FA	91FD-91FD	91FF-9201	9203-920A	920D-920E	9210-9211	9217-9217	9219-9219	921C-921C	9221-9221	9224-9225	9227-9227	922A-922A	922D-922E	9230-9231	9233-9233	9235-9239	923B-923B	923D-9241	9244-9244	9246-9246	9248-9249	924B-9251	9253-9253	925A-925A	925D-925E	9262-9262	9265-9267	926B-926D	926F-926F	9271-9272	9274-9274	9276-9276	9278-9278	927A-927C	927E-927F	9282-9283	9286-9286	9288-9288	928A-928A	928D-928E	9291-9291	9295-9296	9299-929B	929D-929D	92A0-92AE	92B2-92B2	92B5-92B6	92BB-92BC	92C2-92C3	92C6-92CD	92CF-92D1	92D5-92D5	92D7-92D7	92D9-92D9	92DD-92DD	92DF-92DF	92E4-92E4
Noto Sans TC	700	/fonts/served/noto-sans-tc-30-700-normal.woff2	90BB-90BB	90BD-90BE	90C3-90C5	90C7-90C7	90D1-90D1	90D4-90D5	90D7-90D7	90DB-90DF	90E2-90E4	90EA-90EB	90EF-90EF	90F4-90F4	90F7-90F8	90FC-90FC	90FE-9100	9102-9102	9104-9104	9106-9106	9112-9112	9114-911A	911C-911C	911E-911E	9120-9120	9122-9123	9129-9129	912B-912B	912F-912F	9131-9132	9134-9134	9136-9136	9139-913A	9143-9143	9146-9146	9148-914A	914E-9150	9154-9154	9156-9157	9159-915A	915D-915E	9161-9164	916B-916B	916E-916E	9170-9172	9174-9174	9176-9176	9179-917A	917F-917F	9181-9182	9184-9186	918C-918E	9190-9191	9196-9196	919A-919B	919E-919E	91A1-91A4	91A7-91A7	91AA-91AA	91AE-91B2	91B4-91B5	91B8-91B8	91BD-91BE	91C1-91C1	91C3-91C3	91C5-91C6	91C8-91CA	91D2-91D5	91D7-91D7	91D9-91D9	91E1-91E1	91E4-91E4	91E6-91E9	91EC-91ED
Noto Sans TC	700	/fonts/served/noto-sans-tc-31-700-normal.woff2	8F68-8F69	8F6D-8F72	8F74-8F74	8F76-8F76	8F7B-8F7C	8F7F-8F7F	8F83-8F86	8F88-8F8A	8F8D-8F8D	8F90-8F90	8F93-8F93	8F95-8F97	8F99-8F99	8F9E-8F9F	8FA2-8FA2	8FA7-8FA7	8FA9-8FA9	8FAB-8FAB	8FAE-8FAE	8FB3-8FB3	8FB5-8FB6	8FBA-8FBD	8FBF-8FBF	8FC1-8FC2	8FC6-8FC6	8FC8-8FC8	8FCC-8FCD	8FD2-8FD3	8FD5-8FD5	8FDC-8FDD	8FDF-8FDF	8FE2-8FE5	8FE8-8FE9	8FED-8FEE	8FF3-8FF3	8FF5-8FF5	8FF8-8FF8	8FFA-8FFC	8FFE-8FFE	9002-9002	9004-9004	9008-9008	900A-900B	9011-9013	9016-9016	901E-901E	9021-9021	9024-9024	902D-902D	902F-9030	9034-9036	9039-903B	9041-9041	9044-9045	904F-9052	9057-9058	905B-905B	905D-905D	9061-9062	9065-9065	9068-9068	906F-906F	9074-9074	9079-9079	907D-907D	9083-9083	9085-9085	9087-9089	908B-908B	9090-9090	9093-9093	9095-9095	9097-9097	9099-9099	909B-909B	909D-909E	90A0-90A2	90AC-90AC	90AF-90B0	90B2-90B4	90B6-90B6	90B9-90B9
Noto Sans TC	700	/fonts/served/noto-sans-tc-32-700-normal.woff2	8E18-8E18	8E1D-8E21	8E23-8E23	8E26-8E28	8E2A-8E2B	8E2D-8E2E	8E30-8E31	8E35-8E35	8E39-8E39	8E3C-8E3D	8E40-8E42	8E47-8E47	8E49-8E4E	8E50-8E50	8E53-8E55	8E59-8E5B	8E60-8E60	8E62-8E63	8E67-8E67	8E69-8E69	8E6C-8E6D	8E6F-8E6F	8E74-8E74	8E76-8E76	8E7A-8E7C	8E82-8E82	8E84-8E85	8E87-8E87	8E89-8E8B	8E8F-8E95	8E99-8E9A	8E9D-8E9E	8EA1-8EA1	8EA3-8EA3	8EA5-8EA6	8EAA-8EAA	8EAC-8EAD	8EAF-8EB1	8EB9-8EB9	8EBC-8EBC	8EBE-8EBE	8EC6-8EC6	8ECB-8ECB	8ECF-8ECF	8ED1-8ED1	8ED4-8ED4	8ED7-8ED7	8EDA-8EDB	8EE2-8EE2	8EE8-8EE8	8EEB-8EEB	8EF2-8EF2	8EF9-8EFE	8F05-8F05	8F07-8F08	8F0A-8F0C	8F12-8F13	8F17-8F17	8F19-8F1A	8F1C-8F1C	8F1E-8F1F	8F25-8F26	8F2D-8F2D	8F30-8F30	8F33-8F33	8F36-8F36	8F3E-8F3E	8F40-8F42	8F45-8F47	8F4D-8F4D	8F54-8F55	8F5D-8F5D	8F61-8F62	8F64-8F64	8F67-8F67
Noto Sans TC	700	/fonts/served/noto-sans-tc-33-700-normal.woff2	8CC1-8CC2	8CC4-8CC5	8CCF-8CD2	8CD4-8CD5	8CD9-8CDB	8CE1-8CE1	8CE8-8CE8	8CEB-8CEB	8CF0-8CF0	8CF8-8CF8	8CFB-8CFB	8CFE-8CFE	8D04-8D04	8D07-8D07	8D0B-8D0B	8D0D-8D0D	8D10-8D10	8D12-8D14	8D17-8D17	8D1B-8D1F	8D21-8D26	8D29-8D2C	8D2E-8D32	8D34-8D35	8D37-8D38	8D3A-8D3C	8D3E-8D3F	8D41-8D43	8D48-8D48	8D4B-8D4C	8D4E-8D50	8D54-8D54	8D56-8D56	8D58-8D58	8D5A-8D5B	8D5F-8D60	8D62-8D63	8D66-8D69	8D6C-8D6E	8D73-8D73	8D75-8D76	8D7B-8D7B	8D7D-8D7D	8D84-8D84	8D8B-8D8B	8D90-8D91	8D94-8D94	8D96-8D96	8D9C-8D9C	8DAB-8DAB	8DAF-8DAF	8DB2-8DB2	8DB5-8DB5	8DB7-8DB7	8DBA-8DBA	8DBC-8DBC	8DBF-8DBF	8DC2-8DC3	8DC6-8DC6	8DCB-8DCB	8DCE-8DD0	8DD6-8DD7	8DDA-8DDB	8DE3-8DE4	8DE9-8DE9	8DEB-8DEC	8DF1-8DF1	8DF5-8DF7	8DFA-8DFD	8E05-8E05	8E08-8E0A	8E0E-8E0E	8E14-8E14	8E16-8E16
Noto Sans TC	700	/fonts/served/noto-sans-tc-34-700-normal.woff2	8B6C-8B6D	8B72-8B72	8B7E-8B7E	8B83-8B83	8B89-8B89	8B8C-8B8C	8B8E-8B8E	8B90-8B90	8B92-8B92	8B95-8B96	8B99-8B99	8B9C-8B9C	8B9E-8B9F	8BA3-8BA3	8BA5-8BA5	8BA7-8BA7	8BAA-8BAA	8BAD-8BAD	8BB2-8BB4	8BB6-8BB9	8BBC-8BBD	8BBF-8BC0	8BC3-8BC3	8BC5-8BC5	8BC8-8BCB	8BCF-8BCF	8BD1-8BD1	8BD7-8BDC	8BDE-8BE1	8BE3-8BE3	8BE7-8BE7	8BE9-8BE9	8BEB-8BEC	8BEF-8BEF	8BF1-8BF2	8BF5-8BF6	8BF8-8BF8	8BFA-8BFA	8BFD-8BFE	8C01-8C02	8C05-8C05	8C08-8C08	8C0A-8C11	8C13-8C15	8C18-8C1C	8C1F-8C1F	8C23-8C29	8C2C-8C2D	8C31-8C31	8C34-8C34	8C36-8C36	8C39-8C39	8C3F-8C3F	8C47-8C47	8C49-8C4C	8C4F-8C4F	8C51-8C51	8C55-8C55	8C62-8C62	8C68-8C68	8C73-8C73	8C78-8C78	8C7A-8C7C	8C82-8C82	8C85-8C85	8C89-8C8A	8C8D-8C8E	8C90-8C90	8C94-8C94	8C98-8C99	8CA3-8CA4	8CAD-8CB0	8CB2-8CB2	8CB9-8CBA	8CBD-8CBD
Noto Sans TC	700	/fonts/served/noto-sans-tc-35-700-normal.woff2	89F6-89F6	89FF-89FF	8A01-8A01	8A03-8A03	8A07-8A07	8A09-8A09	8A0C-8A0C	8A0F-8A12	8A16-8A16	8A1B-8A1B	8A22-8A22	8A25-8A25	8A27-8A27	8A2B-8A2B	8A33-8A33	8A36-8A36	8A38-8A38	8A3D-8A3E	8A41-8A41	8A45-8A46	8A48-8A48	8A4E-8A4E	8A51-8A52	8A54-8A54	8A56-8A58	8A5B-8A5B	8A5D-8A5D	8A61-8A61	8A63-8A63	8A67-8A67	8A6A-8A6C	8A70-8A70	8A74-8A76	8A7A-8A7C	8A82-8A82	8A84-8A86	8A89-8A89	8A8F-8A92	8A94-8A94	8A9A-8A9A	8AA1-8AA1	8AA3-8AA3	8AA5-8AA5	8AA7-8AA8	8AAD-8AAD	8AB1-8AB1	8AB6-8AB6	8ABE-8ABE	8AC2-8AC2	8AC4-8AC4	8AC6-8AC6	8AC9-8AC9	8ACC-8ACF	8AD1-8AD1	8ADB-8ADB	8ADD-8AE2	8AE4-8AE4	8AE6-8AE6	8AEA-8AEB	8AED-8AED	8AF1-8AF6	8AFA-8AFA	8AFC-8AFC	8B01-8B01	8B04-8B05	8B07-8B07	8B0B-8B0D	8B0F-8B10	8B13-8B14	8B16-8B16	8B1A-8B1A	8B1C-8B1C	8B21-8B22	8B26-8B26	8B28-8B28	8B2B-8B2B	8B2E-8B2E	8B33-8B33	8B41-8B41	8B46-8B46	8B4C-8B4F	8B53-8B54	8B56-8B56	8B59-8B59	8B5E-8B60	8B64-8B64	8B6A-8B6B
Noto Sans TC	700	/fonts/served/noto-sans-tc-36-700-normal.woff2	889B-889C	889E-889E	88A2-88A2	88A4-88A4	88A8-88A8	88AA-88AA	88AD-88AE	88B1-88B1	88B4-88B4	88B7-88B8	88BC-88BE	88C0-88C0	88C4-88C4	88C6-88C7	88C9-88CC	88CE-88CE	88D2-88D2	88D6-88D6	88D8-88D8	88DB-88DB	88DF-88DF	88E4-88E4	88E8-88E9	88EC-88EC	88EF-88F1	88F3-88F5	88FC-88FC	88FE-88FE	8900-8900	8902-8902	8906-8906	890A-890C	8912-8915	8918-891A	891F-891F	8921-8921	8923-8923	8925-8925	892A-892B	892D-892D	8930-8930	8933-8933	8935-8936	8938-8938	893D-893D	8941-8943	8946-8947	8949-8949	894C-894D	8956-8957	8959-8959	895C-895C	895E-8960	8964-8964	8966-8966	896C-896C	8971-8971	8974-8974	897B-897B	897E-897E	8980-8980	8982-8983	8987-8988	898A-898A	898C-898C	8991-8991	8994-8995	8997-8998	899A-899A	899C-899C	89A1-89A1	89A4-89A7	89A9-89A9	89AC-89AC	89AF-89AF	89B2-89B3	89B7-89B7	89BB-89BB	89BF-89BF	89C5-89C5	89C9-89CA	89D1-89D1	89D4-89D5	89DA-89DA	89DC-89DE	89E5-89E7	89ED-89ED	89F1-89F1	89F3-89F4
Noto Sans TC	700	/fonts/served/noto-sans-tc-37-700-normal.woff2	874C-874C	874E-874F	8753-8753	8757-8758	875D-875D	875F-875F	8761-8765	8768-8768	876A-876A	876C-8770	8772-8772	8777-8777	877A-877B	877D-877D	8781-8781	8784-8785	8788-8788	878B-878B	8793-8793	8797-8798	879F-879F	87A3-87A3	87A8-87A8	87AB-87AD	87AF-87AF	87B3-87B3	87B5-87B5	87B9-87B9	87BB-87BB	87BD-87C0	87C4-87C8	87CA-87CC	87CE-87CE	87D2-87D2	87DB-87DC	87E0-87E1	87E3-87E3	87E5-87E5	87E7-87E7	87EA-87EB	87EE-87EF	87F3-87F4	87F6-87F7	87FE-87FE	8802-8806	880A-880B	880E-880E	8810-8811	8813-8813	8815-8816	881B-881B	8821-8821	8823-8823	8827-8827	8831-8832	8835-8835	8839-883A	883C-883C	8844-8846	884A-884A	884E-884E	8852-8852	8854-8856	8859-885A	885E-885E	8862-8862	8864-8865	8869-886A	886C-886E	8871-8872	8875-8875	8879-8879	887D-887F	8882-8882	8884-8885	8888-8888	8890-8890	8892-8893	8897-8898	889A-889A
Noto Sans TC	700	/fonts/served/noto-sans-tc-38-700-normal.woff2	8602-8602	8604-8605	8610-8610	8616-8618	861A-861A	861E-861E	8621-8622	8627-8627	8629-862A	8634-8636	8638-8638	863A-863A	863C-863C	8640-8640	8642-8642	8646-8646	864C-864D	864F-864F	8651-8654	8657-8657	8659-865A	865C-865C	8662-8662	866B-866C	866F-8671	8673-8673	8677-8677	867A-867B	867D-867E	8680-8682	868B-868D	8693-8696	869A-869A	869C-869D	86A1-86A1	86A3-86A4	86A7-86AA	86AF-86B1	86B3-86B4	86B6-86B6	86B9-86BA	86C0-86C2	86C4-86C4	86C6-86C6	86C9-86CA	86CC-86CE	86D0-86D0	86D3-86D4	86DE-86DF	86E9-86E9	86ED-86F0	86F3-86F3	86F8-86FC	86FE-86FE	8703-8703	8706-870A	870D-870E	8711-8712	8715-8715	8717-8717	8719-871A	871E-871E	8721-8723	8725-8725	8728-8729	872E-872E	8731-8731	8734-8734	8737-8737	873A-873A	873E-8740	8742-8742	8747-8747	8749-8749	874B-874B
Noto Sans TC	700	/fonts/served/noto-sans-tc-39-700-normal.woff2	84B1-84B1	84B4-84B4	84B9-84BB	84BD-84C0	84C2-84C2	84C6-84C7	84CA-84CA	84CD-84D2	84D6-84D6	84DD-84DD	84DF-84DF	84E2-84E2	84E6-84E8	84EA-84EA	84EF-84F0	84F3-84F4	84F7-84F7	84FA-84FA	84FC-84FD	84FF-8500	8506-8506	850C-850C	8511-8511	8515-8515	8517-8517	851D-851F	8524-8524	852B-852B	852F-852F	8532-8532	8534-8535	8537-8538	853A-853A	853C-853C	853E-853E	8541-8542	8545-8545	8548-8548	854B-854B	854D-854E	8552-8553	8555-8558	855A-855A	855E-855E	8561-8565	8568-8568	856A-856C	856F-856F	8574-8574	8577-857B	8580-8581	8585-8586	858A-858A	858C-858C	858F-8590	8594-8594	8597-8599	859C-859C	859F-859F	85A1-85A2	85A4-85A4	85A8-85A8	85AB-85AC	85AE-85AE	85B3-85B4	85B7-85B7	85B9-85BA	85BD-85BE	85C1-85C2	85CB-85CB	85CE-85CE	85D0-85D0	85D3-85D3	85D5-85D5	85DC-85DC	85E0-85E0	85E6-85E6	85E8-85E8	85EA-85EA	85ED-85ED	85F4-85F4	85F6-85F7	85F9-85FA	85FF-85FF
Noto Sans TC	700	/fonts/served/noto-sans-tc-40-700-normal.woff2	8378-8378	837A-8380	8383-8383	8385-8386	8392-8392	8394-8395	8398-8399	839B-839C	83A0-83A0	83A2-83A2	83A4-83A4	83A7-83AA	83AF-83B5	83B7-83B7	83B9-83BA	83BC-83C0	83C2-83C2	83C4-83C5	83C8-83C9	83CB-83CB	83CE-83CF	83D1-83D1	83D4-83D6	83D8-83D8	83DD-83DD	83DF-83DF	83E1-83E2	83E5-83E5	83EA-83EB	83F0-83F0	83F3-83F4	83F9-83F9	83FB-83FE	8406-8407	840B-840B	840F-840F	8411-8411	8413-8413	8418-8418	841B-841D	8420-8421	8423-8424	8426-8429	842B-842B	842D-842E	8432-8433	8435-8435	8437-8439	843B-843C	843E-843E	8445-8447	844E-844E	8451-8452	8456-8456	8459-845A	845C-845C	845F-845F	8462-8462	8466-8467	846D-846D	846F-8471	8473-8474	8476-8478	847A-847A	8484-8484	848B-848B	848D-848E	8493-8494	8497-8497	849D-849D	849F-849F	84A1-84A1	84A8-84A8	84AF-84AF
Noto Sans TC	700	/fonts/served/noto-sans-tc-41-700-normal.woff2	826E-826E	8270-8270	8273-8273	8276-8276	8278-8279	827D-827D	827F-827F	8283-8284	8288-828A	828D-8291	8293-8294	8298-8298	829A-829C	829E-82A4	82A6-82AB	82AE-82AE	82B0-82B0	82B4-82B4	82B6-82B6	82BA-82BC	82BE-82BE	82C1-82C1	82C4-82C5	82C7-82C7	82CB-82CB	82CD-82CD	82CF-82D0	82D2-82D2	82D5-82D6	82D9-82D9	82DB-82DC	82DE-82E1	82E3-82E4	82E7-82E7	82EA-82EB	82EF-82F0	82F3-82F4	82F6-82F7	82F9-82FC	82FE-8301	8306-8308	830B-830E	8316-8316	8318-8318	831A-831B	831D-831E	8327-8327	832A-832A	832C-832D	832F-832F	8331-8331	8333-8334	8337-8337	833A-833C	833F-8340	8342-8342	8344-8347	834B-834C	834F-834F	8351-8351	8356-8358	835A-835A	835E-8361	8363-8364	8367-8368	836B-836B	836F-836F	8373-8373	8375-8375
Noto Sans TC	700	/fonts/served/noto-sans-tc-42-700-normal.woff2	8113-8113	8115-8115	8117-8118	811A-811B	811E-811E	8121-8127	8129-8129	812C-812C	812F-8134	8137-8138	813A-813A	813D-813D	8144-8144	8146-8146	8148-8148	814A-814A	814C-814D	8151-8151	8153-8153	8156-8156	8158-8158	815A-815A	8160-8160	8167-8167	8169-8169	816D-816D	816F-816F	8171-8171	8174-8174	817B-817C	817E-817E	8182-8182	8188-8188	818A-818A	8194-8195	8198-8198	819B-819B	819E-819E	81A3-81A3	81A6-81A7	81AB-81AB	81AF-81B0	81B5-81B6	81B8-81B8	81BA-81BB	81BE-81BF	81C3-81C3	81C6-81C6	81CA-81CA	81CC-81CC	81CF-81CF	81D1-81D3	81D6-81D7	81D9-81DA	81DD-81DE	81E0-81E2	81E7-81E7	81EC-81EC	81EF-81EF	81FC-81FC	81FE-81FE	8200-8202	8204-8206	820B-820B	820E-820E	8210-8210	8215-8215	8217-8218	821B-821B	821D-821D	8221-8222	8224-8224	8228-8229	822B-822B	822F-8234	8236-8238	823A-823A	823E-823E	8240-8240	8244-8245	8249-8249	824B-824B	824E-824F	8257-8257	825A-825A	825F-825F	8264-8264	8268-8268	826B-826B
Noto Sans TC	700	/fonts/served/noto-sans-tc-43-700-normal.woff2	7FB1-7FB2	7FB4-7FB4	7FB6-7FB6	7FB8-7FB8	7FBC-7FBC	7FBF-7FC0	7FC3-7FC3	7FCB-7FCC	7FCE-7FCF	7FD1-7FD1	7FD5-7FD5	7FD8-7FD8	7FDB-7FDB	7FDE-7FDF	7FE5-7FE6	7FE9-7FE9	7FEB-7FEC	7FEE-7FEE	7FF2-7FF3	7FFA-7FFA	7FFD-7FFE	8002-8002	8004-8004	8006-8006	800B-800B	800E-800E	8011-8012	8014-8014	8016-8016	8018-8019	801C-801C	8024-8024	8026-8026	8028-8028	802C-802C	8030-8030	8035-8035	8037-8039	803B-803B	8042-8043	804B-804C	8052-8052	8061-8061	8068-8068	806A-806A	806E-806E	8071-8071	8073-8076	8079-8079	807C-807C	807E-807F	8083-8084	808F-808F	8093-8093	8095-8095	8098-8098	809C-809C	809F-80A0	80A4-80A4	80A7-80A7	80AB-80AB	80AD-80AE	80B0-80B1	80B4-80B6	80B8-80B8	80BC-80C2	80C4-80C4	80C6-80C7	80CB-80CB	80CD-80CD	80CF-80CF	80D4-80D4	80D7-80D7	80D9-80D9	80DB-80DD	80E0-80E0	80E3-80E5	80E7-80E7	80EB-80ED	80EF-80F1	80F3-80F4	80F6-80F7	80FC-80FC	80FE-80FF	8101-8101	8107-8107	8109-8109	810F-8112
Noto Sans TC	700	/fonts/served/noto-sans-tc-44-700-normal.woff2	7EAF-7EAF	7EB1-7EB3	7EB5-7EBA	7EBD-7EBE	7EC0-7EC1	7EC3-7EC3	7EC5-7EC5	7EC7-7ECA	7ECD-7ECE	7ED1-7ED2	7ED4-7ED5	7ED7-7ED8	7EDA-7EDB	7EDD-7EDE	7EE2-7EE3	7EE5-7EE5	7EE7-7EE7	7EE9-7EEB	7EEE-7EF0	7EF3-7EF3	7EF5-7EF5	7EF7-7EF8	7EFD-7F01	7F03-7F03	7F05-7F09	7F0E-7F0E	7F10-7F10	7F13-7F15	7F18-7F1A	7F1C-7F1D	7F20-7F20	7F24-7F25	7F28-7F2A	7F2D-7F2E	7F30-7F30	7F34-7F34	7F36-7F37	7F3D-7F3D	7F42-7F45	7F47-7F4E	7F52-7F52	7F54-7F54	7F58-7F58	7F5A-7F5A	7F5D-7F5D	7F5F-7F63	7F65-7F65	7F68-7F68	7F6B-7F6B	7F78-7F78	7F7D-7F7E	7F81-7F83	7F86-7F87	7F8B-7F8D	7F91-7F91	7F93-7F95	7F97-7F97	7F99-7F9A	7F9D-7F9D	7F9F-7F9F	7FA1-7FA3	7FA5-7FA5	7FA7-7FA7	7FAD-7FB0
Noto Sans TC	700	/fonts/served/noto-sans-tc-45-700-normal.woff2	7D89-7D89	7D8B-7D8F	7D91-7D91	7D95-7D96	7D98-7D9A	7D9D-7D9E	7DA2-7DA3	7DA6-7DA6	7DAA-7DAA	7DAC-7DAC	7DAE-7DB0	7DB3-7DB3	7DB5-7DB5	7DB7-7DB7	7DB9-7DB9	7DBD-7DBD	7DC1-7DC1	7DC3-7DC7	7DCC-7DCF	7DD1-7DD1	7DD6-7DD9	7DDB-7DDC	7DE1-7DE2	7DE6-7DE6	7DF0-7DF3	7DF6-7DF6	7DFE-7DFE	7E01-7E02	7E04-7E04	7E08-7E0B	7E10-7E11	7E13-7E13	7E15-7E15	7E1D-7E20	7E22-7E22	7E25-7E27	7E29-7E29	7E2D-7E2D	7E2F-7E30	7E32-7E37	7E39-7E39	7E3B-7E3B	7E44-7E45	7E47-7E48	7E4A-7E4B	7E4D-7E4D	7E50-7E52	7E56-7E56	7E58-7E5B	7E62-7E62	7E68-7E68	7E6D-7E70	7E76-7E76	7E78-7E78	7E7B-7E7B	7E7E-7E7E	7E81-7E82	7E86-7E88	7E8A-7E8A	7E8D-7E8E	7E92-7E94	7E98-7E9B	7E9E-7E9E	7EA0-7EA0	7EA3-7EA4	7EA8-7EA8	7EAA-7EAE
Noto Sans TC	700	/fonts/served/noto-sans-tc-46-700-normal.woff2	7C20-7C20	7C23-7C23	7C25-7C26	7C2A-7C2B	7C37-7C39	7C40-7C41	7C48-7C49	7C50-7C50	7C53-7C54	7C56-7C57	7C59-7C5C	7C5F-7C5F	7C63-7C63	7C65-7C65	7C69-7C69	7C6C-7C6E	7C74-7C75	7C79-7C79	7C7C-7C7C	7C7E-7C7E	7C84-7C84	7C8B-7C8B	7C8D-7C8D	7C91-7C91	7C94-7C95	7C9B-7C9B	7C9F-7C9F	7CA2-7CA2	7CA4-7CA4	7CA6-7CA6	7CA8-7CAA	7CAE-7CAE	7CB1-7CB3	7CBA-7CBA	7CBC-7CBC	7CBF-7CC0	7CC5-7CC5	7CC8-7CC9	7CCC-7CCE	7CD7-7CD7	7CDC-7CDD	7CE0-7CE0	7CE2-7CE2	7CE8-7CE8	7CEA-7CEA	7CED-7CED	7CF2-7CF2	7CF4-7CF4	7CF6-7CF6	7CF8-7CFA	7CFC-7CFC	7D02-7D02	7D06-7D0A	7D0F-7D0F	7D11-7D12	7D15-7D15	7D18-7D18	7D1C-7D1E	7D25-7D25	7D27-7D27	7D29-7D29	7D2C-7D2C	7D31-7D32	7D35-7D35	7D38-7D38	7D3A-7D3A	7D3C-7D3C	7D3E-7D41	7D43-7D43	7D45-7D45	7D4C-7D4C	7D4E-7D4F	7D53-7D54	7D56-7D56	7D5B-7D5D	7D5F-7D5F	7D63-7D63	7D67-7D67	7D6A-7D6A	7D6D-7D6D	7D70-7D70	7D73-7D73	7D75-7D75	7D79-7D7B	7D7D-7D7D	7D80-7D80	7D83-7D84	7D86-7D88
Noto Sans TC	700	/fonts/served/noto-sans-tc-47-700-normal.woff2	7AFB-7AFB	7AFD-7AFE	7B01-7B06	7B09-7B0B	7B0E-7B10	7B14-7B14	7B18-7B18	7B1A-7B1A	7B1E-7B1F	7B22-7B25	7B29-7B2B	7B2D-7B2E	7B31-7B35	7B38-7B3C	7B45-7B45	7B47-7B48	7B4A-7B4A	7B4C-7B4C	7B4E-7B50	7B58-7B58	7B5B-7B5B	7B5D-7B5D	7B60-7B60	7B62-7B62	7B65-7B67	7B69-7B69	7B6D-7B6F	7B72-7B76	7B79-7B79	7B7E-7B7E	7B82-7B82	7B84-7B85	7B87-7B87	7B8B-7B8B	7B8D-7B93	7B95-7B96	7B98-7B98	7B9C-7B9D	7BA0-7BA0	7BA7-7BA7	7BA9-7BAC	7BB0-7BB0	7BB4-7BB4	7BB6-7BB6	7BB8-7BB9	7BC1-7BC1	7BC3-7BC3	7BC6-7BC6	7BCB-7BCC	7BCF-7BCF	7BD4-7BD4	7BD9-7BDB	7BDD-7BDD	7BE0-7BE1	7BE5-7BE6	7BEA-7BEA	7BED-7BEE	7BF1-7BF3	7BF8-7BF9	7BFC-7C01	7C03-7C03	7C07-7C07	7C0A-7C0D	7C0F-7C0F	7C11-7C12	7C15-7C15	7C1E-7C1F
Noto Sans TC	700	/fonts/served/noto-sans-tc-48-700-normal.woff2	7988-7988	798A-798B	7991-7991	7993-7996	7998-7998	799A-799B	799F-79A2	79A4-79A4	79A8-79A9	79AF-79B0	79B3-79B3	79B5-79B5	79B8-79B8	79BA-79BA	79C3-79C3	79C6-79C6	79C8-79C8	79CF-79CF	79D5-79D6	79DC-79DE	79E3-79E3	79E7-79E7	79EA-79ED	79EF-79F0	79F4-79F4	79F6-79F8	79FD-79FD	7A02-7A03	7A08-7A0A	7A0C-7A0C	7A0E-7A0E	7A10-7A11	7A14-7A14	7A17-7A19	7A1C-7A1C	7A1E-7A1F	7A23-7A23	7A26-7A26	7A2D-7A2D	7A32-7A33	7A37-7A37	7A39-7A39	7A3C-7A3C	7A42-7A42	7A45-7A45	7A49-7A49	7A4F-7A4F	7A56-7A56	7A5A-7A5A	7A5C-7A5C	7A60-7A61	7A63-7A63	7A68-7A68	7A6D-7A6E	7A70-7A71	7A77-7A79	7A80-7A80	7A83-7A83	7A85-7A86	7A88-7A88	7A8D-7A8D	7A90-7A91	7A93-7A96	7A98-7A98	7A9C-7A9D	7AA0-7AA0	7AA3-7AA3	7AA5-7AA6	7AA8-7AA8	7AAA-7AAA	7AAC-7AAC	7AB0-7AB0	7AB3-7AB3	7AB6-7AB6	7AB8-7AB8	7ABB-7ABB	7ABE-7ABF	7AC2-7AC2	7AC8-7AC9	7AD1-7AD2	7AD6-7AD6	7ADA-7ADA	7ADC-7ADE	7AE4-7AE4	7AE6-7AE6	7AE9-7AEB	7AF4-7AF4	7AF8-7AF8	7AFA-7AFA
Noto Sans TC	700	/fonts/served/noto-sans-tc-49-700-normal.woff2	7840-7840	7842-7843	7845-7845	7847-7847	784A-784A	784C-7850	7852-7853	7855-7855	7858-7858	785A-785A	785C-785D	7864-7864	7866-7866	7868-7868	786A-786A	786F-786F	7874-7874	7876-7876	787C-787C	787F-787F	7886-7887	7889-7889	788D-788D	788F-788F	7893-7893	7895-7896	7898-7898	789A-789A	789E-789E	78A1-78A1	78A3-78A3	78A5-78A5	78AA-78AA	78AD-78AD	78B1-78B2	78B4-78B4	78B6-78B6	78B8-78B8	78BE-78BE	78C8-78C9	78CB-78CB	78CE-78CE	78D0-78D1	78D4-78D5	78D7-78D8	78DE-78DE	78E3-78E3	78E6-78E7	78EA-78EA	78EC-78EC	78F2-78F4	78FA-78FB	78FD-7900	7904-7906	790A-790A	790C-790C	7910-7912	791C-791C	791E-791E	7920-7921	792A-792C	792E-792E	7931-7931	7934-7934	7938-7938	793B-793B	793D-793D	793F-793F	7941-7942	7945-7947	7949-7949	794C-794C	794E-794E	7953-7954	7957-795C	795F-795F	7961-7962	7964-7964	7967-7967	7969-7969	796B-796C	796F-796F	7972-7973	7977-7979	797B-797C	797E-797E	7980-7980	7982-7982	7984-7987
Noto Sans TC	700	/fonts/served/noto-sans-tc-50-700-normal.woff2	7705-7705	7707-7708	770A-770A	770C-770C	770F-770F	7715-7715	7719-771B	771D-771E	7722-7722	7725-7726	7728-7728	772D-772D	772F-772F	7733-7736	7738-7738	773B-773B	773D-773D	7741-7741	7744-7744	7746-7746	774C-774C	774E-7752	7755-7755	7759-775A	775F-7760	7762-7762	7765-7766	7768-776A	776C-776E	7771-7771	7778-7778	777A-777A	777D-777E	7780-7780	7785-7785	7787-7787	7789-7789	778B-778D	7791-7793	779C-779C	779F-77A0	77A2-77A2	77A5-77A5	77A9-77A9	77B0-77B1	77B4-77B4	77B6-77B7	77B9-77B9	77BC-77BF	77C5-77C5	77C7-77C7	77CC-77CD	77D3-77D3	77D6-77D7	77DC-77DC	77DE-77DE	77E3-77E3	77E7-77E7	77EB-77EC	77F0-77F0	77F2-77F2	77F6-77F6	77F8-77F8	77FA-77FC	77FE-7800	7803-7803	7805-7806	7809-7809	7810-7812	7815-7816	781A-781A	781C-781D	781F-7823	7825-7827	7829-7829	782C-7830	7833-7833	7835-7835	7837-7837	7839-783A	783C-783C	783E-783E
Noto Sans TC	700	/fonts/served/noto-sans-tc-51-700-normal.woff2	75CC-75CD	75D2-75D2	75D4-75D4	75D9-75D9	75DF-75DF	75E2-75E4	75E6-75E7	75E9-75EC	75F0-75F3	75F7-75F7	75F9-75FA	75FC-75FC	75FE-7602	7608-760A	760C-760D	7610-7610	7615-7616	7618-7620	7622-7623	7625-7625	7627-7627	7629-7629	762B-762B	762E-762E	7630-7630	7632-7635	7638-7638	763A-763C	763E-763E	7640-7640	7643-7643	7646-7646	7648-7649	764D-764E	7654-7654	7658-7658	765C-765C	765F-765F	7663-7667	7669-7669	766B-766D	766F-7670	7676-7676	7678-767A	767F-7681	7683-7683	7688-7688	768A-768B	768E-768E	7690-7690	7695-7696	769A-769E	76A3-76A4	76AA-76AA	76B0-76B1	76B4-76B4	76B7-76B8	76C2-76C2	76C5-76C5	76C9-76C9	76CC-76CD	76CF-76D1	76D6-76D8	76E5-76E6	76E9-76E9	76EC-76EC	76F1-76F1	76F7-76F7	76F9-76FB	76FF-7700	7704-7704
Noto Sans TC	700	/fonts/served/noto-sans-tc-52-700-normal.woff2	749A-749A	749C-74A1	74A3-74A3	74A5-74A7	74A9-74AB	74AE-74AE	74B1-74B2	74B5-74B5	74B8-74B8	74BA-74BA	74BF-74BF	74C5-74C5	74C8-74C8	74CC-74CD	74D2-74D2	74D4-74D4	74D6-74D6	74D8-74D8	74DA-74DA	74DE-74E0	74E2-74E2	74E4-74E4	74E8-74E9	74EE-74EF	74F4-74F4	74F9-74F9	74FB-74FB	74FF-7501	7503-7503	7507-7507	750C-750D	7511-7511	7513-7513	7515-7517	7519-7519	751E-751E	7521-7521	7525-7525	752A-752A	752C-752F	7534-7534	753E-753E	7542-7542	7545-7545	7547-7548	754A-754B	754E-754E	7551-7551	755A-755B	755D-755D	7560-7560	7563-7564	7566-7568	756C-756F	7572-7575	7577-757A	757C-757C	757E-757F	7583-7584	7587-7587	7589-7589	758B-758E	7590-7590	7592-7592	7594-7595	7597-7597	7599-759A	759D-759D	759F-759F	75A1-75A3	75A5-75A5	75A7-75A7	75AA-75AA	75AC-75AC	75AE-75B1	75B3-75B4	75B8-75B8	75BD-75BD	75C0-75C0	75C2-75C4	75C9-75CA
Noto Sans TC	700	/fonts/served/noto-sans-tc-53-700-normal.woff2	73B3-73BA	73BC-73BC	73BF-73BF	73C2-73C2	73C4-73C6	73C9-73C9	73CB-73CC	73CE-73D2	73D6-73D7	73D9-73D9	73DB-73DE	73E3-73E3	73E5-73EB	73EF-73EF	73F5-73F7	73F9-73FA	73FC-73FD	7400-7401	7404-7405	7407-7408	740A-740D	740F-7410	7416-7416	741A-741B	741D-741E	7420-7425	7428-7429	742C-7432	7435-7436	7438-743A	743C-7442	7445-7446	7448-744A	7451-7452	7454-7454	7457-7457	7459-7459	745D-745D	7460-7462	7465-7465	7467-7468	746C-746E	7471-7477	7479-747A	747C-747F	7481-7482	7484-7486	7488-748A	748E-7490	7492-7492	7498-7498
Noto Sans TC	700	/fonts/served/noto-sans-tc-54-700-normal.woff2	727F-727F	7281-7282	7284-7284	7287-7287	728A-728A	728D-728D	7292-7292	7296-7296	7298-7298	729B-729B	729F-72A2	72AD-72AE	72B0-72B5	72B8-72B9	72BC-72BD	72C1-72C1	72C3-72C3	72C5-72C6	72C8-72C8	72CC-72CE	72D2-72D2	72D4-72D4	72DB-72DB	72DD-72DD	72DF-72DF	72E1-72E1	72E8-72E8	72EC-72EE	72F1-72F1	72F3-72F4	72F7-72F7	72FA-72FB	72FD-72FD	7300-7301	7304-7304	7307-7307	730A-730B	730E-730E	7313-7313	7315-7317	7319-7319	731E-731F	7322-7322	7328-732E	7330-7331	7337-7337	733A-733C	733E-733E	7340-7341	7343-7343	734C-734D	734F-7350	7352-7352	7355-7355	7357-7357	7359-735A	7360-7363	7365-7365	7369-7370	7373-7374	7377-7377	737A-737A	737C-737C	737E-737E	7380-7380	7385-7386	738A-738A	738E-738F	7391-7395	7397-7398	739B-739B	73A0-73A2	73A5-73A8	73AD-73AE
Noto Sans TC	700	/fonts/served/noto-sans-tc-55-700-normal.woff2	7113-7116	7118-7118	711C-711C	711E-711E	7120-7120	7122-7122	712E-712F	7131-7131	7134-7134	713C-713C	713F-713F	7143-7143	7145-7147	714A-714B	7150-7153	7155-7156	715A-715A	7160-7160	7162-7162	7166-7166	7168-7168	716C-716C	7171-7171	7173-7173	7178-7178	717A-717B	717D-717D	7180-7181	7185-7185	7187-7188	718B-718B	718F-7190	7192-7192	7196-7198	719A-719C	71A0-71A0	71A4-71A4	71A8-71A8	71AF-71AF	71B2-71B3	71B5-71B5	71B7-71BA	71BE-71BE	71C1-71C1	71C4-71C4	71CA-71CB	71CE-71D0	71D4-71D4	71D7-71D8	71DA-71DA	71DC-71DC	71E0-71E1	71E7-71E7	71EC-71EC	71F4-71F6	71F9-71F9	71FC-71FC	71FE-7201	7203-7203	7207-7207	7209-7209	720C-720C	7213-7215	7217-7217	721A-721A	721D-721D	7222-7223	7228-7228	722B-722B	7230-7230	7237-7237	723B-723B	723F-7242	724B-724B	724D-724D	7252-7253	7256-7256	7258-7258	725D-725D	7263-7266	726A-726B	726E-7270	7273-7275	7277-7277	727A-727B	727E-727E
Noto Sans TC	700	/fonts/served/noto-sans-tc-56-700-normal.woff2	6FE8-6FE9	6FEC-6FEC	6FEE-6FEE	6FF0-6FF0	6FF3-6FF3	6FF5-6FF6	6FFA-6FFA	6FFC-6FFC	6FFF-7001	7003-7003	7005-7007	700B-700B	700D-700D	7015-7015	7018-7018	701B-701B	701E-701E	7020-7021	7023-7023	7026-7027	702C-702C	702F-7032	7034-7035	7037-703C	7040-7040	7042-7044	7046-7046	7049-7049	704B-704B	704F-704F	7052-7052	7054-7055	705C-7061	7064-7069	706C-706D	706F-706F	7073-7075	7078-7078	707A-707A	707E-7081	7085-7086	7089-7089	7090-7091	7094-7096	7098-7098	709C-709C	709F-709F	70A1-70A1	70A4-70A4	70A9-70A9	70AC-70AC	70AF-70B2	70B4-70B5	70B7-70B7	70BB-70BE	70C0-70C3	70CA-70CB	70D2-70D2	70D4-70D5	70D9-70DD	70DF-70DF	70E6-70E9	70EB-70EC	70EF-70EF	70F1-70F1	70F4-70F4	70F7-70F7	70FA-70FA	70FD-70FD	70FF-70FF	7104-7104	7106-7106	7109-7109	710C-710C	7110-7110
Noto Sans TC	700	/fonts/served/noto-sans-tc-57-700-normal.woff2	6ED6-6ED6	6ED8-6ED8	6EDA-6EDB	6EDD-6EDE	6EE2-6EE2	6EE4-6EE5	6EE8-6EE9	6EEB-6EEB	6EEE-6EEE	6EF3-6EF3	6EF8-6EFB	6F00-6F00	6F08-6F0A	6F0D-6F0E	6F11-6F13	6F15-6F15	6F19-6F1A	6F23-6F23	6F25-6F2A	6F2D-6F31	6F33-6F36	6F3A-6F3C	6F40-6F41	6F43-6F44	6F47-6F47	6F4D-6F4F	6F53-6F53	6F57-6F57	6F59-6F5A	6F5C-6F5C	6F5E-6F61	6F63-6F63	6F66-6F67	6F69-6F6C	6F6F-6F6F	6F72-6F78	6F7A-6F7F	6F81-6F82	6F87-6F87	6F89-6F89	6F8B-6F8D	6F90-6F90	6F92-6F92	6F94-6F97	6F9C-6F9C	6F9F-6FA0	6FA2-6FA3	6FA5-6FA8	6FAA-6FAB	6FAE-6FAF	6FB4-6FB4	6FB6-6FB6	6FB9-6FBA	6FBC-6FBC	6FC2-6FC2	6FC6-6FCB	6FCE-6FCE	6FD1-6FD2	6FD4-6FD4	6FD8-6FD8	6FDA-6FDA	6FDE-6FDE	6FE0-6FE2
Noto Sans TC	700	/fonts/served/noto-sans-tc-58-700-normal.woff2	6DD3-6DD3	6DD5-6DD6	6DD9-6DD9	6DDB-6DE0	6DE2-6DE6	6DE9-6DE9	6DEC-6DEC	6DEF-6DF0	6DF2-6DF2	6DF4-6DF4	6DF6-6DF6	6DF8-6DF8	6DFC-6DFD	6E00-6E00	6E02-6E03	6E07-6E0B	6E0D-6E0E	6E10-6E10	6E13-6E15	6E17-6E17	6E19-6E1A	6E1D-6E1D	6E1F-6E1F	6E22-6E22	6E24-6E25	6E27-6E27	6E2B-6E2B	6E2D-6E2E	6E30-6E31	6E36-6E36	6E39-6E3A	6E3C-6E3D	6E40-6E41	6E44-6E45	6E47-6E47	6E49-6E49	6E4B-6E4B	6E4D-6E4F	6E51-6E51	6E53-6E54	6E59-6E59	6E5C-6E5C	6E5E-6E61	6E63-6E66	6E69-6E6B	6E6E-6E6E	6E70-6E76	6E78-6E78	6E7C-6E7C	6E7F-6E80	6E83-6E83	6E85-6E86	6E88-6E89	6E8B-6E8B	6E8D-6E8F	6E93-6E93	6E98-6E9A	6E9F-6E9F	6EA1-6EA1	6EA4-6EA7	6EAE-6EAE	6EB1-6EB2	6EB4-6EB5	6EB7-6EB7	6EBD-6EBD	6EC1-6EC3	6EC7-6EC9	6ECD-6ED0	6ED3-6ED5
Noto Sans TC	700	/fonts/served/noto-sans-tc-59-700-normal.woff2	6CDA-6CDA	6CDC-6CDE	6CE0-6CE0	6CE7-6CE7	6CE9-6CEC	6CEE-6CEF	6CF1-6CF1	6CF7-6CF8	6CFB-6CFE	6D00-6D02	6D04-6D04	6D06-6D07	6D09-6D0A	6D0C-6D0C	6D0E-6D12	6D18-6D1A	6D1F-6D1F	6D22-6D24	6D27-6D28	6D2B-6D2B	6D2D-6D31	6D33-6D3A	6D3C-6D3C	6D3F-6D3F	6D43-6D47	6D4A-6D4B	6D4E-6D4F	6D51-6D53	6D57-6D58	6D5A-6D5A	6D5C-6D5C	6D5E-6D65	6D67-6D67	6D6C-6D6D	6D6F-6D70	6D72-6D72	6D75-6D75	6D79-6D79	6D7C-6D7C	6D7F-6D7F	6D82-6D82	6D85-6D85	6D87-6D87	6D8E-6D8F	6D91-6D95	6D97-6D99	6D9B-6D9B	6D9D-6D9D	6D9F-6D9F	6DA1-6DA1	6DA4-6DA4	6DA6-6DAC	6DB3-6DB4	6DB7-6DB8	6DBE-6DC0	6DC2-6DC2	6DC4-6DC5	6DC8-6DCA	6DCC-6DCD	6DCF-6DD0	6DD2-6DD2
Noto Sans TC	700	/fonts/served/noto-sans-tc-60-700-normal.woff2	6BBB-6BBB	6BBD-6BBD	6BC1-6BC2	6BCC-6BCC	6BCE-6BCE	6BD0-6BD1	6BD5-6BD9	6BDE-6BDE	6BE1-6BE1	6BEC-6BEC	6BF3-6BF3	6BF9-6BF9	6BFD-6BFD	6BFF-6C00	6C02-6C02	6C05-6C06	6C0A-6C0A	6C0C-6C0D	6C10-6C10	6C13-6C13	6C16-6C16	6C18-6C1A	6C1F-6C1F	6C21-6C22	6C24-6C24	6C26-6C26	6C28-6C2A	6C2C-6C2C	6C2E-6C33	6C35-6C37	6C39-6C3A	6C3D-6C3F	6C43-6C43	6C46-6C46	6C49-6C4F	6C54-6C55	6C58-6C58	6C5A-6C5C	6C5E-6C5E	6C64-6C69	6C6B-6C6F	6C71-6C75	6C78-6C79	6C7C-6C7C	6C7E-6C7E	6C82-6C82	6C84-6C87	6C8C-6C8D	6C8F-6C8F	6C93-6C94	6C98-6C98	6C9A-6C9A	6C9D-6C9D	6C9F-6C9F	6CA2-6CA2	6CA5-6CA8	6CAA-6CAA	6CAC-6CB2	6CB4-6CB5	6CBA-6CBA	6CBC-6CBC	6CC2-6CC3	6CC5-6CC7	6CD0-6CD2	6CD4-6CD4	6CD6-6CD7	6CD9-6CD9
Noto Sans TC	700	/fonts/served/noto-sans-tc-61-700-normal.woff2	6A31-6A32	6A35-6A35	6A3B-6A3B	6A3E-6A40	6A47-6A48	6A50-6A50	6A52-6A52	6A55-6A57	6A5A-6A5B	6A5E-6A5E	6A62-6A62	6A66-6A66	6A6A-6A6A	6A71-6A71	6A79-6A79	6A7C-6A7C	6A7E-6A81	6A84-6A84	6A87-6A87	6A89-6A89	6A8D-6A8E	6A90-6A92	6A97-6A97	6A9C-6A9C	6A9E-6AA1	6AA3-6AA5	6AA8-6AA8	6AAB-6AAB	6AAE-6AAE	6AB5-6AB5	6ABA-6ABA	6ABE-6ABE	6AC2-6AC2	6AC5-6AC6	6AC8-6AC9	6ACC-6ACC	6AD3-6AD3	6ADA-6ADB	6ADD-6ADF	6AE3-6AE3	6AE7-6AE8	6AEA-6AEC	6AF1-6AF1	6AF3-6AF3	6AF8-6AF8	6AFA-6AFA	6AFC-6AFC	6B05-6B05	6B09-6B09	6B0E-6B13	6B17-6B17	6B1D-6B1E	6B25-6B25	6B2C-6B2C	6B31-6B31	6B35-6B37	6B39-6B39	6B3B-6B3B	6B40-6B40	6B43-6B43	6B46-6B46	6B48-6B48	6B53-6B55	6B59-6B59	6B5B-6B5B	6B5F-6B60	6B68-6B69	6B6F-6B6F	6B74-6B74	6B7A-6B7A	6B7C-6B7C	6B7F-6B84	6B86-6B87	6B89-6B89	6B8B-6B8B	6B8D-6B8D	6B91-6B93	6B9B-6B9B	6B9E-6B9E	6BA1-6BA2	6BA4-6BA4	6BAA-6BAB	6BAD-6BAE	6BB2-6BB4
Noto Sans TC	700	/fonts/served/noto-sans-tc-62-700-normal.woff2	6900-6900	6902-6902	6904-6904	6906-6907	6909-6909	690B-690B	690F-6910	6917-6917	691A-691C	6925-6925	692A-692A	692C-692D	6932-6932	6934-6934	6939-6939	693C-6940	6942-6942	6949-6949	6952-6952	6954-6957	6959-6959	695B-695F	6961-696C	696E-6970	6973-6974	6976-6976	6978-697A	697C-697C	6980-6980	6984-6986	6988-698A	698D-698E	6990-6991	6994-6994	6996-699B	699E-699E	69A3-69A7	69AB-69AB	69AD-69AD	69AF-69AF	69B1-69B1	69B3-69B3	69B6-69B7	69BB-69BC	69BF-69BF	69C1-69C1	69C3-69C5	69C7-69C7	69CA-69CA	69CC-69CC	69CE-69CE	69D0-69D1	69D4-69D4	69D8-69D9	69DB-69DB	69DF-69DF	69E4-69E4	69E8-69EA	69ED-69EE	69F1-69F4	69F6-69F6	69F8-69F8	69FA-69FB	69FF-6A00	6A05-6A05	6A0A-6A0B	6A17-6A18	6A1B-6A1B	6A28-6A2B
Noto Sans TC	700	/fonts/served/noto-sans-tc-63-700-normal.woff2	67D9-67D9	67DB-67E0	67E2-67E2	67E4-67E4	67E9-67EA	67F0-67F0	67F2-67F2	67F6-67F8	67FA-67FB	67FE-67FE	6800-6805	6808-6809	680B-680B	680E-680F	6811-6812	6814-6814	6816-6816	6818-6818	681C-681E	6820-6820	6822-6822	6825-6825	6827-6829	682B-682B	682E-682F	6831-6834	683A-683B	683E-683E	6840-6841	6844-6845	6849-6849	684E-684E	6853-6853	6855-6856	685C-685D	685F-685F	6861-6863	6865-6869	686B-686B	686D-686D	686F-686F	6871-6872	6874-6875	6877-6877	6879-6879	687B-687C	687E-687E	6880-6880	6882-6883	6886-6886	688F-688F	6891-6892	6894-6894	6896-6896	6898-6898	689B-689C	689F-68A0	68A2-68A3	68A6-68A6	68A9-68A9	68B1-68B2	68B4-68B4	68B6-68B6	68C0-68C0	68C3-68C3	68C6-68C6	68C8-68C8	68CA-68CA	68D0-68D1	68D3-68D3	68D6-68D6	68E1-68E1	68E3-68E3	68E6-68E6	68E8-68EC	68EF-68F1	68F3-68F3	68F6-68F7	68F9-68F9	68FB-68FD
Noto Sans TC	700	/fonts/served/noto-sans-tc-64-700-normal.woff2	66A7-66A7	66AA-66AA	66B2-66B3	66B5-66B5	66B8-66BC	66BE-66BE	66C1-66C1	66C4-66C4	66C7-66C8	66CC-66CC	66CF-66CF	66D5-66D5	66D8-66DB	66DF-66DF	66E1-66E2	66E8-66E9	66EF-66EF	66F1-66F1	66F5-66F5	66F7-66F7	66FA-66FA	66FD-66FD	6705-6705	670A-670A	670F-6710	6713-6715	6718-6719	6720-6720	6722-6727	6729-6729	672E-672E	6733-6733	6736-6736	6738-6739	673F-6740	6742-6742	6745-6745	6747-6748	674B-674D	6753-6753	6755-6755	6759-6759	675D-675E	6760-6760	6762-6763	6767-676A	676C-676C	676E-676E	6772-6777	677A-677C	6782-6782	6786-6787	678A-678C	678E-678F	6791-6793	6796-6796	6798-6799	679F-67A3	67A5-67A5	67AA-67AE	67B0-67B0	67B2-67B5	67B7-67BC	67C0-67C3	67C5-67C6	67C8-67CA	67CE-67CE	67D2-67D2	67D8-67D8
Noto Sans TC	700	/fonts/served/noto-sans-tc-65-700-normal.woff2	655D-655D	6561-6561	6564-6565	6567-6567	656B-656B	656D-656E	6573-6573	6576-6576	6579-657B	6581-6581	6586-6586	6588-6589	658B-658B	658E-658E	6593-6593	6595-6595	659B-659B	659D-659D	659F-65A1	65A9-65A9	65AB-65AB	65AD-65AD	65B2-65B3	65B5-65B5	65BB-65BB	65BE-65BF	65C2-65C4	65C6-65C6	65CC-65CC	65CE-65CE	65D2-65D2	65D6-65D6	65DB-65DB	65E1-65E1	65E3-65E3	65E7-65E7	65EE-65F0	65F2-65F4	65F7-65F8	65FC-65FD	6600-6600	6603-6605	6609-6609	660D-660D	6610-6611	6619-6619	661C-661E	6621-6622	6624-6624	6626-6626	6629-6629	662B-662B	6630-6630	6633-6636	6639-663D	6640-6641	6644-6645	664A-664C	6653-6657	6659-6659	665B-665B	665D-665E	6661-6667	6669-6669	666C-666C	6672-6673	6677-6679	667B-667E	6681-6684	668B-6690	6692-6692	6698-6698	669D-669D	669F-66A0	66A6-66A6
Noto Sans TC	700	/fonts/served/noto-sans-tc-66-700-normal.woff2	6427-6428	642A-642B	642F-6430	6432-6432	6434-6434	6437-6437	643A-643A	643D-6444	6446-6447	644A-644B	644E-644E	6450-6453	6456-6456	6459-6459	645B-645C	645E-645E	6460-6461	6463-6465	6468-6468	646C-646E	6470-6470	6472-6477	6479-6479	647B-647B	647D-647D	6480-6480	6482-6482	6485-6485	648B-648C	6491-6491	6493-6493	6496-649A	649D-649D	649F-64A0	64A2-64A3	64AC-64AC	64B1-64B1	64B3-64B4	64B7-64B9	64BB-64BB	64BE-64BE	64C0-64C0	64C3-64C4	64D0-64D0	64D2-64D2	64D5-64D5	64D7-64D8	64E1-64E4	64E7-64E7	64E9-64E9	64ED-64ED	64EF-64F0	64F3-64F3	64F8-64F8	64FB-64FC	64FF-64FF	6504-6506	6509-6509	6511-6512	6516-6516	6518-6519	651B-651B	6520-6523	6525-6526	6529-6529	652B-652B	652E-652E	6530-6530	6532-6532	6534-6535	6537-6538	653A-653A	653D-653D	6542-6543	6549-6549	654C-654E	6554-6555	655B-655B
Noto Sans TC	700	/fonts/served/noto-sans-tc-67-700-normal.woff2	630D-630E	6310-6310	6312-6313	6319-631B	631D-6321	6323-6325	632D-632E	6332-6332	6334-6339	633B-633C	633E-6340	6342-6346	634B-634C	634E-634E	6352-6352	6357-6357	635A-635A	635C-635C	635E-635F	6361-6361	6363-6363	6365-6365	6369-6369	636B-636D	636F-6370	6373-6373	6375-6376	637A-637B	637D-637D	6381-6381	6384-6384	6387-6387	638A-638A	638D-638E	6390-6390	6394-6397	639E-639F	63A3-63A4	63A6-63A6	63AC-63AF	63B1-63B4	63B7-63B7	63B9-63BB	63BD-63BE	63C3-63C4	63C8-63C8	63CD-63CE	63D1-63D1	63D6-63D6	63DC-63DC	63DE-63DE	63E0-63E0	63E3-63E4	63E6-63E6	63E9-63E9	63F0-63F0	63F2-63F3	63F5-63F8	63FA-63FA	63FC-63FE	6400-6402	6405-6406	6409-640C	6410-6410	6414-6415	6418-6418	641B-641B	641F-6423	6425-6426
Noto Sans TC	700	/fonts/served/noto-sans-tc-68-700-normal.woff2	61C6-61C6	61CA-61CD	61D0-61D0	61D2-61D2	61DE-61E0	61E3-61E3	61E6-61E6	61E8-61E8	61ED-61EE	61F5-61F5	61F9-61FA	61FD-61FE	6207-6207	6209-6209	620D-620E	6213-6215	6219-6219	621B-621B	621D-6223	6225-6227	6229-6229	622B-622C	622E-622F	6231-6231	6238-6238	623B-623B	623D-623E	6242-6243	6246-6246	6248-6249	624C-624C	6251-6251	6255-6255	6259-625A	625E-625E	6260-6262	6265-6267	6269-6269	626B-626C	6270-6273	6275-6275	627A-627D	6283-6283	6285-6286	6289-6289	628C-628C	628E-628E	6294-6294	629A-629E	62A0-62A0	62A2-62A2	62A6-62A6	62A8-62A8	62AF-62AF	62B3-62B3	62B6-62B6	62BA-62BB	62BE-62BF	62C2-62C2	62C4-62C5	62C8-62C8	62CA-62CA	62CF-62CF	62D1-62D1	62D5-62D5	62D7-62D7	62D9-62D9	62DD-62DD	62DF-62E3	62E5-62E8	62EE-62EE	62F4-62FB	62FD-62FD	6300-6300	6302-6302	6308-6308	630C-630C
Noto Sans TC	700	/fonts/served/noto-sans-tc-69-700-normal.woff2	60AC-60AD	60AF-60B1	60B3-60B5	60B8-60B8	60BB-60BB	60BD-60BE	60C0-60C0	60C6-60C7	60CA-60CB	60D3-60D5	60D7-60DB	60DD-60DD	60E2-60E3	60E6-60F0	60F2-60F2	60F4-60F4	60F6-60F6	60FA-60FB	60FF-6100	6103-6103	6106-6106	610A-610B	610D-610E	6110-6110	6112-6116	6120-6120	6123-6124	6128-6130	6134-6134	6136-6136	613C-613F	6144-6144	6146-6147	6149-614A	614D-614D	6151-6153	6159-615A	615C-615F	6164-6165	6169-616D	616F-616F	6171-6175	6177-6177	617A-617A	617C-617C	617F-6180	6187-6187	618A-618E	6192-6194	6199-619B	619F-619F	61A1-61A1	61A7-61A8	61AA-61AF	61B8-61B8	61BA-61BA	61BF-61BF	61C3-61C3
Noto Sans TC	700	/fonts/served/noto-sans-tc-70-700-normal.woff2	5F78-5F78	5F7B-5F7B	5F7D-5F7D	5F82-5F84	5F87-5F87	5F89-5F8A	5F8D-5F8D	5F93-5F93	5F95-5F95	5F98-5F99	5F9B-5F9C	5FA0-5FA0	5FA4-5FA4	5FA6-5FA8	5FAB-5FAD	5FB3-5FB4	5FBC-5FBC	5FC4-5FC4	5FC6-5FC6	5FC9-5FC9	5FCB-5FCB	5FCE-5FD6	5FDC-5FDF	5FE1-5FE1	5FE4-5FE4	5FE7-5FE7	5FEA-5FEA	5FEC-5FEE	5FF1-5FF1	5FF3-5FF3	5FF8-5FF8	5FFA-5FFC	5FFF-6000	6002-6002	6005-6005	600A-600A	600D-600D	600F-6010	6014-6014	6017-6017	6019-601C	601E-601E	6020-6020	6022-6022	6026-6026	6029-6029	602B-602C	602E-602F	6031-6031	6033-6035	6039-6039	603C-603C	6040-6043	6045-6045	6047-6047	604A-604C	604F-604F	6053-6053	6059-605B	605D-605D	6060-6060	6063-6063	6067-6067	606A-606B	606E-606E	6072-6076	6078-6078	607A-607A	607C-607C	607F-6081	6083-6083	6086-6086	608A-608A	608C-608C	608E-608E	6092-6093	6095-6097	609B-609B	609D-609D	60A2-60A2	60A6-60A7	60A9-60AA
Noto Sans TC	700	/fonts/served/noto-sans-tc-71-700-normal.woff2	5E34-5E34	5E37-5E37	5E3A-5E3A	5E3C-5E3C	5E40-5E40	5E42-5E44	5E47-5E47	5E54-5E54	5E57-5E5B	5E5E-5E5F	5E61-5E62	5E64-5E64	5E6A-5E6A	5E6C-5E6C	5E6E-5E6E	5E75-5E75	5E77-5E77	5E7A-5E7A	5E80-5E81	5E83-5E83	5E86-5E86	5E88-5E88	5E8B-5E8B	5E90-5E90	5E92-5E92	5E96-5E96	5E99-5E99	5E9B-5E9B	5E9D-5EA2	5EA4-5EA5	5EB3-5EB6	5EB9-5EB9	5EBE-5EBE	5EC3-5EC4	5EC6-5EC6	5ECB-5ECD	5ED0-5ED2	5ED4-5ED5	5ED8-5ED9	5EDB-5EDB	5EDD-5EDD	5EE1-5EE1	5EE8-5EE9	5EEC-5EEC	5EEF-5EF0	5EF4-5EF5	5EF8-5EF8	5EFB-5EFC	5EFE-5EFE	5F01-5F03	5F05-5F05	5F07-5F09	5F0B-5F0E	5F10-5F12	5F14-5F14	5F16-5F16	5F1B-5F1B	5F1D-5F1D	5F22-5F22	5F25-5F25	5F28-5F29	5F2D-5F2D	5F2F-5F30	5F36-5F36	5F38-5F39	5F3C-5F3C	5F3E-5F3E	5F40-5F42	5F45-5F46	5F4A-5F4A	5F50-5F52	5F54-5F54	5F56-5F58	5F5A-5F5E	5F61-5F61	5F63-5F63	5F66-5F67	5F6B-5F6B	5F72-5F74	5F76-5F76
Noto Sans TC	700	/fonts/served/noto-sans-tc-72-700-normal.woff2	5CE0-5CE1	5CE5-5CE6	5CE8-5CEA	5CED-5CEE	5CF1-5CF1	5CF4-5CF5	5CF8-5CF8	5CFE-5D00	5D06-5D06	5D08-5D08	5D0A-5D0D	5D15-5D15	5D18-5D18	5D1A-5D1A	5D1D-5D1D	5D1F-5D22	5D24-5D24	5D26-5D28	5D2C-5D2E	5D33-5D35	5D3D-5D3D	5D3F-5D3F	5D42-5D43	5D46-5D47	5D49-5D4B	5D4E-5D4E	5D52-5D53	5D57-5D59	5D5B-5D5C	5D65-5D65	5D68-5D69	5D6B-5D6C	5D6F-5D6F	5D74-5D75	5D7E-5D7F	5D81-5D82	5D85-5D88	5D8B-5D8C	5D92-5D92	5D94-5D94	5D97-5D97	5D99-5D99	5D9D-5D9D	5DA0-5DA2	5DA7-5DA7	5DA9-5DAA	5DAE-5DAE	5DB2-5DB2	5DB4-5DB4	5DB7-5DB8	5DBD-5DBD	5DC2-5DC5	5DC9-5DC9	5DCB-5DCD	5DD2-5DD2	5DD6-5DD6	5DD8-5DD8	5DDB-5DDC	5DE0-5DE0	5DE3-5DE3	5DE9-5DE9	5DF0-5DF0	5DF3-5DF3	5DF5-5DF5	5DF9-5DF9	5DFB-5DFD	5E00-5E01	5E04-5E05	5E0A-5E0A	5E11-5E11	5E14-5E14	5E18-5E1C	5E1F-5E22	5E27-5E28	5E2F-5E30
Noto Sans TC	700	/fonts/served/noto-sans-tc-73-700-normal.woff2	5B80-5B82	5B84-5B84	5B8D-5B8D	5B92-5B93	5B95-5B96	5B9F-5BA1	5BA6-5BA8	5BAA-5BAD	5BBD-5BBE	5BC0-5BC1	5BC3-5BC3	5BD0-5BD1	5BD4-5BD8	5BDB-5BDD	5BE4-5BE5	5BEF-5BEF	5BF3-5BF3	5BFB-5BFB	5BFE-5BFF	5C02-5C03	5C05-5C05	5C09-5C09	5C0C-5C0C	5C10-5C10	5C12-5C13	5C15-5C15	5C18-5C19	5C1B-5C1B	5C1D-5C1F	5C22-5C22	5C25-5C25	5C27-5C28	5C2A-5C2B	5C34-5C34	5C38-5C38	5C3D-5C3D	5C42-5C42	5C44-5C44	5C47-5C47	5C49-5C4A	5C50-5C50	5C53-5C53	5C58-5C59	5C5B-5C5B	5C5D-5C5D	5C61-5C61	5C63-5C63	5C68-5C68	5C6D-5C6E	5C74-5C74	5C79-5C84	5C86-5C86	5C88-5C88	5C8A-5C8D	5C92-5C9C	5CA0-5CA0	5CA2-5CA3	5CA5-5CA7	5CAB-5CAD	5CB5-5CB5	5CB7-5CB7	5CBA-5CBB	5CC1-5CC1	5CC8-5CC8	5CCA-5CCB	5CCE-5CCE	5CD2-5CD2	5CD6-5CD6	5CD8-5CDA	5CDF-5CDF
Noto Sans TC	700	/fonts/served/noto-sans-tc-74-700-normal.woff2	5A51-5A51	5A53-5A53	5A56-5A57	5A5D-5A5E	5A60-5A62	5A65-5A65	5A67-5A67	5A6A-5A6A	5A6C-5A6D	5A73-5A76	5A7A-5A7C	5A81-5A84	5A8C-5A8C	5A90-5A90	5A93-5A93	5A96-5A97	5A9C-5A9C	5A9E-5AA0	5AA4-5AA4	5AA7-5AA7	5AAB-5AAC	5AAE-5AAF	5AB1-5AB1	5AB4-5AB5	5AB8-5AB8	5ABA-5ABC	5ABE-5ABF	5AC3-5AC4	5AC6-5ACB	5ACF-5AD2	5AD4-5ADC	5AE0-5AE1	5AE3-5AE3	5AE5-5AE6	5AE8-5AE8	5AEA-5AEB	5AEE-5AEE	5AF0-5AF0	5AF2-5AF2	5AF5-5AF5	5AFA-5AFA	5AFF-5AFF	5B01-5B01	5B05-5B05	5B08-5B08	5B0B-5B0B	5B11-5B11	5B16-5B17	5B19-5B19	5B1B-5B1B	5B1D-5B1D	5B21-5B23	5B28-5B28	5B2A-5B2D	5B32-5B32	5B34-5B34	5B36-5B38	5B3E-5B40	5B43-5B46	5B4B-5B4C	5B51-5B51	5B53-5B53	5B59-5B59	5B5B-5B5C	5B62-5B62	5B65-5B65	5B6C-5B6E	5B70-5B73	5B75-5B75	5B7A-5B7B	5B7D-5B7D	5B7F-5B7F
Noto Sans TC	700	/fonts/served/noto-sans-tc-75-700-normal.woff2	590B-590C	590E-590E	5910-5911	5914-5914	5919-5919	591B-591B	591F-591F	5923-5924	592C-592C	5932-5932	5938-593A	5940-5940	5942-5942	5944-5944	594B-594C	594E-594E	5950-5950	5953-5953	5956-5956	5958-5958	595A-595A	5961-5961	5966-5966	5968-5969	596C-596D	5975-5975	5977-5977	597B-597C	597E-597E	5980-5981	5986-5988	598A-598A	598F-598F	5997-5998	599F-59A3	59A6-59A7	59A9-59A9	59AB-59AC	59AF-59AF	59B1-59B2	59B6-59B6	59B8-59B8	59BA-59BA	59BE-59BE	59C1-59C1	59C3-59C3	59C7-59C9	59CD-59CE	59D2-59D2	59D6-59D9	59DD-59DE	59E0-59E0	59E3-59E5	59E9-59EB	59EE-59EE	59F1-59F3	59F5-59F9	59FC-59FD	5A00-5A00	5A04-5A07	5A09-5A09	5A0C-5A0C	5A11-5A11	5A13-5A13	5A16-5A17	5A1A-5A1A	5A1E-5A1E	5A20-5A20	5A23-5A24	5A29-5A2B	5A2D-5A2F	5A32-5A34	5A38-5A38	5A3C-5A3C	5A3F-5A44	5A47-5A48	5A4A-5A4A	5A4C-5A4D	5A50-5A50
Noto Sans TC	700	/fonts/served/noto-sans-tc-76-700-normal.woff2	57A1-57A1	57A4-57A4	57A6-57A6	57A9-57A9	57AB-57AB	57B5-57B5	57B8-57BB	57C2-57C2	57C5-57C8	57CC-57CC	57CF-57CF	57D2-57D2	57DC-57DE	57E1-57E2	57E5-57E5	57E7-57E7	57ED-57EE	57F0-57F0	57F3-57F6	57F8-57F8	57FB-57FD	5800-5801	5803-5804	5807-5807	5809-580B	580D-580E	5810-5811	5814-5815	5819-5819	581D-581E	5820-5820	5823-5823	5826-5826	582C-582D	5830-5830	583A-583A	583F-5841	5848-5848	584B-584B	584D-584D	584F-584F	5852-5852	5859-585A	585C-585C	5861-5861	5864-5864	5868-5869	586C-586D	5871-5872	5879-5879	587C-5881	5887-5889	588E-588E	5890-5892	5896-5899	589D-589D	58A1-58A1	58A3-58A3	58A6-58A6	58A9-58A9	58AC-58AC	58B0-58B1	58BB-58BC	58C2-58C2	58C5-58C6	58CA-58CA	58CC-58CC	58CE-58CE	58D0-58D1	58D5-58D5	58D9-58DA	58DF-58E0	58E9-58E9	58EC-58EC	58EE-58EE	58F1-58F3	58F6-58F7	58FB-58FC	5900-5900	5902-5902	5906-5906	5909-590A
Noto Sans TC	700	/fonts/served/noto-sans-tc-77-700-normal.woff2	566F-566F	5671-5672	5676-5676	567A-567C	5680-5680	5684-5686	568C-568C	568E-568F	5692-5693	5697-5699	569C-569C	569E-569E	56A1-56A7	56A9-56A9	56AB-56AD	56AF-56AF	56B3-56B3	56B5-56B6	56B8-56B8	56BF-56C1	56C3-56C3	56C5-56C5	56C7-56C8	56CB-56CC	56D2-56D4	56D6-56D9	56DF-56DF	56E1-56E5	56EA-56EC	56EE-56EF	56F1-56F4	56F7-56F7	56F9-56F9	56FF-5700	5703-5704	5706-5707	5709-570A	570C-570C	570F-570F	5711-5711	5717-5717	571C-571C	5723-5724	5727-5727	5729-572A	572C-572C	572E-572F	5734-5735	573B-573B	5741-5741	574B-574D	574F-574F	5752-5752	5754-5754	575A-5760	5763-5763	5768-5769	576B-576B	576D-576D	576F-5770	5772-5775	5777-5777	577B-577D	5780-5780	5784-5784	5788-5788	578C-578C	578E-578E	5792-5793	5795-5795	579A-579B	579F-57A0
Noto Sans TC	700	/fonts/served/noto-sans-tc-78-700-normal.woff2	5551-5551	5553-5553	5555-5557	555C-555C	5562-5563	5567-5567	5569-5569	556B-556C	5570-5570	5575-5579	557B-557C	557F-557F	5581-5581	5583-5583	5586-5586	5588-5588	558B-558B	558F-558F	5591-5591	5599-5599	559F-559F	55A1-55A1	55A3-55A3	55A5-55A6	55A8-55A9	55AB-55AB	55AD-55AD	55B0-55B1	55B3-55B3	55B6-55B7	55B9-55B9	55BC-55BD	55C4-55C5	55C7-55C7	55C9-55C9	55CC-55CD	55D0-55D0	55D2-55D2	55D4-55D9	55DB-55DB	55DD-55DF	55E1-55E6	55E9-55EA	55EC-55EC	55EE-55EE	55F1-55F3	55F5-55F7	55F9-55FA	55FE-55FE	5600-5602	5608-5608	560C-560C	560F-560F	5612-5613	5615-5616	5618-5618	561A-561A	561C-561C	561E-561E	5620-5620	5623-5625	5627-5627	562A-562A	562C-562E	5630-5631	5635-5636	5638-563A	5640-5640	5642-5643	5649-5649	564C-5650	5654-5654	5658-565D	5664-5666	5669-5669	566B-566B	566D-566D
Noto Sans TC	700	/fonts/served/noto-sans-tc-79-700-normal.woff2	543D-543D	543F-543F	5441-5441	5444-5445	5447-5447	5449-5449	544B-544D	5450-5455	5457-5457	545B-545C	545F-5460	5463-5464	546A-5472	5474-5474	5476-5476	5478-5478	547B-547B	547E-547F	5482-5488	548A-548A	548D-5491	5494-5494	5498-549D	54A1-54A5	54AB-54AB	54AD-54AF	54B5-54B5	54B7-54B7	54BB-54BC	54BE-54BF	54CA-54CA	54CC-54CC	54CF-54D2	54D4-54D4	54D6-54D7	54DA-54DA	54DE-54DF	54E2-54E2	54E4-54E4	54E7-54E7	54EB-54EB	54F3-54F3	54FD-54FD	54FF-54FF	5501-5502	5504-5506	550A-550A	550C-550C	550E-550F	5511-5513	5516-5517	551A-551B	551E-551E	5520-5520	5524-5524	5526-5527	552A-552A	552C-552D	5530-5530	5532-5533	5535-5536	553B-553C	553E-553F	5541-5542	5544-5545	5547-5547	5549-5549	554B-554B	554D-554E	5550-5550
Noto Sans TC	700	/fonts/served/noto-sans-tc-80-700-normal.woff2	52DB-52DB	52E0-52E0	52E3-52E3	52E6-52E7	52EB-52EB	52ED-52EE	52F0-52F2	52F7-52F7	52F9-52FA	5300-5302	530A-530B	530D-530D	530F-5310	5315-5315	531A-531A	531C-531D	532D-532E	5331-5331	5338-5338	533B-533E	5344-5345	534B-534D	534F-5350	5358-5358	535E-535F	5362-5364	5367-5367	5369-5369	536B-536C	536E-536F	5372-5372	5374-5374	5379-537A	537C-537D	5382-5382	5385-5385	5389-5389	538B-538C	538E-538E	5392-5396	5399-5399	53A0-53A2	53A4-53A6	53A8-53A9	53AE-53AE	53B0-53B0	53B3-53B4	53B6-53B7	53B9-53B9	53BF-53BF	53C1-53C1	53C4-53C4	53CE-53CF	53D2-53D2	53D5-53D5	53D9-53DA	53DF-53E1	53E7-53E9	53F1-53F1	53F5-53F6	53F9-53F9	53FB-53FD	5400-5402	5405-5407	540F-540F	5412-5412	5414-5417	541A-541A	5420-5421	5424-5425	5428-5429	542C-542F	5431-5432	5434-5434	5437-5437
Noto Sans TC	700	/fonts/served/noto-sans-tc-81-700-normal.woff2	518F-518F	5191-5191	5193-5193	5195-5197	519A-519C	519E-519E	51A2-51A2	51A6-51A9	51AB-51AB	51AD-51AF	51B1-51B6	51BA-51C0	51C3-51C5	51C7-51C7	51C9-51CB	51CE-51D1	51D4-51D4	51D6-51D6	51D9-51D9	51DB-51DC	51DF-51DF	51E4-51E4	51E6-51E6	51E9-51EA	51ED-51ED	51EF-51EF	51F4-51F5	51FC-51FC	51FF-51FF	5201-5202	5204-5205	5208-5208	520B-520B	520D-520E	5213-5213	5215-5216	5218-5218	521A-521A	5220-5220	5223-5223	5226-5228	5232-5234	5239-5239	523C-523C	5241-5242	5244-5244	5249-5249	524C-524C	5251-5252	5255-5255	5257-5257	525C-525C	525E-525E	5261-5261	5263-5265	526E-526E	5270-5270	5273-5274	5277-5277	527D-527D	527F-527F	5281-5282	5284-5284	528A-528A	528C-528C	528F-528F	5292-5294	529D-529D	52A6-52A6	52AC-52AD	52B1-52B5	52B9-52B9	52BB-52BC	52BE-52C0	52C5-52C5	52CB-52CB	52CD-52CD	52D0-52D1	52D6-52D7
Noto Sans TC	700	/fonts/served/noto-sans-tc-82-700-normal.woff2	5032-5032	5036-5036	503A-503B	503E-503E	5040-5041	5043-5043	5045-5046	5048-5048	504A-504E	5051-5053	505D-5060	5063-5063	506A-506A	506F-5072	5078-5078	507A-507B	507F-5080	5088-5089	508B-508C	508E-508E	5092-5092	5095-5096	509A-509D	50A3-50A3	50A5-50A5	50A8-50A8	50AF-50AF	50B1-50B1	50B4-50B4	50BA-50BA	50C2-50C2	50C6-50CA	50CD-50CE	50D6-50D6	50D9-50D9	50DD-50DF	50E1-50E1	50E3-50E3	50E5-50E6	50E8-50EA	50EC-50F0	50F3-50F3	50FB-50FB	50FE-50FE	5101-5102	5105-5109	510B-510E	5110-5110	5113-5115	5117-5117	511A-511C	511E-511E	5120-5121	5125-5125	512B-512B	5131-5131	5134-5135	5138-513C	5140-5140	514E-514E	5150-5151	5155-5157	515A-515A	515F-515F	5162-5162	516A-516A	516E-516E	5172-5172	5174-5174	5179-5179	517B-517B	517D-517D	5182-5182	5186-5186	5188-5189	518B-518B
Noto Sans TC	700	/fonts/served/noto-sans-tc-83-700-normal.woff2	4F22-4F22	4F24-4F24	4F29-4F2B	4F2D-4F2D	4F31-4F32	4F35-4F35	4F37-4F37	4F39-4F39	4F3B-4F3B	4F3E-4F3E	4F41-4F43	4F47-4F47	4F49-4F49	4F4C-4F4C	4F52-4F52	4F57-4F58	4F5A-4F5A	4F5D-4F5F	4F61-4F61	4F63-4F64	4F67-4F67	4F6A-4F6A	4F6E-4F6F	4F72-4F72	4F74-4F74	4F76-4F7B	4F7D-4F7E	4F80-4F82	4F84-4F84	4F89-4F8A	4F8E-4F94	4F96-4F98	4F9A-4F9A	4F9E-4F9E	4FA0-4FA3	4FA5-4FA8	4FAA-4FAC	4FB2-4FB3	4FB7-4FBA	4FC0-4FC1	4FC5-4FC7	4FCB-4FCB	4FCD-4FCE	4FD1-4FD1	4FD3-4FD4	4FD8-4FDC	4FDF-4FDF	4FE2-4FE5	4FE8-4FEA	4FEC-4FED	4FF3-4FF6	4FF8-4FFA	4FFD-4FFD	5000-5000	5002-5002	5005-5005	5008-5008	500C-500C	500F-500F	5013-5015	501B-501C	501E-501E	5022-5025	5027-5028	502C-502E	5030-5031
Noto Sans TC	700	/fonts/served/noto-sans-tc-84-700-normal.woff2	3A17-3A17	3A52-3A52	3B22-3B22	3BD7-3BD7	3BFF-3BFF	3CA5-3CA5	3D68-3D68	3DDB-3DDB	3DE7-3DE7	3DEB-3DEB	3E03-3E03	3E74-3E74	3F08-3F08	3F0E-3F0E	3F21-3F21	3F97-3F97	4102-4102	411B-411B	4181-4181	43C8-43C8	4552-4552	4576-4576	46E5-46E5	4837-4837	493D-493D	4A3B-4A3B	4D09-4D09	4E02-4E02	4E04-4E05	4E0C-4E0C	4E0F-4E10	4E15-4E15	4E17-4E17	4E1B-4E1B	4E21-4E22	4E25-4E25	4E27-4E27	4E31-4E31	4E34-4E34	4E36-4E37	4E3D-4E3D	4E3F-4E42	4E44-4E44	4E47-4E47	4E49-4E49	4E4C-4E4C	4E52-4E54	4E57-4E57	4E5A-4E5B	4E60-4E61	4E69-4E69	4E6D-4E6D	4E78-4E78	4E80-4E81	4E85-4E85	4E87-4E87	4E89-4E8A	4E8D-4E8D	4E8F-4E8F	4E93-4E93	4E96-4E96	4E98-4E99	4E9C-4E9C	4E9F-4EA0	4EA2-4EA2	4EA5-4EA5	4EA9-4EA9	4EB0-4EB0	4EB2-4EB3	4EB5-4EB7	4EB9-4EB9	4EBB-4EBC	4EBF-4EBF	4EC2-4EC6	4EC8-4EC9	4ECF-4ECF	4ED1-4ED1	4ED3-4ED3	4EDC-4EE1	4EE7-4EEB	4EEE-4EEF	4EF1-4EF1	4EF3-4EF5	4EFA-4EFA	4EFC-4EFC	4F00-4F00	4F02-4F03	4F05-4F05	4F07-4F09	4F0B-4F0B	4F0E-4F0E	4F15-4F15	4F17-4F17	4F1D-4F1F
Noto Sans TC	700	/fonts/served/noto-sans-tc-85-700-normal.woff2	305C-305C	3062-3062	306D-306D	307A-307A	307C-307C	3080-3080	308E-308E	3090-3091	3099-309E	30A5-30A5	30C2-30C2	30C5-30C5	30EE-30EE	30F0-30F2	30F4-30F6	30FD-30FE	3105-3106	3108-3108	310A-310B	310D-3119	311B-311E	3120-3126	3128-3129	3131-3131	3134-3134	3137-3137	3139-3139	3141-3142	3145-3145	3147-3148	314B-314B	314D-314F	3153-3153	315C-315C	3160-3161	3163-3164	3181-3181	318D-318D	3192-3193	3196-3198	319D-319F	3220-3226	3231-3231	3268-3268	3281-3281	328B-328B	3291-3292	3295-3297	3299-3299	329D-329D	329F-329F	32A3-32A4	32D6-32D6	32E1-32E1	3314-3314	3322-3322	337F-337F	338E-338F	339C-339E	33A1-33A1	33C4-33C4	33D1-33D2	3440-3440	3449-3449	3479-3479	3551-3551	3569-3569	35AD-35AD	35CE-35CE	36AC-36AC	373A-373A	3863-3863	38EC-38EC	39B8-39B8	3A02-3A02
Noto Sans TC	700	/fonts/served/noto-sans-tc-86-700-normal.woff2	2749-274F	2752-275B	275D-275E	2761-2761	2763-2763	2765-2769	276E-276F	2771-2771	2776-277E	2780-2782	278A-278C	2794-2796	2798-2799	279C-27A6	27A8-27AB	27AD-27AD	27AF-27B0	27B2-27B3	27B7-27B9	27BC-27BD	27BF-27BF	27E9-27EB	27F5-27F6	2800-2800	28EC-28EC	2922-2922	2934-2935	29BF-29BF	2A2F-2A2F	2B05-2B07	2B1B-2B1B	2B50-2B50	2B55-2B55	2CF5-2CF5	2E1C-2E1D	2F00-2F00	2F08-2F08	2F12-2F12	2F24-2F24	2F29-2F29	2F2F-2F2F	2F3C-2F3C	2F3F-2F3F	2F42-2F42	2F45-2F45	2F63-2F64	2F83-2F83	2F8F-2F8F	3003-3007	3012-3013	3016-3019	3020-3025	3030-3030	303D-303D	3041-3041	3043-3043	3045-3045	3047-3047	3049-3049	3052-3052
Noto Sans TC	700	/fonts/served/noto-sans-tc-87-700-normal.woff2	264A-2656	2658-265C	265E-2660	2662-2664	2666-2669	266B-266F	267B-267B	2692-2696	2698-2698	269B-269C	26A0-26A1	26A3-26A5	26AA-26AC	26BD-26BE	26C4-26C5	26C8-26C8	26D1-26D1	26D3-26D4	26E4-26E4	26E9-26EA	26F0-26F5	26F9-26FA	26FD-26FD	2701-2702	2704-2706	2708-2708	270A-2712	2714-2714	2716-2727	2729-273E	2740-2748
Noto Sans TC	700	/fonts/served/noto-sans-tc-88-700-normal.woff2	2567-2570	2572-2572	2574-2574	2579-2579	2580-258A	258C-2595	2597-2597	25A1-25A1	25A3-25A4	25A6-25AC	25B0-25B0	25B4-25B4	25B7-25B9	25BB-25BB	25BD-25BD	25BF-25C2	25C7-25CA	25CC-25CD	25D0-25D9	25DC-25E6	25EA-25EB	25EF-25EF	25FB-25FE	2600-2604	2607-2607	2609-260B	260D-2615	2618-2618	261A-2623	262A-262A	262D-2630	2638-263E	2641-2642	2648-2649
Noto Sans TC	700	/fonts/served/noto-sans-tc-89-700-normal.woff2	2476-2481	2488-2491	24B6-24C5	24C7-24CA	24CC-24CC	24CE-24CE	24D0-24DF	24E1-24EA	24F5-24F5	24FF-24FF	2501-2501	2503-250D	250F-2511	2513-2515	2517-2518	251B-251D	2520-2520	2523-2524	2528-2528	252B-252C	252F-252F	2533-2534	2537-2537	253B-253C	2541-2541	2543-2545	254B-254B	2550-2566
Noto Sans TC	700	/fonts/served/noto-sans-tc-90-700-normal.woff2	2139-2139	2153-2153	2194-2197	2199-2199	219D-219E	21A0-21A0	21A9-21AA	21AC-21AC	21AF-21B1	21B3-21B5	21BA-21BB	21C4-21C4	21CA-21CA	21CC-21CC	21D0-21D0	21D2-21D4	21D8-21D8	21DD-21DD	21E2-21E9	2200-2200	2202-2202	2205-2208	220E-220F	2211-2212	2215-2215	2217-221A	221D-2220	2225-2225	2227-222B	222E-222E	2234-2237	223C-223D	2248-2248	2256-2256	2260-2261	2264-2265	226A-226B	226E-226F	2282-2283	2295-2296	2299-2299	22A5-22A5	22B0-22B1	22B9-22B9	22BF-22BF	22C5-22C6	22C8-22C8	22D0-22D1	22EE-22EE	2312-2313	2318-2318	231A-231B	2323-2323	2328-2328	239D-239D	23A0-23A0	23AF-23AF	23E4-23E4	23E9-23EA	23EC-23EC	23F0-23F3	23FA-23FA	2445-2445	2461-2471	2474-2475
Noto Sans TC	700	/fonts/served/noto-sans-tc-91-700-normal.woff2	1EC0-1EC3	1EC5-1EC6	1EC9-1EC9	1ECB-1ECD	1ECF-1ED1	1ED3-1ED5	1ED7-1EDD	1EDF-1EDF	1EE1-1EE1	1EE3-1EE7	1EE9-1EE9	1EEB-1EEB	1EED-1EED	1EEF-1EF1	1EF3-1EF3	1EF7-1EF7	1EF9-1EF9	1F62-1F62	1FA2-1FA2	2001-2006	2009-200A	200C-200D	200F-2012	2015-2016	201A-201A	201E-201E	2020-2021	2023-2025	2028-2028	202A-202D	202F-2030	2032-2033	2035-2035	2038-2038	203E-203F	2042-2044	2049-2049	204D-204E	2060-2061	2063-2063	2070-2070	2074-207B	207D-2083	208A-208A	208D-208E	20A1-20A1	20A4-20A4	20A6-20A6	20A8-20AB	20AD-20AE	20B1-20B3	20B5-20B5	20B8-20BA	20BD-20BD	20DD-20DD	20E3-20E3	2105-2105	2109-2109	2112-2113	2115-2117	2120-2121	2126-2126	212B-212B
Noto Sans TC	700	/fonts/served/noto-sans-tc-92-700-normal.woff2	11AF-11AF	11B7-11B7	11BC-11BC	121B-121B	122D-122D	129B-129B	12A0-12A0	13A6-13A6	13A9-13A9	13AC-13AC	13AF-13AF	13B3-13B3	13C2-13C2	13E3-13E3	141B-141B	1555-1555	1557-1557	15DC-15DC	15E8-15E8	1780-1782	1784-1785	1787-1787	178A-178A	178E-1791	1793-179C	179F-179F	17A2-17A2	17B6-17B9	17BB-17BC	17BF-17C7	17C9-17C9	17CB-17CB	17D0-17D0	17D2-17D2	17DB-17DB	1871-1871	18FA-18FA	1BFF-1BFF	1D00-1D00	1D04-1D05	1D07-1D07	1D0A-1D0B	1D0D-1D0D	1D0F-1D0F	1D17-1D18	1D1B-1D1C	1D20-1D22	1D25-1D25	1D2C-1D2C	1D2E-1D2E	1D30-1D31	1D33-1D3A	1D3C-1D3C	1D3E-1D42	1D52-1D52	1D55-1D55	1D5B-1D5B	1D5E-1D5E	1D9C-1D9C	1DA0-1DA0	1DC4-1DC5	1E3B-1E3B	1E43-1E43	1E45-1E45	1E47-1E47	1E63-1E63	1E6D-1E6D	1E73-1E73	1EA0-1EA0	1EA2-1EA2	1EA4-1EA9	1EAB-1EAF	1EB1-1EB1	1EB3-1EB3	1EB5-1EB5	1EB7-1EB7	1EB9-1EB9	1EBB-1EBB	1EBD-1EBE
Noto Sans TC	700	/fonts/served/noto-sans-tc-97-700-normal.woff2	2C8-2C9	2CC-2CD	2D0-2D0	2D8-2D8	2DA-2DA	2DC-2DC	2E1-2E3	2E7-2E7	2EB-2EB	2EE-2EE	2F1-2FF	302-304	306-309	30C-30D	311-311	31B-31B	321-321	323-325	328-329	32B-32C	32E-32F	331-33A	33C-33F	348-348	353-353	358-359	35C-35C	35E-35F	361-361	363-363	367-368	36C-36C	36F-36F	530-535	537-540	55E-55E	561-565	568-56D	56F-576	578-582	584-584	5A1-5A1	5A3-5A4	5AA-5AA	5AE-5AE	5B0-5B4
Noto Sans TC	700	/fonts/served/noto-sans-tc-98-700-normal.woff2	1AF-1AF	1B1-1B1	1B4-1BE	1D0-1D0	1D2-1D2	1D4-1D4	1DA-1DA	1DC-1DD	1E1-1E1	1E3-1E4	1E7-1E7	1E9-1E9	1EB-1EC	1F0-1F1	1F3-1F5	1F7-1F7	1F9-1FF	219-219	221-221	225-226	228-22B	22E-22F	231-235	239-239	23B-23B	23E-23E	250-252	254-255	259-25E	261-263	268-26B	26D-26D	26F-277	279-27A	27D-281	283-283	28A-28C	28F-28F	292-292	294-296	298-29A	29C-29C	29F-29F	2A1-2A2	2A4-2A7	2A9-2AA	2AE-2B3	2B5-2B7	2B9-2BF	2C2-2C4	2C6-2C7
Noto Sans TC	700	/fonts/served/noto-sans-tc-99-700-normal.woff2	A1-A2	A4-A4	A6-A8	AA-AA	AC-AC	AF-AF	B1-B1	B5-B6	B8-BA	BC-BE	C0-C8	CA-CC	CE-D5	D8-DF	F0-F0	F5-F5	F8-F8	FB-FB	FE-100	102-102	105-105	107-107	109-10B	10F-10F	112-112	115-115	117-117	119-119	11B-11B	11F-11F	121-121	123-124	127-127	129-129	12C-12D	130-13F	141-142	144-144	148-148	14B-14C	14F-153	159-15B	15E-160	163-166	169-16A	16D-171	173-17E	192-192	1A0-1A0	1A4-1A4	1AA-1AA	1AC-1AD
Noto Sans TC	700	/fonts/served/noto-sans-tc-100-700-normal.woff2	A3-A3	2CA-2CA	2223-2223	2460-2460	2640-2640	273F-273F	301C-301C	3107-3107	310C-310C	4E30-4E30	4E3E-4E3E	4E5E-4E5E	4E71-4E71	4F26-4F26	4F7C-4F7C	4F83-4F83	50DA-50DA	5243-5243	5267-5267	529E-529E	5321-5321	5352-5352	5477-5477	548B-548B	54A6-54A6	54B2-54B2	54C2-54C2	54C4-54C4	54C6-54C6	54CD-54CD	54EE-54EE	5543-5543	55D1-55D1	55D3-55D3	55F0-55F0	55FD-55FD	560D-560D	5629-5629	5660-5660	56D1-56D1	56DD-56DD	57AE-57AE	57E0-57E0	57E4-57E4	5904-5904	592D-592D	5965-5965	5A31-5A31	5A7F-5A7F	5B5A-5B5A	5BB8-5BB8	5C14-5C14	5C3B-5C3B	5C5C-5C5C	5C5E-5C5E	5D10-5D10	5E10-5E10	5E4C-5E4C	603B-603B	604D-604D	611C-611C	6137-6137	61C8-61C8	62C7-62C7	6371-6371	6382-6382	645F-645F	64AE-64AE	64C2-64C2	651E-651E	65F1-65F1	660A-660A	663E-663E	673D-673D	6784-6784	6789-6789	67B1-67B1	67FF-67FF	6813-6813	6854-6854	68D8-68D8	68FA-68FA	697D-697D	6A01-6A01	6A1E-6A1E	6BAF-6BAF	6C08-6C08	6C17-6C17	6C2B-6C2B	6C81-6C81	6CBD-6CBD	6DC6-6DC6	6DF9-6DF9	6ED9-6ED9	6EE1-6EE1	6F86-6F86	6FC1-6FC1	6FDB-6FDB	701F-701F	7076-7076	715C-715C	7194-7194	71EE-71EE	71FB-71FB	720D-720D	72B6-72B6	7396-7396	73AF-73AF	745B-745B	746F-746F	748B-748B	7647-7647	7699-7699	76CE-76CE	76DE-76DE	77AA-77AA	786B-786B	7881-7881	78CA-78CA	793C-793C	797A-797A	79B9-79B9	79BB-79BB	79BF-79BF	7A92-7A92	7AC7-7AC7	7AE3-7AE3	7B19-7B19	7B20-7B20	7B51-7B51	7B94-7B94	7CBD-7CBD	7CDE-7CDE	7CEF-7CEF	7D46-7D46	7DDE-7DDE	7F88-7F88	80DA-80DA	814B-814B	81CD-81CD	8235-8235	8282-8282	82B9-82B9	846B-846B	84C1-84C1	84D3-84D3	8518-8518	8611-8611	8783-8783	8814-8814	8A15-8A15	8AA6-8AA6	8B2C-8B2C	8BA8-8BA9	8BC6-8BC6	8BE2-8BE2	8BE5-8BE6	8C22-8C22	8D05-8D05	8D27-8D27	8DBE-8DBE	8E34-8E34	8E66-8E66	8EC0-8EC0	9005-9005	9082-9082	914B-914B	916F-916F	92C5-92C5	92F0-92F0	9318-9318	938A-938A	93E2-93E2	964B-964B	96C1-96C1	96CC-96CD	96DB-96DB	973E-973E	97A0-97A0	9803-9803	9876-9876	9879-9879	9955-9955	99F1-99F1	9A5B-9A5B	9AB7-9AB7	9ABC-9ABC	9C57-9C57	9C9C-9C9C	9D1B-9D1B	9D26-9D26	9D51-9D51	9EEF-9EEF	9F99-9F99	C2A4-C2A4	E253-E253	E313-E314	E5C7-E5C7	E5C9-E5C9	E8DB-E8DC	FF2D-FF2E	FF34-FF34	FFE5-FFE5	1F60A-1F60A	1F618-1F618	1F62D-1F62D
Noto Sans TC	700	/fonts/served/noto-sans-tc-101-700-normal.woff2	B4-B4	10D-10D	2D9-2D9	641-641	6CC-6CC	E20-E20	E29-E29	200E-200E	20AC-20AC	2266-2266	25BE-25BE	301D-301E	3058-3058	4E07-4E07	4E1D-4E1D	4E66-4E66	4ECE-4ECE	4FDE-4FDE	5016-5016	5180-5180	5199-5199	51AA-51AA	5306-5306	5386-5386	53D8-53D8	5413-5413	541D-541D	54CE-54CE	54E8-54E8	54FC-54FC	5571-5571	557E-557E	558E-558E	55A7-55A7	56A8-56A8	57A2-57A3	58B3-58B3	5960-5960	5992-5993	59A4-59A4	5A55-5A55	5AB2-5AB2	5AFB-5AFB	5B56-5B56	5BC5-5BC5	5BC7-5BC7	5BF0-5BF0	5CB1-5CB1	5CC7-5CC7	5DFF-5DFF	5E93-5E93	5ED3-5ED3	5F6A-5F6A	60BC-60BC	61FF-61FF	6218-6218	6292-6292	634D-634D	6467-6467	64F1-64F2	6582-6582	65FB-65FB	6615-6615	6687-6687	66E6-66E6	66F0-66F0	6781-6781	67F5-67F5	68A7-68A7	6A1F-6A1F	6B27-6B27	6B4E-6B4E	6B73-6B73	6B79-6B79	6BCB-6BCB	6C5D-6C5D	6CF5-6CF5	6DEE-6DEE	6EC4-6EC4	6ECC-6ECC	6F88-6F88	701D-701D	703E-703E	707C-707C	7099-7099	710A-710A	72D9-72D9	72E9-72E9	731D-731D	739F-739F	7463-7463	7480-7480	74A8-74A8	7523-7523	7526-7526	75E0-75E0	7613-7613	7656-7656	76BF-76BF	76D4-76D4	773A-773A	775C-775C	775E-775E	780C-780C	78E1-78E1	78F7-78F7	7960-7960	7A20-7A20	7AAF-7AAF	7B08-7B08	7B71-7B71	7BE4-7BE4	7CEC-7CEC	7CF0-7CF0	7D5E-7D5E	7D62-7D62	7DBE-7DBE	7E1B-7E1B	7EA2-7EA2	7EC4-7EC4	7EC6-7EC6	7EDC-7EDC	7EED-7EED	7EFC-7EFC	7F16-7F16	7F57-7F57	7FB9-7FB9	7FCA-7FCA	803D-803D	816E-816E	8258-8258	82A5-82A5	82B7-82B7	8317-8317	8338-8338	834A-834A	83D3-83D3	8401-8401	8469-8469	849E-849E	854A-854A	8559-8559	865E-865E	8700-8700	8759-8759	8760-8760	8778-8778	8782-8782	879E-879E	87D1-87D1	8836-8836	8944-8944	89C8-89C8	8AAC-8AAC	8B74-8B74	8BA2-8BA2	8BA4-8BA4	8BAE-8BAE	8BFB-8BFB	8C4E-8C4E	8CB3-8CB3	8D16-8D16	8D28-8D28	8E44-8E44	8F3B-8F3B	8F3F-8F3F	8F91-8F91	8FB9-8FB9	8FC4-8FC4	8FDE-8FDE	8FF9-8FF9	9076-9076	9091-9091	90AE-90AE	90B8-90B8	9257-9257	9310-9310	9382-9382	93DF-93DF	94FE-94FE	95A5-95A5	962E-962E	968F-9690	9704-9704	9713-9713	97F6-97F6	9824-9824	986B-986B	9884-9884	9886-9886	98E2-98E2	991A-991A	9986-9986	99A5-99A5	99DD-99DD	9AB8-9AB8	9B41-9B41	9B77-9B77	9BAD-9BAD	C774-C774	E5D4-E5D4	FE52-FE52	FF02-FF02	FF25-FF25	1F389-1F389	1F449-1F449	1F495-1F495
Noto Sans TC	700	/fonts/served/noto-sans-tc-102-700-normal.woff2	2CB-2CB	5D1-5D1	5D9-5D9	5E2-5E2	5E8-5E8	5EA-5EA	633-633	E32-E32	2252-2252	2267-2267	2573-2573	25B3-25B3	25C4-25C4	2713-2713	2715-2715	30E2-30E2	4E28-4E28	4E3C-4E3C	4E4D-4E4D	4E70-4E70	4F88-4F88	4FEF-4FEF	5018-5018	501A-501A	5026-5026	5137-5137	513F-513F	51F3-51F3	524B-524B	5254-5254	52D8-52D8	5308-5308	5384-5384	53CC-53CC	5436-5436	5443-5443	5466-5466	54A8-54A8	54BD-54BD	54C9-54C9	54CB-54CB	555E-555E	5580-5580	560E-560E	561F-561F	562F-562F	566C-566C	5679-5679	56BC-56BC	56CD-56CD	56E7-56E7	56ED-56ED	572D-572D	57D7-57D7	582F-582F	589F-589F	5B09-5B09	5BA5-5BA5	5C51-5C51	5C90-5C90	5CEF-5CEF	5D16-5D16	5D84-5D84	5DD4-5DD4	5E08-5E08	5E26-5E26	5F0A-5F0A	5F20-5F20	606C-606C	61C7-61C7	620F-620F	6254-6254	625B-625B	62A4-62A4	62D0-62D0	62F1-62F1	63A0-63A0	63C6-63C6	63F9-63F9	6413-6413	6417-6417	6483-6483	64F7-64F7	650F-650F	65A7-65A7	665F-665F	66AE-66AE	66D6-66D6	66E0-66E0	6746-6746	6756-6756	67D1-67D1	6837-6837	68E0-68E0	68F5-68F5	6995-6995	69A8-69A8	69B4-69B4	69D3-69D3	6A3D-6A3D	6ABB-6ABB	6BB7-6BB7	6BD3-6BD3	6C47-6C47	6CC4-6CC4	6CD3-6CD3	6DAE-6DAE	6E26-6E26	6E29-6E29	6EAF-6EAF	6EBA-6EBA	6FEF-6FEF	7028-7028	70B3-70B3	711A-711A	725F-725F	7325-7325	733F-733F	73C0-73C0	73EE-73EE	7444-7444	745A-745A	7487-7487	7540-7540	75A4-75A4	7729-7729	779E-779E	798E-798E	79E9-79E9	7A3D-7A3D	7A4C-7A4C	7A9F-7A9F	7AC4-7AC4	7AFF-7AFF	7C27-7C27	7CD9-7CD9	7D76-7D76	7E43-7E43	7EA6-7EA6	7ED9-7ED9	7FF1-7FF1	808B-808B	809B-809B	80FA-80FA	827A-827A	8309-8309	8328-8328	832B-832B	8396-8396	83E0-83E0	840E-840E	8425-8425	852D-852D	853B-853B	8588-8588	85E9-85E9	86B5-86B5	86E4-86E4	8718-8718	87EC-87EC	880D-880D	8910-8910	893B-893B	89C1-89C2	8B3E-8B3E	8BAF-8BAF	8BC1-8BC1	8BDD-8BDD	8C41-8C41	8C48-8C48	8CB6-8CB6	8D2D-8D2D	8D5E-8D5E	8FBE-8FBE	9015-9015	90A8-90A8	90B5-90B5	90E1-90E1	9169-9169	9183-9183	91D0-91D0	91DC-91DC	9293-9293	92F8-92F8	9472-9472	9598-9598	95A9-95A9	95ED-95ED	95FB-95FB	9605-9605	96C7-96C7	9739-9739	9742-9742	9761-9761	99AD-99AD	9AE6-9AE6	9B1A-9B1A	9B44-9B44	9BC9-9BC9	9D3F-9D3F	9DD7-9DD7	9E7C-9E7C	9E92-9E92	FE5D-FE5E	FF22-FF24	FF2F-FF30	FF33-FF33
Noto Sans TC	700	/fonts/served/noto-sans-tc-103-700-normal.woff2	60-60	F7-F7	2198-2198	2571-2571	258B-258B	25B6-25B6	2661-2661	3051-3051	3109-3109	311A-311A	4E11-4E11	4E24-4E24	4E2B-4E2B	4EF7-4EF7	4F18-4F18	4F36-4F36	4FD0-4FD0	5029-502A	5055-5055	508D-508D	50AD-50AD	50E7-50E7	50F1-50F1	50F5-50F5	51A5-51A5	51C8-51C8	51FB-51FB	5203-5203	524E-524E	5288-5288	5323-5323	53C2-53C2	5458-5458	54A7-54A7	54B1-54B1	54B3-54B3	54B8-54B8	556A-556A	5582-5582	55B2-55B2	55BA-55BA	55DA-55DA	55DC-55DC	5614-5614	5662-5662	5678-5678	56C2-56C2	5742-5742	57D5-57D5	5862-5862	58E4-58E4	58F0-58F0	5907-5907	590D-590D	5934-5934	5978-5978	5984-5984	5A25-5A25	5C06-5C06	5C62-5C62	5C91-5C91	5D01-5D01	5D1B-5D1B	5E87-5E87	5EFF-5EFF	5F27-5F27	5F3A-5F3A	5F53-5F53	6001-6001	6168-6168	61A9-61A9	6233-6233	62A5-62A5	62CE-62CE	62ED-62ED	638F-638F	6399-6399	646F-646F	6590-6590	6631-6631	664F-664F	6689-6689	66DC-66DC	672F-672F	67AF-67AF	67EC-67EC	68D7-68D7	6977-6977	6A44-6A44	6C14-6C14	6C40-6C40	6C70-6C70	6C76-6C76	6CB8-6CB8	6CE3-6CE3	6DF3-6DF3	6E20-6E20	6E43-6E43	6E5B-6E5B	6EBC-6EBC	6EEC-6EEC	6F2C-6F2C	6FB1-6FB1	7009-7009	7011-7011	701A-701A	7117-7117	7184-7184	72F9-72F9	7426-7426	74BD-74BD	74CF-74CF	752B-752B	7554-7554	75B9-75B9	7621-7621	7671-7672	7693-7693	76EF-76EF	7737-7737	77A7-77A7	77B3-77B3	77BB-77BB	77DA-77DA	77E2-77E2	77E9-77E9	77EF-77EF	7801-7801	7940-7940	797F-797F	79A7-79A7	79B1-79B1	79BD-79BD	79CD-79CD	7A6B-7A6B	7AC5-7AC5	7B1B-7B1B	7B77-7B77	7CA7-7CA7	7DAB-7DAB	7DB4-7DB4	7DB8-7DB8	7DCB-7DCB	7DDD-7DDD	7DE0-7DE0	7E55-7E55	7E9C-7E9C	7ED3-7ED3	7EF4-7EF4	803F-803F	8046-8046	8087-8087	8116-8116	81A8-81A8	8214-8214	821C-821C	82D4-82D4	831C-831C	8339-8339	8350-8350	8354-8354	8526-8526	860A-860A	86DB-86DB	8713-8713	873B-873B	8822-8822	8993-8993	8A1F-8A1F	8AB9-8AB9	8AD7-8AD7	8BCD-8BCD	8E72-8E72	8F4E-8F4E	8F9C-8F9C	8FD0-8FD0	8FD8-8FD8	8FE6-8FE6	9042-9042	907C-907C	91BA-91BA	9452-9452	95E2-95E2	9631-9631	9699-9699	96B8-96B8	9709-9709	978D-978D	9830-9830	98CE-98CE	9945-9945	99ED-99ED	9A8C-9A8C	9AD3-9AD3	9BAA-9BAA	9BE8-9BE8	9C77-9C77	9CF6-9CF6	9D72-9D72	9E1F-9E1F	9EC4-9EC4	FE31-FE31	FE55-FE55	FF03-FF03	FF20-FF20	FF3B-FF3B	FF3D-FF3D	1F3FB-1F3FB	1F44D-1F44D	1F60D-1F60D
Noto Sans TC	700	/fonts/served/noto-sans-tc-104-700-normal.woff2	10C-10C	161-161	E44-E44	2728-2728	3081-3081	4E13-4E13	4E19-4E19	4E1C-4E1C	4E1E-4E1E	4E5C-4E5C	4EA7-4EA7	4ED7-4ED7	4F20-4F20	4F8D-4F8D	4FFE-4FFE	5021-5021	50D5-50D5	515C-515C	51A4-51A4	51E0-51E0	521B-521B	522B-522B	532A-532A	534E-534E	5355-5355	537F-537F	5398-5398	541F-541F	543C-543C	544E-544E	5509-5509	5598-5598	5622-5622	563F-563F	5641-5641	566A-566A	5695-5695	569F-569F	56AE-56AE	56DA-56DA	573A-573A	574E-574E	584C-584C	5885-5885	58AE-58AE	5A1F-5A1F	5AC2-5AC2	5B24-5B24	5BB0-5BB0	5BDE-5BDE	5BE1-5BE1	5BFC-5BFC	5C39-5C39	5C4C-5C4C	5C60-5C60	5CFB-5CFB	5D11-5D11	5E76-5E76	5E7F-5E7F	5E9A-5E9A	5EB8-5EB8	5F13-5F13	5F64-5F64	5F6C-5F6C	6127-6127	61F2-61F2	6208-6208	620A-620A	620C-620C	6252-6252	62EF-62EF	6328-6328	633D-633D	6362-6362	63B0-63B0	63C0-63C0	63C9-63C9	640F-640F	64A9-64A9	6514-6514	652C-652C	655E-655E	6583-6583	658C-658C	6627-6627	66F3-66F3	6734-6734	6743-6743	676D-676D	67C4-67C4	67DA-67DA	6807-6807	68CD-68CD	68F2-68F2	690E-690E	6B16-6B16	6B38-6B38	6B3D-6B3D	6BC6-6BC6	6CA1-6CA1	6CAB-6CAB	6D8C-6D8C	6E32-6E32	6E3E-6E3E	6E58-6E58	6EEF-6EEF	6EF2-6EF2	708A-708A	7130-7130	7165-7165	7172-7172	71ED-71ED	7232-7232	7239-7239	7261-7261	7280-7280	72A7-72A7	72F8-72F8	73C8-73C8	7464-7464	753B-753B	754F-754F	755C-755C	75D8-75D8	76EA-76EA	776B-776B	7779-7779	777F-777F	7784-7784	778E-778E	77EE-77EE	79E4-79E4	7A46-7A46	7A57-7A57	7ABA-7ABA	7AED-7AED	7B4D-7B4D	7C7B-7C7B	7C7D-7C7D	7D13-7D13	7D33-7D33	7DBB-7DBB	7DF9-7DF9	7E46-7E46	7EA7-7EA7	8085-8085	8165-8165	81FB-81FB	82B8-82B8	82D3-82D3	8305-8305	8335-8335	8343-8343	83E9-83E9	840D-840D	851A-851A	853D-853D	8543-8543	859B-859B	85FB-85FB	87FB-87FB	888D-888D	88C5-88C5	8ADC-8ADC	8B0A-8B0A	8BB0-8BB0	8BBE-8BBE	8BC4-8BC4	8BF4-8BF4	8C5A-8C5A	8CC3-8CC3	8CE4-8CE4	8D44-8D44	8E81-8E81	8F44-8F44	8F66-8F66	8FDB-8FDB	900D-900D	9063-9063	914C-914C	9223-9223	9226-9226	923A-923A	925B-925B	9264-9264	929C-929C	92B9-92B9	9320-9320	934D-934D	9444-9444	957F-957F	9591-9591	96A7-96A7	97AD-97AD	97CC-97CC	9811-9811	9898-9898	98EA-98EA	9921-9921	9952-9952	9A55-9A55	9B0D-9B0D	9BCA-9BCA	9EBD-9EBD	E60F-E60F	FF1C-FF1D	FF21-FF21	FF38-FF38	FF9F-FF9F	FFFD-FFFD	1F602-1F602
Noto Sans TC	700	/fonts/served/noto-sans-tc-105-700-normal.woff2	E17-E17	E22-E22	2103-2103	25A0-25A0	266A-266A	3014-3015	311F-311F	4E1A-4E1A	4E50-4E50	4F10-4F10	4F6C-4F6C	4F70-4F70	5006-5006	50D1-50D1	5170-5170	518C-518C	51F0-51F0	51F6-51F6	51F9-51F9	5219-5219	5256-5256	525D-525D	52C9-52C9	5349-5349	5351-5351	5356-5356	5375-5375	539D-539D	53DB-53DB	53EE-53EE	53F7-53F7	5492-5492	54FA-54FA	5538-5538	55BB-55BB	55E8-55E8	5632-5632	5757-5757	5835-5835	58BE-58BE	5937-5937	59DC-59DC	59E8-59E8	5A49-5A49	5A9A-5A9B	5AB3-5AB3	5B9B-5B9B	5B9E-5B9E	5BE8-5BE8	5C37-5C37	5C4E-5C4E	5D14-5D14	5D19-5D19	5D4C-5D4C	5D50-5D50	5DEB-5DEB	5E84-5E84	5E94-5E94	5EC2-5EC2	5F17-5F17	5F26-5F26	5F55-5F55	5F77-5F77	5F7F-5F7F	5FBD-5FBD	6052-6052	6064-6065	608D-608D	609A-609A	6101-6101	614C-614C	621A-621A	6237-6237	6296-6296	62E9-62E9	632A-632B	6488-6488	6500-6500	652A-652A	6556-6556	65E0-65E0	65EC-65EC	6643-6643	6850-6850	6893-6893	6897-6897	68B3-68B3	68D5-68D5	6930-6930	6960-6960	6A11-6A11	6A3A-6A3A	6AB3-6AB3	6B22-6B22	6C59-6C59	6C83-6C83	6CCC-6CCC	6DEA-6DEA	6DF5-6DF5	6EF7-6EF7	6F3E-6F3E	6F80-6F80	6FE4-6FE4	7164-7164	71C9-71C9	722A-722A	7260-7260	7272-7272	73B0-73B0	74E3-74E3	7538-7538	7586-7586	75B5-75B5	7661-7662	77DB-77DB	7838-7838	786E-786E	788C-788C	7950-7950	79A6-79A6	79AA-79AA	7A40-7A40	7BF7-7BF7	7C3E-7C3E	7C98-7C98	7CA5-7CA5	7D21-7D21	7D2E-7D2E	7DBA-7DBA	7DEC-7DEC	7E79-7E79	7ECF-7ECF	7EDF-7EDF	7F79-7F79	8086-8086	810A-810A	8139-8139	813E-813E	817A-817A	81B3-81B3	821F-821F	8247-8247	8259-8259	8271-8271	839E-839E	8431-8431	846C-846C	849C-849C	84B2-84B2	84C4-84C4	8513-8514	8755-8755	8877-8877	8881-8881	88F9-88F9	8A1D-8A1D	8A3C-8A3C	8A6D-8A6E	8A93-8A93	8AE7-8AE7	8AF7-8AF7	8B17-8B17	8B5A-8B5A	8BA1-8BA1	8BBA-8BBA	8CDC-8CDC	8DEA-8DEA	8F6C-8F6C	8F7D-8F7D	8FC7-8FC7	8FD9-8FD9	902E-902E	90CA-90CA	916A-916A	916C-916C	921E-921E	9245-9245	935B-935B	9594-9594	95A8-95A8	95EE-95EE	95F4-95F4	9706-9706	971E-971E	9756-9756	980C-980C	9891-9891	98B1-98B1	98FC-98FC	9903-9903	9957-9957	99FF-99FF	9B91-9B91	9DB4-9DB4	9F4B-9F4B	E602-E605	E610-E611	FF16-FF19
Noto Sans TC	700	/fonts/served/noto-sans-tc-106-700-normal.woff2	2190-2191	2193-2193	22C1-22C1	2302-2302	25CB-25CB	2699-2699	2709-2709	3127-3127	4E0E-4E0E	4E18-4E18	4E3A-4E3A	4E48-4E48	4E91-4E91	4EEC-4EEC	4F3D-4F3D	4FCF-4FCF	5112-5112	524A-524A	52A3-52A3	52AB-52AB	52C3-52C3	52F3-52F3	52FB-52FB	5320-5320	5339-5339	533F-533F	53E2-53E2	543E-543E	5480-5480	5495-5495	5497-5497	5564-5564	5572-5572	55C6-55C6	55EF-55EF	563B-563B	5653-5653	5657-5657	56B7-56B7	5824-5824	58D8-58D8	5955-5955	5983-5983	598D-598D	59DA-59DA	59E6-59E6	5A36-5A36	5BB5-5BB5	5BC2-5BC2	5BF9-5BF9	5CB3-5CB3	5D17-5D17	5DBC-5DBC	5E2E-5E2E	60DF-60DF	611A-611A	6190-6190	61A4-61A4	61BE-61BE	61FC-61FC	6284-6284	62AC-62AC	62BC-62BC	634F-634F	636E-636E	6398-6398	63A9-63A9	6487-6487	6495-6495	64AB-64AB	6577-6577	65AC-65AC	6602-6602	6652-6652	66F9-66F9	6761-6761	679A-679A	683D-683D	68AD-68AD	68B5-68B5	68DA-68DA	68E7-68E7	6A38-6A38	6A59-6A59	6AE5-6AE5	6B47-6B47	6B67-6B67	6B6A-6B6A	6BEF-6BEF	6C50-6C50	6C9B-6C9B	6E23-6E23	6E34-6E34	6E4A-6E4A	6E67-6E67	6EA2-6EA2	6EB6-6EB6	6F20-6F20	6FEB-6FEB	70ED-70ED	714C-714C	715E-715E	7199-7199	71AC-71AC	7231-7231	7262-7262	7409-7409	745F-745F	7469-7469	74CA-74CA	7535-7535	753A-753A	75F4-75F4	7624-7624	7682-7682	76BA-76BA	76F2-76F2	77FD-77FD	780D-780D	7832-7832	78C5-78C5	78EF-78EF	7901-7901	79BE-79BE	79C9-79C9	79E6-79E6	7A1A-7A1A	7A62-7A62	7A84-7A84	7ACA-7ACA	7CB5-7CB5	7CB9-7CB9	7CDF-7CDF	7CE7-7CE7	7D6E-7D6E	7DB1-7DB1	7DEF-7DEF	7E61-7E61	7E7D-7E7D	7E8F-7E8F	7F38-7F38	7F77-7F77	7FA8-7FA8	7FC5-7FC5	7FE1-7FE1	7FF9-7FF9	800D-800D	8015-8015	8054-8054	80A2-80A2	80AA-80AA	80BA-80BA	814E-814E	8180-8180	819D-819D	81C0-81C0	828B-828B	82AD-82AD	82AF-82AF	83F1-83F1	83F8-83F8	8403-8403	84BC-84BC	84C9-84C9	84EC-84EC	8523-8523	8549-8549	8569-8569	8591-8591	85B0-85B0	881F-881F	884D-884D	88D4-88D4	89C4-89C4	89C6-89C6	8A60-8A60	8A79-8A79	8B19-8B19	8BD5-8BD5	8BF7-8BF7	8C03-8C03	8C79-8C79	8CC8-8CC8	8D9F-8D9F	8E10-8E10	8E48-8E48	8FAF-8FAF	9009-9009	9017-9017	9175-9175	9187-9187	918B-918B	9214-9214	946B-946B	9470-9470	947C-947C	9640-9640	9675-9675	96EF-96EF	97CB-97CB	97E9-97E9	985B-985B	99AE-99AE	99B3-99B3	9B4F-9B4F	9D09-9D09	9E9F-9E9F	9EDB-9EDB	9F90-9F90	FF14-FF14	1F464-1F464
Noto Sans TC	700	/fonts/served/noto-sans-tc-107-700-normal.woff2	A5-A5	25CE-25CE	4E56-4E56	4E9A-4E9A	4EA8-4EA8	4EAD-4EAD	4F3A-4F3A	4F51-4F51	4F62-4F62	4FAF-4FAF	5098-5098	50AC-50AC	5147-5147	5173-5173	5187-5187	51F8-51F8	52A1-52A1	52A8-52A8	52F8-52F8	535C-535C	53ED-53ED	541E-541E	5435-5435	5475-5475	54A9-54A9	54C0-54C0	54C7-54C7	5589-5589	5605-5605	5733-5733	5764-5764	5782-5782	57C3-57C3	5858-5858	5893-5893	589C-589C	58E2-58E2	5974-5974	599E-599E	59A8-59A8	59EC-59EC	5B66-5B66	5B99-5B99	5B9D-5B9D	5BEE-5BEE	5C2C-5C2C	5C65-5C65	5CFD-5CFD	5D0E-5D0E	5DBA-5DBA	5DE2-5DE2	5E06-5E06	5E15-5E15	5EC1-5EC1	5ED6-5ED6	5F00-5F00	5F4C-5F4C	5F65-5F65	6055-6055	6070-6070	609F-609F	60B6-60B6	6241-6241	624E-624E	626F-626F	6291-6291	62CC-62CC	62D8-62D8	62DA-62DA	62FE-62FE	6349-6349	6367-6367	63EA-63EA	6435-6435	6454-6454	64A4-64A4	64B2-64B2	64BC-64BC	64BF-64BF	64C5-64C5	64CE-64CE	6558-6558	6572-6572	65A5-65A5	65E8-65E8	65ED-65ED	6614-6614	6670-6670	6688-6688	672D-672D	673A-673A	6770-6770	68CB-68CB	6912-6912	6953-6953	6A61-6A61	6AAC-6AAC	6AAF-6AAF	6AB8-6AB8	6B20-6B20	6B96-6B96	6BBF-6BBF	6BC5-6BC5	6C6A-6C6A	6CBE-6CBE	6D59-6D59	6D78-6D78	6DC7-6DC7	6DEB-6DEB	6E7E-6E7E	6E9C-6E9C	6F3F-6F3F	6F51-6F51	6F84-6F84	704C-704C	7051-7051	70AB-70AB	70AD-70AD	70F9-70F9	7119-7119	7149-7149	714E-714E	71E6-71E6	72C4-72C4	72D0-72D0	72E0-72E0	7334-7334	744B-744B	7455-7455	7504-7504	75AB-75AB	75B2-75B2	766E-766E	76C3-76C3	76FC-76FC	76FE-76FE	7891-7891	7948-7948	7A74-7A74	7B28-7B28	7C72-7C72	7CCA-7CCA	7EBF-7EBF	7F55-7F55	7FF0-7FF0	8154-8154	81C2-81C2	81D8-81D8	81E3-81E3	81E5-81E5	8292-8292	8299-8299	8302-8302	8304-8304	8332-8332	83C1-83C1	83C7-83C7	83CA-83CA	845B-845B	8475-8475	8490-8490	85AF-85AF	8650-8650	8667-8667	86D9-86D9	8774-8774	8ABC-8ABC	8B0E-8B0E	8B39-8B39	8BED-8BED	8C54-8C54	8C6B-8C6B	8C9E-8C9E	8CA7-8CA7	8CAA-8CAB	8CE6-8CE6	8CEC-8CED	8EB2-8EB2	8EBA-8EBA	8FB0-8FB0	901D-901D	908F-908F	9127-9127	91C0-91C0	91D8-91D8	9215-9215	92B3-92B3	932B-932B	93FD-93FD	95CA-95CA	964C-964C	96C0-96C0	970D-970D	9716-9716	9774-9774	97FB-97FB	9812-9812	9913-9913	9935-9935	99C1-99C1	9B31-9B31	9D5D-9D5D	9D6C-9D6C	9E79-9E79	FE0F-FE0F	FE30-FE30	FF05-FF05	FF0B-FF0B	FF10-FF10	FF15-FF15
Noto Sans TC	700	/fonts/served/noto-sans-tc-108-700-normal.woff2	B0-B0	926-926	928-928	939-939	93F-940	94D-94D	200B-200B	22EF-22EF	25BA-25BA	25C6-25C6	2665-2665	4E08-4E08	4E2A-4E2A	4E4F-4E4F	4E59-4E59	4EC7-4EC7	4F0D-4F0D	4F0F-4F0F	4F19-4F19	4F59-4F59	4FAE-4FAE	5075-5075	507D-507D	50B2-50B2	50B5-50B5	511F-511F	5141-5141	5146-5146	514C-514C	5185-5185	51DD-51DD	51FD-51FD	522E-522E	5319-5319	533A-533A	5378-5378	53AD-53AD	53C9-53C9	53D1-53D1	53D4-53D4	543B-543B	5442-5442	5446-5446	5481-5481	54E9-54E9	5507-5507	5565-5565	559A-559A	55AA-55AA	5690-5690	56CA-56CA	56FE-56FE	582A-582A	5915-5915	5949-5949	5962-5962	5996-5996	59A5-59A5	59FB-59FB	5A77-5A77	5B0C-5B0C	5B5F-5B5F	5BD3-5BD3	5BE2-5BE2	5BFA-5BFA	5C41-5C41	5C48-5C48	5CA9-5CA9	5D07-5D07	5EC8-5EC8	5ECA-5ECA	5F18-5F18	5F4E-5F4E	5F59-5F59	5F6D-5F6D	5F79-5F79	5FB9-5FB9	6028-6028	6068-6068	606D-606D	6094-6094	60F1-60F1	6108-6109	614E-614E	6170-6170	617E-617E	61B2-61B2	61F8-61F8	6247-6247	626D-626D	6276-6276	62AB-62AB	62CB-62CB	62D3-62D3	62F3-62F3	6368-6368	6380-6380	6492-6492	64E0-64E0	6570-6570	6606-6606	660F-660F	6649-6649	6691-6691	66A8-66A8	6749-6749	674F-674F	6795-6795	67F1-67F1	67F3-67F3	6842-6842	6851-6851	687F-687F	68DF-68DF	69FD-69FD	6A58-6A58	6C27-6C27	6C88-6C88	6CCA-6CCA	6D29-6D29	6D66-6D66	6DAF-6DAF	6F01-6F01	6F58-6F58	6F6D-6F6D	6F70-6F70	6FA1-6FA1	6FF1-6FF1	6FFE-6FFE	7058-7058	70AE-70AE	71D9-71D9	71E5-71E5	7235-7235	7267-7267	73CA-73CA	742A-742A	74F7-74F7	7529-7529	758F-758F	75BC-75BC	76C6-76C6	7955-7955	7A00-7A00	7A3B-7A3B	7B4B-7B4B	7BAD-7BAD	7BE9-7BE9	7C4C-7C4C	7C60-7C60	7CFE-7CFE	7DBF-7DBF	7E2B-7E2B	7F9E-7F9E	7FC1-7FC1	7FFC-7FFC	8096-8096	809D-809D	80DE-80DE	8155-8155	816B-816B	81DF-81DF	82BD-82BD	8352-8352	8393-8393	8404-8404	8525-8525	856D-856D	8606-8606	868A-868A	87F9-87F9	886B-886B	8870-8870	896A-896A	896F-896F	8A23-8A23	8A87-8A87	8AD2-8AD2	8B00-8B00	8B20-8B20	8CB8-8CB8	8CCA-8CCA	8CE0-8CE0	8D39-8D39	8D6B-8D6B	8DB4-8DB4	8E29-8E29	8EF8-8EF8	8F1B-8F1B	8F5F-8F5F	8FA8-8FA8	906E-906E	9077-9077	90AA-90AA	90B1-90B1	90C1-90C1	9165-9165	919C-919C	92C1-92C1	95D6-95D6	95E8-95E8	975A-975A	9817-9817	98C6-98C6	9ECF-9ECF	FEFF-FEFF	FF06-FF06	FF0A-FF0A	FF12-FF13
Noto Sans TC	700	/fonts/served/noto-sans-tc-109-700-normal.woff2	627-629	631-631	639-639	644-644	64A-64A	25CF-25CF	2606-2606	2764-2764	3008-3009	4E38-4E38	4E43-4E43	4ED5-4ED5	4EF0-4EF0	4EFF-4EFF	4FE0-4FE0	5085-5085	50A2-50A2	50BE-50BE	5118-5118	5211-5212	5272-5272	52FE-52FE	5366-5366	53B2-53B2	53EC-53EC	54AC-54AC	5587-5587	55B5-55B5	5606-5606	561B-561B	5751-5751	576A-576A	57CB-57CB	58EF-58EF	58FA-58FA	594F-594F	5951-5951	596E-596E	59D1-59D1	5AC1-5AC1	5ACC-5ACC	5B8B-5B8B	5C4D-5C4D	5CA1-5CA1	5D29-5D29	5DFE-5DFE	5E7D-5E7D	5EDF-5EDF	5EF7-5EF7	5FA1-5FA1	5FAA-5FAA	5FCC-5FCC	5FFD-5FFD	6021-6021	6046-6046	6062-6062	62B9-62B9	6316-6316	6350-6350	6478-6478	647A-647A	6490-6490	64B0-64B0	64E6-64E6	6524-6524	6591-6591	659C-659C	65A4-65A4	65E6-65E6	65F6-65F6	6607-6607	6674-6674	6765-6765	679D-679D	67F4-67F4	68A8-68A8	6B3A-6B3A	6C57-6C57	6C61-6C61	6C90-6C90	6CBF-6CBF	6CDB-6CDB	6D69-6D69	6DB5-6DB5	6DD1-6DD1	6E21-6E21	6F06-6F06	6F62-6F62	70D8-70D8	71C3-71C3	71D5-71D5	722C-722C	727D-727D	72AC-72AC	72FC-72FC	731C-731C	7336-7336	7344-7344	7384-7384	73AB-73AB	7433-7433	745C-745C	7470-7470	75D5-75D5	7652-7652	76C8-76C8	76E7-76E7	7709-7709	7720-7720	7740-7740	7747-7747	7763-7763	77AC-77AD	7802-7802	78A7-78A7	78B3-78B3	78C1-78C1	78DA-78DA	7926-7926	796D-796D	798D-798D	7AAE-7AAE	7B52-7B52	7C92-7C92	7D68-7D68	7D81-7D81	7E31-7E31	7E5E-7E5E	7E69-7E69	7E73-7E73	7F50-7F50	7F70-7F70	7F75-7F75	8058-8058	8070-8070	80C3-80C3	8105-8106	8108-8108	8179-8179	818F-818F	81A9-81A9	81ED-81ED	820C-820D	8277-8277	82D1-82D1	8461-8461	84B8-84B8	852C-852C	857E-857E	8587-8587	85E4-85E4	863F-863F	8679-8679	86C7-86C7	8702-8702	8776-8776	87BA-87BA	8896-8896	88C2-88C2	88D5-88D5	88F8-88F8	8AF8-8AF8	8B7D-8B7D	8CA2-8CA2	8D64-8D64	8D74-8D74	8D81-8D81	8D99-8D99	8E5F-8E5F	8E8D-8E8D	8ECC-8ECC	8ED2-8ED2	8FB1-8FB1	8FC5-8FC5	9022-9022	9038-9038	905C-905C	9081-9081	9189-9189	9234-9234	92D2-92D2	934A-934A	95A3-95A3	962A-962A	9646-9646	96D5-96D5	971C-971C	9838-9838	9875-9875	98C4-98C4	99DB-99DB	9A45-9A45	9A5F-9A5F	9A6C-9A6C	9AD2-9AD2	9CF4-9CF4	9D28-9D28	9DAF-9DAF	9DF9-9DF9	9E7D-9E7D	9F0E-9F0E	9F52-9F52	9F9C-9F9C	FF11-FF11	FF1E-FF1E
Noto Sans TC	700	/fonts/served/noto-sans-tc-110-700-normal.woff2	2022-2022	2500-2500	25BC-25BC	4E1F-4E1F	4E95-4E95	4F50-4F50	4F54-4F54	4F69-4F69	4FB6-4FB6	4FC4-4FC4	4FCA-4FCA	5009-5009	50BB-50BB	5154-5154	51CC-51CC	528D-528D	5291-5291	52D2-52D2	52E4-52E4	5353-5353	5360-5360	540A-540B	5410-5410	54F2-54F2	5514-5514	5537-5537	558A-558A	55AC-55AC	5617-5617	56FD-56FD	573E-573E	5766-5766	5783-5783	57D4-57D4	5806-5806	5821-5821	5857-5857	5875-5875	58F9-58F9	592F-592F	5954-5954	596A-596A	59AE-59AE	59C6-59C6	59CA-59CA	59FF-59FF	5A03-5A03	5AE9-5AE9	5B64-5B64	5BB4-5BB4	5C3F-5C3F	5C6F-5C6F	5DE1-5DE1	5E16-5E16	5E45-5E45	5E72-5E72	5EC9-5EC9	5F7C-5F7C	5F81-5F81	5F90-5F92	6016-6016	6085-6085	6089-6089	60A0-60A0	60A3-60A3	60B2-60B2	60D1-60D1	60F9-60F9	6155-6155	6158-6158	6191-6191	6212-6212	626E-626E	62D4-62D4	632F-632F	633A-633A	63AA-63AA	642C-642C	64A5-64A5	64CB-64CB	6566-6566	6597-6597	66B1-66B1	66EC-66EC	6731-6731	6735-6735	67EF-67EF	6846-6846	6876-6876	6881-6881	68AF-68B0	68C9-68C9	6905-6905	6BC0-6BC0	6BEB-6BEB	6C0F-6C0F	6C1B-6C1B	6C41-6C41	6CE5-6CE5	6CF3-6CF3	6D25-6D25	6D2A-6D2A	6D3D-6D3D	6DCB-6DCB	6DD8-6DD8	6DFA-6DFA	6E9D-6E9D	6EAA-6EAA	6EC5-6EC5	6ECB-6ECB	6F0F-6F0F	6F32-6F32	707D-707D	708E-708E	7092-7092	716E-716E	723A-723A	731B-731B	7345-7345	7375-7375	73B2-73B2	7434-7434	74E6-74E6	758A-758A	75BE-75BE	75DE-75DE	764C-764C	76DC-76DC	788E-788E	7897-7897	789F-789F	78A9-78A9	78B0-78B0	790E-790E	7965-7965	7A4E-7A4E	7C43-7C43	7D17-7D17	7DD2-7DD2	7E96-7E96	7F51-7F51	7F69-7F69	7F72-7F72	7FD4-7FD4	7FE0-7FE0	8017-8017	80A9-80A9	80D6-80D6	8150-8150	8178-8178	81BD-81BD	829D-829D	82AC-82AC	8303-8303	838E-838E	83CC-83CC	840C-840C	8482-8482	8499-8499	85A9-85AA	883B-883B	8861-8861	88C1-88C1	88CF-88CF	88D9-88D9	8A3A-8A3A	8A98-8A98	8AEE-8AEE	8C8C-8C8C	8CC0-8CC0	8CE2-8CE2	8D0F-8D0F	8DA8-8DA8	8DCC-8DCC	8E0F-8E0F	8F1D-8F1D	8F29-8F29	8FAD-8FAD	9003-9003	9006-9006	903C-903C	903E-903E	9059-9059	9072-9072	9075-9075	90CE-90CE	9130-9130	91AC-91AC	91E3-91E3	9285-9285	9298-9298	92EA-92EA	9326-9326	937E-937E	95C6-95C6	9676-9677	9727-9727	994B-994B	99A8-99A8	99D0-99D0	9A30-9A30	9B42-9B42	9B45-9B45	9D3B-9D3B	9E7F-9E7F	9EE8-9EE8	9F3B-9F3B
Noto Sans TC	700	/fonts/served/noto-sans-tc-111-700-normal.woff2	5E-5E	3042-3042	3044-3044	3046-3046	3048-3048	304A-3050	3053-3057	3059-305B	305D-3061	3063-306C	306E-3079	307B-307B	307D-307F	3082-308D	308F-308F	3092-3093	30A1-30A4	30A6-30C1	30C3-30C4	30C6-30E1	30E3-30ED	30EF-30EF	30F3-30F3	30FB-30FC	4E32-4E32	4EF2-4EF2	4FD7-4FD7	501F-501F	5144-5144	51C6-51C6	52C1-52C1	5440-5440	54E6-54E6	54ED-54ED	5510-5510	5687-5687	58C1-58C1	5B5D-5B5D	5BD2-5BD2	5EE2-5EE2	5F31-5F31	6012-6012	6084-6084	6148-6148	6182-6182	622A-622A	6355-6355	6372-6372	63EE-63EE	6416-6416	6575-6575	660C-660C	66C9-66C9	675C-675C	6A6B-6A6B	6B32-6B32	6B49-6B49	6B98-6B98	6D6E-6D6E	6DDA-6DDA	6EF4-6EF4	6EFE-6EFE	7159-7159	7378-7378	775B-775B	78E8-78E8	7AA9-7AA9	7D1B-7D1B	7DE9-7DE9	7F6A-7F6A	7F8A-7F8A	7FBD-7FBD	8000-8000	809A-809A	8102-8102	8170-8170	819C-819C	8266-8266	82B3-82B3	87F2-87F2	8972-8972	8A17-8A17	8B02-8B02	8E22-8E22	904D-904D	90ED-90ED	91C7-91C7	93C8-93C8	9451-9451	9A37-9A37	9B27-9B27	AD6D-AD6D	C5B4-C5B4	D55C-D55C
Noto Sans TC	700	/fonts/served/noto-sans-tc-112-700-normal.woff2	2502-2502	2605-2605	4E39-4E39	4E58-4E58	4EA1-4EA1	4ED9-4ED9	4F2F-4F30	4F38-4F38	4F75-4F75	4FC3-4FC3	4FF1-4FF1	500D-500D	5049-5049	5074-5074	5077-5077	5091-5091	5175-5175	517C-517C	51CD-51CD	51E1-51E1	5269-526A	52AA-52AA	52C7-52C7	52DF-52DF	5377-5377	541B-541B	5439-5439	5448-5448	54AA-54AA	5674-5674	56F0-56F0	5761-5761	585E-585E	588A-588A	58A8-58A8	58FD-58FD	5925-5925	592E-592E	5948-5948	5999-5999	59B3-59B3	5A18-5A18	5A1C-5A1C	5A46-5A46	5B30-5B30	5B54-5B54	5B6B-5B6B	5B8F-5B8F	5BE9-5BE9	5BF8-5BF8	5C0A-5C0A	5C16-5C16	5C24-5C24	5C46-5C46	5CF0-5CF0	5E1D-5E1D	5E25-5E25	5E2D-5E2D	5E3D-5E3D	5E79-5E79	5F04-5F04	5FCD-5FCD	5FE0-5FE0	60DC-60DC	6163-6163	616E-616E	61F6-61F6	6258-6258	6293-6293	62C6-62C6	62D2-62D2	62D6-62D6	62FC-62FC	63DA-63DA	63ED-63ED	640D-640D	6458-6458	649E-649E	64EC-64EC	64F4-64F4	64FE-64FE	651C-651C	6562-6562	65CB-65CB	65E2-65E2	65FA-65FA	6628-6628	6668-6668	66A2-66A2	66DD-66DD	66FC-66FC	66FF-66FF	6717-6717	67CF-67CF	67D4-67D4	6817-6817	6885-6885	695A-695A	69CD-69CD	6AFB-6AFB	6BBC-6BBC	6C89-6C89	6C96-6C96	6CC9-6CC9	6D1B-6D1B	6D1E-6D1E	6D74-6D74	6DB2-6DB2	6DBC-6DBC	6DF7-6DF7	6DFB-6DFB	6E38-6E38	6F38-6F38	6F5B-6F5B	6F64-6F64	6F8E-6F8E	6FA4-6FA4	6FC3-6FC3	6FD5-6FD5	7070-7070	70B8-70B8	70CF-70CF	70E4-70E4	7169-7169	7210-7210	721B-721B	7238-7238	737B-737B	73BB-73BB	746A-746A	7483-7483	74DC-74DC	74F6-74F6	7518-7518	756A-756A	75C7-75C7	7919-7919	7956-7956	795D-795D	7A05-7A05	7A0D-7A0D	7A3F-7A3F	7BC9-7BC9	7C97-7C97	7CD5-7CD5	7D0B-7D0B	7D10-7D10	7DFB-7DFB	7E3E-7E3E	7E6A-7E6A	8036-8036	808C-808C	80AF-80AF	80CE-80CE	80E1-80E1	80F8-80F8	817F-817F	8216-8216	8239-8239	827E-827E	8377-8377	8389-8389	83AB-83AB	83F2-83F2	840A-840A	8584-8584	85C9-85C9	865B-865B	8766-8766	87A2-87A2	8932-8932	8A50-8A50	8A69-8A69	8A95-8A95	8B6F-8B6F	8C37-8C37	8C6C-8C6C	8CA9-8CA9	8CFA-8CFA	8D95-8D95	8DE1-8DE1	8F14-8F14	8F9B-8F9B	8FA3-8FA3	8FEB-8FEB	8FF4-8FF4	9010-9010	901B-901B	905E-905E	9080-9080	912D-912D	9177-9177	9336-9336	947D-947D	963B-963B	966A-966A	9670-9670	9769-9769	9813-9813	9846-9846	98FD-98FD	99D5-99D5	9A0E-9A0E	9A19-9A19	9B6F-9B6F	9CE5-9CE5	9CF3-9CF3	9ECE-9ECE	9ED8-9ED8	9F13-9F13	9F20-9F20
Noto Sans TC	700	/fonts/served/noto-sans-tc-113-700-normal.woff2	201C-201D	203B-203B	2192-2192	25B2-25B2	300E-300F	4E01-4E01	4E73-4E73	4E82-4E82	4E88-4E88	4E8E-4E8E	4F0A-4F0A	4F5B-4F5B	502B-502B	504F-504F	5076-5076	5100-5100	5104-5104	5132-5132	5192-5192	51A0-51A0	51AC-51AC	51F1-51F1	5200-5200	5224-5224	522A-522A	5237-5238	523A-523A	526F-526F	5289-5289	52DE-52DE	52F5-52F5	52FF-52FF	5371-5371	539A-539A	53E5-53E5	540E-540E	5433-5433	547C-547C	552F-552F	5531-5531	5634-5634	56C9-56C9	574A-574A	57F7-57F7	57F9-57F9	5805-5805	5851-5851	5854-5854	586B-586B	58C7-58C7	58DE-58DE	5967-5967	59BB-59BB	59D3-59D4	5B55-5B55	5B87-5B87	5B97-5B97	5BAE-5BAE	5BBF-5BBF	5BE7-5BE7	5BEC-5BEC	5CB8-5CB8	5DF7-5DF7	5E7B-5E7C	5F1F-5F1F	5F70-5F70	5FD9-5FD9	60E1-60E1	61B6-61B6	61C2-61C2	6200-6200	6234-6234	6263-6263	62B5-62B5	62DC-62DC	62EC-62EC	6383-6383	638C-638C	63CF-63CF	63D2-63D2	63E1-63E1	63F4-63F4	641E-641E	64CD-64CD	64FA-64FA	654F-654F	6557-6557	656C-656C	65C1-65C1	65D7-65D7	6620-6620	6676-6676	6696-6697	66AB-66AB	66C6-66C6	671D-671D	672B-672B	676F-676F	677E-677E	67D0-67D0	67D3-67D3	684C-684C	68C4-68C4	690D-690D	694A-694A	699C-699C	6A4B-6A4B	6AC3-6AC3	6B04-6B04	6B23-6B23	6B78-6B78	6B8A-6B8A	6BD2-6BD2	6C60-6C60	6CB3-6CB3	6D89-6D89	6DE1-6DE1	6DE8-6DE8	6E6F-6E6F	6F02-6F02	70C8-70C8	7126-7126	718A-718A	7236-7236	723D-723D	7246-7246	72AF-72AF	72D7-72D7	73CD-73CD	7532-7532	760B-760B	7626-7626	7687-7687	76DF-76DF	7761-7761	79CB-79CB	79D2-79D2	79DF-79DF	7A69-7A69	7AF6-7AF6	7B80-7B80	7C3D-7C3D	7C3F-7C3F	7C4D-7C4D	7CD6-7CD6	7D2B-7D2B	7DE3-7DE3	7E2E-7E2E	7E54-7E54	7E6B-7E6B	8010-8010	80A5-80A5	812B-812B	819A-819A	81A0-81A0	82D7-82D7	838A-838A	8463-8463	84CB-84CB	8521-8521	8607-8607	860B-860B	864E-864E	871C-871C	878D-878D	885D-885D	89F8-89F8	8A13-8A13	8AA0-8AA0	8AFE-8AFE	8B5C-8B5C	8C46-8C46	8CBF-8CBF	8CD3-8CD3	8CF4-8CF4	8D08-8D08	8D0A-8D0A	8DDD-8DDD	8DE8-8DE8	8FEA-8FEA	9014-9014	9055-9055	906D-906D	907A-907A	907F-907F	90A6-90A6	9178-9178	92FC-92FC	934B-934B	9396-9396	93AE-93AE	9583-9583	9663-9663	9694-9694	96BB-96BB	9707-9707	9738-9738	9905-9905	9AA8-9AA8	9B25-9B25	9B3C-9B3C	9EA5-9EA5	9EB5-9EB5	9F4A-9F4A	9F61-9F61	FF0D-FF0E
Noto Sans TC	700	/fonts/served/noto-sans-tc-114-700-normal.woff2	3C-3C	D7-D7	2027-2027	4E4E-4E4E	4E92-4E92	4EA6-4EA6	4EC1-4EC1	4ECD-4ECD	4F34-4F34	4F48-4F48	4F53-4F53	4FB5-4FB5	5012-5012	50B7-50B7	51B0-51B0	5283-5283	52DD-52DD	532F-532F	5354-5354	53EB-53EB	53F3-53F3	5409-5409	5496-5496	54C8-54C8	54E5-54E5	554A-554A	5561-5561	5594-5594	559D-559D	56B4-56B4	56FA-56FA	5713-5713	5750-5750	57DF-57DF	584A-584A	590F-590F	592B-592B	593E-593E	5976-5976	599D-599D	59B9-59B9	59D0-59D0	5A5A-5A5A	5A66-5A66	5B85-5B85	5B88-5B88	5BA3-5BA3	5BDF-5BDF	5C01-5C01	5C04-5C04	5C3A-5C3A	5C3E-5C3E	5C4F-5C4F	5DDD-5DDE	5DE7-5DE8	5E63-5E63	5E8A-5E8A	5E9C-5E9C	5EDA-5EDA	5EF3-5EF3	5EF6-5EF6	5F48-5F48	5FB5-5FB5	6015-6015	6025-6025	602A-602A	6050-6050	6069-6069	6162-6162	6176-6176	61F7-61F7	6279-6279	627F-627F	6297-6297	62B1-62B1	62BD-62BD	6311-6311	6377-6377	6388-6389	63A1-63A2	6436-6436	64C1-64C1	64D4-64D4	6551-6551	6563-6563	65BD-65BD	66B4-66B4	66F2-66F2	6751-6751	675F-675F	6790-6790	6838-6838	68D2-68D2	68EE-68EE	6982-6982	69AE-69AE	69CB-69CB	6A39-6A39	6B66-6B66	6BBA-6BBA	6C5F-6C5F	6CE1-6CE1	6D0B-6D0B	6D3E-6D3E	6D6A-6D6A	6E1B-6E1B	6ED1-6ED1	6F22-6F22	6F54-6F54	6F6E-6F6E	6FC0-6FC0	6FDF-6FDF	719F-719F	71C8-71C8	71D2-71D2	7259-7259	72C2-72C2	7389-7389	73E0-73E0	745E-745E	751A-751A	751C-751C	7530-7530	7533-7533	7562-7562	7591-7591	75C5-75C5	75DB-75DB	7642-7642	7686-7686	76D2-76D2	76DB-76DB	76E1-76E1	76E3-76E3	7701-7701	786C-786C	7981-7981	79C0-79C0	79FB-79FB	7A81-7A81	7A97-7A97	7ADF-7ADF	7AEF-7AEF	7B26-7B26	7C64-7C64	7D0D-7D0D	7D14-7D14	7D2F-7D2F	7D9C-7D9C	7DCA-7DCA	7DF4-7DF4	7E23-7E23	7F3A-7F3A	8033-8033	804A-804A	8056-8056	805A-805A	8173-8173	81E8-81E8	8212-8212	821E-821E	822A-822A	82E6-82E6	8336-8336	83DC-83DC	8449-8449	84EE-84EE	85E5-85E5	885B-885B	888B-888B	8907-8907	8A34-8A34	8A5E-8A5E	8AA4-8AA4	8AB0-8AB0	8AB2-8AB2	8AC7-8AC7	8B66-8B66	8C6A-8C6A	8C93-8C93	8C9D-8C9D	8CB4-8CB4	8DD1-8DD1	8F2A-8F2A	8FB2-8FB2	9109-9109	9192-9192	91CB-91CB	91DD-91DD	93E1-93E1	964D-964D	9686-9686	968E-968E	969C-969C	96DE-96DE	96E8-96E8	96EA-96EA	96F7-96F7	975C-975C	9760-9760	978B-978B	9858-9858	98EF-98EF	9918-9918	9AEE-9AEE	9B54-9B54	9EBB-9EBB	FF0F-FF0F	FF5C-FF5C
Noto Sans TC	700	/fonts/served/noto-sans-tc-115-700-normal.woff2	23-25	3D-3D	4E45-4E45	4E5D-4E5D	4E7E-4E7E	4EAC-4EAC	4EAE-4EAE	4ED4-4ED4	4EE4-4EE4	4F01-4F01	4F3C-4F3C	4F8B-4F8B	4FC2-4FC2	505C-505C	50C5-50C5	5145-5145	51B7-51B7	521D-521D	523B-523B	525B-525B	5287-5287	52E2-52E2	5348-5348	535A-535A	537B-537B	5426-5426	542B-542B	5438-5438	5462-5462	54EA-54EA	555F-555F	5566-5566	5584-5584	5609-5609	5708-5708	570D-570D	571F-571F	5747-5747	5802-5802	58D3-58D3	5920-5920	5922-5922	5957-5957	5979-5979	5A01-5A01	5A92-5A92	5ABD-5ABD	5B63-5B63	5B69-5B69	5B83-5B83	5BB3-5BB3	5BC4-5BC4	5BF5-5BF5	5C3C-5C3C	5C40-5C40	5C4B-5C4B	5C64-5C64	5CF6-5CF6	5DE6-5DE6	5E0C-5E0C	5E55-5E55	5E78-5E78	5EAB-5EAB	5EAD-5EAD	5EE0-5EE0	5F85-5F85	5F8B-5F8B	5FD7-5FD8	6167-6167	6298-6298	62DB-62DB	62FF-62FF	639B-639B	63A7-63A7	642D-642D	6469-6469	64AD-64AD	651D-651D	653B-653B	65B7-65B7	65CF-65CF	665A-665A	666E-666E	66FE-66FE	6728-6728	674E-674E	67B6-67B6	6821-6821	6839-6839	6843-6843	6A94-6A94	6B4C-6B4C	6B50-6B50	6B62-6B62	6B72-6B72	6B7B-6B7B	6BCD-6BCD	6BDB-6BDB	6C38-6C38	6C7A-6C7A	6C7D-6C7D	6C99-6C99	6CB9-6CB9	6CE2-6CE2	6CF0-6CF0	6D17-6D17	6D32-6D32	6E2C-6E2C	6E56-6E56	6FB3-6FB3	722D-722D	723E-723E	725B-725B	734E-734E	7387-7387	73ED-73ED	7565-7565	7570-7570	76CA-76CA	76E4-76E4	773E-773E	77ED-77ED	77F3-77F3	7814-7814	7834-7834	7968-7968	79D8-79D8	7A7F-7A7F	7AF9-7AF9	7B11-7B11	7B46-7B46	7B54-7B54	7BC4-7BC4	7D19-7D19	7D22-7D22	7D42-7D42	7D55-7D55	7DA0-7DA0	7E41-7E41	7E7C-7E7C	7F85-7F85	7FFB-7FFB	8077-8077	8089-8089	80CC-80CC	81C9-81C9	81F4-81F4	81FA-81FA	820A-820A	822C-822C	826F-826F	8349-8349	85CD-85CD	86CB-86CB	8840-8840	88DC-88DC	8986-8986	8A0E-8A0E	8A73-8A73	8A8C-8A8C	8B1B-8B1B	8B9A-8B9A	8C50-8C50	8CA0-8CA0	8CDE-8CDE	8CFD-8CFD	8D8A-8D8A	8DF3-8DF3	8E64-8E64	8ECD-8ECD	8EDF-8EDF	8F38-8F38	8FD4-8FD4	8FF0-8FF0	8FF7-8FF7	9000-9000	9047-9047	9060-9060	90F5-90F5	9152-9152	91CE-91CE	9280-9280	9418-9418	9435-9435	9589-9589	9592-9592	9678-9678	968A-968A	96AA-96AA	96C5-96C5	96D6-96D6	96DC-96DC	96F6-96F6	9732-9732	9748-9748	9802-9802	9806-9806	9808-9808	983B-983B	984D-984D	984F-984F	9867-9867	98DB-98DB	98F2-98F2	98FE-98FE	9A5A-9A5A	9B06-9B06	9B5A-9B5A	9BAE-9BAE	FF5E-FF5E
Noto Sans TC	700	/fonts/served/noto-sans-tc-116-700-normal.woff2	40-40	2026-2026	4E03-4E03	4E14-4E14	4E9E-4E9E	4EC0-4EC0	4ED8-4ED8	4F11-4F11	4F4E-4F4F	4F73-4F73	4FEE-4FEE	5019-5019	503C-503C	5047-5047	514B-514B	516B-516B	5178-5178	5207-5207	520A-520A	5236-5236	5343-5343	5347-5347	534A-534A	5370-5370	53CD-53CD	53E4-53E4	53E6-53E6	53F2-53F2	5403-5403	5411-5411	5427-5427	5468-5468	5473-5473	547D-547D	552E-552E	5740-5740	5883-5883	589E-589E	591C-591C	5931-5931	59CB-59CB	5A1B-5A1B	5B58-5B58	5B98-5B98	5B9C-5B9C	5BA4-5BA4	5BCC-5BCC	5BEB-5BEB	5C45-5C45	5C6C-5C6C	5DEE-5DEE	5DF4-5DF4	5E03-5E03	5E33-5E33	5E6B-5E6B	5E7E-5E7E	5E8F-5E8F	5E95-5E95	5EA7-5EA7	5F15-5F15	5F62-5F62	5F69-5F69	5F80-5F80	5FA9-5FA9	5FAE-5FAE	5FB7-5FB7	5FF5-5FF5	600E-600E	601D-601D	60E0-60E0	614B-614B	6230-6230	623F-623F	628A-628A	6295-6295	62C9-62C9	6309-6309	64C7-64C7	64CA-64CA	652F-652F	6545-6545	6548-6548	65AF-65AF	65E9-65E9	6625-6625	666F-666F	667A-667A	670B-670B	671B-671B	6750-6750	677F-677F	6975-6975	6A13-6A13	6A21-6A21	6AA2-6AA2	6B65-6B65	6B77-6B77	6BB5-6BB5	6CC1-6CC1	6CE8-6CE8	6DF1-6DF1	6E90-6E90	6E96-6E96	6EAB-6EAB	6F14-6F14	6F2B-6F2B	700F-700F	706B-706B	7206-7206	724C-724C	72C0-72C0	7368-7368	7372-7372	74B0-74B0	756B-756B	76AE-76AE	773C-773C	78BA-78BA	798F-798F	79AE-79AE	7A4D-7A4D	7A76-7A76	7AE5-7AE5	7B56-7B56	7B97-7B97	7BB1-7BB1	7BC7-7BC7	7C73-7C73	7C89-7C89	7D00-7D00	7D20-7D20	7D39-7D39	7D72-7D72	7DAD-7DAD	7E8C-7E8C	7FA4-7FA4	7FD2-7FD2	8003-8003	807D-807D	80A1-80A1	80B2-80B2	8166-8166	8208-8209	82E5-82E5	843D-843D	85CF-85CF	85DD-85DD	862D-862D	8857-8857	8863-8863	89BA-89BA	89D2-89D2	8A2A-8A2A	8A31-8A31	8A62-8A62	8A66-8A66	8A72-8A72	8ABF-8ABF	8B1D-8B1D	8B58-8B58	8C61-8C61	8CA1-8CA1	8CA8-8CA8	8CAC-8CAC	8CBC-8CBC	8D70-8D70	8DA3-8DA3	8DB3-8DB3	8DDF-8DDF	8F03-8F03	8F15-8F15	8F2F-8F2F	8FA6-8FA6	8FCE-8FCE	8FFD-8FFD	900F-900F	9031-9031	9069-9069	908A-908A	91AB-91AB	91CC-91CC	92B7-92B7	9322-9322	932F-932F	9375-9375	9632-9632	963F-963F	9644-9644	9662-9662	9673-9673	967D-967D	96A8-96A8	96C4-96C4	96D9-96D9	96E2-96E3	96F2-96F2	9752-9752	97D3-97D3	97FF-97FF	9805-9805	9810-9810	9818-9818	986F-986F	990A-990A	9910-9910	9928-9928	9E97-9E97	9EC3-9EC3	9F8D-9F8D	FF1B-FF1B
Noto Sans TC	700	/fonts/served/noto-sans-tc-117-700-normal.woff2	26-26	3E-3E	5F-5F	7E-7E	3000-3000	300A-300B	3010-3011	4E16-4E16	4E26-4E26	4E94-4E94	4E9B-4E9B	4EA4-4EA4	4ECA-4ECB	4EFB-4EFB	4EFD-4EFD	4F46-4F46	4F55-4F55	4F9B-4F9B	4F9D-4F9D	4FBF-4FBF	505A-505A	5065-5065	5099-5099	50CF-50CF	512A-512A	5143-5143	5148-5148	5152-5152	5169-5169	516D-516D	5171-5171	5177-5177	518A-518A	5225-5225	5247-5247	5275-5275	529F-529F	52A9-52A9	5305-5305	5341-5341	5357-5357	5361-5361	5373-5373	53BB-53BB	53C3-53C3	53C8-53C8	53D6-53D7	53E3-53E3	5404-5404	559C-559C	55CE-55CE	5668-5668	56DB-56DB	5712-5712	5718-5718	57CE-57CE	57FA-57FA	58EB-58EB	592A-592A	5947-5947	5BC6-5BC6	5BF6-5BF6	5C0E-5C0E	5C11-5C11	5C1A-5C1A	5C55-5C55	5C71-5C71	5DF1-5DF1	5E2B-5E2B	5E36-5E36	5E97-5E97	5EB7-5EB7	5EE3-5EE3	5EFA-5EFA	5F35-5F35	5F37-5F37	5F88-5F88	5F9E-5F9E	5FC5-5FC5	606F-606F	60A8-60A8	6232-6232	6236-6236	624D-624D	627E-627E	6280-6280	62CD-62CD	6301-6301	6307-6307	6392-6392	63DB-63DB	64DA-64DA	6539-6539	653E-653F	6559-6559	6574-6574	65C5-65C5	6613-6613	66F8-66F8	6797-6797	67E5-67E5	6848-6848	6A19-6A19	6A23-6A23	6B61-6B61	6BCF-6BCF	6C11-6C11	6C42-6C42	6D41-6D41	6D77-6D77	6E2F-6E2F	6EFF-6EFF	7167-7167	71DF-71DF	738B-738B	73A9-73A9	7403-7403	7537-7537	754C-754C	7559-7559	767D-767E	78BC-78BC	793A-793A	795E-795E	79C1-79C1	79D1-79D1	7A2E-7A2E	7A31-7A31	7A7A-7A7A	7AE0-7AE0	7BA1-7BA1	7BC0-7BC0	7C21-7C21	7CFB-7CFB	7D04-7D05	7D1A-7D1A	7D30-7D30	7D44-7D44	7D66-7D66	7D71-7D71	7DE8-7DE8	7E3D-7E3D	7F6E-7F6E	7FA9-7FA9	8001-8001	805E-805E	8072-8072	81F3-81F3	82F1-82F1	83EF-83EF	842C-842C	8457-8457	85A6-85A6	8655-8655	8853-8853	88AB-88AB	88DD-88DD	88E1-88E1	88FD-88FD	897F-897F	898F-898F	89AA-89AA	89BD-89BD	89C0-89C0	89E3-89E3	8A02-8A02	8A3B-8A3B	8A55-8A55	8A8D-8A8D	8A9E-8A9E	8AD6-8AD6	8B49-8B49	8B70-8B70	8B77-8B77	8B80-8B80	8B8A-8B8A	8B93-8B93	8CB7-8CB7	8CE3-8CE3	8CEA-8CEA	8CFC-8CFC	8F09-8F09	8FD1-8FD1	9001-9001	901F-9020	9054-9054	90A3-90A3	914D-914D	91CF-91CF	9304-9304	95B1-95B1	9664-9664	969B-969B	96B1-96B1	96C6-96C6	9700-9700	975E-975E	97F3-97F3	98A8-98A8	98DF-98DF	9999-9999	99AC-99AC	9A57-9A57	9EBC-9EBC	9ED1-9ED1
Noto Sans TC	700	/fonts/served/noto-sans-tc-118-700-normal.woff2	D-D	2B-2B	7C-7C	A9-A9	300C-300D	4E09-4E09	4E3B-4E3B	4E4B-4E4B	4E5F-4E5F	4E86-4E86	4E8B-4E8C	4EAB-4EAB	4ED6-4ED6	4EE3-4EE3	4EF6-4EF6	4F1A-4F1A	4F4D-4F4D	4F60-4F60	4F7F-4F7F	4FDD-4FDD	4FE1-4FE1	50B3-50B3	50F9-50F9	5149-5149	514D-514D	5167-5167	5176-5176	518D-518D	5217-5217	5229-5229	524D-524D	529B-529B	52A0-52A0	52D9-52D9	5316-5317	5340-5340	539F-539F	53CA-53CB	53EA-53EA	53F8-53F8	5408-5408	540C-540D	544A-544A	548C-548C	54C1-54C1	54E1-54E1	5546-5546	554F-554F	55AE-55AE	56DE-56DE	56E0-56E0	5716-5716	578B-578B	5831-5831	5834-5834	5916-5916	5973-5973	5982-5982	5B57-5B57	5B78-5B78	5B89-5B89	5B8C-5B8C	5B9A-5B9A	5BA2-5BA2	5BB9-5BB9	5BE6-5BE6	5C07-5C08	5C0B-5C0B	5C0D-5C0D	5C31-5C31	5DE5-5DE5	5DF2-5DF2	5E02-5E02	5E38-5E38	5EA6-5EA6	5F0F-5F0F	5F71-5F71	5F8C-5F8C	5F97-5F97	5FEB-5FEB	6027-6027	60C5-60C5	60F3-60F3	610F-610F	611B-611B	611F-611F	61C9-61C9	6216-6216	624B-624B	6253-6253	63A5-63A5	63A8-63A8	63D0-63D0	641C-641C	6536-6536	6578-6578	6599-6599	661F-661F	662D-662D	670D-670D	671F-671F	672A-672A	6771-6771	679C-679C	682A-682A	683C-683C	689D-689D	696D-696D	6A02-6A02	6A5F-6A5F	6B0A-6B0A	6B21-6B21	6B3E-6B3E	6B64-6B64	6BD4-6BD4	6C23-6C23	6C34-6C34	6C92-6C92	6CD5-6CD5	6D3B-6D3B	6D88-6D88	6E05-6E05	7063-7063	7121-7121	7136-7136	71B1-71B1	7247-7248	7269-7269	7279-7279	73FE-73FE	7406-7406	7522-7522	7531-7531	7576-7576	767B-767B	76EE-76EE	76F4-76F4	770B-770B	771F-771F	77E5-77E5	793E-793E	7A0B-7A0B	7ACB-7ACB	7AD9-7AD9	7B2C-7B2C	7B49-7B49	7CBE-7CBE	7D50-7D50	7D61-7D61	7D93-7D93	7DDA-7DDA	8005-8005	800C-800C	806F-806F	8207-8207	8272-8272	82B1-82B1	865F-865F	8868-8868	898B-898B	8996-8996	8A00-8A00	8A08-8A08	8A0A-8A0A	8A18-8A18	8A2D-8A2D	8A71-8A71	8AAA-8AAA	8ACB-8ACB	8CBB-8CBB	8CC7-8CC7	8D77-8D77	8D85-8D85	8DEF-8DEF	8EAB-8EAB	8ECA-8ECA	8F49-8F49	9019-901A	9023-9023	9032-9032	904A-904B	904E-904E	9053-9053	9078-9078	9084-9084	90E8-90E8	90FD-90FD	91CD-91CD	91D1-91D1	9577-9577	9580-9580	9593-9593	9650-9650	9762-9762	982D-982D	984C-984C	985E-985E	9AD4-9AD4	9AD8-9AD8	9EDE-9EDE	FF01-FF01	FF08-FF09	FF1F-FF1F
Noto Sans TC	700	/fonts/served/noto-sans-tc-119-700-normal.woff2	20-22	27-2A	2C-3B	3F-3F	41-5D	61-7B	7D-7D	A0-A0	AB-AB	AE-AE	B2-B3	B7-B7	BB-BB	BF-BF	C9-C9	CD-CD	D6-D6	E0-EF	F1-F4	F6-F6	F9-FA	FC-FD	101-101	103-103	110-111	113-113	12B-12B	14D-14D	16B-16B	1A1-1A1	1B0-1B0	1CE-1CE	300-301	1EA1-1EA1	1EA3-1EA3	1EBF-1EBF	1EC7-1EC7	2013-2014	2039-203A	203C-203C	2122-2122	3001-3002	4E00-4E00	4E0A-4E0B	4E0D-4E0D	4E2D-4E2D	4EBA-4EBA	4EE5-4EE5	4F5C-4F5C	4F86-4F86	500B-500B	5011-5011	5165-5165	5168-5168	516C-516C	51FA-51FA	5206-5206	5230-5230	52D5-52D5	53EF-53F0	570B-570B	5728-5728	5730-5730	591A-591A	5927-5927	5929-5929	597D-597D	5B50-5B50	5BB6-5BB6	5C0F-5C0F	5E73-5E74	5FC3-5FC3	6210-6211	6240-6240	6587-6587	65B0-65B0	65B9-65B9	65BC-65BC	65E5-65E5	660E-660E	662F-662F	6642-6642	66F4-66F4	6700-6700	6703-6703	6708-6709	672C-672C	6B63-6B63	6CBB-6CBB	70B9-70BA	751F-751F	7528-7528	767C-767C	7684-7684	76F8-76F8	7DB2-7DB2	7F8E-7F8E	80FD-80FD	81EA-81EA	884C-884C	8981-8981	958B-958B	95DC-95DC	96FB-96FB	9801-9801	9996-9996	FF0C-FF0C	FF1A-FF1A
